Frequency_Hz,TargetStrength_dB_re_1m
50,-131.437383064142
56.995699569957,-129.162554206095
63.991399139914,-127.151435153775
70.987098709871,-125.34919109353
77.982798279828,-123.716491454184
84.978497849785,-122.224165086711
91.974197419742,-120.849976963824
98.969896989699,-119.576589789016
105.965596559656,-118.39022343264
112.961296129613,-117.279743795187
119.95699569957,-116.236025923032
126.952695269527,-115.251497912731
133.948394839484,-114.319807317391
140.944094409441,-113.435572576418
147.939793979398,-112.594194719814
154.935493549355,-111.79171261848
161.931193119312,-111.024690226322
168.926892689269,-110.290127688093
175.922592259226,-109.585390497542
182.918291829183,-108.908152476885
189.91399139914,-108.256349464872
196.909690969097,-107.628141385546
203.905390539054,-107.021880942309
210.901090109011,-106.43608759508
217.896789678968,-105.869425785078
224.892489248925,-105.320686602157
231.888188818882,-104.788772260976
238.883888388839,-104.272682885425
245.879587958796,-103.771505200743
252.875287528753,-103.284402812569
259.87098709871,-102.810607812945
266.866686668667,-102.34941350115
273.862386238624,-101.900168047085
280.858085808581,-101.462268953777
287.853785378538,-101.035158201263
294.849484948495,-100.618317973818
301.845184518452,-100.211266888161
308.840884088409,-99.8135566538765
315.836583658366,-99.424769107864
322.832283228323,-99.0445135739468
329.82798279828,-98.6724245052058
336.823682368237,-98.3081593740915
343.819381938194,-97.9513967792702
350.815081508151,-97.6018347432382
357.810781078108,-97.2591891780055
364.806480648065,-96.9231924993207
371.802180218022,-96.5935923726345
378.797879787979,-96.2701505758385
385.793579357936,-95.9526419661742
392.789278927893,-95.6408535398663
399.78497849785,-95.3345835749566
406.780678067807,-95.0336408482611
413.776377637764,-94.7378439193207
420.772077207721,-94.4470204742205
427.767776777678,-94.1610067236249
434.763476347635,-93.8796468495245
441.759175917592,-93.6027924963027
448.754875487549,-93.3303023016143
455.750575057506,-93.0620414637219
462.746274627463,-92.7978813416426
469.74197419742,-92.5376990853778
476.737673767377,-92.2813772934814
483.733373337334,-92.0288036955294
490.729072907291,-91.7798708573861
497.724772477248,-91.534475907419
504.720472047205,-91.2925202816717
511.716171617162,-91.0539094867391
518.711871187119,-90.8185528786299
525.707570757076,-90.5863634564541
532.703270327033,-90.3572576698495
539.69896989699,-90.1311552387911
546.694669466947,-89.9079789852162
553.690369036904,-89.6876546751499
560.686068606861,-89.4701108709174
567.681768176818,-89.2552787923908
574.677467746775,-89.043092186813
581.673167316732,-88.8334872064523
588.668866886689,-88.6264022935956
595.664566456646,-88.4217780723295
602.660266026603,-88.2195572466346
609.65596559656,-88.0196845043539
616.651665166517,-87.8221064266756
623.647364736474,-87.6267714026591
630.643064306431,-87.433629548598
637.638763876388,-87.2426326317874
644.634463446345,-87.0537339984499
651.630163016301,-86.8668885055813
658.625862586259,-86.6820524564053
665.621562156216,-86.4991835392456
672.617261726173,-86.3182407696163
679.61296129613,-86.1391844352771
686.608660866087,-85.9619760441191
693.604360436044,-85.7865782746766
700.600060006,-85.6129549291592
707.595759575958,-85.4410708887654
714.591459145915,-85.2708920712361
721.587158715872,-85.1023853904615
728.582858285829,-84.9355187180252
735.578557855786,-84.7702608466002
742.574257425743,-84.6065814550912
749.569956995699,-84.4444510753591
756.565656565657,-84.2838410605599
763.561356135614,-84.1247235548857
770.55705570557,-83.9670714647119
777.552755275528,-83.8108584310431
784.548454845485,-83.6560588032028
791.544154415441,-83.5026476136522
798.539853985399,-83.3506005539781
805.535553555356,-83.1998939518846
812.531253125313,-83.050504749178
819.52695269527,-82.9024104807177
826.522652265226,-82.7555892542641
833.518351835184,-82.6100197311389
840.51405140514,-82.4656811077379
847.509750975098,-82.3225530977822
854.505450545054,-82.1806159153018
861.501150115012,-82.0398502583414
868.496849684968,-81.9002372932702
875.492549254926,-81.7617586397734
882.488248824882,-81.6243963564193
889.483948394839,-81.4881329267905
896.479647964797,-81.3529512461711
903.475347534753,-81.2188346087359
910.471047104711,-81.0857666952642
917.466746674667,-80.9537315612758
924.462446244625,-80.8227136256659
931.458145814581,-80.6926976597387
938.453845384538,-80.563668776659
945.449544954495,-80.4356124212997
952.445244524452,-80.3085143604597
959.44094409441,-80.1823606734346
966.436643664366,-80.0571377429507
973.432343234323,-79.9328322463866
980.42804280428,-79.8094311473596
987.423742374237,-79.6869216875645
994.419441944195,-79.5652913789327
1001.41514151415,-79.4445279960533
1008.41084108411,-79.3246195688487
1015.40654065407,-79.2055543755287
1022.40224022402,-79.0873209357619
1029.39793979398,-78.969908004094
1036.39363936394,-78.8533045635836
1043.38933893389,-78.7374998196444
1050.38503850385,-78.6224831941209
1057.38073807381,-78.5082443195227
1064.37643764376,-78.3947730334825
1071.37213721372,-78.2820593733669
1078.36783678368,-78.1700935710903
1085.36353635364,-78.0588660480711
1092.35923592359,-77.9483674103757
1099.35493549355,-77.8385884439833
1106.35063506351,-77.7295201102434
1113.34633463346,-77.6211535414377
1120.34203420342,-77.5134800365061
1127.33773377338,-77.4064910568911
1134.33343334333,-77.3001782225252
1141.32913291329,-77.1945333079231
1148.32483248325,-77.0895482384099
1155.32053205321,-76.9852150864571
1162.31623162316,-76.8815260681262
1169.31193119312,-76.778473539625
1176.30763076308,-76.6760499939606
1183.30333033303,-76.5742480577022
1190.29902990299,-76.473060487822
1197.29472947295,-76.3724801686444
1204.2904290429,-76.2725001088822
1211.28612861286,-76.1731134387403
1218.28182818282,-76.0743134071398
1225.27752775278,-75.9760933789762
1232.27322732273,-75.8784468324911
1239.26892689269,-75.7813673567066
1246.26462646265,-75.6848486489232
1253.2603260326,-75.5888845123025
1260.25602560256,-75.4934688535059
1267.25172517252,-75.3985956804054
1274.24742474247,-75.3042590998539
1281.24312431243,-75.2104533155194
1288.23882388239,-75.1171726257723
1295.23452345235,-75.0244114216399
1302.2302230223,-74.9321641848009
1309.22592259226,-74.840425485657
1316.22162216222,-74.7491899814265
1323.21732173217,-74.6584524143119
1330.21302130213,-74.5682076097099
1337.20872087209,-74.4784504744574
1344.20442044204,-74.3891759951391
1351.200120012,-74.3003792364299
1358.19581958196,-74.2120553394796
1365.19151915192,-74.1241995203444
1372.18721872187,-74.0368070684526
1379.18291829183,-73.9498733451187
1386.17861786179,-73.8633937820792
1393.17431743174,-73.7773638800814
1400.1700170017,-73.6917792074993
1407.16571657166,-73.6066353989852
1414.16141614161,-73.5219281541552
1421.15711571157,-73.4376532363055
1428.15281528153,-73.353806471167
1435.14851485149,-73.2703837456763
1442.14421442144,-73.1873810067934
1449.1399139914,-73.104794260338
1456.13561356136,-73.0226195698507
1463.13131313131,-72.9408530554943
1470.12701270127,-72.8594908929681
1477.12271227123,-72.7785293124546
1484.11841184118,-72.6979645975923
1491.11411141114,-72.6177930844675
1498.1098109811,-72.5380111606334
1505.10551055106,-72.4586152641503
1512.10121012101,-72.3796018826521
1519.09690969097,-72.3009675524257
1526.09260926093,-72.2227088575241
1533.08830883088,-72.1448224288848
1540.08400840084,-72.0673049434817
1547.0797079708,-71.9901531234889
1554.07540754075,-71.913363735465
1561.07110711071,-71.8369335895558
1568.06680668067,-71.7608595387157
1575.06250625063,-71.6851384779441
1582.05820582058,-71.609767343541
1589.05390539054,-71.5347431123794
1596.0496049605,-71.4600628011898
1603.04530453045,-71.385723465867
1610.04100410041,-71.3117222007816
1617.03670367037,-71.2380561381224
1624.03240324032,-71.1647224472336
1631.02810281028,-71.091718333982
1638.02380238024,-71.0190410401318
1645.0195019502,-70.94668784273
1652.01520152015,-70.8746560535082
1659.01090109011,-70.8029430183004
1666.00660066007,-70.7315461164632
1673.00230023002,-70.6604627603178
1679.99799979998,-70.5896903945998
1686.99369936994,-70.5192264959186
1693.98939893989,-70.4490685722323
1700.98509850985,-70.3792141623286
1707.98079807981,-70.3096608353206
1714.97649764977,-70.2404061901518
1721.97219721972,-70.1714478551066
1728.96789678968,-70.1027834873398
1735.96359635964,-70.0344107724078
1742.95929592959,-69.9663274238089
1749.95499549955,-69.898531182543
1756.95069506951,-69.8310198166651
1763.94639463946,-69.7637911208605
1770.94209420942,-69.6968429160228
1777.93779377938,-69.6301730488369
1784.93349334933,-69.5637793913784
1791.92919291929,-69.4976598407157
1798.92489248925,-69.4318123185178
1805.92059205921,-69.366234770675
1812.91629162916,-69.3009251669255
1819.91199119912,-69.2358815004829
1826.90769076908,-69.1711017876851
1833.90339033903,-69.1065840676295
1840.89908990899,-69.0423264018369
1847.89478947895,-68.9783268739059
1854.89048904891,-68.9145835891795
1861.88618861886,-68.8510946744201
1868.88188818882,-68.7878582774867
1875.87758775878,-68.7248725670193
1882.87328732873,-68.6621357321318
1889.86898689869,-68.599645982106
1896.86468646865,-68.5374015460958
1903.8603860386,-68.4754006728322
1910.85608560856,-68.4136416303392
1917.85178517852,-68.3521227056489
1924.84748474847,-68.2908422045282
1931.84318431843,-68.2297984512031
1938.83888388839,-68.1689897880955
1945.83458345835,-68.1084145755593
1952.8302830283,-68.0480711916234
1959.82598259826,-67.9879580317394
1966.82168216822,-67.9280735085331
1973.81738173817,-67.8684160515606
1980.81308130813,-67.8089841070693
1987.80878087809,-67.7497761377631
1994.80448044805,-67.6907906225692
2001.800180018,-67.6320260564135
2008.79587958796,-67.5734809499963
2015.79157915792,-67.5151538295732
2022.78727872787,-67.4570432367393
2029.78297829783,-67.3991477282185
2036.77867786779,-67.3414658756552
2043.77437743774,-67.2839962654082
2050.7700770077,-67.2267374983527
2057.76577657766,-67.1696881896797
2064.76147614761,-67.1128469687034
2071.75717571757,-67.0562124786702
2078.75287528753,-66.9997833765711
2085.74857485749,-66.9435583329561
2092.74427442744,-66.8875360317534
2099.7399739974,-66.8317151700915
2106.73567356736,-66.7760944581233
2113.73137313731,-66.7206726188524
2120.72707270727,-66.6654483879663
2127.72277227723,-66.6104205136651
2134.71847184718,-66.5555877565019
2141.71417141714,-66.5009488892191
2148.7098709871,-66.4465026965882
2155.70557055706,-66.3922479752567
2162.70127012701,-66.338183533592
2169.69696969697,-66.2843081915298
2176.69266926693,-66.2306207804287
2183.68836883688,-66.177120142919
2190.68406840684,-66.1238051327622
2197.6797679768,-66.0706746147072
2204.67546754675,-66.0177274643525
2211.67116711671,-65.9649625680076
2218.66686668667,-65.9123788225572
2225.66256625663,-65.8599751353305
2232.65826582658,-65.8077504239684
2239.65396539654,-65.7557036162933
2246.6496649665,-65.7038336501878
2253.64536453645,-65.6521394734623
2260.64106410641,-65.6006200437373
2267.63676367637,-65.5492743283207
2274.63246324632,-65.4981013040883
2281.62816281628,-65.4470999573674
2288.62386238624,-65.3962692838194
2295.6195619562,-65.345608288328
2302.61526152615,-65.2951159848863
2309.61096109611,-65.2447913964856
2316.60666066607,-65.1946335550077
2323.60236023602,-65.1446415011184
2330.59805980598,-65.0948142841606
2337.59375937594,-65.045150962051
2344.58945894589,-64.9956506011773
2351.58515851585,-64.9463122762987
2358.58085808581,-64.897135070446
2365.57655765577,-64.8481180748224
2372.57225722572,-64.7992603887096
2379.56795679568,-64.7505611193699
2386.56365636564,-64.7020193819558
2393.55935593559,-64.6536342994157
2400.55505550555,-64.6054050024029
2407.55075507551,-64.5573306291872
2414.54645464546,-64.5094103255667
2421.54215421542,-64.4616432447788
2428.53785378538,-64.4140285474177
2435.53355335534,-64.3665654013473
2442.52925292529,-64.3192529816195
2449.52495249525,-64.2720904703897
2456.52065206521,-64.2250770568408
2463.51635163516,-64.178211937097
2470.51205120512,-64.1314943141512
2477.50775077508,-64.0849233977836
2484.50345034503,-64.038498404486
2491.49914991499,-63.9922185573887
2498.49484948495,-63.9460830861827
2505.49054905491,-63.9000912270496
2512.48624862486,-63.8542422225873
2519.48194819482,-63.8085353217395
2526.47764776478,-63.762969779726
2533.47334733473,-63.7175448579732
2540.46904690469,-63.672259824044
2547.46474647465,-63.6271139515736
2554.4604460446,-63.5821065202012
2561.45614561456,-63.5372368155042
2568.45184518452,-63.4925041289344
2575.44754475448,-63.4479077577539
2582.44324432443,-63.4034470049722
2589.43894389439,-63.3591211792848
2596.43464346435,-63.3149295950104
2603.4303430343,-63.2708715720326
2610.42604260426,-63.2269464357385
2617.42174217422,-63.1831535169618
2624.41744174417,-63.1394921519225
2631.41314131413,-63.0959616821714
2638.40884088409,-63.0525614545336
2645.40454045405,-63.0092908210521
2652.400240024,-62.9661491389329
2659.39593959396,-62.9231357704915
2666.39163916392,-62.8802500830989
2673.38733873387,-62.8374914491277
2680.38303830383,-62.7948592459023
2687.37873787379,-62.752352855646
2694.37443744374,-62.7099716654294
2701.3701370137,-62.6677150671225
2708.36583658366,-62.6255824573431
2715.36153615362,-62.5835732374093
2722.35723572357,-62.5416868132904
2729.35293529353,-62.4999225955604
2736.34863486349,-62.4582799993501
2743.34433443344,-62.4167584443005
2750.3400340034,-62.3753573545181
2757.33573357336,-62.334076158529
2764.33143314331,-62.2929142892343
2771.32713271327,-62.2518711838661
2778.32283228323,-62.2109462839441
2785.31853185319,-62.1701390352323
2792.31423142314,-62.1294488876966
2799.3099309931,-62.0888752954645
2806.30563056306,-62.0484177167801
2813.30133013301,-62.0080756139674
2820.29702970297,-61.9678484533876
2827.29272927293,-61.9277357053987
2834.28842884288,-61.8877368443183
2841.28412841284,-61.8478513483836
2848.2798279828,-61.8080786997122
2855.27552755276,-61.7684183842655
2862.27122712271,-61.7288698918104
2869.26692669267,-61.6894327158835
2876.26262626263,-61.6501063537527
2883.25832583258,-61.6108903063827
2890.25402540254,-61.5717840783983
2897.2497249725,-61.5327871780499
2904.24542454245,-61.4938991171787
2911.24112411241,-61.4551194111813
2918.23682368237,-61.4164475789772
2925.23252325233,-61.3778831429741
2932.22822282228,-61.3394256290352
2939.22392239224,-61.3010745664464
2946.2196219622,-61.2628294878839
2953.21532153215,-61.2246899293823
2960.21102110211,-61.1866554303022
2967.20672067207,-61.1487255333015
2974.20242024202,-61.1108997843006
2981.19811981198,-61.0731777324546
2988.19381938194,-61.0355589301233
2995.1895189519,-60.9980429328397
3002.18521852185,-60.9606292992824
3009.18091809181,-60.923317591245
3016.17661766177,-60.8861073736079
3023.17231723172,-60.8489982143103
3030.16801680168,-60.8119896843209
3037.16371637164,-60.7750813576118
3044.15941594159,-60.7382728111302
3051.15511551155,-60.7015636247703
3058.15081508151,-60.6649533813483
3065.14651465147,-60.6284416665742
3072.14221422142,-60.5920280690275
3079.13791379138,-60.5557121801284
3086.13361336134,-60.5194935941158
3093.12931293129,-60.4833719080192
3100.12501250125,-60.447346721634
3107.12071207121,-60.4114176374982
3114.11641164116,-60.375584260866
3121.11211121112,-60.3398461996861
3128.10781078108,-60.3042030645743
3135.10351035104,-60.2686544687939
3142.09920992099,-60.2332000282275
3149.09490949095,-60.1978393613591
3156.09060906091,-60.1625720892474
3163.08630863086,-60.1273978355042
3170.08200820082,-60.0923162262724
3177.07770777078,-60.0573268902042
3184.07340734073,-60.0224294584381
3191.06910691069,-59.9876235645778
3198.06480648065,-59.9529088446714
3205.0605060506,-59.9182849371887
3212.05620562056,-59.8837514830025
3219.05190519052,-59.8493081253649
3226.04760476048,-59.8149545098899
3233.04330433043,-59.7806902845316
3240.03900390039,-59.7465150995631
3247.03470347035,-59.7124286075591
3254.0304030403,-59.6784304633743
3261.02610261026,-59.6445203241249
3268.02180218022,-59.6106978491694
3275.01750175018,-59.5769627000892
3282.01320132013,-59.5433145406697
3289.00890089009,-59.5097530368829
3296.00460046005,-59.4762778568674
3303.00030003,-59.4428886709111
3309.99599959996,-59.4095851514336
3316.99169916992,-59.3763669729665
3323.98739873987,-59.3432338121387
3330.98309830983,-59.3101853476565
3337.97879787979,-59.2772212602872
3344.97449744975,-59.2443412328424
3351.9701970197,-59.2115449501604
3358.96589658966,-59.1788320990901
3365.96159615962,-59.1462023684742
3372.95729572957,-59.1136554491328
3379.95299529953,-59.0811910338472
3386.94869486949,-59.0488088173435
3393.94439443944,-59.0165084962781
3400.9400940094,-58.9842897692202
3407.93579357936,-58.9521523366376
3414.93149314931,-58.9200959008801
3421.92719271927,-58.8881201661658
3428.92289228923,-58.8562248385649
3435.91859185919,-58.8244096259854
3442.91429142914,-58.7926742381573
3449.9099909991,-58.7610183866198
3456.90569056906,-58.729441784705
3463.90139013901,-58.6979441475246
3470.89708970897,-58.6665251919559
3477.89278927893,-58.635184636627
3484.88848884889,-58.6039222019032
3491.88418841884,-58.5727376098737
3498.8798879888,-58.5416305843383
3505.87558755876,-58.5106008507912
3512.87128712871,-58.4796481364124
3519.86698669867,-58.4487721700499
3526.86268626863,-58.4179726822099
3533.85838583858,-58.3872494050416
3540.85408540854,-58.3566020723258
3547.8497849785,-58.3260304194622
3554.84548454846,-58.2955341834558
3561.84118411841,-58.2651131029049
3568.83688368837,-58.2347669179901
3575.83258325833,-58.2044953704597
3582.82828282828,-58.1742982036199
3589.82398239824,-58.1441751623215
3596.8196819682,-58.1141259929485
3603.81538153815,-58.084150443406
3610.81108110811,-58.0542482631096
3617.80678067807,-58.024419202973
3624.80248024802,-57.9946630153963
3631.79817981798,-57.9649794542563
3638.79387938794,-57.9353682748936
3645.7895789579,-57.9058292341026
3652.78527852785,-57.8763620901201
3659.78097809781,-57.8469666026148
3666.77667766777,-57.8176425326762
3673.77237723772,-57.788389642804
3680.76807680768,-57.7592076968986
3687.76377637764,-57.7300964602488
3694.75947594759,-57.7010556995228
3701.75517551755,-57.6720851827575
3708.75087508751,-57.643184679349
3715.74657465747,-57.6143539600419
3722.74227422742,-57.5855927969189
3729.73797379738,-57.5569009633923
3736.73367336734,-57.5282782341933
3743.72937293729,-57.4997243853625
3750.72507250725,-57.4712391942403
3757.72077207721,-57.4428224394581
3764.71647164716,-57.4144739009274
3771.71217121712,-57.3861933598323
3778.70787078708,-57.3579805986186
3785.70357035704,-57.3298354009865
3792.69926992699,-57.3017575518792
3799.69496949695,-57.2737468374762
3806.69066906691,-57.2458030451835
3813.68636863686,-57.2179259636241
3820.68206820682,-57.1901153826305
3827.67776777678,-57.1623710932358
3834.67346734673,-57.134692887664
3841.66916691669,-57.107080559323
3848.66486648665,-57.0795339027956
3855.66056605661,-57.0520527138313
3862.65626562656,-57.0246367893378
3869.65196519652,-56.9972859273723
3876.64766476648,-56.9699999271347
3883.64336433643,-56.9427785889596
3890.63906390639,-56.9156217143064
3897.63476347635,-56.8885291057538
3904.6304630463,-56.8615005669899
3911.62616261626,-56.8345359028064
3918.62186218622,-56.8076349190898
3925.61756175618,-56.7807974228135
3932.61326132613,-56.7540232220315
3939.60896089609,-56.7273121258695
3946.60466046605,-56.7006639445193
3953.600360036,-56.6740784892295
3960.59605960596,-56.6475555722991
3967.59175917592,-56.6210950070711
3974.58745874587,-56.5946966079241
3981.58315831583,-56.5683601902658
3988.57885788579,-56.5420855705264
3995.57455745575,-56.5158725661504
4002.5702570257,-56.4897209955913
4009.56595659566,-56.4636306783038
4016.56165616562,-56.4376014347367
4023.55735573557,-56.4116330863276
4030.55305530553,-56.3857254554949
4037.54875487549,-56.3598783656319
4044.54445444544,-56.3340916411001
4051.5401540154,-56.3083651072224
4058.53585358536,-56.2826985902778
4065.53155315532,-56.2570919174932
4072.52725272527,-56.231544917039
4079.52295229523,-56.2060574180217
4086.51865186519,-56.1806292504779
4093.51435143514,-56.1552602453688
4100.5100510051,-56.1299502345726
4107.50575057506,-56.1046990508808
4114.50145014502,-56.07950652799
4121.49714971497,-56.054372500497
4128.49284928493,-56.029296803893
4135.48854885489,-56.0042792745571
4142.48424842484,-55.9793197497516
4149.4799479948,-55.9544180676153
4156.47564756476,-55.9295740671582
4163.47134713471,-55.9047875882559
4170.46704670467,-55.8800584716442
4177.46274627463,-55.8553865589128
4184.45844584458,-55.8307716925009
4191.45414541454,-55.8062137156908
4198.4498449845,-55.781712472603
4205.44554455445,-55.7572678081911
4212.44124412441,-55.732879568236
4219.43694369437,-55.7085475993404
4226.43264326433,-55.6842717489248
4233.42834283428,-55.6600518652204
4240.42404240424,-55.6358877972664
4247.4197419742,-55.6117793949028
4254.41544154416,-55.5877265087663
4261.41114111411,-55.5637289902851
4268.40684068407,-55.5397866916746
4275.40254025403,-55.5158994659312
4282.39823982398,-55.4920671668284
4289.39393939394,-55.4682896489118
4296.3896389639,-55.4445667674941
4303.38533853385,-55.4208983786508
4310.38103810381,-55.3972843392145
4317.37673767377,-55.3737245067713
4324.37243724373,-55.3502187396557
4331.36813681368,-55.3267668969462
4338.36383638364,-55.3033688384599
4345.3595359536,-55.2800244247496
4352.35523552355,-55.2567335170977
4359.35093509351,-55.2334959775128
4366.34663466347,-55.2103116687245
4373.34233423342,-55.18718045418
4380.33803380338,-55.1641021980387
4387.33373337334,-55.1410767651687
4394.32943294329,-55.118104021142
4401.32513251325,-55.0951838322307
4408.32083208321,-55.0723160654025
4415.31653165317,-55.0495005883166
4422.31223122312,-55.0267372693197
4429.30793079308,-55.0040259774417
4436.30363036304,-54.9813665823918
4443.29932993299,-54.9587589545544
4450.29502950295,-54.936202964985
4457.29072907291,-54.9136984854065
4464.28642864286,-54.8912453882051
4471.28212821282,-54.8688435464262
4478.27782778278,-54.846492833771
4485.27352735274,-54.8241931245921
4492.26922692269,-54.8019442938904
4499.26492649265,-54.7797462173101
4506.26062606261,-54.7575987711369
4513.25632563256,-54.7355018322921
4520.25202520252,-54.7134552783305
4527.24772477248,-54.6914589874361
4534.24342434243,-54.6695128384179
4541.23912391239,-54.6476167107084
4548.23482348235,-54.6257704843572
4555.23052305231,-54.6039740400294
4562.22622262226,-54.5822272590015
4569.22192219222,-54.5605300231575
4576.21762176218,-54.5388822149868
4583.21332133213,-54.517283717579
4590.20902090209,-54.4957344146212
4597.20472047205,-54.4742341903956
4604.200420042,-54.4527829297747
4611.19611961196,-54.4313805182182
4618.19181918192,-54.410026841771
4625.18751875188,-54.3887217870582
4632.18321832183,-54.3674652412829
4639.17891789179,-54.3462570922228
4646.17461746175,-54.3250972282269
4653.1703170317,-54.3039855382117
4660.16601660166,-54.2829219116595
4667.16171617162,-54.2619062386144
4674.15741574157,-54.2409384096788
4681.15311531153,-54.2200183160111
4688.14881488149,-54.1991458493219
4695.14451445145,-54.178320901872
4702.1402140214,-54.1575433664682
4709.13591359136,-54.1368131364616
4716.13161316132,-54.1161301057429
4723.12731273127,-54.0954941687415
4730.12301230123,-54.0749052204211
4737.11871187119,-54.0543631562776
4744.11441144114,-54.0338678723355
4751.1101110111,-54.0134192651459
4758.10581058106,-53.993017231783
4765.10151015102,-53.9726616698411
4772.09720972097,-53.9523524774337
4779.09290929093,-53.9320895531878
4786.08860886088,-53.9118727962436
4793.08430843084,-53.89170210625
4800.0800080008,-53.8715773833636
4807.07570757076,-53.8514985282445
4814.07140714071,-53.8314654420548
4821.06710671067,-53.8114780264554
4828.06280628063,-53.7915361836028
4835.05850585059,-53.7716398161479
4842.05420542054,-53.751788827233
4849.0499049905,-53.7319831204873
4856.04560456046,-53.7122226000277
4863.04130413041,-53.6925071704538
4870.03700370037,-53.6728367368458
4877.03270327033,-53.653211204763
4884.02840284028,-53.6336304802405
4891.02410241024,-53.6140944697868
4898.0198019802,-53.5946030803818
4905.01550155016,-53.5751562194736
4912.01120112011,-53.5557537949772
4919.00690069007,-53.5363957152715
4926.00260026003,-53.5170818891962
4932.99829982998,-53.4978122260514
4939.99399939994,-53.4785866355932
4946.9896989699,-53.4594050280325
4953.98539853985,-53.4402673140333
4960.98109810981,-53.4211734047089
4967.97679767977,-53.4021232116206
4974.97249724973,-53.3831166467747
4981.96819681968,-53.3641536226224
4988.96389638964,-53.3452340520542
4995.9595959596,-53.3263578484009
5002.95529552955,-53.3075249254292
5009.95099509951,-53.2887351973414
5016.94669466947,-53.2699885787712
5023.94239423942,-53.2512849847838
5030.93809380938,-53.2326243308713
5037.93379337934,-53.2140065329531
5044.92949294929,-53.1954315073722
5051.92519251925,-53.1768991708939
5058.92089208921,-53.158409440703
5065.91659165917,-53.1399622344027
5072.91229122912,-53.1215574700116
5079.90799079908,-53.1031950659629
5086.90369036904,-53.0848749411013
5093.89938993899,-53.0665970146811
5100.89508950895,-53.0483612063653
5107.89078907891,-53.0301674362227
5114.88648864886,-53.0120156247257
5121.88218821882,-52.9939056927494
5128.87788778878,-52.9758375615692
5135.87358735874,-52.9578111528587
5142.86928692869,-52.9398263886879
5149.86498649865,-52.9218831915214
5156.86068606861,-52.9039814842169
5163.85638563856,-52.8861211900229
5170.85208520852,-52.8683022325771
5177.84778477848,-52.8505245359039
5184.84348434844,-52.832788024414
5191.83918391839,-52.8150926229014
5198.83488348835,-52.7974382565422
5205.83058305831,-52.7798248508922
5212.82628262826,-52.7622523318863
5219.82198219822,-52.7447206258355
5226.81768176818,-52.7272296594262
5233.81338133813,-52.7097793597177
5240.80908090809,-52.6923696541409
5247.80478047805,-52.6750004704969
5254.800480048,-52.6576717369539
5261.79617961796,-52.6403833820477
5268.79187918792,-52.6231353346787
5275.78757875788,-52.6059275241101
5282.78327832783,-52.5887598799667
5289.77897789779,-52.5716323322337
5296.77467746775,-52.5545448112539
5303.7703770377,-52.5374972477275
5310.76607660766,-52.520489572709
5317.76177617762,-52.5035217176073
5324.75747574757,-52.4865936141824
5331.75317531753,-52.4697051945454
5338.74887488749,-52.4528563911561
5345.74457445745,-52.4360471368214
5352.7402740274,-52.4192773646937
5359.73597359736,-52.4025470082702
5366.73167316732,-52.3858560013908
5373.72737273727,-52.3692042782361
5380.72307230723,-52.3525917733272
5387.71877187719,-52.3360184215227
5394.71447144714,-52.3194841580186
5401.7101710171,-52.3029889183458
5408.70587058706,-52.2865326383692
5415.70157015702,-52.2701152542864
5422.69726972697,-52.2537367026259
5429.69296929693,-52.2373969202453
5436.68866886689,-52.2210958443308
5443.68436843684,-52.2048334123953
5450.6800680068,-52.1886095622768
5457.67576757676,-52.1724242321376
5464.67146714671,-52.1562773604622
5471.66716671667,-52.1401688860563
5478.66286628663,-52.1240987480458
5485.65856585659,-52.1080668858748
5492.65426542654,-52.0920732393042
5499.6499649965,-52.0761177484111
5506.64566456646,-52.0602003535869
5513.64136413641,-52.0443209955361
5520.63706370637,-52.0284796152746
5527.63276327633,-52.0126761541294
5534.62846284628,-51.9969105537362
5541.62416241624,-51.9811827560384
5548.6198619862,-51.9654927032862
5555.61556155616,-51.9498403380353
5562.61126112611,-51.9342256031447
5569.60696069607,-51.9186484417768
5576.60266026603,-51.9031087973951
5583.59835983598,-51.8876066137631
5590.59405940594,-51.8721418349434
5597.5897589759,-51.8567144052968
5604.58545854585,-51.8413242694794
5611.58115811581,-51.8259713724431
5618.57685768577,-51.810655659434
5625.57255725572,-51.7953770759908
5632.56825682568,-51.7801355679432
5639.56395639564,-51.7649310814118
5646.5596559656,-51.7497635628059
5653.55535553555,-51.7346329588229
5660.55105510551,-51.7195392164469
5667.54675467547,-51.7044822829471
5674.54245424542,-51.6894621058774
5681.53815381538,-51.6744786330747
5688.53385338534,-51.6595318126576
5695.5295529553,-51.6446215930258
5702.52525252525,-51.6297479228584
5709.52095209521,-51.6149107511126
5716.51665166517,-51.6001100270233
5723.51235123512,-51.5853457001011
5730.50805080508,-51.5706177201317
5737.50375037504,-51.5559260371744
5744.49944994499,-51.541270601561
5751.49514951495,-51.5266513638954
5758.49084908491,-51.5120682750508
5765.48654865487,-51.4975212861702
5772.48224822482,-51.4830103486645
5779.47794779478,-51.468535414211
5786.47364736474,-51.4540964347533
5793.46934693469,-51.4396933624994
5800.46504650465,-51.4253261499206
5807.46074607461,-51.4109947497502
5814.45644564456,-51.3966991149834
5821.45214521452,-51.3824391988749
5828.44784478448,-51.3682149549381
5835.44354435444,-51.3540263369448
5842.43924392439,-51.3398732989229
5849.43494349435,-51.325755795156
5856.43064306431,-51.3116737801821
5863.42634263426,-51.297627208792
5870.42204220422,-51.2836160360291
5877.41774177418,-51.2696402171871
5884.41344134413,-51.2556997078104
5891.40914091409,-51.2417944636912
5898.40484048405,-51.2279244408695
5905.40054005401,-51.2140895956318
5912.39623962396,-51.2002898845098
5919.39193919392,-51.186525264279
5926.38763876388,-51.1727956919581
5933.38333833383,-51.159101124807
5940.37903790379,-51.145441520327
5947.37473747375,-51.1318168362583
5954.37043704371,-51.1182270305793
5961.36613661366,-51.1046720615059
5968.36183618362,-51.0911518874892
5975.35753575358,-51.0776664672154
5982.35323532353,-51.0642157596039
5989.34893489349,-51.0507997238073
5996.34463446345,-51.0374183192078
6003.3403340334,-51.024071505419
6010.33603360336,-51.0107592422816
6017.33173317332,-50.997481489865
6024.32743274327,-50.984238208464
6031.32313231323,-50.9710293585985
6038.31883188319,-50.9578549010122
6045.31453145314,-50.9447147966708
6052.3102310231,-50.9316090067613
6059.30593059306,-50.9185374926905
6066.30163016302,-50.9055002160835
6073.29732973297,-50.8924971387827
6080.29302930293,-50.8795282228462
6087.28872887289,-50.8665934305464
6094.28442844284,-50.8536927243691
6101.2801280128,-50.8408260670115
6108.27582758276,-50.827993421381
6115.27152715271,-50.8151947505942
6122.26722672267,-50.8024300179751
6129.26292629263,-50.7896991870531
6136.25862586259,-50.7770022215627
6143.25432543254,-50.7643390854413
6150.2500250025,-50.7517097428274
6157.24572457246,-50.7391141580598
6164.24142414241,-50.7265522956753
6171.23712371237,-50.714024120408
6178.23282328233,-50.7015295971863
6185.22852285229,-50.6890686911331
6192.22422242224,-50.6766413675619
6199.2199219922,-50.6642475919775
6206.21562156216,-50.6518873300724
6213.21132113211,-50.6395605477253
6220.20702070207,-50.6272672110008
6227.20272027203,-50.6150072861455
6234.19841984198,-50.6027807395875
6241.19411941194,-50.5905875379338
6248.1898189819,-50.5784276479687
6255.18551855186,-50.5663010366518
6262.18121812181,-50.5542076711157
6269.17691769177,-50.5421475186642
6276.17261726173,-50.5301205467694
6283.16831683168,-50.5181267230713
6290.16401640164,-50.5061660153735
6297.1597159716,-50.4942383916421
6304.15541554155,-50.4823438200029
6311.15111511151,-50.4704822687394
6318.14681468147,-50.4586537062897
6325.14251425143,-50.4468581012452
6332.13821382138,-50.435095422346
6339.13391339134,-50.4233656384804
6346.1296129613,-50.4116687186802
6353.12531253125,-50.4000046321202
6360.12101210121,-50.3883733481123
6367.11671167117,-50.3767748361054
6374.11241124112,-50.3652090656808
6381.10811081108,-50.3536760065492
6388.10381038104,-50.3421756285473
6395.099509951,-50.3307079016357
6402.09520952095,-50.3192727958937
6409.09090909091,-50.3078702815169
6416.08660866087,-50.2965003288133
6423.08230823082,-50.2851629081994
6430.07800780078,-50.2738579901963
6437.07370737074,-50.2625855454256
6444.06940694069,-50.2513455446056
6451.06510651065,-50.240137958547
6458.06080608061,-50.2289627581476
6465.05650565057,-50.217819914389
6472.05220522052,-50.2067093983307
6479.04790479048,-50.1956311811062
6486.04360436044,-50.184585233917
6493.03930393039,-50.1735715280279
6500.03500350035,-50.1625900347616
6507.03070307031,-50.1516407254927
6514.02640264026,-50.1407235716418
6521.02210221022,-50.1298385446701
6528.01780178018,-50.1189856160722
6535.01350135014,-50.1081647573699
6542.00920092009,-50.0973759401059
6549.00490049005,-50.0866191358361
6556.00060006001,-50.0758943161227
6562.99629962996,-50.0652014525259
6569.99199919992,-50.054540516597
6576.98769876988,-50.0439114798695
6583.98339833983,-50.0333143138502
6590.97909790979,-50.0227489900116
6597.97479747975,-50.0122154797812
6604.97049704971,-50.0017137545325
6611.96619661966,-49.9912437855747
6618.96189618962,-49.9808055441421
6625.95759575958,-49.9703990013841
6632.95329532953,-49.9600241283522
6639.94899489949,-49.9496808959899
6646.94469446945,-49.9393692751178
6653.9403940394,-49.9290892364231
6660.93609360936,-49.9188407504445
6667.93179317932,-49.9086237875587
6674.92749274927,-49.8984383179655
6681.92319231923,-49.8882843116712
6688.91889188919,-49.8781617384739
6695.91459145915,-49.8680705679458
6702.9102910291,-49.8580107694153
6709.90599059906,-49.8479823119487
6716.90169016902,-49.8379851643295
6723.89738973898,-49.8280192950397
6730.89308930893,-49.8180846722373
6737.88878887889,-49.8081812637334
6744.88448844885,-49.7983090369688
6751.8801880188,-49.7884679589901
6758.87588758876,-49.7786579964218
6765.87158715872,-49.7688791154399
6772.86728672867,-49.7591312817429
6779.86298629863,-49.7494144605213
6786.85868586859,-49.7397286164256
6793.85438543855,-49.7300737135322
6800.8500850085,-49.7204497153091
6807.84578457846,-49.7108565845762
6814.84148414841,-49.7012942834684
6821.83718371837,-49.6917627733923
6828.83288328833,-49.6822620149825
6835.82858285829,-49.6727919680555
6842.82428242824,-49.6633525915601
6849.8199819982,-49.6539438435266
6856.81568156816,-49.6445656810098
6863.81138113811,-49.6352180600328
6870.80708070807,-49.6259009355254
6877.80278027803,-49.6166142612568
6884.79847984799,-49.6073579897693
6891.79417941794,-49.5981320723025
6898.7898789879,-49.5889364587172
6905.78557855786,-49.5797710974111
6912.78127812781,-49.5706359352321
6919.77697769777,-49.5615309173845
6926.77267726773,-49.552455987329
6933.76837683768,-49.5434110866775
6940.76407640764,-49.5343961550791
6947.7597759776,-49.5254111301011
6954.75547554755,-49.5164559470994
6961.75117511751,-49.5075305390819
6968.74687468747,-49.4986348365614
6975.74257425743,-49.4897687673991
6982.73827382738,-49.4809322566375
6989.73397339734,-49.4721252263192
6996.7296729673,-49.4633475952955
7003.72537253725,-49.4545992790193
7010.72107210721,-49.4458801893235
7017.71677167717,-49.4371902341821
7024.71247124712,-49.4285293174539
7031.70817081708,-49.4198973386071
7038.70387038704,-49.4112941924214
7045.699569957,-49.4027197686665
7052.69526952695,-49.3941739517575
7059.69096909691,-49.3856566203789
7066.68666866687,-49.3771676470816
7073.68236823682,-49.3687068978434
7080.67806780678,-49.3602742315938
7087.67376737674,-49.3518694996997
7094.6694669467,-49.3434925454038
7101.66516651665,-49.3351432032171
7108.66086608661,-49.3268212982534
7115.65656565657,-49.3185266455082
7122.65226522652,-49.3102590490679
7129.64796479648,-49.3020183012463
7136.64366436644,-49.2938041816416
7143.63936393639,-49.2856164560989
7150.63506350635,-49.2774548755749
7157.63076307631,-49.2693191748882
7164.62646264626,-49.2612090713442
7171.62216221622,-49.2531242632174
7178.61786178618,-49.2450644280776
7185.61356135613,-49.2370292209361
7192.60926092609,-49.2290182721916
7199.60496049605,-49.2210311853524
7206.60066006601,-49.213067534498
7213.59635963596,-49.2051268614552
7220.59205920592,-49.1972086726427
7227.58775877588,-49.1893124355391
7234.58345834584,-49.181437574726
7241.57915791579,-49.1735834674382
7248.57485748575,-49.1657494385518
7255.57055705571,-49.1579347549263
7262.56625662566,-49.1501386189984
7269.56195619562,-49.1423601615132
7276.55765576558,-49.1345984332475
7283.55335533553,-49.1268523955715
7290.54905490549,-49.1191209096344
7297.54475447545,-49.1114027239545
7304.5404540454,-49.1036964601194
7311.53615361536,-49.0960005962531
7318.53185318532,-49.0883134478389
7325.52755275528,-49.0806331453835
7332.52325232523,-49.0729576083034
7339.51895189519,-49.0652845142628
7346.51465146515,-49.0576112630153
7353.5103510351,-49.0499349335607
7360.50605060506,-49.0422522331291
7367.50175017502,-49.0345594361195
7374.49744974497,-49.0268523106
7381.49314931493,-49.0191260293113
7388.48884888489,-49.0113750612273
7395.48454845485,-49.0035930385249
7402.4802480248,-48.9957725922014
7409.47594759476,-48.9879051473725
7416.47164716472,-48.9799806662138
7423.46734673467,-48.9719873222316
7430.46304630463,-48.9639110834645
7437.45874587459,-48.9557351734532
7444.45444544454,-48.9474393660167
7451.4501450145,-48.9389990508071
7458.44584458446,-48.9303839777508
7465.44154415442,-48.9215565438083
7472.43724372437,-48.9124694148257
7479.43294329433,-48.903062160593
7486.42864286429,-48.8932563899181
7493.42434243424,-48.8829485430106
7500.4200420042,-48.8719989102005
7507.41574157416,-48.8602143515402
7514.41144114412,-48.8473200561126
7521.40714071407,-48.8329112719852
7528.40284028403,-48.8163662118444
7535.39853985398,-48.7966780626141
7542.39423942394,-48.772102379514
7549.3899389939,-48.7393300820174
7556.38563856386,-48.6912261459504
7563.38133813381,-48.6090515669654
7570.37703770377,-48.4227021369562
7577.37273727373,-47.4503284154721
7584.36843684368,-50.0543950185416
7591.36413641364,-49.2682710876334
7598.3598359836,-49.0967748839092
7605.35553555356,-49.0188439482782
7612.35123512351,-48.9726617100938
7619.34693469347,-48.9410512820787
7626.34263426343,-48.917342522778
7633.33833383338,-48.8984040714646
7640.33403340334,-48.8825713277646
7647.3297329733,-48.8688776710401
7654.32543254326,-48.8567233373457
7661.32113211321,-48.8457164642732
7668.31683168317,-48.8355901934086
7675.31253125313,-48.8261565083306
7682.30823082308,-48.8172791220383
7689.30393039304,-48.8088568327743
7696.299629963,-48.8008129177508
7703.29532953295,-48.7930881550828
7710.29102910291,-48.785636104025
7717.28672867287,-48.7784198344942
7724.28242824282,-48.7714096119512
7731.27812781278,-48.764581227169
7738.27382738274,-48.7579147706116
7745.2695269527,-48.7513937192094
7752.26522652265,-48.745004246416
7759.26092609261,-48.7387346943571
7766.25662566257,-48.7325751653077
7773.25232523252,-48.7265172021786
7780.24802480248,-48.7205535361701
7787.24372437244,-48.7146778856868
7794.23942394239,-48.7088847947527
7801.23512351235,-48.7031695021712
7808.23082308231,-48.6975278348072
7815.22652265226,-48.6919561199617
7822.22222222222,-48.6864511129674
7829.21792179218,-48.6810099370097
7836.21362136214,-48.6756300328272
7843.20932093209,-48.670309116454
7850.20502050205,-48.6650451435385
7857.20072007201,-48.6598362790793
7864.19641964196,-48.6546808716396
7871.19211921192,-48.6495774312832
7878.18781878188,-48.6445246106289
7885.18351835184,-48.6395211885091
7892.17921792179,-48.6345660558353
7899.17491749175,-48.6296582033209
7906.17061706171,-48.6247967107925
7913.16631663166,-48.6199807378458
7920.16201620162,-48.6152095156581
7927.15771577158,-48.6104823397942
7934.15341534153,-48.6057985638635
7941.14911491149,-48.6011575939177
7948.14481448145,-48.5965588834885
7955.14051405141,-48.59200192918
7962.13621362136,-48.5874862667464
7969.13191319132,-48.5830114675953
7976.12761276128,-48.5785771356616
7983.12331233123,-48.5741829046042
7990.11901190119,-48.5698284352946
7997.11471147115,-48.5655134135565
8004.1104110411,-48.5612375481301
8011.10611061106,-48.5570005688348
8018.10181018102,-48.5528022249074
8025.09750975098,-48.5486422834985
8032.09320932093,-48.544520528309
8039.08890889089,-48.5404367583503
8046.08460846085,-48.5363907868169
8053.0803080308,-48.5323824400605
8060.07600760076,-48.5284115566515
8067.07170717072,-48.524477986524
8074.06740674067,-48.5205815901913
8081.06310631063,-48.5167222380305
8088.05880588059,-48.5128998096223
8095.05450545055,-48.5091141931491
8102.0502050205,-48.5053652848378
8109.04590459046,-48.501652988448
8116.04160416042,-48.4979772148043
8123.03730373037,-48.4943378813579
8130.03300330033,-48.4907349117869
8137.02870287029,-48.4871682356263
8144.02440244024,-48.4836377879235
8151.0201020102,-48.4801435089205
8158.01580158016,-48.476685343761
8165.01150115012,-48.4732632422149
8172.00720072007,-48.4698771584252
8179.00290029003,-48.466527050672
8185.99859985999,-48.4632128811541
8192.99429942994,-48.459934615782
8199.9899989999,-48.4566922239902
8206.98569856986,-48.4534856785577
8213.98139813981,-48.4503149554436
8220.97709770977,-48.4471800336304
8227.97279727973,-48.4440808949821
8234.96849684968,-48.4410175241063
8241.96419641964,-48.4379899082284
8248.9598959896,-48.4349980370743
8255.95559555956,-48.4320419027573
8262.95129512951,-48.4291214996746
8269.94699469947,-48.4262368244106
8276.94269426943,-48.4233878756429
8283.93839383938,-48.4205746540588
8290.93409340934,-48.4177971622716
8297.9297929793,-48.4150554047454
8304.92549254926,-48.4123493877249
8311.92119211921,-48.4096791191648
8318.91689168917,-48.4070446086689
8325.91259125913,-48.4044458674291
8332.90829082908,-48.401882908168
8339.90399039904,-48.399355745088
8346.899689969,-48.3968643938181
8353.89538953895,-48.3944088713687
8360.89108910891,-48.3919891960854
8367.88678867887,-48.3896053876077
8374.88248824882,-48.3872574668276
8381.87818781878,-48.384945455853
8388.87388738874,-48.3826693779711
8395.8695869587,-48.3804292576151
8402.86528652865,-48.3782251203316
8409.86098609861,-48.3760569927506
8416.85668566857,-48.3739249025556
8423.85238523852,-48.371828878459
8430.84808480848,-48.3697689501727
8437.84378437844,-48.3677451483873
8444.8394839484,-48.3657575047451
8451.83518351835,-48.3638060518225
8458.83088308831,-48.361890823104
8465.82658265827,-48.3600118529672
8472.82228222822,-48.3581691766606
8479.81798179818,-48.3563628302876
8486.81368136814,-48.3545928507892
8493.80938093809,-48.3528592759271
8500.80508050805,-48.3511621442696
8507.80078007801,-48.3495014951768
8514.79647964796,-48.3478773687858
8521.79217921792,-48.3462898059996
8528.78787878788,-48.3447388484722
8535.78357835784,-48.3432245385996
8542.77927792779,-48.3417469195064
8549.77497749775,-48.3403060350366
8556.77067706771,-48.3389019297422
8563.76637663766,-48.3375346488748
8570.76207620762,-48.3362042383763
8577.75777577758,-48.3349107448693
8584.75347534754,-48.3336542156503
8591.74917491749,-48.3324346986813
8598.74487448745,-48.331252242582
8605.74057405741,-48.3301068966234
8612.73627362736,-48.328998710721
8619.73197319732,-48.3279277354288
8626.72767276728,-48.3268940219331
8633.72337233723,-48.3258976220461
8640.71907190719,-48.3249385882018
8647.71477147715,-48.324016973451
8654.7104710471,-48.3231328314553
8661.70617061706,-48.3222862164842
8668.70187018702,-48.3214771834081
8675.69756975698,-48.3207057876984
8682.69326932693,-48.3199720854203
8689.68896889689,-48.3192761332299
8696.68466846685,-48.3186179883727
8703.6803680368,-48.3179977086777
8710.67606760676,-48.3174153525573
8717.67176717672,-48.316870979002
8724.66746674668,-48.3163646475794
8731.66316631663,-48.3158964184307
8738.65886588659,-48.3154663522705
8745.65456545655,-48.315074510381
8752.6502650265,-48.3147209546139
8759.64596459646,-48.3144057473871
8766.64166416642,-48.3141289516821
8773.63736373637,-48.3138906310433
8780.63306330633,-48.3136908495772
8787.62876287629,-48.3135296719509
8794.62446244625,-48.313407163389
8801.6201620162,-48.3133233896759
8808.61586158616,-48.3132784171521
8815.61156115612,-48.3132723127148
8822.60726072607,-48.3133051438165
8829.60296029603,-48.3133769784651
8836.59865986599,-48.3134878852223
8843.59435943594,-48.3136379332047
8850.5900590059,-48.3138271920818
8857.58575857586,-48.3140557320769
8864.58145814581,-48.3143236239662
8871.57715771577,-48.3146309390794
8878.57285728573,-48.3149777492995
8885.56855685569,-48.3153641270616
8892.56425642564,-48.3157901453553
8899.5599559956,-48.3162558777231
8906.55565556555,-48.3167613982609
8913.55135513551,-48.3173067816196
8920.54705470547,-48.3178921030036
8927.54275427543,-48.3185174381727
8934.53845384539,-48.3191828634417
8941.53415341534,-48.3198884556816
8948.5298529853,-48.32063429232
8955.52555255526,-48.3214204513413
8962.52125212521,-48.3222470112883
8969.51695169517,-48.3231140512614
8976.51265126513,-48.3240216509222
8983.50835083508,-48.3249698904908
8990.50405040504,-48.3259588507494
8997.499749975,-48.3269886130426
9004.49544954495,-48.3280592592772
9011.49114911491,-48.3291708719243
9018.48684868487,-48.3303235340214
9025.48254825483,-48.33151732917
9032.47824782478,-48.3327523415406
9039.47394739474,-48.334028655872
9046.4696469647,-48.3353463574721
9053.46534653465,-48.3367055322202
9060.46104610461,-48.3381062665673
9067.45674567457,-48.3395486475378
9074.45244524452,-48.3410327627314
9081.44814481448,-48.342558700323
9088.44384438444,-48.3441265490661
9095.4395439544,-48.3457363982913
9102.43524352435,-48.3473883379111
9109.43094309431,-48.3490824584177
9116.42664266426,-48.3508188508879
9123.42234223422,-48.3525976069818
9130.41804180418,-48.354418818947
9137.41374137414,-48.356282579617
9144.40944094409,-48.3581889824145
9151.40514051405,-48.3601381213538
9158.40084008401,-48.3621300910401
9165.39653965396,-48.3641649866719
9172.39223922392,-48.3662429040452
9179.38793879388,-48.3683639395502
9186.38363836384,-48.3705281901764
9193.37933793379,-48.3727357535133
9200.37503750375,-48.3749867277519
9207.37073707371,-48.3772812116875
9214.36643664367,-48.3796193047184
9221.36213621362,-48.3820011068501
9228.35783578358,-48.3844267186972
9235.35353535354,-48.3868962414838
9242.34923492349,-48.3894097770439
9249.34493449345,-48.3919674278264
9256.3406340634,-48.3945692968947
9263.33633363336,-48.3972154879279
9270.33203320332,-48.3999061052246
9277.32773277328,-48.402641253701
9284.32343234323,-48.4054210388974
9291.31913191319,-48.4082455669758
9298.31483148315,-48.4111149447228
9305.3105310531,-48.4140292795519
9312.30623062306,-48.4169886795054
9319.30193019302,-48.4199932532537
9326.29762976298,-48.4230431101008
9333.29332933293,-48.4261383599814
9340.28902890289,-48.4292791134671
9347.28472847285,-48.4324654817634
9354.28042804281,-48.4356975767169
9361.27612761276,-48.4389755108097
9368.27182718272,-48.4422993971688
9375.26752675267,-48.4456693495618
9382.26322632263,-48.4490854824004
9389.25892589259,-48.4525479107427
9396.25462546254,-48.4560567502941
9403.2503250325,-48.4596121174082
9410.24602460246,-48.4632141290892
9417.24172417242,-48.4668629029935
9424.23742374237,-48.4705585574292
9431.23312331233,-48.4743012113603
9438.22882288229,-48.4780909844059
9445.22452245225,-48.4819279968436
9452.2202220222,-48.485812369608
9459.21592159216,-48.4897442242956
9466.21162116212,-48.4937236831614
9473.20732073207,-48.4977508691263
9480.20302030203,-48.5018259057719
9487.19871987199,-48.5059489173469
9494.19441944194,-48.510120028765
9501.1901190119,-48.5143393656062
9508.18581858186,-48.5186070541214
9515.18151815181,-48.5229232212276
9522.17721772177,-48.5272879945147
9529.17291729173,-48.5317015022423
9536.16861686169,-48.5361638733425
9543.16431643164,-48.5406752374203
9550.1600160016,-48.5452357247554
9557.15571557156,-48.5498454663005
9564.15141514151,-48.5545045936846
9571.14711471147,-48.5592132392125
9578.14281428143,-48.5639715358657
9585.13851385139,-48.5687796173023
9592.13421342134,-48.5736376178582
9599.1299129913,-48.5785456725474
9606.12561256126,-48.5835039170621
9613.12131213121,-48.588512487773
9620.11701170117,-48.5935715217304
9627.11271127112,-48.5986811566631
9634.10841084108,-48.6038415309781
9641.10411041104,-48.6090527837636
9648.09980998099,-48.6143150547848
9655.09550955095,-48.6196284844872
9662.09120912091,-48.6249932139949
9669.08690869087,-48.6304093851094
9676.08260826083,-48.6358771403108
9683.07830783078,-48.6413966227571
9690.07400740074,-48.646967976282
9697.0697069707,-48.6525913453976
9704.06540654065,-48.658266875289
9711.06110611061,-48.6639947118174
9718.05680568057,-48.6697750015168
9725.05250525052,-48.6756078915947
9732.04820482048,-48.6814935299287
9739.04390439044,-48.6874320650676
9746.0396039604,-48.6934236462286
9753.03530353035,-48.6994684232944
9760.03100310031,-48.7055665468154
9767.02670267027,-48.7117181680037
9774.02240224022,-48.7179234387345
9781.01810181018,-48.7241825115415
9788.01380138014,-48.730495539616
9795.00950095009,-48.7368626768058
9802.00520052005,-48.7432840776083
9809.00090009001,-48.7497598971728
9815.99659965997,-48.7562902912958
9822.99229922992,-48.7628754164183
9829.98799879988,-48.7695154296203
9836.98369836984,-48.7762104886218
9843.97939793979,-48.7829607517757
9850.97509750975,-48.7897663780665
9857.97079707971,-48.7966275271046
9864.96649664967,-48.803544359124
9871.96219621962,-48.8105170349772
9878.95789578958,-48.8175457161301
9885.95359535954,-48.8246305646608
9892.94929492949,-48.8317717432493
9899.94499449945,-48.8389694151761
9906.94069406941,-48.8462237443177
9913.93639363936,-48.8535348951386
9920.93209320932,-48.8609030326864
9927.92779277928,-48.8683283225887
9934.92349234923,-48.8758109310408
9941.91919191919,-48.8833510248053
9948.91489148915,-48.8909487712024
9955.9105910591,-48.8986043381032
9962.90629062906,-48.9063178939241
9969.90199019902,-48.9140896076159
9976.89768976898,-48.9219196486613
9983.89338933893,-48.9298081870606
9990.88908890889,-48.9377553933277
9997.88478847885,-48.9457614384815
10004.8804880488,-48.9538264940331
10011.8761876188,-48.9619507319807
10018.8718871887,-48.9701343247974
10025.8675867587,-48.9783774454226
10032.8632863286,-48.9866802672503
10039.8589858986,-48.9950429641194
10046.8546854685,-49.0034657103035
10053.8503850385,-49.0119486804955
10060.8460846085,-49.0204920498018
10067.8417841784,-49.029095993725
10074.8374837484,-49.0377606881535
10081.8331833183,-49.0464863093478
10088.8288828883,-49.0552730339272
10095.8245824582,-49.0641210388566
10102.8202820282,-49.0730305014316
10109.8159815982,-49.0820015992613
10116.8116811681,-49.0910345102572
10123.8073807381,-49.1001294126151
10130.803080308,-49.1092864847977
10137.798779878,-49.1185059055214
10144.7944794479,-49.1277878537338
10151.7901790179,-49.1371325086013
10158.7858785879,-49.1465400494854
10165.7815781578,-49.1560106559289
10172.7772777278,-49.1655445076316
10179.7729772977,-49.1751417844346
10186.7686768677,-49.1848026662946
10193.7643764376,-49.1945273332661
10200.7600760076,-49.2043159654788
10207.7557755776,-49.2141687431141
10214.7514751475,-49.2240858463807
10221.7471747175,-49.2340674554938
10228.7428742874,-49.2441137506474
10235.7385738574,-49.2542249119897
10242.7342734273,-49.2644011195959
10249.7299729973,-49.2746425534444
10256.7256725673,-49.2849493933847
10263.7213721372,-49.2953218191115
10270.7170717072,-49.3057600101349
10277.7127712771,-49.3162641457492
10284.7084708471,-49.3268344050037
10291.704170417,-49.3374709666674
10298.699869987,-49.3481740092004
10305.695569557,-49.3589437107154
10312.6912691269,-49.3697802489469
10319.6869686969,-49.3806838012135
10326.6826682668,-49.3916545443808
10333.6783678368,-49.4026926548251
10340.6740674067,-49.4137983083924
10347.6697669767,-49.4249716803613
10354.6654665467,-49.4362129453997
10361.6611661166,-49.4475222775227
10368.6568656866,-49.4588998500507
10375.6525652565,-49.4703458355646
10382.6482648265,-49.4818604058583
10389.6439643964,-49.4934437318952
10396.6396639664,-49.5050959837555
10403.6353635364,-49.5168173305903
10410.6310631063,-49.5286079405693
10417.6267626763,-49.5404679808297
10424.6224622462,-49.5523976174191
10431.6181618162,-49.5643970152464
10438.6138613861,-49.5764663380179
10445.6095609561,-49.5886057481856
10452.6052605261,-49.6008154068849
10459.600960096,-49.6130954738721
10466.596659666,-49.6254461074641
10473.5923592359,-49.6378674644729
10480.5880588059,-49.6503597001382
10487.5837583758,-49.6629229680614
10494.5794579458,-49.6755574201354
10501.5751575158,-49.6882632064713
10508.5708570857,-49.7010404753283
10515.5665566557,-49.7138893730342
10522.5622562256,-49.7268100439115
10529.5579557956,-49.739802630197
10536.5536553655,-49.7528672719598
10543.5493549355,-49.7660041070173
10550.5450545055,-49.779213270852
10557.5407540754,-49.7924948965209
10564.5364536454,-49.8058491145682
10571.5321532153,-49.8192760529281
10578.5278527853,-49.8327758368361
10585.5235523552,-49.8463485887267
10592.5192519252,-49.8599944281358
10599.5149514951,-49.8737134715985
10606.5106510651,-49.8875058325443
10613.5063506351,-49.9013716211865
10620.502050205,-49.9153109444177
10627.497749775,-49.9293239056909
10634.4934493449,-49.943410604906
10641.4891489149,-49.9575711382923
10648.4848484848,-49.9718055982824
10655.4805480548,-49.9861140733928
10662.4762476248,-50.0004966480903
10669.4719471947,-50.0149534026641
10676.4676467647,-50.0294844130896
10683.4633463346,-50.0440897508909
10690.4590459046,-50.0587694830003
10697.4547454745,-50.0735236716106
10704.4504450445,-50.0883523740281
10711.4461446145,-50.1032556425236
10718.4418441844,-50.1182335241687
10725.4375437544,-50.1332860606815
10732.4332433243,-50.1484132882646
10739.4289428943,-50.1636152374304
10746.4246424642,-50.1788919328345
10753.4203420342,-50.194243393097
10760.4160416042,-50.2096696306235
10767.4117411741,-50.2251706514184
10774.4074407441,-50.2407464548967
10781.403140314,-50.2563970336905
10788.398839884,-50.2721223734472
10795.3945394539,-50.2879224526301
10802.3902390239,-50.3037972423067
10809.3859385939,-50.3197467059361
10816.3816381638,-50.3357707991505
10823.3773377338,-50.3518694695322
10830.3730373037,-50.3680426563816
10837.3687368737,-50.3842902904857
10844.3644364436,-50.4006122938754
10851.3601360136,-50.4170085795817
10858.3558355836,-50.4334790513807
10865.3515351535,-50.4500236035378
10872.3472347235,-50.466642120545
10879.3429342934,-50.4833344768486
10886.3386338634,-50.5001005365738
10893.3343334333,-50.5169401532407
10900.3300330033,-50.5338531694789
10907.3257325733,-50.5508394167248
10914.3214321432,-50.5678987149239
10921.3171317132,-50.5850308722201
10928.3128312831,-50.6022356846366
10935.3085308531,-50.6195129357522
10942.304230423,-50.6368623963722
10949.299929993,-50.6542838241857
10956.295629563,-50.6717769634204
10963.2913291329,-50.6893415444872
10970.2870287029,-50.7069772836196
10977.2827282728,-50.7246838825005
10984.2784278428,-50.7424610278826
10991.2741274127,-50.7603083912058
10998.2698269827,-50.7782256281949
11005.2655265527,-50.7962123784594
11012.2612261226,-50.814268265079
11019.2569256926,-50.8323928941815
11026.2526252625,-50.8505858545075
11033.2483248325,-50.868846716978
11040.2440244024,-50.8871750342361
11047.2397239724,-50.9055703401894
11054.2354235424,-50.9240321495435
11061.2311231123,-50.9425599573192
11068.2268226823,-50.9611532383666
11075.2225222522,-50.979811446862
11082.2182218222,-50.9985340157992
11089.2139213921,-51.017320356473
11096.2096209621,-51.0361698579454
11103.2053205321,-51.0550818865028
11110.201020102,-51.0740557851077
11117.196719672,-51.0930908728355
11124.1924192419,-51.112186444297
11131.1881188119,-51.1313417690579
11138.1838183818,-51.1505560910387
11145.1795179518,-51.1698286279095
11152.1752175217,-51.1891585704699
11159.1709170917,-51.2085450820207
11166.1666166617,-51.2279872977153
11173.1623162316,-51.2474843239153
11180.1580158016,-51.2670352375156
11187.1537153715,-51.2866390852749
11194.1494149415,-51.3062948831202
11201.1451145114,-51.32600161545
11208.1408140814,-51.3457582344165
11215.1365136514,-51.3655636592072
11222.1322132213,-51.385416775302
11229.1279127913,-51.4053164337259
11236.1236123612,-51.4252614502905
11243.1193119312,-51.4452506048194
11250.1150115011,-51.4652826403627
11257.1107110711,-51.485356262406
11264.1064106411,-51.5054701380535
11271.102110211,-51.5256228952172
11278.097809781,-51.5458131217864
11285.0935093509,-51.5660393647774
11292.0892089209,-51.5863001294888
11299.0849084908,-51.606593878635
11306.0806080608,-51.6269190314716
11313.0763076308,-51.647273962911
11320.0720072007,-51.667657002629
11327.0677067707,-51.6880664341561
11334.0634063406,-51.7085004939719
11341.0591059106,-51.7289573705735
11348.0548054805,-51.7494352035493
11355.0505050505,-51.7699320826377
11362.0462046205,-51.79044604678
11369.0419041904,-51.8109750831672
11376.0376037604,-51.8315171262768
11383.0333033303,-51.8520700569071
11390.0290029003,-51.8726317012074
11397.0247024702,-51.8931998296978
11404.0204020402,-51.9137721562897
11411.0161016102,-51.9343463373045
11418.0118011801,-51.9549199704817
11425.0075007501,-51.9754905939995
11432.00320032,-51.9960556854837
11438.99889989,-52.0166126610217
11445.9945994599,-52.0371588741739
11452.9902990299,-52.0576916149988
11459.9859985999,-52.078208109071
11466.9816981698,-52.0987055165085
11473.9773977398,-52.119180931012
11480.9730973097,-52.1396313788987
11487.9687968797,-52.1600538181669
11494.9644964496,-52.1804451375484
11501.9601960196,-52.2008021555922
11508.9558955896,-52.221121619752
11515.9515951595,-52.241400205499
11522.9472947295,-52.2616345154397
11529.9429942994,-52.2818210784724
11536.9386938694,-52.3019563489479
11543.9343934393,-52.3220367058651
11550.9300930093,-52.3420584520936
11557.9257925793,-52.362017813618
11564.9214921492,-52.3819109388224
11571.9171917192,-52.4017338978025
11578.9128912891,-52.4214826817175
11585.9085908591,-52.4411532021781
11592.904290429,-52.460741290681
11599.899989999,-52.4802426980854
11606.895689569,-52.4996530941365
11613.8913891389,-52.5189680670413
11620.8870887089,-52.538183123099
11627.8827882788,-52.5572936863871
11634.8784878488,-52.5762950985126
11641.8741874187,-52.5951826184161
11648.8698869887,-52.613951422259
11655.8655865587,-52.6325966033704
11662.8612861286,-52.6511131722731
11669.8569856986,-52.6694960567841
11676.8526852685,-52.6877401022108
11683.8483848385,-52.7058400716155
11690.8440844084,-52.7237906461847
11697.8397839784,-52.7415864256826
11704.8354835484,-52.7592219290185
11711.8311831183,-52.7766915948994
11718.8268826883,-52.7939897826025
11725.8225822582,-52.8111107728587
11732.8182818282,-52.8280487688463
11739.8139813981,-52.8447978973174
11746.8096809681,-52.8613522098365
11753.8053805381,-52.877705684166
11760.801080108,-52.8938522257714
11767.796779678,-52.909785669485
11774.7924792479,-52.9254997812993
11781.7881788179,-52.9409882603247
11788.7838783878,-52.9562447409035
11795.7795779578,-52.971262794877
11802.7752775278,-52.986035934038
11809.7709770977,-53.0005576127463
11816.7666766677,-53.0148212307376
11823.7623762376,-53.028820136114
11830.7580758076,-53.0425476285416
11837.7537753775,-53.0559969626486
11844.7494749475,-53.0691613516451
11851.7451745175,-53.0820339711745
11858.7408740874,-53.0946079633965
11865.7365736574,-53.1068764413288
11872.7322732273,-53.1188324934693
11879.7279727973,-53.1304691886896
11886.7236723672,-53.1417795814586
11893.7193719372,-53.1527567173961
11900.7150715071,-53.1633936391939
11907.7107710771,-53.173683392955
11914.7064706471,-53.1836190349823
11921.702170217,-53.1931936390725
11928.697869787,-53.2024003044058
11935.6935693569,-53.2112321640845
11942.6892689269,-53.2196823944645
11949.6849684968,-53.2277442253849
11956.6806680668,-53.2354109514784
11963.6763676368,-53.2426759447887
11970.6720672067,-53.2495326689523
11977.6677667767,-53.2559746953223
11984.6634663466,-53.2619957214871
11991.6591659166,-53.2675895928124
11998.6548654865,-53.2727503277937
12005.6505650565,-53.2774721483327
12012.6462646265,-53.2817495163702
12019.6419641964,-53.2855771789047
12026.6376637664,-53.2889502241381
12033.6333633363,-53.2918641526487
12040.6290629063,-53.2943149690891
12047.6247624762,-53.2962993024051
12054.6204620462,-53.2978145662991
12061.6161616162,-53.2988591775646
12068.6118611861,-53.2994328593016
12075.6075607561,-53.2995370714601
12082.603260326,-53.2991756372232
12089.598959896,-53.2983556792943
12096.5946594659,-53.2970890626442
12103.5903590359,-53.2953946963339
12110.5860586059,-53.2933023567489
12117.5817581758,-53.290859345303
12124.5774577458,-53.2881427538684
12131.5731573157,-53.2852836504934
12138.5688568857,-53.282518862995
12145.5645564556,-53.2803130587693
12152.5602560256,-53.2796708155349
12159.5559555956,-53.2826364053604
12166.5516551655,-53.2352310382389
12173.5473547355,-53.029160917468
12180.5430543054,-53.1719930877595
12187.5387538754,-53.1870617182681
12194.5344534453,-53.1869123392417
12201.5301530153,-53.1817260768448
12208.5258525853,-53.1740328943284
12215.5215521552,-53.1647520196931
12222.5172517252,-53.1542955936927
12229.5129512951,-53.1428752079263
12236.5086508651,-53.1306103459557
12243.504350435,-53.1175734547184
12250.500050005,-53.1038109867608
12257.495749575,-53.089354130508
12264.4914491449,-53.074224675784
12271.4871487149,-53.0584384054955
12278.4828482848,-53.042007150054
12285.4785478548,-53.0249400812637
12292.4742474247,-53.0072445546793
12299.4699469947,-52.9889266738284
12306.4656465647,-52.9699916775241
12313.4613461346,-52.9504442114467
12320.4570457046,-52.9302885220994
12327.4527452745,-52.9095285975209
12334.4484448445,-52.8881682707359
12341.4441444144,-52.8662112966422
12348.4398439844,-52.8436614096414
12355.4355435544,-52.8205223670909
12362.4312431243,-52.7967979821652
12369.4269426943,-52.772492148699
12376.4226422642,-52.7476088598812
12383.4183418342,-52.7221522221812
12390.4140414041,-52.6961264655331
12397.4097409741,-52.6695359505541
12404.4054405441,-52.6423851733904
12411.401140114,-52.6146787686451
12418.396839684,-52.5864215107483
12425.3925392539,-52.5576183140417
12432.3882388239,-52.5282742318153
12439.3839383938,-52.4983944544572
12446.3796379638,-52.467984306877
12453.3753375338,-52.4370492453184
12460.3710371037,-52.4055948536534
12467.3667366737,-52.3736268392496
12474.3624362436,-52.3411510284788
12481.3581358136,-52.3081733619163
12488.3538353835,-52.2746998893026
12495.3495349535,-52.2407367642883
12502.3452345235,-52.206290239019
12509.3409340934,-52.1713666585861
12516.3366336634,-52.1359724553743
12523.3323332333,-52.1001141433394
12530.3280328033,-52.0637983122254
12537.3237323732,-52.0270316217644
12544.3194319432,-51.9898207958613
12551.3151315131,-51.9521726167862
12558.3108310831,-51.9140939194008
12565.3065306531,-51.8755915854103
12572.302230223,-51.8366725376868
12579.297929793,-51.797343734647
12586.2936293629,-51.7576121647112
12593.2893289329,-51.7174848408482
12600.2850285028,-51.6769687952224
12607.2807280728,-51.6360710739408
12614.2764276428,-51.5947987319151
12621.2721272127,-51.5531588278455
12628.2678267827,-51.5111584193269
12635.2635263526,-51.4688045580869
12642.2592259226,-51.4261042853635
12649.2549254925,-51.3830646274185
12656.2506250625,-51.3396925911927
12663.2463246325,-51.2959951601136
12670.2420242024,-51.2519792900445
12677.2377237724,-51.2076519053883
12684.2334233423,-51.1630198953395
12691.2291229123,-51.1180901102914
12698.2248224822,-51.0728693583962
12705.2205220522,-51.0273644022729
12712.2162216222,-50.9815819558731
12719.2119211921,-50.935528681495
12726.2076207621,-50.8892111869525
12733.203320332,-50.842636022888
12740.199019902,-50.7958096802333
12747.1947194719,-50.7487385878259
12754.1904190419,-50.7014291101509
12761.1861186119,-50.6538875452413
12768.1818181818,-50.6061201227111
12775.1775177518,-50.5581330019182
12782.1732173217,-50.5099322702704
12789.1689168917,-50.461523941657
12796.1646164616,-50.4129139549996
12803.1603160316,-50.3641081729447
12810.1560156016,-50.3151123806609
12817.1517151715,-50.2659322847545
12824.1474147415,-50.2165735123068
12831.1431143114,-50.1670416100148
12838.1388138814,-50.1173420434396
12845.1345134513,-50.067480196354
12852.1302130213,-50.0174613701984
12859.1259125913,-49.9672907836188
12866.1216121612,-49.9169735721082
12873.1173117312,-49.8665147877302
12880.1130113011,-49.8159193989261
12887.1087108711,-49.7651922904072
12894.104410441,-49.7143382631188
12901.100110011,-49.663362034286
12908.095809581,-49.6122682375182
12915.0915091509,-49.5610614229968
12922.0872087209,-49.5097460577062
12929.0829082908,-49.4583265257469
12936.0786078608,-49.4068071286896
12943.0743074307,-49.3551920859887
12950.0700070007,-49.3034855354497
12957.0657065707,-49.2516915337418
12964.0614061406,-49.1998140569572
12971.0571057106,-49.1478570012093
12978.0528052805,-49.0958241832789
12985.0485048505,-49.0437193412851
12992.0442044204,-48.9915461354028
12999.0399039904,-48.9393081486071
13006.0356035604,-48.8870088874436
13013.0313031303,-48.8346517828334
13020.0270027003,-48.7822401909011
13027.0227022702,-48.7297773938191
13034.0184018402,-48.6772666006854
13041.0141014101,-48.6247109484102
13048.0098009801,-48.5721135026195
13055.0055005501,-48.519477258583
13062.00120012,-48.4668051421475
13068.99689969,-48.4141000106847
13075.9925992599,-48.3613646540515
13082.9882988299,-48.3086017955507
13089.9839983998,-48.2558140929156
13096.9796979698,-48.2030041392777
13103.9753975398,-48.150174464166
13110.9710971097,-48.097327534481
13117.9667966797,-48.044465755499
13124.9624962496,-47.9915914718515
13131.9581958196,-47.9387069685295
13138.9538953895,-47.8858144718662
13145.9495949595,-47.8329161505301
13152.9452945295,-47.7800141165113
13159.9409940994,-47.7271104261035
13166.9366936694,-47.674207080886
13173.9323932393,-47.6213060286961
13180.9280928093,-47.5684091645973
13187.9237923792,-47.5155183318435
13194.9194919492,-47.4626353228298
13201.9151915192,-47.4097618800483
13208.9108910891,-47.3568996970178
13215.9065906591,-47.3040504192235
13222.902290229,-47.251215645035
13229.897989799,-47.1983969266234
13236.8936893689,-47.1455957708634
13243.8893889389,-47.0928136402231
13250.8850885089,-47.0400519536546
13257.8807880788,-46.9873120874624
13264.8764876488,-46.9345953761651
13271.8721872187,-46.8819031133536
13278.8678867887,-46.8292365525207
13285.8635863586,-46.776596907898
13292.8592859286,-46.7239853552704
13299.8549854985,-46.6714030327795
13306.8506850685,-46.6188510417239
13313.8463846385,-46.5663304473336
13320.8420842084,-46.513842279544
13327.8377837784,-46.4613875337567
13334.8334833483,-46.408967171581
13341.8291829183,-46.3565821215707
13348.8248824882,-46.3042332799467
13355.8205820582,-46.2519215113058
13362.8162816282,-46.1996476493201
13369.8119811981,-46.1474124974258
13376.8076807681,-46.0952168294915
13383.803380338,-46.0430613904867
13390.799079908,-45.9909468971321
13397.7947794779,-45.9388740385346
13404.7904790479,-45.8868434768202
13411.7861786179,-45.834855847746
13418.7818781878,-45.7829117613067
13425.7775777578,-45.7310118023282
13432.7732773277,-45.6791565310482
13439.7689768977,-45.6273464836875
13446.7646764676,-45.5755821730101
13453.7603760376,-45.5238640888731
13460.7560756076,-45.4721926987627
13467.7517751775,-45.4205684483234
13474.7474747475,-45.3689917618723
13481.7431743174,-45.3174630429093
13488.7388738874,-45.265982674612
13495.7345734573,-45.214551020322
13502.7302730273,-45.1631684240188
13509.7259725973,-45.1118352107911
13516.7216721672,-45.0605516872884
13523.7173717372,-45.0093181421702
13530.7130713071,-44.958134846546
13537.7087708771,-44.9070020544002
13544.704470447,-44.8559200030152
13551.700170017,-44.8048889133784
13558.695869587,-44.7539089905835
13565.6915691569,-44.702980424231
13572.6872687269,-44.6521033888027
13579.6829682968,-44.6012780440431
13586.6786678668,-44.5505045353265
13593.6743674367,-44.4997829940193
13600.6700670067,-44.449113537826
13607.6657665767,-44.3984962711396
13614.6614661466,-44.347931285373
13621.6571657166,-44.2974186592929
13628.6528652865,-44.2469584593372
13635.6485648565,-44.1965507399317
13642.6442644264,-44.1461955437956
13649.6399639964,-44.0958929022449
13656.6356635664,-44.0456428354846
13663.6313631363,-43.9954453528915
13670.6270627063,-43.9453004533019
13677.6227622762,-43.8952081252792
13684.6184618462,-43.8451683473855
13691.6141614161,-43.7951810884403
13698.6098609861,-43.7452463077783
13705.6055605561,-43.6953639554969
13712.601260126,-43.6455339727021
13719.596959696,-43.5957562917416
13726.5926592659,-43.5460308364454
13733.5883588359,-43.4963575223447
13740.5840584058,-43.4467362568972
13747.5797579758,-43.3971669397046
13754.5754575458,-43.3476494627244
13761.5711571157,-43.298183710471
13768.5668566857,-43.248769560223
13775.5625562556,-43.1994068822155
13782.5582558256,-43.150095539839
13789.5539553955,-43.1008353898152
13796.5496549655,-43.0516262823931
13803.5453545355,-43.0024680615197
13810.5410541054,-42.953360565013
13817.5367536754,-42.9043036247379
13824.5324532453,-42.8552970667695
13831.5281528153,-42.806340711555
13838.5238523852,-42.7574343740686
13845.5195519552,-42.7085778639725
13852.5152515252,-42.6597709857647
13859.5109510951,-42.6110135389195
13866.5066506651,-42.5623053180426
13873.502350235,-42.5136461130005
13880.498049805,-42.4650357090636
13887.4937493749,-42.4164738870338
13894.4894489449,-42.3679604233813
13901.4851485149,-42.3194950903608
13908.4808480848,-42.2710776561477
13915.4765476548,-42.2227078849484
13922.4722472247,-42.1743855371228
13929.4679467947,-42.1261103692965
13936.4636463646,-42.0778821344742
13943.4593459346,-42.029700582148
13950.4550455045,-41.9815654584038
13957.4507450745,-41.9334765060247
13964.4464446445,-41.885433464593
13971.4421442144,-41.8374360705855
13978.4378437844,-41.7894840574758
13985.4335433543,-41.7415771558223
13992.4292429243,-41.6937150933597
13999.4249424942,-41.6458975950939
14006.4206420642,-41.5981243833809
14013.4163416342,-41.550395178019
14020.4120412041,-41.5027096963241
14027.4077407741,-41.4550676532177
14034.403440344,-41.407468761298
14041.399139914,-41.3599127309206
14048.3948394839,-41.3123992702742
14055.3905390539,-41.2649280854489
14062.3862386239,-41.2174988805107
14069.3819381938,-41.1701113575672
14076.3776377638,-41.1227652168412
14083.3733373337,-41.0754601567283
14090.3690369037,-41.0281958738637
14097.3647364736,-40.9809720631893
14104.3604360436,-40.9337884180073
14111.3561356136,-40.8866446300426
14118.3518351835,-40.8395403895045
14125.3475347535,-40.7924753851312
14132.3432343234,-40.74544930426
14139.3389338934,-40.6984618328664
14146.3346334633,-40.6515126556295
14153.3303330333,-40.6046014559694
14160.3260326033,-40.5577279161051
14167.3217321732,-40.5108917171035
14174.3174317432,-40.4640925389213
14181.3131313131,-40.4173300604517
14188.3088308831,-40.3706039595715
14195.304530453,-40.3239139131845
14202.300230023,-40.277259597262
14209.295929593,-40.2306406868845
14216.2916291629,-40.1840568562811
14223.2873287329,-40.1375077788733
14230.2830283028,-40.0909931273058
14237.2787278728,-40.0445125734921
14244.2744274427,-39.9980657886429
14251.2701270127,-39.9516524433082
14258.2658265827,-39.9052722074077
14265.2615261526,-39.8589247502659
14272.2572257226,-39.8126097406435
14279.2529252925,-39.7663268467747
14286.2486248625,-39.7200757363879
14293.2443244324,-39.673856076751
14300.2400240024,-39.6276675346878
14307.2357235724,-39.5815097766115
14314.2314231423,-39.5353824685576
14321.2271227123,-39.489285276204
14328.2228222822,-39.4432178649046
14335.2185218522,-39.3971798997114
14342.2142214221,-39.3511710453985
14349.2099209921,-39.3051909664968
14356.2056205621,-39.2592393273046
14363.201320132,-39.2133157919248
14370.197019702,-39.1674200242778
14377.1927192719,-39.1215516881318
14384.1884188419,-39.0757104471215
14391.1841184118,-39.029895964769
14398.1798179818,-38.9841079045095
14405.1755175518,-38.938345929705
14412.1712171217,-38.892609703677
14419.1669166917,-38.8468988897116
14426.1626162616,-38.8012131510881
14433.1583158316,-38.7555521510988
14440.1540154015,-38.709915553063
14447.1497149715,-38.6643030203486
14454.1454145415,-38.6187142163893
14461.1411141114,-38.5731488047028
14468.1368136814,-38.5276064489082
14475.1325132513,-38.4820868127419
14482.1282128213,-38.4365895600748
14489.1239123912,-38.3911143549316
14496.1196119612,-38.3456608615038
14503.1153115312,-38.3002287441636
14510.1110111011,-38.2548176674866
14517.1067106711,-38.2094272962619
14524.102410241,-38.1640572955081
14531.098109811,-38.1187073304906
14538.0938093809,-38.073377066732
14545.0895089509,-38.0280661700322
14552.0852085209,-37.9827743064803
14559.0809080908,-37.9375011424664
14566.0766076608,-37.8922463447008
14573.0723072307,-37.8470095802259
14580.0680068007,-37.8017905164265
14587.0637063706,-37.7565888210503
14594.0594059406,-37.7114041622138
14601.0551055105,-37.6662362084264
14608.0508050805,-37.6210846285913
14615.0465046505,-37.5759490920305
14622.0422042204,-37.5308292684876
14629.0379037904,-37.4857248281515
14636.0336033603,-37.4406354416611
14643.0293029303,-37.3955607801231
14650.0250025002,-37.3505005151256
14657.0207020702,-37.3054543187476
14664.0164016402,-37.260421863575
14671.0121012101,-37.2154028227148
14678.0078007801,-37.1703968698037
14685.00350035,-37.1254036790284
14691.99919992,-37.0804229251302
14698.9948994899,-37.0354542834284
14705.9905990599,-36.9904974298238
14712.9862986299,-36.9455520408213
14719.9819981998,-36.9006177935352
14726.9776977698,-36.8556943657077
14733.9733973397,-36.8107814357212
14740.9690969097,-36.7658786826169
14747.9647964796,-36.7209857860989
14754.9604960496,-36.6761024265554
14761.9561956196,-36.6312282850753
14768.9518951895,-36.5863630434544
14775.9475947595,-36.5415063842183
14782.9432943294,-36.4966579906287
14789.9389938994,-36.4518175467099
14796.9346934693,-36.4069847372525
14803.9303930393,-36.3621592478324
14810.9260926093,-36.3173407648324
14817.9217921792,-36.2725289754494
14824.9174917492,-36.2277235677162
14831.9131913191,-36.1829242305146
14838.9088908891,-36.1381306535937
14845.904590459,-36.0933425275859
14852.900290029,-36.0485595440259
14859.895989599,-36.0037813953652
14866.8916891689,-35.9590077749922
14873.8873887389,-35.9142383772478
14880.8830883088,-35.8694728974479
14887.8787878788,-35.8247110318986
14894.8744874487,-35.7799524779135
14901.8701870187,-35.7351969338398
14908.8658865887,-35.6904440990721
14915.8615861586,-35.6456936740762
14922.8572857286,-35.6009453604066
14929.8529852985,-35.5561988607291
14936.8486848685,-35.5114538788436
14943.8443844384,-35.466710119705
14950.8400840084,-35.4219672894416
14957.8357835784,-35.377225095385
14964.8314831483,-35.3324832460901
14971.8271827183,-35.2877414513542
14978.8228822882,-35.2429994222513
14985.8185818582,-35.1982568711468
14992.8142814281,-35.1535135117297
14999.8099809981,-35.1087690590341
15006.8056805681,-35.0640232294682
15013.801380138,-35.0192757408415
15020.797079708,-34.9745263123896
15027.7927792779,-34.9297746648047
15034.7884788479,-34.8850205202642
15041.7841784178,-34.8402636024603
15048.7798779878,-34.7955036366267
15055.7755775578,-34.7507403495763
15062.7712771277,-34.7059734697247
15069.7669766977,-34.6612027271282
15076.7626762676,-34.6164278535122
15083.7583758376,-34.5716485823102
15090.7540754075,-34.5268646486917
15097.7497749775,-34.482075789602
15104.7454745475,-34.4372817437955
15111.7411741174,-34.3924822518761
15118.7368736874,-34.3476770563258
15125.7325732573,-34.302865901556
15132.7282728273,-34.2580485339341
15139.7239723972,-34.2132247018328
15146.7196719672,-34.1683941556656
15153.7153715372,-34.1235566479289
15160.7110711071,-34.0787119332509
15167.7067706771,-34.0338597684238
15174.702470247,-33.9889999124611
15181.698169817,-33.9441321266335
15188.6938693869,-33.8992561745212
15195.6895689569,-33.8543718220609
15202.6852685269,-33.8094788375919
15209.6809680968,-33.7645769919068
15216.6766676668,-33.7196660583066
15223.6723672367,-33.6747458126456
15230.6680668067,-33.6298160333922
15237.6637663766,-33.5848765016783
15244.6594659466,-33.5399270013557
15251.6551655165,-33.4949673190544
15258.6508650865,-33.4499972442398
15265.6465646565,-33.4050165692723
15272.6422642264,-33.3600250894675
15279.6379637964,-33.3150226031605
15286.6336633663,-33.2700089117638
15293.6293629363,-33.2249838198411
15300.6250625063,-33.1799471351621
15307.6207620762,-33.1348986687792
15314.6164616462,-33.0898382350955
15321.6121612161,-33.0447656519277
15328.6078607861,-32.99968074059
15335.603560356,-32.9545833259578
15342.599259926,-32.9094732365482
15349.5949594959,-32.8643503045932
15356.5906590659,-32.8192143661255
15363.5863586359,-32.774065261048
15370.5820582058,-32.7289028332238
15377.5777577758,-32.6837269305597
15384.5734573457,-32.6385374050858
15391.5691569157,-32.5933341130484
15398.5648564856,-32.5481169149967
15405.5605560556,-32.502885675872
15412.5562556256,-32.4576402651093
15419.5519551955,-32.4123805567156
15426.5476547655,-32.3671064293878
15433.5433543354,-32.3218177665915
15440.5390539054,-32.2765144566781
15447.5347534753,-32.2311963929746
15454.5304530453,-32.1858634739012
15461.5261526153,-32.1405156030688
15468.5218521852,-32.0951526893925
15475.5175517552,-32.0497746472061
15482.5132513251,-32.0043813963709
15489.5089508951,-31.9589728623965
15496.504650465,-31.9135489765587
15503.500350035,-31.868109676018
15510.496049605,-31.8226549039479
15517.4917491749,-31.7771846096602
15524.4874487449,-31.7316987487282
15531.4831483148,-31.6861972831279
15538.4788478848,-31.6406801813662
15545.4745474547,-31.595147418614
15552.4702470247,-31.5495989768576
15559.4659465947,-31.504034845029
15566.4616461646,-31.4584550191559
15573.4573457346,-31.4128595025131
15580.4530453045,-31.3672483057663
15587.4487448745,-31.3216214471318
15594.4444444444,-31.2759789525342
15601.4401440144,-31.2303208557584
15608.4358435844,-31.1846471986223
15615.4315431543,-31.1389580311372
15622.4272427243,-31.093253411678
15629.4229422942,-31.0475334071612
15636.4186418642,-31.0017980932116
15643.4143414341,-30.956047554349
15650.4100410041,-30.9102818841711
15657.4057405741,-30.8645011855338
15664.401440144,-30.8187055707475
15671.397139714,-30.7728951617649
15678.3928392839,-30.7270700903834
15685.3885388539,-30.6812304984437
15692.3842384238,-30.6353765380289
15699.3799379938,-30.5895083716812
15706.3756375638,-30.5436261726083
15713.3713371337,-30.4977301248979
15720.3670367037,-30.4518204237435
15727.3627362736,-30.405897275661
15734.3584358436,-30.3599608987224
15741.3541354135,-30.3140115227805
15748.3498349835,-30.2680493897106
15755.3455345535,-30.222074753646
15762.3412341234,-30.1760878812253
15769.3369336934,-30.1300890518392
15776.3326332633,-30.0840785578819
15783.3283328333,-30.0380567050075
15790.3240324032,-29.992023812395
15797.3197319732,-29.9459802130071
15804.3154315432,-29.8999262538683
15811.3111311131,-29.8538622963307
15818.3068306831,-29.8077887163567
15825.302530253,-29.7617059048086
15832.298229823,-29.7156142677228
15839.2939293929,-29.6695142266173
15846.2896289629,-29.623406218774
15853.2853285329,-29.5772906975552
15860.2810281028,-29.5311681326987
15867.2767276728,-29.4850390106352
15874.2724272427,-29.4389038348044
15881.2681268127,-29.3927631259731
15888.2638263826,-29.3466174225584
15895.2595259526,-29.3004672809685
15902.2552255225,-29.2543132759262
15909.2509250925,-29.2081560008141
15916.2466246625,-29.1619960680227
15923.2423242324,-29.1158341092951
15930.2380238024,-29.0696707760839
15937.2337233723,-29.0235067399096
15944.2294229423,-28.9773426927268
15951.2251225122,-28.9311793472973
15958.2208220822,-28.8850174375568
15965.2165216522,-28.8388577189971
15972.2122212221,-28.7927009690561
15979.2079207921,-28.7465479874968
15986.203620362,-28.7003995968122
15993.199319932,-28.6542566426183
16000.1950195019,-28.6081199940636
16007.1907190719,-28.5619905442275
16014.1864186419,-28.5158692105536
16021.1821182118,-28.4697569352505
16028.1778177818,-28.4236546857291
16035.1735173517,-28.3775634550321
16042.1692169217,-28.3314842622641
16049.1649164916,-28.285418153039
16056.1606160616,-28.2393661999262
16063.1563156316,-28.1933295029075
16070.1520152015,-28.1473091898321
16077.1477147715,-28.1013064168873
16084.1434143414,-28.055322369075
16091.1391139114,-28.0093582606943
16098.1348134814,-27.9634153358324
16105.1305130513,-27.9174948688675
16112.1262126213,-27.8715981649838
16119.1219121912,-27.8257265606958
16126.1176117612,-27.7798814243941
16133.1133113311,-27.7340641568986
16140.1090109011,-27.6882761920425
16147.104710471,-27.6425189972776
16154.100410041,-27.5967940743076
16161.096109611,-27.5511029597587
16168.0918091809,-27.5054472259008
16175.0875087509,-27.4598284814204
16182.0832083208,-27.4142483722664
16189.0789078908,-27.3687085825909
16196.0746074607,-27.3232108357993
16203.0703070307,-27.2777568957676
16210.0660066007,-27.2323485682439
16217.0617061706,-27.1869877025351
16224.0574057406,-27.1416761935374
16231.0531053105,-27.0964159842759
16238.0488048805,-27.0512090691133
16245.0445044504,-27.0060574979351
16252.0402040204,-26.9609633817124
16259.0359035904,-26.9159289000926
16266.0316031603,-26.870956312045
16273.0273027303,-26.8260479711928
16280.0230023002,-26.7812063485931
16287.0187018702,-26.7364340677353
16294.0144014401,-26.6917339604372
16301.0101010101,-26.6471091601353
16308.0058005801,-26.6025632659756
16315.00150015,-26.5581006503625
16321.99719972,-26.5137270828313
16328.9928992899,-26.4694511315234
16335.9885988599,-26.4252877768333
16342.9842984298,-26.3812697858632
16349.9799979998,-26.3374972124123
16356.9756975698,-26.2945634910397
16363.9713971397,-26.2419051010285
16370.9670967097,-26.2038408377046
16377.9627962796,-26.1607141715555
16384.9584958496,-26.1173548312612
16391.9541954195,-26.0740107605939
16398.9498949895,-26.0307455776297
16405.9455945595,-25.9875904560284
16412.9412941294,-25.9445747400875
16419.9369936994,-25.9017510770629
16426.9326932693,-25.8592883597496
16433.9283928393,-25.8185997055465
16440.9240924092,-25.7692530017218
16447.9197919792,-25.7291054925872
16454.9154915492,-25.6871677050047
16461.9111911191,-25.6451018030071
16468.9068906891,-25.603087620777
16475.902590259,-25.5611762172738
16482.898289829,-25.5193893099916
16489.8939893989,-25.4777389106764
16496.8896889689,-25.4362330651931
16503.8853885389,-25.3948779614008
16510.8810881088,-25.3536788311338
16517.8767876788,-25.3126403813516
16524.8724872487,-25.2717670183122
16531.8681868187,-25.231062972086
16538.8638863886,-25.1905323694548
16545.8595859586,-25.1501792784458
16552.8552855286,-25.1100077364867
16559.8509850985,-25.0700217686718
16566.8466846685,-25.0302253998617
16573.8423842384,-24.9906226627821
16580.8380838084,-24.9512176034664
16587.8337833783,-24.9120142848715
16594.8294829483,-24.8730167892333
16601.8251825183,-24.8342292194795
16608.8208820882,-24.7956556999965
16615.8165816582,-24.7573003768593
16622.8122812281,-24.7191674176852
16629.8079807981,-24.6812610111785
16636.803680368,-24.6435853664151
16643.799379938,-24.6061447119334
16650.7950795079,-24.5689432946424
16657.7907790779,-24.5319853785874
16664.7864786479,-24.495275243588
16671.7821782178,-24.4588171837465
16678.7778777878,-24.422615505868
16685.7735773577,-24.3866745277726
16692.7692769277,-24.3509985765218
16699.7649764976,-24.3155919865704
16706.7606760676,-24.2804590978183
16713.7563756376,-24.245604253616
16720.7520752075,-24.2110317986726
16727.7477747775,-24.1767460769182
16734.7434743474,-24.1427514292837
16741.7391739174,-24.1090521914321
16748.7348734873,-24.0756526914241
16755.7305730573,-24.0425572473265
16762.7262726273,-24.0097701647662
16769.7219721972,-23.9772957344425
16776.7176717672,-23.9451382295707
16783.7133713371,-23.9133019032994
16790.7090709071,-23.8817909860725
16797.704770477,-23.8506096829493
16804.700470047,-23.8197621708986
16811.696169617,-23.7892525960445
16818.6918691869,-23.7590850708848
16825.6875687569,-23.7292636714844
16832.6832683268,-23.6997924346395
16839.6789678968,-23.6706753550174
16846.6746674667,-23.64191638229
16853.6703670367,-23.6135194182342
16860.6660666067,-23.5854883138389
16867.6617661766,-23.5578268663947
16874.6574657466,-23.5305388165823
16881.6531653165,-23.5036278455666
16888.6488648865,-23.4770975720906
16895.6445644564,-23.4509515495826
16902.6402640264,-23.4251932632734
16909.6359635964,-23.3998261273379
16916.6316631663,-23.3748534820527
16923.6273627363,-23.3502785909869
16930.6230623062,-23.3261046382194
16937.6187618762,-23.3023347255958
16944.6144614461,-23.2789718700281
16951.6101610161,-23.2560190008336
16958.6058605861,-23.2334789571303
16965.601560156,-23.2113544852825
16972.597259726,-23.1896482364108
16979.5929592959,-23.1683627639562
16986.5886588659,-23.1475005213266
16993.5843584358,-23.1270638595971
17000.5800580058,-23.1070550253087
17007.5757575758,-23.0874761583275
17014.5714571457,-23.0683292897997
17021.5671567157,-23.0496163401952
17028.5628562856,-23.0313391174408
17035.5585558556,-23.0134993151474
17042.5542554255,-22.9960985109448
17049.5499549955,-22.9791381649102
17056.5456545655,-22.9626196181072
17063.5413541354,-22.9465440912378
17070.5370537054,-22.9309126833947
17077.5327532753,-22.9157263709408
17084.5284528453,-22.900986006497
17091.5241524152,-22.8866923180499
17098.5198519852,-22.8728459081828
17105.5155515552,-22.8594472534241
17112.5112511251,-22.8464967037253
17119.5069506951,-22.8339944820557
17126.502650265,-22.8219406841274
17133.498349835,-22.8103352782469
17140.4940494049,-22.7991781052903
17147.4897489749,-22.7884688788024
17154.4854485449,-22.7782071852297
17161.4811481148,-22.7683924842677
17168.4768476848,-22.759024109347
17175.4725472547,-22.7501012682272
17182.4682468247,-22.7416230437259
17189.4639463946,-22.7335883945648
17196.4596459646,-22.7259961563312
17203.4553455345,-22.7188450425638
17210.4510451045,-22.7121336459474
17217.4467446745,-22.7058604396233
17224.4424442444,-22.7000237786107
17231.4381438144,-22.6946219013326
17238.4338433843,-22.6896529312461
17245.4295429543,-22.6851148785782
17252.4252425243,-22.681005642152
17259.4209420942,-22.6773230113118
17266.4166416642,-22.6740646679377
17273.4123412341,-22.6712281885446
17280.4080408041,-22.6688110464651
17287.403740374,-22.6668106141121
17294.399439944,-22.6652241653114
17301.395139514,-22.6640488777078
17308.3908390839,-22.6632818352346
17315.3865386539,-22.6629200306458
17322.3822382238,-22.6629603681028
17329.3779377938,-22.6633996658141
17336.3736373637,-22.6642346587218
17343.3693369337,-22.665462001233
17350.3650365036,-22.6670782699853
17357.3607360736,-22.6690799666519
17364.3564356436,-22.6714635207695
17371.3521352135,-22.6742252925959
17378.3478347835,-22.6773615759864
17385.3435343534,-22.6808686012847
17392.3392339234,-22.684742538227
17399.3349334934,-22.6889794988532
17406.3306330633,-22.693575540421
17413.3263326333,-22.6985266683193
17420.3220322032,-22.7038288389763
17427.3177317732,-22.7094779627602
17434.3134313431,-22.7154699068655
17441.3091309131,-22.7218004981854
17448.304830483,-22.7284655261626
17455.300530053,-22.7354607456202
17462.296229623,-22.7427818795617
17469.2919291929,-22.7504246219475
17476.2876287629,-22.7583846404341
17483.2833283328,-22.7666575790824
17490.2790279028,-22.7752390610255
17497.2747274727,-22.7841246910979
17504.2704270427,-22.7933100584223
17511.2661266127,-22.8027907389504
17518.2618261826,-22.8125622979591
17525.2575257526,-22.8226202924958
17532.2532253225,-22.8329602737748
17539.2489248925,-22.843577789521
17546.2446244624,-22.8544683862611
17553.2403240324,-22.8656276115586
17560.2360236024,-22.877051016194
17567.2317231723,-22.888734156287
17574.2274227423,-22.900672595362
17581.2231223122,-22.9128619063531
17588.2188218822,-22.9252976735525
17595.2145214521,-22.9379754944959
17602.2102210221,-22.9508909817895
17609.2059205921,-22.964039764876
17616.201620162,-22.9774174917405
17623.197319732,-22.9910198305535
17630.1930193019,-23.0048424712559
17637.1887188719,-23.0188811270812
17644.1844184418,-23.0331315360187
17651.1801180118,-23.0475894622146
17658.1758175818,-23.0622506973166
17665.1715171517,-23.0771110617566
17672.1672167217,-23.0921664059742
17679.1629162916,-23.1074126115865
17686.1586158616,-23.1228455924946
17693.1543154315,-23.1384612959379
17700.1500150015,-23.1542557034914
17707.1457145715,-23.1702248320073
17714.1414141414,-23.1863647345035
17721.1371137114,-23.202671500999
17728.1328132813,-23.2191412592962
17735.1285128513,-23.2357701757143
17742.1242124212,-23.2525544557708
17749.1199119912,-23.2694903448143
17756.1156115612,-23.2865741286131
17763.1113111311,-23.30380213389
17770.1070107011,-23.3211707288199
17777.102710271,-23.3386763234789
17784.098409841,-23.3563153702476
17791.0941094109,-23.3740843641813
17798.0898089809,-23.3919798433296
17805.0855085509,-23.4099983890244
17812.0812081208,-23.4281366261246
17819.0769076908,-23.4463912232271
17826.0726072607,-23.4647588928415
17833.0683068307,-23.483236391527
17840.0640064006,-23.5018205200026
17847.0597059706,-23.5205081232167
17854.0554055406,-23.5392960903952
17861.0511051105,-23.5581813550503
17868.0468046805,-23.5771608949696
17875.0425042504,-23.5962317321698
17882.0382038204,-23.6153909328301
17889.0339033903,-23.6346356071963
17896.0296029603,-23.6539629094644
17903.0253025303,-23.6733700376374
17910.0210021002,-23.6928542333623
17917.0167016702,-23.712412781747
17924.0124012401,-23.7320430111517
17931.0081008101,-23.7517422929719
17938.00380038,-23.7715080413909
17944.99949995,-23.7913377131247
17951.99519952,-23.8112288071446
17958.9908990899,-23.8311788643913
17965.9865986599,-23.8511854674644
17972.9822982298,-23.8712462403104
17979.9779977998,-23.8913588478883
17986.9736973697,-23.9115209958268
17993.9693969397,-23.931730430072
18000.9650965096,-23.9519849365228
18007.9607960796,-23.972282340656
18014.9564956496,-23.9926205071438
18021.9521952195,-24.0129973394627
18028.9478947895,-24.0334107794937
18035.9435943594,-24.053858807118
18042.9392939294,-24.0743394398033
18049.9349934994,-24.0948507321857
18056.9306930693,-24.1153907756473
18063.9263926393,-24.1359576978876
18070.9220922092,-24.1565496624911
18077.9177917792,-24.1771648684914
18084.9134913491,-24.1978015499345
18091.9091909191,-24.2184579754322
18098.904890489,-24.2391324477236
18105.900590059,-24.2598233032256
18112.896289629,-24.2805289115879
18119.8919891989,-24.3012476752432
18126.8876887689,-24.3219780289602
18133.8833883388,-24.3427184393926
18140.8790879088,-24.3634674046312
18147.8747874787,-24.3842234537552
18154.8704870487,-24.4049851463831
18161.8661866187,-24.4257510722276
18168.8618861886,-24.446519850648
18175.8575857586,-24.467290130206
18182.8532853285,-24.4880605882249
18189.8489848985,-24.5088299303471
18196.8446844684,-24.5295968900962
18203.8403840384,-24.5503602284429
18210.8360836084,-24.5711187333683
18217.8317831783,-24.5918712194357
18224.8274827483,-24.6126165273632
18231.8231823182,-24.6333535235989
18238.8188818882,-24.6540810998984
18245.8145814581,-24.6747981729095
18252.8102810281,-24.6955036837558
18259.8059805981,-24.7161965976278
18266.801680168,-24.7368759033747
18273.797379738,-24.7575406131043
18280.7930793079,-24.7781897617816
18287.7887788779,-24.7988224068346
18294.7844784478,-24.8194376277644
18301.7801780178,-24.8400345257575
18308.7758775878,-24.8606122233067
18315.7715771577,-24.8811698638305
18322.7672767277,-24.9017066113004
18329.7629762976,-24.9222216498728
18336.7586758676,-24.9427141835251
18343.7543754375,-24.9631834356933
18350.7500750075,-24.9836286489199
18357.7457745775,-25.0040490845009
18364.7414741474,-25.0244440221414
18371.7371737174,-25.044812759612
18378.7328732873,-25.0651546124145
18385.7285728573,-25.0854689134476
18392.7242724272,-25.1057550126795
18399.7199719972,-25.1260122768257
18406.7156715672,-25.1462400890304
18413.7113711371,-25.1664378485522
18420.7070707071,-25.1866049704556
18427.702770277,-25.2067408853049
18434.698469847,-25.2268450388663
18441.6941694169,-25.2469168918114
18448.6898689869,-25.2669559194256
18455.6855685569,-25.2869616113218
18462.6812681268,-25.30693347116
18469.6769676968,-25.3268710163667
18476.6726672667,-25.3467737778655
18483.6683668367,-25.3666412998034
18490.6640664066,-25.3864731392932
18497.6597659766,-25.4062688661456
18504.6554655466,-25.4260280626192
18511.6511651165,-25.4457503231656
18518.6468646865,-25.4654352541834
18525.6425642564,-25.4850824737747
18532.6382638264,-25.5046916115058
18539.6339633963,-25.5242623081715
18546.6296629663,-25.5437942155644
18553.6253625363,-25.5632869962467
18560.6210621062,-25.5827403233301
18567.6167616762,-25.6021538802539
18574.6124612461,-25.6215273605668
18581.6081608161,-25.640860467722
18588.603860386,-25.6601529148634
18595.599559956,-25.6794044246235
18602.595259526,-25.6986147289231
18609.5909590959,-25.7177835687731
18616.5866586659,-25.7369106940815
18623.5823582358,-25.7559958634647
18630.5780578058,-25.7750388440567
18637.5737573757,-25.7940394113328
18644.5694569457,-25.812997348923
18651.5651565157,-25.8319124484395
18658.5608560856,-25.8507845093027
18665.5565556556,-25.8696133385699
18672.5522552255,-25.8883987507703
18679.5479547955,-25.9071405677404
18686.5436543654,-25.925838618462
18693.5393539354,-25.944492738908
18700.5350535053,-25.9631027718836
18707.5307530753,-25.9816685668775
18714.5264526453,-26.0001899799122
18721.5221522152,-26.0186668733979
18728.5178517852,-26.0370991159878
18735.5135513551,-26.0554865824411
18742.5092509251,-26.0738291534808
18749.5049504951,-26.0921267156639
18756.500650065,-26.110379161243
18763.496349635,-26.1285863880402
18770.4920492049,-26.1467482993187
18777.4877487749,-26.1648648036578
18784.4834483448,-26.1829358148301
18791.4791479148,-26.2009612516822
18798.4748474847,-26.2189410380159
18805.4705470547,-26.2368751024728
18812.4662466247,-26.2547633784226
18819.4619461946,-26.2726058038506
18826.4576457646,-26.2904023212493
18833.4533453345,-26.3081528775121
18840.4490449045,-26.3258574238288
18847.4447444744,-26.343515915583
18854.4404440444,-26.3611283122519
18861.4361436144,-26.3786945773089
18868.4318431843,-26.3962146781245
18875.4275427543,-26.4136885858752
18882.4232423242,-26.4311162754488
18889.4189418942,-26.4484977253545
18896.4146414641,-26.4658329176339
18903.4103410341,-26.4831218377743
18910.4060406041,-26.5003644746231
18917.401740174,-26.5175608203036
18924.397439744,-26.5347108701349
18931.3931393139,-26.5518146225503
18938.3888388839,-26.5688720790184
18945.3845384538,-26.5858832439688
18952.3802380238,-26.6028481247127
18959.3759375938,-26.6197667313725
18966.3716371637,-26.6366390768084
18973.3673367337,-26.6534651765468
18980.3630363036,-26.670245048712
18987.3587358736,-26.6869787139573
18994.3544354435,-26.7036661954002
19001.3501350135,-26.7203075185552
19008.3458345835,-26.7369027112712
19015.3415341534,-26.7534518036691
19022.3372337234,-26.7699548280798
19029.3329332933,-26.7864118189847
19036.3286328633,-26.8028228129582
19043.3243324332,-26.8191878486078
19050.3200320032,-26.8355069665208
19057.3157315732,-26.8517802092073
19064.3114311431,-26.8680076210459
19071.3071307131,-26.8841892482333
19078.302830283,-26.9003251387306
19085.298529853,-26.9164153422124
19092.2942294229,-26.9324599100208
19099.2899289929,-26.9484588951119
19106.2856285629,-26.9644123520117
19113.2813281328,-26.9803203367695
19120.2770277028,-26.9961829069117
19127.2727272727,-27.0120001213969
19134.2684268427,-27.0277720405742
19141.2641264126,-27.0434987261375
19148.2598259826,-27.0591802410877
19155.2555255526,-27.0748166496884
19162.2512251225,-27.0904080174292
19169.2469246925,-27.1059544109834
19176.2426242624,-27.1214558981721
19183.2383238324,-27.1369125479257
19190.2340234023,-27.1523244302482
19197.2297229723,-27.1676916161797
19204.2254225423,-27.1830141777639
19211.2211221122,-27.1982921880117
19218.2168216822,-27.2135257208683
19225.2125212521,-27.2287148511809
19232.2082208221,-27.2438596546656
19239.203920392,-27.2589602078772
19246.199619962,-27.2740165881769
19253.195319532,-27.2890288737051
19260.1910191019,-27.3039971433486
19267.1867186719,-27.3189214767134
19274.1824182418,-27.3338019540974
19281.1781178118,-27.3486386564613
19288.1738173817,-27.3634316654039
19295.1695169517,-27.3781810631322
19302.1652165217,-27.3928869324404
19309.1609160916,-27.4075493566806
19316.1566156616,-27.4221684197404
19323.1523152315,-27.436744206018
19330.1480148015,-27.4512768003997
19337.1437143714,-27.4657662882361
19344.1394139414,-27.4802127553192
19351.1351135114,-27.4946162878613
19358.1308130813,-27.5089769724738
19365.1265126513,-27.5232948961449
19372.1222122212,-27.5375701462198
19379.1179117912,-27.5518028103814
19386.1136113611,-27.5659929766291
19393.1093109311,-27.5801407332616
19400.1050105011,-27.5942461688559
19407.100710071,-27.6083093722507
19414.096409641,-27.6223304325279
19421.0921092109,-27.636309438995
19428.0878087809,-27.6502464811694
19435.0835083508,-27.6641416487585
19442.0792079208,-27.6779950316476
19449.0749074907,-27.6918067198795
19456.0706070607,-27.7055768036437
19463.0663066307,-27.7193053732571
19470.0620062006,-27.7329925191517
19477.0577057706,-27.7466383318589
19484.0534053405,-27.760242901995
19491.0491049105,-27.7738063202491
19498.0448044804,-27.787328677368
19505.0405040504,-27.8008100641439
19512.0362036204,-27.8142505714004
19519.0319031903,-27.8276502899817
19526.0276027603,-27.8410093107385
19533.0233023302,-27.8543277245167
19540.0190019002,-27.8676056221473
19547.0147014702,-27.8808430944315
19554.0104010401,-27.8940402321334
19561.0061006101,-27.9071971259662
19568.00180018,-27.9203138665825
19574.99749975,-27.9333905445652
19581.9931993199,-27.9464272504154
19588.9888988899,-27.9594240745441
19595.9845984598,-27.972381107262
19602.9802980298,-27.985298438769
19609.9759975998,-27.9981761591478
19616.9716971697,-28.011014358352
19623.9673967397,-28.0238131261997
19630.9630963096,-28.0365725523629
19637.9587958796,-28.0492927263617
19644.9544954495,-28.061973737554
19651.9501950195,-28.0746156751293
19658.9458945895,-28.0872186280993
19665.9415941594,-28.0997826852925
19672.9372937294,-28.1123079353452
19679.9329932993,-28.1247944666956
19686.9286928693,-28.1372423675757
19693.9243924393,-28.1496517260058
19700.9200920092,-28.1620226297879
19707.9157915792,-28.1743551664978
19714.9114911491,-28.1866494234805
19721.9071907191,-28.1989054878439
19728.902890289,-28.2111234464525
19735.898589859,-28.2233033859211
19742.8942894289,-28.2354453926105
19749.8899889989,-28.2475495526222
19756.8856885689,-28.2596159517914
19763.8813881388,-28.2716446756836
19770.8770877088,-28.2836358095884
19777.8727872787,-28.2955894385156
19784.8684868487,-28.3075056471902
19791.8641864186,-28.3193845200482
19798.8598859886,-28.3312261412304
19805.8555855586,-28.3430305945805
19812.8512851285,-28.3547979636392
19819.8469846985,-28.3665283316411
19826.8426842684,-28.3782217815102
19833.8383838384,-28.3898783958568
19840.8340834083,-28.4014982569719
19847.8297829783,-28.4130814468268
19854.8254825483,-28.4246280470657
19861.8211821182,-28.4361381390062
19868.8168816882,-28.4476118036331
19875.8125812581,-28.4590491215966
19882.8082808281,-28.4704501732091
19889.803980398,-28.4818150384416
19896.799679968,-28.4931437969222
19903.795379538,-28.5044365279307
19910.7910791079,-28.5156933104001
19917.7867786779,-28.5269142229092
19924.7824782478,-28.5380993436837
19931.7781778178,-28.5492487505921
19938.7738773877,-28.5603625211439
19945.7695769577,-28.5714407324871
19952.7652765277,-28.5824834614066
19959.7609760976,-28.5934907843213
19966.7566756676,-28.6044627772827
19973.7523752375,-28.6153995159725
19980.7480748075,-28.6263010757017
19987.7437743774,-28.6371675314077
19994.7394739474,-28.647998957653
20001.7351735174,-28.6587954286252
20008.7308730873,-28.6695570181317
20015.7265726573,-28.6802837996026
20022.7222722272,-28.6909758460862
20029.7179717972,-28.7016332302494
20036.7136713671,-28.7122560243755
20043.7093709371,-28.7228443003638
20050.7050705071,-28.733398129728
20057.700770077,-28.7439175835956
20064.696469647,-28.7544027327065
20071.6921692169,-28.7648536474128
20078.6878687869,-28.7752703976766
20085.6835683568,-28.785653053072
20092.6792679268,-28.7960016827822
20099.6749674968,-28.8063163555985
20106.6706670667,-28.816597139923
20113.6663666367,-28.8268441037649
20120.6620662066,-28.8370573147421
20127.6577657766,-28.8472368400802
20134.6534653465,-28.8573827466131
20141.6491649165,-28.8674951007825
20148.6448644865,-28.877573968639
20155.6405640564,-28.8876194158403
20162.6362636264,-28.8976315076544
20169.6319631963,-28.9076103089575
20176.6276627663,-28.917555884237
20183.6233623362,-28.9274682975911
20190.6190619062,-28.937347612729
20197.6147614762,-28.947193892975
20204.6104610461,-28.9570072012671
20211.6061606161,-28.9667876001598
20218.601860186,-28.9765351518267
20225.597559756,-28.9862499180621
20232.5932593259,-28.9959319602834
20239.5889588959,-29.0055813395359
20246.5846584658,-29.0151981164941
20253.5803580358,-29.0247823514672
20260.5760576058,-29.0343341044037
20267.5717571757,-29.0438534348961
20274.5674567457,-29.0533404021883
20281.5631563156,-29.0627950651815
20288.5588558856,-29.0722174824438
20295.5545554555,-29.0816077122195
20302.5502550255,-29.0909658124395
20309.5459545955,-29.1002918407357
20316.5416541654,-29.1095858544558
20323.5373537354,-29.1188479106814
20330.5330533053,-29.1280780662501
20337.5287528753,-29.1372763777806
20344.5244524452,-29.1464429017026
20351.5201520152,-29.1555776942935
20358.5158515852,-29.1646808117226
20365.5115511551,-29.1737523101047
20372.5072507251,-29.1827922455631
20379.502950295,-29.1918006743126
20386.498649865,-29.2007776527555
20393.4943494349,-29.2097232376068
20400.4900490049,-29.2186374860505
20407.4857485749,-29.2275204559346
20414.4814481448,-29.2363722060287
20421.4771477148,-29.2451927963498
20428.4728472847,-29.2539822886003
20435.4685468547,-29.2627407467405
20442.4642464246,-29.2714682377708
20449.4599459946,-29.2801648327999
20456.4556455646,-29.2888306085409
20463.4513451345,-29.2974656494425
20470.4470447045,-29.3060700507969
20477.4427442744,-29.3146439233899
20484.4384438444,-29.3231874006677
20491.4341434143,-29.3317006501619
20498.4298429843,-29.3401838924589
20505.4255425543,-29.3486374342303
20512.4212421242,-29.3570617292171
20519.4169416942,-29.3654574992818
20526.4126412641,-29.3738259981285
20533.4083408341,-29.382169661801
20540.404040404,-29.3904940218651
20547.399739974,-29.398815108317
20554.395439544,-29.4072075644894
20561.3911391139,-29.4190246201509
20568.3868386839,-29.4228637456402
20575.3825382538,-29.4312148491308
20582.3782378238,-29.4393936410521
20589.3739373937,-29.4475092307591
20596.3696369637,-29.4555818543664
20603.3653365337,-29.4636180762099
20610.3610361036,-29.4716206827667
20617.3567356736,-29.479591070742
20624.3524352435,-29.4875300268348
20631.3481348135,-29.4954380353448
20638.3438343834,-29.5033154165968
20645.3395339534,-29.5111623956221
20652.3352335234,-29.5189791389175
20659.3309330933,-29.5267657753505
20666.3266326633,-29.5345224086477
20673.3223322332,-29.5422491251753
20680.3180318032,-29.5499459989599
20687.3137313731,-29.557613095025
20694.3094309431,-29.5652504716712
20701.3051305131,-29.5728581820674
20708.300830083,-29.5804362753877
20715.296529653,-29.5879847976347
20722.2922292229,-29.5955037922494
20729.2879287929,-29.6029933005659
20736.2836283628,-29.6104533621596
20743.2793279328,-29.6178840151123
20750.2750275028,-29.6252852962192
20757.2707270727,-29.6326572411515
20764.2664266427,-29.639999884585
20771.2621262126,-29.6473132603044
20778.2578257826,-29.6545974012846
20785.2535253525,-29.6618523397598
20792.2492249225,-29.6690781072781
20799.2449244925,-29.6762747347468
20806.2406240624,-29.6834422524703
20813.2363236324,-29.6905806901822
20820.2320232023,-29.6976900770703
20827.2277227723,-29.7047704418005
20834.2234223422,-29.7118218125342
20841.2191219122,-29.7188442169444
20848.2148214821,-29.7258376822299
20855.2105210521,-29.7328022351269
20862.2062206221,-29.7397379019182
20869.201920192,-29.7466447084428
20876.197619762,-29.7535226801024
20883.1933193319,-29.7603718418683
20890.1890189019,-29.7671922182867
20897.1847184718,-29.7739838334838
20904.1804180418,-29.7807467111692
20911.1761176118,-29.7874808746401
20918.1718171817,-29.7941863467843
20925.1675167517,-29.8008631500815
20932.1632163216,-29.8075113066076
20939.1589158916,-29.8141308380343
20946.1546154615,-29.8207217656327
20953.1503150315,-29.8272841102722
20960.1460146015,-29.8338178924225
20967.1417141714,-29.8403231321552
20974.1374137414,-29.8467998491416
20981.1331133113,-29.8532480626546
20988.1288128813,-29.8596677915685
20995.1245124512,-29.8660590543578
21002.1202120212,-29.8724218690966
21009.1159115912,-29.8787562534589
21016.1116111611,-29.8850622247157
21023.1073107311,-29.8913397997346
21030.103010301,-29.8975889949783
21037.098709871,-29.9038098265026
21044.0944094409,-29.9100023099534
21051.0901090109,-29.9161664605652
21058.0858085809,-29.9223022931588
21065.0815081508,-29.9284098221357
21072.0772077208,-29.9344890614779
21079.0729072907,-29.940540024742
21086.0686068607,-29.9465627250551
21093.0643064306,-29.9525571751111
21100.0600060006,-29.958523387165
21107.0557055706,-29.9644613730265
21114.0514051405,-29.9703711440551
21121.0471047105,-29.9762527111527
21128.0428042804,-29.9821060847567
21135.0385038504,-29.9879312748301
21142.0342034203,-29.9937282908551
21149.0299029903,-29.9994971418208
21156.0256025603,-30.0052378362138
21163.0213021302,-30.0109503820065
21170.0170017002,-30.0166347866432
21177.0127012701,-30.0222910570261
21184.0084008401,-30.0279191995003
21191.00410041,-30.0335192198353
21197.99979998,-30.0390911232067
21204.99549955,-30.0446349141753
21211.9911991199,-30.0501505966629
21218.9868986899,-30.055638173928
21225.9825982598,-30.0610976485364
21232.9782978298,-30.0665290223297
21239.9739973997,-30.0719322963916
21246.9696969697,-30.077307471007
21253.9653965397,-30.0826545456206
21260.9610961096,-30.0879735187877
21267.9567956796,-30.0932643881206
21274.9524952495,-30.0985271502283
21281.9481948195,-30.1037618006486
21288.9438943894,-30.1089683337727
21295.9395939594,-30.1141467427584
21302.9352935294,-30.1192970194351
21309.9309930993,-30.1244191541926
21316.9266926693,-30.1295131358585
21323.9223922392,-30.1345789515565
21330.9180918092,-30.1396165865457
21337.9137913791,-30.1446260240364
21344.9094909491,-30.1496072449795
21351.905190519,-30.1545602278237
21358.900890089,-30.1594849482347
21365.896589659,-30.1643813787718
21372.8922892289,-30.1692494885095
21379.8879887989,-30.1740892425972
21386.8836883688,-30.1789006017442
21393.8793879388,-30.1836835216114
21400.8750875087,-30.1884379520941
21407.8707870787,-30.1931638364691
21414.8664866487,-30.1978611103771
21421.8621862186,-30.2025297006014
21428.8578857886,-30.2071695235931
21435.8535853585,-30.2117804836804
21442.8492849285,-30.2163624708789
21449.8449844984,-30.2209153581986
21456.8406840684,-30.2254389983002
21463.8363836384,-30.2299332193182
21470.8320832083,-30.2343978195924
21477.8277827783,-30.2388325609602
21484.8234823482,-30.243237160134
21491.8191819182,-30.2476112774872
21498.8148814881,-30.2519545022972
21505.8105810581,-30.2562663330668
21512.8062806281,-30.2605461508927
21519.801980198,-30.2647931828406
21526.797679768,-30.2690064506562
21533.7933793379,-30.2731846974751
21540.7890789079,-30.2773262806729
21547.7847784778,-30.2814290110823
21554.7804780478,-30.2854899044046
21561.7761776178,-30.2895047832789
21568.7718771877,-30.2934676136781
21575.7675767577,-30.2973693427982
21582.7632763276,-30.3011957390073
21589.7589758976,-30.3049230670817
21596.7546754675,-30.3085085602686
21603.7503750375,-30.3118665541084
21610.7460746075,-30.3147966813353
21617.7417741774,-30.3166952502033
21624.7374737474,-30.314512217938
21631.7331733173,-31.2400479315736
21638.7288728873,-30.3459233658278
21645.7245724572,-30.3438865138187
21652.7202720272,-30.3456874808079
21659.7159715972,-30.3484361831817
21666.7116711671,-30.3515486309247
21673.7073707371,-30.3548293159634
21680.703070307,-30.3581942365222
21687.698769877,-30.361601317975
21694.6944694469,-30.365027153245
21701.6901690169,-30.3684576809449
21708.6858685869,-30.3718839421977
21715.6815681568,-30.3752999567628
21722.6772677268,-30.3787015784395
21729.6729672967,-30.3820858405593
21736.6686668667,-30.3854505630551
21743.6643664366,-30.3887941067614
21750.6600660066,-30.3921152143664
21757.6557655766,-30.3954129043427
21764.6514651465,-30.3986863983494
21771.6471647165,-30.4019350704017
21778.6428642864,-30.4051584105534
21785.6385638564,-30.4083559984787
21792.6342634263,-30.4115274839437
21799.6299629963,-30.4146725721539
21806.6256625663,-30.4177910126204
21813.6213621362,-30.4208825905929
21820.6170617062,-30.4239471203947
21827.6127612761,-30.426984440187
21834.6084608461,-30.4299944078152
21841.604160416,-30.4329768974864
21848.599859986,-30.4359317970891
21855.595559556,-30.4388590060154
21862.5912591259,-30.4417584333797
21869.5869586959,-30.4446299965519
21876.5826582658,-30.4474736199416
21883.5783578358,-30.4502892339838
21890.5740574057,-30.4530767742928
21897.5697569757,-30.4558361809449
21904.5654565457,-30.4585673978757
21911.5611561156,-30.4612703723659
21918.5568556856,-30.4639450546018
21925.5525552555,-30.4665913973009
21932.5482548255,-30.4692093553878
21939.5439543954,-30.4717988857152
21946.5396539654,-30.4743599468227
21953.5353535354,-30.4768924987256
21960.5310531053,-30.479396502733
21967.5267526753,-30.4818719212858
21974.5224522452,-30.4843187178185
21981.5181518152,-30.4867368566333
21988.5138513851,-30.4891263027929
21995.5095509551,-30.4914870220234
22002.5052505251,-30.4938189806289
22009.500950095,-30.4961221454165
22016.496649665,-30.4983964836286
22023.4923492349,-30.5006419628823
22030.4880488049,-30.5028585511163
22037.4837483748,-30.5050462165432
22044.4794479448,-30.507204927606
22051.4751475148,-30.5093346529391
22058.4708470847,-30.5114353613347
22065.4665466547,-30.5135070217101
22072.4622462246,-30.5155496030804
22079.4579457946,-30.5175630745328
22086.4536453645,-30.5195474052034
22093.4493449345,-30.5215025642565
22100.4450445045,-30.5234285208654
22107.4407440744,-30.5253252441954
22114.4364436444,-30.5271927033883
22121.4321432143,-30.5290308675482
22128.4278427843,-30.530839705728
22135.4235423542,-30.5326191869183
22142.4192419242,-30.5343692800374
22149.4149414941,-30.5360899539194
22156.4106410641,-30.5377811773079
22163.4063406341,-30.5394429188457
22170.402040204,-30.5410751470685
22177.397739774,-30.5426778303985
22184.3934393439,-30.5442509371374
22191.3891389139,-30.5457944354613
22198.3848384838,-30.5473082934154
22205.3805380538,-30.548792478909
22212.3762376238,-30.5502469597118
22219.3719371937,-30.5516717034508
22226.3676367637,-30.5530666776044
22233.3633363336,-30.5544318495019
22240.3590359036,-30.5557671863188
22247.3547354735,-30.557072655075
22254.3504350435,-30.5583482226323
22261.3461346135,-30.5595938556918
22268.3418341834,-30.5608095207932
22275.3375337534,-30.5619951843119
22282.3332333233,-30.5631508124578
22289.3289328933,-30.5642763712749
22296.3246324632,-30.5653718266381
22303.3203320332,-30.5664371442545
22310.3160316032,-30.5674722896611
22317.3117311731,-30.5684772282243
22324.3074307431,-30.5694519251401
22331.303130313,-30.5703963454316
22338.298829883,-30.5713104539513
22345.2945294529,-30.5721942153785
22352.2902290229,-30.5730475942207
22359.2859285929,-30.5738705548127
22366.2816281628,-30.5746630613164
22373.2773277328,-30.5754250777214
22380.2730273027,-30.5761565678454
22387.2687268727,-30.5768574953333
22394.2644264426,-30.5775278236586
22401.2601260126,-30.5781675161233
22408.2558255826,-30.5787765358584
22415.2515251525,-30.579354845824
22422.2472247225,-30.5799024088102
22429.2429242924,-30.5804191874382
22436.2386238624,-30.5809051441597
22443.2343234323,-30.5813602412583
22450.2300230023,-30.5817844408509
22457.2257225723,-30.5821777048866
22464.2214221422,-30.5825399951501
22471.2171217122,-30.5828712732599
22478.2128212821,-30.5831715006709
22485.2085208521,-30.5834406386753
22492.204220422,-30.5836786484028
22499.199919992,-30.5838854908219
22506.195619562,-30.5840611267414
22513.1913191319,-30.5842055168111
22520.1870187019,-30.5843186215225
22527.1827182718,-30.5844004012109
22534.1784178418,-30.5844508160561
22541.1741174117,-30.5844698260835
22548.1698169817,-30.5844573911655
22555.1655165517,-30.5844134710228
22562.1612161216,-30.5843380252257
22569.1569156916,-30.584231013195
22576.1526152615,-30.5840923942049
22583.1483148315,-30.583922127382
22590.1440144014,-30.5837201717087
22597.1397139714,-30.5834864860236
22604.1354135414,-30.5832210290236
22611.1311131113,-30.5829237592652
22618.1268126813,-30.5825946351654
22625.1225122512,-30.5822336150045
22632.1182118212,-30.5818406569265
22639.1139113911,-30.5814157189413
22646.1096109611,-30.5809587589259
22653.105310531,-30.5804697346274
22660.101010101,-30.5799486036626
22667.096709671,-30.5793953235211
22674.0924092409,-30.5788098515663
22681.0881088109,-30.5781921450385
22688.0838083808,-30.5775421610549
22695.0795079508,-30.5768598566122
22702.0752075208,-30.5761451885889
22709.0709070907,-30.5753981137461
22716.0666066607,-30.5746185887306
22723.0623062306,-30.5738065700756
22730.0580058006,-30.5729620142036
22737.0537053705,-30.5720848774275
22744.0494049405,-30.5711751159534
22751.0451045104,-30.5702326858817
22758.0408040804,-30.5692575432101
22765.0365036504,-30.5682496438346
22772.0322032203,-30.5672089435526
22779.0279027903,-30.5661353980644
22786.0236023602,-30.5650289629753
22793.0193019302,-30.5638895937973
22800.0150015001,-30.5627172459531
22807.0107010701,-30.5615118747758
22814.0064006401,-30.5602734355131
22821.00210021,-30.559001883328
22827.99779978,-30.5576971733026
22834.9934993499,-30.5563592604389
22841.9891989199,-30.554988099662
22848.9848984899,-30.5535836458229
22855.9805980598,-30.5521458536991
22862.9762976298,-30.5506746779988
22869.9719971997,-30.5491700733626
22876.9676967697,-30.5476319943659
22883.9633963396,-30.5460603955208
22890.9590959096,-30.5444552312802
22897.9547954796,-30.5428164560383
22904.9504950495,-30.5411440241353
22911.9461946195,-30.5394378898578
22918.9418941894,-30.5376980074424
22925.9375937594,-30.5359243310793
22932.9332933293,-30.5341168149132
22939.9289928993,-30.532275413047
22946.9246924692,-30.5304000795442
22953.9203920392,-30.5284907684319
22960.9160916092,-30.5265474337027
22967.9117911791,-30.5245700293191
22974.9074907491,-30.5225585092145
22981.903190319,-30.5205128272974
22988.898889889,-30.5184329374534
22995.8945894589,-30.5163187935489
23002.8902890289,-30.5141703494332
23009.8859885989,-30.5119875589416
23016.8816881688,-30.5097703758993
23023.8773877388,-30.5075187541232
23030.8730873087,-30.5052326474256
23037.8687868787,-30.5029120096168
23044.8644864486,-30.5005567945093
23051.8601860186,-30.4981669559195
23058.8558855886,-30.4957424476718
23065.8515851585,-30.4932832236011
23072.8472847285,-30.4907892375568
23079.8429842984,-30.4882604434056
23086.8386838684,-30.485696795035
23093.8343834383,-30.4830982463559
23100.8300830083,-30.4804647513075
23107.8257825783,-30.4777962638583
23114.8214821482,-30.475092738012
23121.8171817182,-30.4723541278095
23128.8128812881,-30.4695803873321
23135.8085808581,-30.4667714707066
23142.804280428,-30.463927332107
23149.799979998,-30.4610479257595
23156.795679568,-30.4581332059446
23163.7913791379,-30.4551831270025
23170.7870787079,-30.4521976433356
23177.7827782778,-30.449176709412
23184.7784778478,-30.4461202797702
23191.7741774177,-30.4430283090224
23198.7698769877,-30.4399007518577
23205.7655765577,-30.436737563047
23212.7612761276,-30.4335386974461
23219.7569756976,-30.4303041100002
23226.7526752675,-30.427033755747
23233.7483748375,-30.4237275898215
23240.7440744074,-30.4203855674594
23247.7397739774,-30.4170076440019
23254.7354735474,-30.4135937748983
23261.7311731173,-30.4101439157126
23268.7268726873,-30.4066580221246
23275.7225722572,-30.4031360499365
23282.7182718272,-30.3995779550761
23289.7139713971,-30.395983693601
23296.7096709671,-30.3923532217032
23303.7053705371,-30.3886864957137
23310.701070107,-30.3849834721063
23317.696769677,-30.3812441075018
23324.6924692469,-30.377468358673
23331.6881688169,-30.3736561825497
23338.6838683868,-30.3698075362217
23345.6795679568,-30.3659223769448
23352.6752675268,-30.3620006621444
23359.6709670967,-30.3580423494211
23366.6666666667,-30.3540473965543
23373.6623662366,-30.3500157615075
23380.6580658066,-30.3459474024335
23387.6537653765,-30.3418422776781
23394.6494649465,-30.3377003457861
23401.6451645165,-30.3335215655048
23408.6408640864,-30.3293058957903
23415.6365636564,-30.3250532958127
23422.6322632263,-30.3207637249584
23429.6279627963,-30.3164371428386
23436.6236623662,-30.3120735092918
23443.6193619362,-30.3076727843908
23450.6150615061,-30.3032349284464
23457.6107610761,-30.2987599020134
23464.6064606461,-30.2942476658953
23471.602160216,-30.2896981811504
23478.597859786,-30.2851114090967
23485.5935593559,-30.2804873113168
23492.5892589259,-30.2758258496639
23499.5849584959,-30.2711269862674
23506.5806580658,-30.2663906835375
23513.5763576358,-30.2616169041725
23520.5720572057,-30.256805611162
23527.5677567757,-30.2519567677947
23534.5634563456,-30.2470703376629
23541.5591559156,-30.2421462846684
23548.5548554855,-30.2371845730282
23555.5505550555,-30.2321851672812
23562.5462546255,-30.2271480322928
23569.5419541954,-30.2220731332615
23576.5376537654,-30.2169604357252
23583.5333533353,-30.2118099055655
23590.5290529053,-30.2066215090163
23597.5247524752,-30.201395212668
23604.5204520452,-30.1961309834742
23611.5161516152,-30.1908287887577
23618.5118511851,-30.1854885962176
23625.5075507551,-30.180110373934
23632.503250325,-30.1746940903759
23639.498949895,-30.1692397144068
23646.4946494649,-30.1637472152909
23653.4903490349,-30.1582165627002
23660.4860486049,-30.1526477267207
23667.4817481748,-30.1470406778584
23674.4774477448,-30.1413953870474
23681.4731473147,-30.1357118256554
23688.4688468847,-30.1299899654902
23695.4645464546,-30.1242297788071
23702.4602460246,-30.1184312383161
23709.4559455946,-30.1125943171875
23716.4516451645,-30.1067189890599
23723.4473447345,-30.1008052280466
23730.4430443044,-30.0948530087431
23737.4387438744,-30.0888623062328
23744.4344434443,-30.0828330960972
23751.4301430143,-30.0767653544191
23758.4258425843,-30.0706590577923
23765.4215421542,-30.0645141833288
23772.4172417242,-30.0583307086651
23779.4129412941,-30.0521086119706
23786.4086408641,-30.0458478719534
23793.404340434,-30.0395484678703
23800.400040004,-30.0332103795321
23807.395739574,-30.0268335873116
23814.3914391439,-30.0204180721523
23821.3871387139,-30.0139638155755
23828.3828382838,-30.0074707996872
23835.3785378538,-30.0009390071875
23842.3742374237,-29.994368421376
23849.3699369937,-29.9877590261635
23856.3656365637,-29.9811108060751
23863.3613361336,-29.9744237462628
23870.3570357036,-29.9676978325106
23877.3527352735,-29.9609330512435
23884.3484348435,-29.954129389536
23891.3441344134,-29.9472868351197
23898.3398339834,-29.9404053763922
23905.3355335534,-29.9334850024244
23912.3312331233,-29.9265257029703
23919.3269326933,-29.9195274684738
23926.3226322632,-29.9124902900794
23933.3183318332,-29.9054141596382
23940.3140314031,-29.8982990697175
23947.3097309731,-29.8911450136112
23954.3054305431,-29.8839519853449
23961.301130113,-29.876719979688
23968.296829683,-29.869448992161
23975.2925292529,-29.8621390190441
23982.2882288229,-29.854790057387
23989.2839283928,-29.8474021050172
23996.2796279628,-29.8399751605496
24003.2753275328,-29.8325092233947
24010.2710271027,-29.8250042937684
24017.2667266727,-29.8174603727016
24024.2624262426,-29.8098774620487
24031.2581258126,-29.8022555644969
24038.2538253825,-29.7945946835759
24045.2495249525,-29.7868948236673
24052.2452245225,-29.7791559900143
24059.2409240924,-29.7713781887297
24066.2366236624,-29.7635614268081
24073.2323232323,-29.7557057121337
24080.2280228023,-29.7478110534896
24087.2237223722,-29.7398774605694
24094.2194219422,-29.7319049439858
24101.2151215122,-29.7238935152796
24108.2108210821,-29.7158431869316
24115.2065206521,-29.7077539723716
24122.202220222,-29.6996258859867
24129.197919792,-29.6914589431357
24136.1936193619,-29.6832531601547
24143.1893189319,-29.6750085543686
24150.1850185019,-29.6667251441035
24157.1807180718,-29.6584029486939
24164.1764176418,-29.6500419884955
24171.1721172117,-29.6416422848936
24178.1678167817,-29.6332038603136
24185.1635163516,-29.6247267382343
24192.1592159216,-29.6162109431951
24199.1549154916,-29.6076565008073
24206.1506150615,-29.5990634377659
24213.1463146315,-29.5904317818593
24220.1420142014,-29.5817615619804
24227.1377137714,-29.5730528081365
24234.1334133413,-29.5643055514611
24241.1291129113,-29.5555198242234
24248.1248124812,-29.5466956598413
24255.1205120512,-29.5378330928897
24262.1162116212,-29.528932159113
24269.1119111911,-29.519992895435
24276.1076107611,-29.5110153399708
24283.103310331,-29.501999532037
24290.099009901,-29.4929455121618
24297.0947094709,-29.4838533220979
24304.0904090409,-29.4747230048321
24311.0861086109,-29.4655546045955
24318.0818081808,-29.4563481668756
24325.0775077508,-29.4471037384256
24332.0732073207,-29.437821367276
24339.0689068907,-29.4285011027447
24346.0646064606,-29.4191429954483
24353.0603060306,-29.409747097309
24360.0560056006,-29.4003134615689
24367.0517051705,-29.3908421427961
24374.0474047405,-29.3813331968938
24381.0431043104,-29.3717866811133
24388.0388038804,-29.3622026540555
24395.0345034503,-29.3525811756837
24402.0302030203,-29.3429223073266
24409.0259025903,-29.3332261116843
24416.0216021602,-29.3234926528331
24423.0173017302,-29.3137219962247
24430.0130013001,-29.3039142086869
24437.0087008701,-29.2940693584183
24444.00440044,-29.28418751498
24451.00010001,-29.2742687492812
24457.99579958,-29.2643131335559
24464.9914991499,-29.2543207413307
24471.9871987199,-29.2442916473774
24478.9828982898,-29.2342259276455
24485.9785978598,-29.2241236591653
24492.9742974297,-29.213984919909
24499.9699969997,-29.2038097885948
24506.9656965697,-29.1935983443922
24513.9613961396,-29.1833506664888
24520.9570957096,-29.1730668334273
24527.9527952795,-29.1627469220655
24534.9484948495,-29.1523910058899
24541.9441944194,-29.1419991521607
24548.9398939894,-29.1315714168445
24555.9355935594,-29.1211078350286
24562.9312931293,-29.11060840133
24569.9269926993,-29.1000730255658
24576.9226922692,-29.0895014175644
24583.9183918392,-29.0788927210632
24590.9140914091,-29.0682438957359
24597.9097909791,-29.0575352367001
24604.9054905491,-29.0470701469178
24611.901190119,-29.0361777904191
24618.896889689,-29.0253826449847
24625.8925892589,-29.0145628731324
24632.8882888289,-29.0037115446631
24639.8839883988,-28.9928271039579
24646.8796879688,-28.9819090685365
24653.8753875388,-28.9709572897704
24660.8710871087,-28.9599717515803
24667.8667866787,-28.9489524997825
24674.8624862486,-28.9378996128177
24681.8581858186,-28.9268131881126
24688.8538853885,-28.9156933351205
24695.8495849585,-28.9045401715298
24702.8452845285,-28.8933538210693
24709.8409840984,-28.8821344121822
24716.8366836684,-28.8708820772011
24723.8323832383,-28.8595969518061
24730.8280828083,-28.8482791746741
24737.8237823782,-28.836928887233
24744.8194819482,-28.8255462334999
24751.8151815182,-28.814131359964
24758.8108810881,-28.802684415508
24765.8065806581,-28.7912055513513
24772.802280228,-28.7796949210102
24779.797979798,-28.768152680272
24786.7936793679,-28.756578987178
24793.7893789379,-28.7449740020111
24800.7850785078,-28.7333378872921
24807.7807780778,-28.7216708077768
24814.7764776478,-28.7099729304573
24821.7721772177,-28.698244424565
24828.7678767877,-28.686485461577
24835.7635763576,-28.6746962152207
24842.7592759276,-28.6628768614835
24849.7549754976,-28.6510275786189
24856.7506750675,-28.6391485471594
24863.7463746375,-28.6272399499232
24870.7420742074,-28.6153019720236
24877.7377737774,-28.603334800884
24884.7334733473,-28.5913386262436
24891.7291729173,-28.5793136401721
24898.7248724873,-28.5672600370785
24905.7205720572,-28.5551780137247
24912.7162716272,-28.5430677692342
24919.7119711971,-28.5309295051071
24926.7076707671,-28.5187634252274
24933.703370337,-28.5065697358778
24940.699069907,-28.4943486457499
24947.6947694769,-28.4821003659568
24954.6904690469,-28.469825110042
24961.6861686169,-28.4575230939943
24968.6818681868,-28.4451945362577
24975.6775677568,-28.4328396577412
24982.6732673267,-28.4204586818318
24989.6689668967,-28.4080518344071
24996.6646664667,-28.3956193438429
25003.6603660366,-28.3831614410269
25010.6560656066,-28.3706783593679
25017.6517651765,-28.3581703348093
25024.6474647465,-28.3456376058359
25031.6431643164,-28.3330804134888
25038.6388638864,-28.3204990013726
25045.6345634563,-28.3078936156664
25052.6302630263,-28.2952645051354
25059.6259625963,-28.28261192114
25066.6216621662,-28.2699361176458
25073.6173617362,-28.257237351232
25080.6130613061,-28.2445158811052
25087.6087608761,-28.2317719691037
25094.604460446,-28.2190058797097
25101.600160016,-28.2062178800589
25108.595859586,-28.1934082399463
25115.5915591559,-28.1805772318399
25122.5872587259,-28.1677251308841
25129.5829582958,-28.1548522149121
25136.5786578658,-28.1419587644508
25143.5743574357,-28.1290450627323
25150.5700570057,-28.116111395698
25157.5657565757,-28.1031580520086
25164.5614561456,-28.0901853230509
25171.5571557156,-28.0771935029455
25178.5528552855,-28.0641828885503
25185.5485548555,-28.0511537794729
25192.5442544254,-28.0381064780717
25199.5399539954,-28.0250412894644
25206.5356535654,-28.0119585215343
25213.5313531353,-27.9988584849351
25220.5270527053,-27.9857414930961
25227.5227522752,-27.972607862227
25234.5184518452,-27.9594579113239
25241.5141514151,-27.9462919621739
25248.5098509851,-27.9331103393553
25255.5055505551,-27.9199133702495
25262.501250125,-27.9067013850359
25269.496949695,-27.8934747167
25276.4926492649,-27.8802337010368
25283.4883488349,-27.8669786766504
25290.4840484048,-27.8537099849596
25297.4797479748,-27.8404279701967
25304.4754475448,-27.8271329794109
25311.4711471147,-27.8138253624706
25318.4668466847,-27.8005054720622
25325.4625462546,-27.78717366369
25332.4582458246,-27.7738302956811
25339.4539453945,-27.7604757291788
25346.4496449645,-27.747110328147
25353.4453445345,-27.7337344593656
25360.4410441044,-27.7203484924326
25367.4367436744,-27.70695279976
25374.4324432443,-27.6935477565706
25381.4281428143,-27.6801337408985
25388.4238423842,-27.6667111335831
25395.4195419542,-27.6532803182671
25402.4152415242,-27.6398416813927
25409.4109410941,-27.6263956121957
25416.4066406641,-27.6129425027025
25423.402340234,-27.5994827477227
25430.398039804,-27.5860167448453
25437.3937393739,-27.5725448944298
25444.3894389439,-27.5590675996036
25451.3851385139,-27.5455852662495
25458.3808380838,-27.5320983030012
25465.3765376538,-27.5186071212353
25472.3722372237,-27.50511213506
25479.3679367937,-27.4916137613067
25486.3636363636,-27.4781124195225
25493.3593359336,-27.4646085319542
25500.3550355036,-27.4511025235442
25507.3507350735,-27.4375948219132
25514.3464346435,-27.4240858573507
25521.3421342134,-27.4105760628012
25528.3378337834,-27.3970658738528
25535.3335333533,-27.3835557287204
25542.3292329233,-27.3700460682334
25549.3249324933,-27.3565373358191
25556.3206320632,-27.3430299774888
25563.3163316332,-27.3295244418199
25570.3120312031,-27.3160211799378
25577.3077307731,-27.3025206455017
25584.303430343,-27.2890232946831
25591.299129913,-27.2755295861491
25598.2948294829,-27.26203998104
25605.2905290529,-27.2485549429524
25612.2862286229,-27.2350749379157
25619.2819281928,-27.2216004343712
25626.2776277628,-27.2081319031506
25633.2733273327,-27.1946698174515
25640.2690269027,-27.1812146528147
25647.2647264726,-27.1677668870984
25654.2604260426,-27.1543270004558
25661.2561256126,-27.140895475305
25668.2518251825,-27.1274727963069
25675.2475247525,-27.1140594503336
25682.2432243224,-27.1006559264427
25689.2389238924,-27.0872627158483
25696.2346234623,-27.0738803118893
25703.2303230323,-27.0605092100022
25710.2260226023,-27.0471499076858
25717.2217221722,-27.0338029044733
25724.2174217422,-27.0204687018958
25731.2131213121,-27.0071478034504
25738.2088208821,-26.9938407145659
25745.204520452,-26.9805479425662
25752.200220022,-26.9672699966362
25759.195919592,-26.9540073877815
25766.1916191619,-26.9407606287938
25773.1873187319,-26.927530234211
25780.1830183018,-26.9143167202763
25787.1787178718,-26.9011206049004
25794.1744174417,-26.8879424076169
25801.1701170117,-26.874782649543
25808.1658165817,-26.8616418533342
25815.1615161516,-26.8485205431417
25822.1572157216,-26.8354192445664
25829.1529152915,-26.8223384846137
25836.1486148615,-26.8092787916458
25843.1443144314,-26.7962406953344
25850.1400140014,-26.7832247266118
25857.1357135714,-26.7702314176205
25864.1314131413,-26.7572613016634
25871.1271127113,-26.7443149131523
25878.1228122812,-26.7313927875526
25885.1185118512,-26.7184954613314
25892.1142114211,-26.7056234719035
25899.1099109911,-26.6927773575716
25906.1056105611,-26.6799576574741
25913.101310131,-26.6671649115222
25920.097009701,-26.6543996603433
25927.0927092709,-26.6416624452195
25934.0884088409,-26.6289538080255
25941.0841084108,-26.6162742911657
25948.0798079808,-26.6036244375105
25955.0755075508,-26.5910047903295
25962.0712071207,-26.5784158932247
25969.0669066907,-26.5658582900627
25976.0626062606,-26.5533325249043
25983.0583058306,-26.5408391419328
25990.0540054005,-26.5283786853822
25997.0497049705,-26.5159516994606
26004.0454045405,-26.5035587282742
26011.0411041104,-26.4912003157522
26018.0368036804,-26.4788770055622
26025.0325032503,-26.4665893410299
26032.0282028203,-26.4543378650563
26039.0239023902,-26.4421231200287
26046.0196019602,-26.4299456477339
26053.0153015302,-26.4178059892648
26060.0110011001,-26.4057046849281
26067.0067006701,-26.3936422741453
26074.00240024,-26.3816192953529
26080.99809981,-26.369636285899
26087.9937993799,-26.3576937819354
26094.9894989499,-26.3457923183047
26101.9851985199,-26.3339324284262
26108.9808980898,-26.3221146441741
26115.9765976598,-26.3103394957494
26122.9722972297,-26.2986075115502
26129.9679967997,-26.2869192180304
26136.9636963696,-26.2752751395567
26143.9593959396,-26.2636757982502
26150.9550955096,-26.252121713828
26157.9507950795,-26.2406134034261
26164.9464946495,-26.229151381418
26171.9421942194,-26.2177361592162
26178.9378937894,-26.2063682450614
26185.9335933593,-26.1950481437957
26192.9292929293,-26.1837763566156
26199.9249924993,-26.1725533808085
26206.9206920692,-26.1613797094599
26213.9163916392,-26.1502558311368
26220.9120912091,-26.1391822295424
26227.9077907791,-26.1281593831269
26234.903490349,-26.1171877646664
26241.899189919,-26.1062678407872
26248.894889489,-26.0954000714359
26255.8905890589,-26.0845849092867
26262.8862886289,-26.0738227990671
26269.8819881988,-26.0631141767993
26276.8776877688,-26.052459468932
26283.8733873387,-26.0418590913451
26290.8690869087,-26.0313134482081
26297.8647864786,-26.0208229306556
26304.8604860486,-26.0103879152483
26311.8561856186,-26.0000087621717
26318.8518851885,-25.9896858131193
26325.8475847585,-25.9794193887852
26332.8432843284,-25.9692097858853
26339.8389838984,-25.9590572735835
26346.8346834684,-25.9489620891886
26353.8303830383,-25.9389244329294
26360.8260826083,-25.9289444615668
26367.8217821782,-25.9190222805265
26374.8174817482,-25.9091579341281
26381.8131813181,-25.8993513933443
26388.8088808881,-25.8896025403256
26395.804580458,-25.8799111486436
26402.800280028,-25.870276857783
26409.795979598,-25.8606991398394
26416.7916791679,-25.8511772554724
26423.7873787379,-25.8417101948318
26430.7830783078,-25.8322965971104
26437.7787778778,-25.8229346390971
26444.7744774477,-25.8136218778368
26451.7701770177,-25.8043550236961
26458.7658765877,-25.7951296050473
26465.7615761576,-25.7859394589445
26472.7572757276,-25.7767759324338
26479.7529752975,-25.7676265826208
26486.7486748675,-25.7584729656048
26493.7443744374,-25.7492866706857
26500.7400740074,-25.7400217276323
26507.7357735774,-25.7305988217302
26514.7314731473,-25.7208687458766
26521.7271727173,-25.7105142946422
26528.7228722872,-25.6987225456484
26535.7185718572,-25.6826016750563
26542.7142714271,-25.6391278964335
26549.7099709971,-25.7560453359304
26556.7056705671,-25.6999397540017
26563.701370137,-25.6830827263667
26570.697069707,-25.6714390104435
26577.6927692769,-25.6615416384426
26584.6884688469,-25.6524690817118
26591.6841684168,-25.6438717547198
26598.6798679868,-25.6355880229403
26605.6755675568,-25.6275329393545
26612.6712671267,-25.6196576481117
26619.6669666967,-25.611932105554
26626.6626662666,-25.604336859065
26633.6583658366,-25.5968587893689
26640.6540654065,-25.5894887528451
26647.6497649765,-25.5822202031414
26654.6454645465,-25.57504834825
26661.6411641164,-25.5679696151213
26668.6368636864,-25.5609812984116
26675.6325632563,-25.5540813234804
26682.6282628263,-25.5472680825128
26689.6239623962,-25.5405403187265
26696.6196619662,-25.5338970429681
26703.6153615362,-25.5273374726011
26710.6110611061,-25.5208609860223
26717.6067606761,-25.5144670883414
26724.602460246,-25.5081553851454
26731.598159816,-25.5019255622106
26738.5938593859,-25.4957773696473
26745.5895589559,-25.4897106093838
26752.5852585259,-25.483725125199
26759.5809580958,-25.4778207947138
26766.5766576658,-25.4719975229114
26773.5723572357,-25.4662552368512
26780.5680568057,-25.4605938813324
26787.5637563756,-25.4550134153075
26794.5594559456,-25.4495138089062
26801.5551555156,-25.4440950409459
26808.5508550855,-25.4387570968426
26815.5465546555,-25.4334999668467
26822.5422542254,-25.4283236445471
26829.5379537954,-25.4232281255996
26836.5336533653,-25.4182134066392
26843.5293529353,-25.413279484346
26850.5250525053,-25.4084263546439
26857.5207520752,-25.4036540120075
26864.5164516452,-25.3989624488616
26871.5121512151,-25.3943516550624
26878.5078507851,-25.3898216174447
26885.503550355,-25.3853723194272
26892.499249925,-25.3810037406696
26899.4949494949,-25.3767158567744
26906.4906490649,-25.3725086390204
26913.4863486349,-25.368382054137
26920.4820482048,-25.3643360641031
26927.4777477748,-25.3603706259703
26934.4734473447,-25.3564856917123
26941.4691469147,-25.3526812080913
26948.4648464846,-25.3489571165411
26955.4605460546,-25.345313353069
26962.4562456246,-25.3417498481692
26969.4519451945,-25.3382665267483
26976.4476447645,-25.3348633080644
26983.4433443344,-25.3315401056747
26990.4390439044,-25.3282968273909
26997.4347434743,-25.3251333752467
27004.4304430443,-25.322049645468
27011.4261426143,-25.3190455284547
27018.4218421842,-25.3161209087653
27025.4175417542,-25.3132756651092
27032.4132413241,-25.3105096703424
27039.4089408941,-25.3078227914711
27046.4046404641,-25.3052148896573
27053.400340034,-25.3026858202291
27060.396039604,-25.3002354326954
27067.3917391739,-25.2978635707636
27074.3874387439,-25.2955700723625
27081.3831383138,-25.2933547696645
27088.3788378838,-25.2912174891164
27095.3745374537,-25.2891580514667
27102.3702370237,-25.2871762718007
27109.3659365937,-25.2852719595752
27116.3616361636,-25.2834449186563
27123.3573357336,-25.2816949473599
27130.3530353035,-25.2800218384934
27137.3487348735,-25.2784253793993
27144.3444344435,-25.276905352003
27151.3401340134,-25.2754615328581
27158.3358335834,-25.2740936931973
27165.3315331533,-25.272801598983
27172.3272327233,-25.2715850109603
27179.3229322932,-25.2704436847096
27186.3186318632,-25.2693773707034
27193.3143314331,-25.2683858143618
27200.3100310031,-25.2674687561115
27207.3057305731,-25.2666259314436
27214.301430143,-25.2658570709742
27221.297129713,-25.2651619005061
27228.2928292829,-25.2645401410903
27235.2885288529,-25.2639915090898
27242.2842284228,-25.2635157162422
27249.2799279928,-25.2631124697278
27256.2756275628,-25.2627814722307
27263.2713271327,-25.2625224220102
27270.2670267027,-25.2623350129642
27277.2627262726,-25.2622189346993
27284.2584258426,-25.2621738725986
27291.2541254125,-25.2621995078907
27298.2498249825,-25.2622955177192
27305.2455245525,-25.2624615752145
27312.2412241224,-25.2626973495622
27319.2369236924,-25.2630025060757
27326.2326232623,-25.2633767062676
27333.2283228323,-25.2638196079215
27340.2240224022,-25.2643308651639
27347.2197219722,-25.2649101285377
27354.2154215422,-25.2655570450735
27361.2111211121,-25.2662712583651
27368.2068206821,-25.2670524086404
27375.202520252,-25.2679001328366
27382.198219822,-25.2688140646722
27389.1939193919,-25.2697938347227
27396.1896189619,-25.270839070493
27403.1853185319,-25.2719493964924
27410.1810181018,-25.2731244343073
27417.1767176718,-25.2743638026758
27424.1724172417,-25.2756671175623
27431.1681168117,-25.2770339922303
27438.1638163816,-25.2784640373169
27445.1595159516,-25.2799568609061
27452.1552155216,-25.2815120686026
27459.1509150915,-25.2831292636055
27466.1466146615,-25.2848080467808
27473.1423142314,-25.2865480167353
27480.1380138014,-25.2883487698892
27487.1337133713,-25.2902099005482
27494.1294129413,-25.2921310009768
27501.1251125113,-25.2941116614693
27508.1208120812,-25.2961514704221
27515.1165116512,-25.2982500144055
27522.1122112211,-25.3004068782335
27529.1079107911,-25.3026216450362
27536.103610361,-25.3048938963285
27543.099309931,-25.3072232120809
27550.095009501,-25.3096091707891
27557.0907090709,-25.312051349542
27564.0864086409,-25.3145493240911
27571.0821082108,-25.3171026689188
27578.0778077808,-25.3197109573047
27585.0735073507,-25.3223737613943
27592.0692069207,-25.3250906522638
27599.0649064907,-25.3278611999877
27606.0606060606,-25.3306849737028
27613.0563056306,-25.3335615416737
27620.0520052005,-25.3364904713571
27627.0477047705,-25.3394713294652
27634.0434043404,-25.3425036820281
27641.0391039104,-25.3455870944572
27648.0348034804,-25.3487211316059
27655.0305030503,-25.3519053578314
27662.0262026203,-25.3551393370536
27669.0219021902,-25.3584226328166
27676.0176017602,-25.3617548083456
27683.0133013301,-25.3651354266064
27690.0090009001,-25.3685640503619
27697.0047004701,-25.3720402422288
27704.00040004,-25.3755635647342
27710.99609961,-25.3791335803686
27717.9917991799,-25.3827498516417
27724.9874987499,-25.3864119411353
27731.9831983198,-25.3901194115549
27738.9788978898,-25.3938718257817
27745.9745974597,-25.397668746923
27752.9702970297,-25.401509738361
27759.9659965997,-25.4053943638028
27766.9616961696,-25.4093221873253
27773.9573957396,-25.4132927734243
27780.9530953095,-25.417305687057
27787.9487948795,-25.4213604936877
27794.9444944494,-25.425456759329
27801.9401940194,-25.429594050584
27808.9358935894,-25.4337719346851
27815.9315931593,-25.4379899795324
27822.9272927293,-25.44224775373
27829.9229922992,-25.4465448266194
27836.9186918692,-25.4508807683136
27843.9143914391,-25.4552551497252
27850.9100910091,-25.4596675425938
27857.9057905791,-25.4641175195116
27864.901490149,-25.4686046539419
27871.897189719,-25.4731285202387
27878.8928892889,-25.4776886936573
27885.8885888589,-25.4822847503619
27892.8842884288,-25.4869162674274
27899.8799879988,-25.4915828228319
27906.8756875688,-25.496283995443
27913.8713871387,-25.5010193649907
27920.8670867087,-25.5057885120304
27927.8627862786,-25.5105910178872
27934.8584858486,-25.5154264645824
27941.8541854185,-25.5202944347349
27948.8498849885,-25.5251945114312
27955.8455845585,-25.5301262780561
27962.8412841284,-25.5350893180733
27969.8369836984,-25.5400832147368
27976.8326832683,-25.5451075507178
27983.8283828383,-25.5501619076139
27990.8240824082,-25.5552458652988
27997.8197819782,-25.5603590010602
28004.8154815482,-25.5655008884311
28011.8111811181,-25.5706710956018
28018.8068806881,-25.5758691832147
28025.802580258,-25.5810947012588
28032.798279828,-25.5863471846042
28039.7939793979,-25.5916261464399
28046.7896789679,-25.5969310683667
28053.7853785379,-25.6022613849955
28060.7810781078,-25.6076164591304
28067.7767776778,-25.6129955400893
28074.7724772477,-25.6183976900957
28081.7681768177,-25.6238216460987
28088.7638763876,-25.6292655396813
28095.7595759576,-25.6347262702771
28102.7552755276,-25.6401979022248
28109.7509750975,-25.6456666986188
28116.7466746675,-25.6510902226973
28123.7423742374,-25.6562354617244
28130.7380738074,-25.499059835867
28137.7337733773,-25.6688053798795
28144.7294729473,-25.6742117019523
28151.7251725173,-25.6797802286971
28158.7208720872,-25.6854140697212
28165.7165716572,-25.6910875176042
28172.7122712271,-25.6967909751603
28179.7079707971,-25.7025199409662
28186.703670367,-25.708271930704
28193.699369937,-25.7140453883564
28200.6950695069,-25.7198392340452
28207.6907690769,-25.7256526530647
28214.6864686469,-25.7314849883373
28221.6821682168,-25.7373356816346
28228.6778677868,-25.7432042395879
28235.6735673567,-25.7490902130968
28242.6692669267,-25.7549931843557
28249.6649664966,-25.7609127584037
28256.6606660666,-25.7668485574576
28263.6563656366,-25.7728002170168
28270.6520652065,-25.7787673831252
28277.6477647765,-25.7847497104075
28284.6434643464,-25.7907468606375
28291.6391639164,-25.7967585016764
28298.6348634864,-25.8027843066747
28305.6305630563,-25.8088239534644
28312.6262626263,-25.8148771240897
28319.6219621962,-25.820943504443
28326.6176617662,-25.8270227839755
28333.6133613361,-25.8331146554692
28340.6090609061,-25.8392188148529
28347.604760476,-25.8453349610538
28354.600460046,-25.8514627958762
28361.596159616,-25.8576020239005
28368.5918591859,-25.8637523524017
28375.5875587559,-25.8699134912792
28382.5832583258,-25.8760851529983
28389.5789578958,-25.8822670525404
28396.5746574657,-25.8884589073599
28403.5703570357,-25.894660437349
28410.5660566057,-25.9008713648026
28417.5617561756,-25.9070914143918
28424.5574557456,-25.9133203131382
28431.5531553155,-25.9195577903894
28438.5488548855,-25.9258035777997
28445.5445544554,-25.9320574093094
28452.5402540254,-25.9383190211266
28459.5359535954,-25.9445881517085
28466.5316531653,-25.950864541744
28473.5273527353,-25.9571479341348
28480.5230523052,-25.9634380739758
28487.5187518752,-25.9697347085333
28494.5144514451,-25.9760375872176
28501.5101510151,-25.9823464615517
28508.5058505851,-25.9886610851269
28515.501550155,-25.9949812135416
28522.497249725,-26.0013066043056
28529.4929492949,-26.0076370166889
28536.4886488649,-26.0139722114552
28543.4843484348,-26.02031195036
28550.4800480048,-26.0266559951183
28557.4757475748,-26.0330041050191
28564.4714471447,-26.0393560305102
28571.4671467147,-26.0457114916501
28578.4628462846,-26.0520700725664
28585.4585458546,-26.0584299405259
28592.4542454245,-26.0648032257139
28599.4499449945,-26.0711682524663
28606.4456445645,-26.0775382183059
28613.4413441344,-26.0839108209705
28620.4370437044,-26.0902856320657
28627.4327432743,-26.0966623833136
28634.4284428443,-26.1030408441911
28641.4241424142,-26.1094207979575
28648.4198419842,-26.1158020346744
28655.4155415542,-26.1221843486451
28662.4112411241,-26.1285675373163
28669.4069406941,-26.1349514007499
28676.402640264,-26.1413357413444
28683.398339834,-26.1477203636749
28690.3940394039,-26.154105074395
28697.3897389739,-26.1604896821735
28704.3854385439,-26.1668739976499
28711.3811381138,-26.1732578334005
28718.3768376838,-26.1796410039139
28725.3725372537,-26.1860233255689
28732.3682368237,-26.1924046166165
28739.3639363936,-26.1987846971634
28746.3596359636,-26.2051633891578
28753.3553355336,-26.2115405163752
28760.3510351035,-26.2179159044047
28767.3467346735,-26.2242893806372
28774.3424342434,-26.2306607742517
28781.3381338134,-26.2370299162044
28788.3338333833,-26.2433966392164
28795.3295329533,-26.2497607777613
28802.3252325233,-26.2561221680535
28809.3209320932,-26.2624806480377
28816.3166316632,-26.2688360573754
28823.3123312331,-26.2751882374351
28830.3080308031,-26.2815370312798
28837.303730373,-26.287882283655
28844.299429943,-26.2942238409788
28851.2951295129,-26.3005615513289
28858.2908290829,-26.3068952644315
28865.2865286529,-26.3132248316504
28872.2822282228,-26.3195501059745
28879.2779277928,-26.325870942008
28886.2736273627,-26.3321871959568
28893.2693269327,-26.3384987256185
28900.2650265026,-26.3448053903709
28907.2607260726,-26.3511070511601
28914.2564256426,-26.3574035704892
28921.2521252125,-26.3636948124073
28928.2478247825,-26.3699806424977
28935.2435243524,-26.3762609278663
28942.2392239224,-26.3825355371311
28949.2349234924,-26.3888043404103
28956.2306230623,-26.3950672093107
28963.2263226323,-26.4013240169168
28970.2220222022,-26.4075746377803
28977.2177217722,-26.4138189479069
28984.2134213421,-26.4200568247469
28991.2091209121,-26.4262881471832
28998.2048204821,-26.4325127955199
29005.200520052,-26.4387306514718
29012.196219622,-26.4449415981528
29019.1919191919,-26.4511455200654
29026.1876187619,-26.4573423030886
29033.1833183318,-26.4635318344676
29040.1790179018,-26.4697140028029
29047.1747174717,-26.4758886980392
29054.1704170417,-26.4820558114539
29061.1661166117,-26.4882152356474
29068.1618161816,-26.4943668645311
29075.1575157516,-26.5005105933172
29082.1532153215,-26.5066463185081
29089.1489148915,-26.5127739378845
29096.1446144614,-26.5188933504966
29103.1403140314,-26.525004456652
29110.1360136014,-26.5311071579055
29117.1317131713,-26.5372013570486
29124.1274127413,-26.5432869580986
29131.1231123112,-26.5493638662896
29138.1188118812,-26.5554319880595
29145.1145114511,-26.5614912310426
29152.1102110211,-26.5675415040567
29159.1059105911,-26.5735827170947
29166.101610161,-26.5796147813126
29173.097309731,-26.5856376090215
29180.0930093009,-26.5916511136754
29187.0887088709,-26.5976552098623
29194.0844084408,-26.603649813294
29201.0801080108,-26.6096348407963
29208.0758075808,-26.6156102102981
29215.0715071507,-26.6215758408231
29222.0672067207,-26.6275316524785
29229.0629062906,-26.633477566446
29236.0586058606,-26.6394135049726
29243.0543054305,-26.6453393913597
29250.0500050005,-26.651255149954
29257.0457045705,-26.657160706139
29264.0414041404,-26.6630559863244
29271.0371037104,-26.6689409179363
29278.0328032803,-26.6748154294091
29285.0285028503,-26.6806794501759
29292.0242024202,-26.6865329106583
29299.0199019902,-26.6923757422581
29306.0156015602,-26.6982078773477
29313.0113011301,-26.7040292492619
29320.0070007001,-26.7098397922879
29327.00270027,-26.7156394416567
29333.99839984,-26.7214281335343
29340.9940994099,-26.7272058050127
29347.9897989799,-26.7329723941017
29354.9854985499,-26.7387278397186
29361.9811981198,-26.7444720816823
29368.9768976898,-26.7502050607014
29375.9725972597,-26.7559267183683
29382.9682968297,-26.7616369971505
29389.9639963996,-26.7673358403797
29396.9596959696,-26.7730231922465
29403.9553955396,-26.7786989977906
29410.9510951095,-26.7843632028923
29417.9467946795,-26.7900157542657
29424.9424942494,-26.7956565994497
29431.9381938194,-26.8012856867989
29438.9338933893,-26.8069029654779
29445.9295929593,-26.8125083854518
29452.9252925293,-26.818101897479
29459.9209920992,-26.8236834531028
29466.9166916692,-26.8292530046441
29473.9123912391,-26.8348105051942
29480.9080908091,-26.8403559086059
29487.903790379,-26.8458891694875
29494.899489949,-26.8514102431937
29501.895189519,-26.8569190858194
29508.8908890889,-26.8624156541924
29515.8865886589,-26.8678999058648
29522.8822882288,-26.8733717991069
29529.8779877988,-26.8788312928999
29536.8736873687,-26.8842783469287
29543.8693869387,-26.889712921574
29550.8650865087,-26.8951349779073
29557.8607860786,-26.9005444776815
29564.8564856486,-26.9059413833258
29571.8521852185,-26.9113256579382
29578.8478847885,-26.9166972652795
29585.8435843584,-26.9220561697648
29592.8392839284,-26.9274023364592
29599.8349834983,-26.932735731069
29606.8306830683,-26.9380563199378
29613.8263826383,-26.9433640700373
29620.8220822082,-26.9486589489625
29627.8177817782,-26.9539409249254
29634.8134813481,-26.959209966748
29641.8091809181,-26.9644660438566
29648.8048804881,-26.9697091262758
29655.800580058,-26.9749391846218
29662.796279628,-26.9801561900971
29669.7919791979,-26.9853601144841
29676.7876787679,-26.9905509301394
29683.7833783378,-26.9957286099876
29690.7790779078,-27.0008931275162
29697.7747774777,-27.0060444567696
29704.7704770477,-27.0111825723427
29711.7661766177,-27.0163074493765
29718.7618761876,-27.0214190635521
29725.7575757576,-27.026517391085
29732.7532753275,-27.0316024087195
29739.7489748975,-27.0366740937247
29746.7446744674,-27.0417324238874
29753.7403740374,-27.046777377508
29760.7360736074,-27.0518089333951
29767.7317731773,-27.0568270708602
29774.7274727473,-27.061831769713
29781.7231723172,-27.0668230102563
29788.7188718872,-27.071800773281
29795.7145714571,-27.0767650400612
29802.7102710271,-27.0817157923491
29809.7059705971,-27.0866530123717
29816.701670167,-27.0915766828243
29823.697369737,-27.0964867868671
29830.6930693069,-27.1013833081195
29837.6887688769,-27.1062662306573
29844.6844684468,-27.1111355390073
29851.6801680168,-27.1159912181425
29858.6758675868,-27.1208332534787
29865.6715671567,-27.1256616308698
29872.6672667267,-27.130476336604
29879.6629662966,-27.1352773573993
29886.6586658666,-27.1400646803994
29893.6543654365,-27.1448382931702
29900.6500650065,-27.1495981836965
29907.6457645765,-27.1543443403756
29914.6414641464,-27.1590767520175
29921.6371637164,-27.1637954078373
29928.6328632863,-27.1685002974538
29935.6285628563,-27.1731914108863
29942.6242624262,-27.1778687385494
29949.6199619962,-27.1825322712505
29956.6156615662,-27.1871820001869
29963.6113611361,-27.1918179169422
29970.6070607061,-27.1964400134823
29977.602760276,-27.2010482821536
29984.598459846,-27.2056427156792
29991.5941594159,-27.210223307156
29998.5898589859,-27.2147900500523
30005.5855585559,-27.2193429382037
30012.5812581258,-27.2238819658124
30019.5769576958,-27.2284071274427
30026.5726572657,-27.2329184180194
30033.5683568357,-27.237415832825
30040.5640564056,-27.241899367498
30047.5597559756,-27.246369018029
30054.5554555456,-27.2508247807603
30061.5511551155,-27.2552666523829
30068.5468546855,-27.2596946299341
30075.5425542554,-27.2641087107963
30082.5382538254,-27.268508892695
30089.5339533953,-27.2728951736969
30096.5296529653,-27.2772675522081
30103.5253525353,-27.2816260269732
30110.5210521052,-27.2859705970733
30117.5167516752,-27.2903012619245
30124.5124512451,-27.2946180212774
30131.5081508151,-27.298920875216
30138.503850385,-27.3032098241559
30145.499549955,-27.3074848688439
30152.495249525,-27.3117460103579
30159.4909490949,-27.3159932501056
30166.4866486649,-27.320226589824
30173.4823482348,-27.3244460315795
30180.4780478048,-27.3286515777676
30187.4737473747,-27.3328432311127
30194.4694469447,-27.3370209946687
30201.4651465146,-27.3411848718187
30208.4608460846,-27.3453348662761
30215.4565456546,-27.3494709820844
30222.4522452245,-27.3535932236185
30229.4479447945,-27.3577015955863
30236.4436443644,-27.3617961030286
30243.4393439344,-27.3658767513216
30250.4350435043,-27.3699435461779
30257.4307430743,-27.373996493648
30264.4264426443,-27.3780356001234
30271.4221422142,-27.3820608723381
30278.4178417842,-27.3860723173708
30285.4135413541,-27.3900699426482
30292.4092409241,-27.3940537559479
30299.4049404941,-27.3980237654023
30306.400640064,-27.4019799795005
30313.396339634,-27.405922407094
30320.3920392039,-27.4098510573996
30327.3877387739,-27.413765940005
30334.3834383438,-27.4176670648725
30341.3791379138,-27.4215544423457
30348.3748374837,-27.4254280831535
30355.3705370537,-27.4292879984172
30362.3662366237,-27.433134199657
30369.3619361936,-27.4369666987981
30376.3576357636,-27.4407855081783
30383.3533353335,-27.4445906405569
30390.3490349035,-27.4483821091214
30397.3447344734,-27.4521599274971
30404.3404340434,-27.4559241097575
30411.3361336134,-27.4596746704328
30418.3318331833,-27.4634116245215
30425.3275327533,-27.4671349875017
30432.3232323232,-27.4708447753432
30439.3189318932,-27.47454100452
30446.3146314631,-27.4782236920247
30453.3103310331,-27.4818928553817
30460.3060306031,-27.4855485126647
30467.301730173,-27.4891906825105
30474.297429743,-27.492819384138
30481.2931293129,-27.4964346373665
30488.2888288829,-27.500036462635
30495.2845284528,-27.5036248810222
30502.2802280228,-27.5071999142699
30509.2759275928,-27.5107615848053
30516.2716271627,-27.5143099157665
30523.2673267327,-27.5178449310286
30530.2630263026,-27.5213666552322
30537.2587258726,-27.5248751138121
30544.2544254425,-27.5283703330299
30551.2501250125,-27.531852340008
30558.2458245825,-27.5353211627648
30565.2415241524,-27.5387768302524
30572.2372237224,-27.5422193723985
30579.2329232923,-27.5456488201485
30586.2286228623,-27.5490652055126
30593.2243224323,-27.5524685616136
30600.2200220022,-27.5558589227409
30607.2157215722,-27.5592363244048
30614.2114211421,-27.5626008033971
30621.2071207121,-27.5659523978545
30628.202820282,-27.5692911473267
30635.198519852,-27.5726170928496
30642.1942194219,-27.5759302770224
30649.1899189919,-27.5792307440918
30656.1856185619,-27.5825185400406
30663.1813181318,-27.5857937126836
30670.1770177018,-27.5890563117715
30677.1727172717,-27.5923063890993
30684.1684168417,-27.5955439986261
30691.1641164116,-27.5987691966023
30698.1598159816,-27.6019820417059
30705.1555155516,-27.6051825951913
30712.1512151215,-27.6083709210479
30719.1469146915,-27.6115470861713
30726.1426142614,-27.6147111605489
30733.1383138314,-27.617863217461
30740.1340134013,-27.6210033336962
30747.1297129713,-27.6241315897869
30754.1254125413,-27.6272480702633
30761.1211121112,-27.6303528639292
30768.1168116812,-27.6334460641623
30775.1125112511,-27.6365277692398
30782.1082108211,-27.6395980826936
30789.103910391,-27.6426571136966
30796.099609961,-27.6457049774853
30803.095309531,-27.6487417958213
30810.0910091009,-27.651767697496
30817.0867086709,-27.6547828188833
30824.0824082408,-27.657787304547
30831.0781078108,-27.6607813079063
30838.0738073807,-27.6637649919712
30845.0695069507,-27.6667385301489
30852.0652065207,-27.669702107138
30859.0609060906,-27.672655919913
30866.0566056606,-27.6756001788184
30873.0523052305,-27.6785351087798
30880.0480048005,-27.681460950651
30887.0437043704,-27.6843779627141
30894.0394039404,-27.687286422353
30901.0351035103,-27.6901866279235
30908.0308030803,-27.6930789008496
30915.0265026503,-27.6959635879756
30922.0222022202,-27.6988410642158
30929.0179017902,-27.7017117355384
30936.0136013601,-27.7045760423452
30943.0093009301,-27.7074344632978
30950.0050005001,-27.7102875196711
30957.00070007,-27.7131357803121
30963.99639964,-27.7159798673115
30970.9920992099,-27.7188204625063
30977.9877987799,-27.7216583149595
30984.9834983498,-27.7244942495943
30991.9791979198,-27.7273291771948
30998.9748974898,-27.7301641060333
31005.9705970597,-27.7330001554384
31012.9662966297,-27.7358385716988
31019.9619961996,-27.7386807467783
31026.9576957696,-27.7415282404447
31033.9533953395,-27.7443828065614
31040.9490949095,-27.7472464244784
31047.9447944795,-27.7501213367276
31054.9404940494,-27.7530100945372
31061.9361936194,-27.7559156131328
31068.9318931893,-27.7588412393727
31075.9275927593,-27.7617908350423
31082.9232923292,-27.7647688802185
31089.9189918992,-27.7677806025714
31096.9146914692,-27.7708321405352
31103.9103910391,-27.7739307511673
31110.9060906091,-27.7770850776573
31117.901790179,-27.780305497462
31124.897489749,-27.7836045809115
31131.8931893189,-27.7869977034741
31138.8888888889,-27.790503875288
31145.8845884588,-27.7941468835693
31152.8802880288,-27.7979568947994
31159.8759875988,-27.8019727481018
31166.8716871687,-27.8062453146252
31173.8673867387,-27.8108425495515
31180.8630863086,-27.815857322878
31187.8587858786,-27.8214199920301
31194.8544854485,-27.8277194421144
31201.8501850185,-27.835040088162
31208.8458845885,-27.8438310108506
31215.8415841584,-27.8548452882092
31222.8372837284,-27.86944959959
31229.8329832983,-27.8904089007804
31236.8286828683,-27.9242884919737
31243.8243824382,-27.9913939116721
31250.8200820082,-28.2009294798991
31257.8157815782,-26.9316342857012
31264.8114811481,-27.4795176215142
31271.8071807181,-27.6384303466942
31278.802880288,-27.696123446813
31285.798579858,-27.7266429538712
31292.7942794279,-27.7459735523556
31299.7899789979,-27.7596149972719
31306.7856785679,-27.7699672351524
31313.7813781378,-27.7782444968496
31320.7770777078,-27.7851270370771
31327.7727772777,-27.7910255831648
31334.7684768477,-27.7962027914255
31341.7641764176,-27.8008344569907
31348.7598759876,-27.8050426792464
31355.7555755576,-27.8089149096935
31362.7512751275,-27.812515428707
31369.7469746975,-27.8158925439171
31376.7426742674,-27.8190832620869
31383.7383738374,-27.8221164118529
31390.7340734073,-27.8250147852244
31397.7297729773,-27.8277966396571
31404.7254725473,-27.8304767728845
31411.7211721172,-27.8330673058673
31418.7168716872,-27.8355782623272
31425.7125712571,-27.8380180039672
31432.7082708271,-27.8403935616289
31439.703970397,-27.8427108903051
31446.699669967,-27.8449750676811
31453.695369537,-27.8471904502726
31460.6910691069,-27.8493607973637
31467.6867686769,-27.8514893702362
31474.6824682468,-27.8535790122489
31481.6781678168,-27.8556322139478
31488.6738673867,-27.8576511663708
31495.6695669567,-27.8596378049726
31502.6652665267,-27.8615938460379
31509.6609660966,-27.8635208170435
31516.6566656666,-27.8654200821076
31523.6523652365,-27.8672928634319
31530.6480648065,-27.8691402594523
31537.6437643764,-27.8709632602732
31544.6394639464,-27.8727627608479
31551.6351635164,-27.874539572282
31558.6308630863,-27.8762944315609
31565.6265626563,-27.8780280099547
31572.6222622262,-27.8797409203044
31579.6179617962,-27.8814337233601
31586.6136613661,-27.8831069333113
31593.6093609361,-27.8847610226273
31600.605060506,-27.8863964263063
31607.600760076,-27.888013545615
31614.596459646,-27.8896127513887
31621.5921592159,-27.891194386954
31628.5878587859,-27.8927587707168
31635.5835583558,-27.8943061984671
31642.5792579258,-27.8958369454305
31649.5749574958,-27.897351268102
31656.5706570657,-27.8988494058848
31663.5663566357,-27.9003315825619
31670.5620562056,-27.9017980076183
31677.5577557756,-27.9032488774286
31684.5534553455,-27.9046843763316
31691.5491549155,-27.9061046775979
31698.5448544855,-27.9075099443078
31705.5405540554,-27.9089003301456
31712.5362536254,-27.910275980121
31719.5319531953,-27.9116370312258
31726.5276527653,-27.9129836130306
31733.5233523352,-27.9143158482293
31740.5190519052,-27.915633853138
31747.5147514752,-27.9169377381477
31754.5104510451,-27.9182276081429
31761.5061506151,-27.919503562882
31768.501850185,-27.9207656973481
31775.497549755,-27.9220141020714
31782.4932493249,-27.9232488634253
31789.4889488949,-27.9244700638995
31796.4846484648,-27.9256777823519
31803.4803480348,-27.9268720942404
31810.4760476048,-27.9280530718386
31817.4717471747,-27.9292207844337
31824.4674467447,-27.9303752985113
31831.4631463146,-27.9315166779253
31838.4588458846,-27.9326449840563
31845.4545454545,-27.9337602759586
31852.4502450245,-27.9348626104974
31859.4459445945,-27.9359520424751
31866.4416441644,-27.9370286247498
31873.4373437344,-27.9380924083459
31880.4330433043,-27.9391434425569
31887.4287428743,-27.9401817750414
31894.4244424442,-27.9412074519127
31901.4201420142,-27.9422205178226
31908.4158415842,-27.9432210160404
31915.4115411541,-27.944208988526
31922.4072407241,-27.9451844759985
31929.402940294,-27.9461475180012
31936.398639864,-27.9470981529622
31943.3943394339,-27.9480364182513
31950.3900390039,-27.9489623502328
31957.3857385739,-27.9498759843162
31964.3814381438,-27.9507773550043
31971.3771377138,-27.9516664959363
31978.3728372837,-27.9525434399307
31985.3685368537,-27.9534082190244
31992.3642364237,-27.9542608645098
31999.3599359936,-27.9551014069709
32006.3556355636,-27.9559298763152
32013.3513351335,-27.9567463018064
32020.3470347035,-27.9575507120928
32027.3427342734,-27.9583431352368
32034.3384338434,-27.95912359874
32041.3341334133,-27.9598921295688
32048.3298329833,-27.9606487541797
32055.3255325533,-27.9613934985391
32062.3212321232,-27.962126388147
32069.3169316932,-27.9628474480564
32076.3126312631,-27.9635567028929
32083.3083308331,-27.9642541768724
32090.304030403,-27.9649398938195
32097.299729973,-27.9656138771827
32104.295429543,-27.9662761500519
32111.2911291129,-27.9669267351716
32118.2868286829,-27.9675656549565
32125.2825282528,-27.968192931504
32132.2782278228,-27.9688085866081
32139.2739273927,-27.9694126417712
32146.2696269627,-27.9700051182159
32153.2653265327,-27.9705860368965
32160.2610261026,-27.9711554185089
32167.2567256726,-27.9717132835022
32174.2524252425,-27.9722596520872
32181.2481248125,-27.9727945442465
32188.2438243824,-27.973317979743
32195.2395239524,-27.9738299781289
32202.2352235224,-27.974330558753
32209.2309230923,-27.9748197407699
32216.2266226623,-27.9752975431463
32223.2223222322,-27.9757639846685
32230.2180218022,-27.9762190839498
32237.2137213721,-27.9766628594364
32244.2094209421,-27.977095329414
32251.2051205121,-27.9775165120143
32258.200820082,-27.9779264252201
32265.196519652,-27.9783250868715
32272.1922192219,-27.9787125146709
32279.1879187919,-27.9790887261887
32286.1836183618,-27.9794537388676
32293.1793179318,-27.9798075700278
32300.1750175017,-27.9801502368722
32307.1707170717,-27.9804817564894
32314.1664166417,-27.9808021458595
32321.1621162116,-27.9811114218575
32328.1578157816,-27.9814096012575
32335.1535153515,-27.9816967007364
32342.1492149215,-27.9819727368783
32349.1449144915,-27.9822377261774
32356.1406140614,-27.9824916850418
32363.1363136314,-27.9827346297973
32370.1320132013,-27.982966576691
32377.1277127713,-27.9831875418937
32384.1234123412,-27.9833975415043
32391.1191119112,-27.9835965915528
32398.1148114811,-27.9837847080036
32405.1105110511,-27.9839619067592
32412.1062106211,-27.9841282036643
32419.101910191,-27.9842836145091
32426.097609761,-27.9844281550345
32433.0933093309,-27.9845618409377
32440.0890089009,-27.9846846878786
32447.0847084708,-27.9847967114879
32454.0804080408,-27.9848979273803
32461.0761076108,-27.9849883511714
32468.0718071807,-27.9850679985038
32475.0675067507,-27.9851368850927
32482.0632063206,-27.9851950268007
32489.0589058906,-27.985242439784
32496.0546054606,-27.9852791407848
32503.0503050305,-27.985305147804
32510.0460046005,-27.9853204818655
32517.0417041704,-27.9853251727465
32524.0374037404,-27.9853192853148
32531.0331033103,-27.9853031823789
32538.0288028803,-27.9852730359562
32545.0245024502,-27.9852365594521
32552.0202020202,-27.9851882609461
32559.0159015902,-27.985129259617
32566.0116011601,-27.9850596550168
32573.0073007301,-27.9849794832074
32580.0030003,-27.9848887668807
32586.99869987,-27.9847875244649
32593.9943994399,-27.9846757726736
32600.9900990099,-27.9845535274171
32607.9857985799,-27.9844208041849
32614.9814981498,-27.9842776182267
32621.9771977198,-27.9841239846451
32628.9728972897,-27.9839599184484
32635.9685968597,-27.98378543458
32642.9642964296,-27.9836005479385
32649.9599959996,-27.9834052733896
32656.9556955696,-27.9831996257748
32663.9513951395,-27.982983619917
32670.9470947095,-27.9827572706251
32677.9427942794,-27.9825205926985
32684.9384938494,-27.9822736009279
32691.9341934193,-27.9820163100991
32698.9298929893,-27.9817487349941
32705.9255925593,-27.9814708903935
32712.9212921292,-27.9811827910763
32719.9169916992,-27.9808844518239
32726.9126912691,-27.9805758874186
32733.9083908391,-27.9802571126466
32740.904090409,-27.9799281422979
32747.899789979,-27.9795889911679
32754.895489549,-27.9792396740588
32761.8911891189,-27.978880205779
32768.8868886889,-27.9785106011458
32775.8825882588,-27.9781308749851
32782.8782878288,-27.9777410421325
32789.8739873987,-27.9773411174343
32796.8696869687,-27.9769311157483
32803.8653865387,-27.9765110519442
32810.8610861086,-27.9760809409051
32817.8567856786,-27.9756407975271
32824.8524852485,-27.9751906367214
32831.8481848185,-27.9747304734143
32838.8438843884,-27.9742603225474
32845.8395839584,-27.9737801990793
32852.8352835284,-27.9732901179862
32859.8309830983,-27.9727900942615
32866.8266826683,-27.9722801429177
32873.8223822382,-27.9717602789863
32880.8180818082,-27.9712305175189
32887.8137813781,-27.9706908735876
32894.8094809481,-27.9701413622858
32901.8051805181,-27.9695819987283
32908.800880088,-27.9690127980526
32915.796579658,-27.9684337754194
32922.7922792279,-27.9678449460123
32929.7879787979,-27.9672463250396
32936.7836783678,-27.9666379277342
32943.7793779378,-27.9660197693542
32950.7750775078,-27.9653918651838
32957.7707770777,-27.964754230533
32964.7664766477,-27.964106880739
32971.7621762176,-27.9634498311663
32978.7578757876,-27.9627830972075
32985.7535753575,-27.9621066942832
32992.7492749275,-27.9614206378429
32999.7449744975,-27.9607249433658
33006.7406740674,-27.9600196263601
33013.7363736374,-27.9593047023645
33020.7320732073,-27.9585801869483
33027.7277727773,-27.9578460957116
33034.7234723472,-27.9571024442859
33041.7191719172,-27.9563492483339
33048.7148714872,-27.9555865235509
33055.7105710571,-27.9548142856636
33062.7062706271,-27.9540325504319
33069.701970197,-27.953241333648
33076.697669767,-27.9524406511372
33083.6933693369,-27.9516305187574
33090.6890689069,-27.9508109524003
33097.6847684769,-27.9499819679901
33104.6804680468,-27.9491435814849
33111.6761676168,-27.9482958088753
33118.6718671867,-27.9474386661857
33125.6675667567,-27.9465721694724
33132.6632663266,-27.9456963348253
33139.6589658966,-27.9448111783658
33146.6546654665,-27.9439167162473
33153.6503650365,-27.9430129646545
33160.6460646065,-27.9420999398023
33167.6417641764,-27.9411776579355
33174.6374637464,-27.9402461353272
33181.6331633163,-27.9393053882778
33188.6288628863,-27.938355433114
33195.6245624563,-27.937396286186
33202.6202620262,-27.9364279638666
33209.6159615962,-27.9354504825482
33216.6116611661,-27.9344638586402
33223.6073607361,-27.9334681085659
33230.603060306,-27.9324632487586
33237.598759876,-27.9314492956573
33244.5944594459,-27.9304262657012
33251.5901590159,-27.9293941753246
33258.5858585859,-27.9283530409489
33265.5815581558,-27.9273028789746
33272.5772577258,-27.9262437057717
33279.5729572957,-27.9251755376682
33286.5686568657,-27.9240983909361
33293.5643564356,-27.9230122817752
33300.5600560056,-27.9219172262938
33307.5557555756,-27.9208132404851
33314.5514551455,-27.9197003401989
33321.5471547155,-27.918578541108
33328.5428542854,-27.9174478586658
33335.5385538554,-27.9163083080551
33342.5342534253,-27.9151599041256
33349.5299529953,-27.9140026613139
33356.5256525653,-27.9128365935466
33363.5213521352,-27.9116617141131
33370.5170517052,-27.910478035508
33377.5127512751,-27.9092855692241
33384.5084508451,-27.9080843254841
33391.504150415,-27.9068743128856
33398.499849985,-27.9056555379267
33405.495549555,-27.9044280043599
33412.4912491249,-27.9031917123002
33419.4869486949,-27.901946656971
33426.4826482648,-27.9006928268999
33433.4783478348,-27.8994302012657
33440.4740474047,-27.8981587458896
33447.4697469747,-27.8968784069832
33454.4654465447,-27.8955891010482
33461.4611461146,-27.8942906978345
33468.4568456846,-27.8929829900876
33475.4525452545,-27.8916656363486
33482.4482448245,-27.8903380439384
33489.4439443944,-27.8889991037285
33496.4396439644,-27.8876464990993
33503.4353435344,-27.8862745001305
33510.4310431043,-27.8848641394153
33517.4267426743,-27.8832934329046
33524.4224422442,-27.883297562453
33531.4181418142,-27.8811153583137
33538.4138413841,-27.8796344609721
33545.4095409541,-27.8782024310813
33552.4052405241,-27.8767790680338
33559.400940094,-27.8753547409944
33566.396639664,-27.8739259830226
33573.3923392339,-27.8724912476389
33580.3880388039,-27.8710497467538
33587.3837383738,-27.8696010413331
33594.3794379438,-27.8681448713763
33601.3751375138,-27.8666810764706
33608.3708370837,-27.8652095552172
33615.3665366537,-27.8637302430112
33622.3622362236,-27.8622430991724
33629.3579357936,-27.8607480991323
33636.3536353635,-27.8592452295059
33643.3493349335,-27.8577344848748
33650.3450345035,-27.8562158656292
33657.3407340734,-27.8546893764802
33664.3364336434,-27.8531550254147
33671.3321332133,-27.8516128229441
33678.3278327833,-27.8500627815557
33685.3235323532,-27.8485049153058
33692.3192319232,-27.8469392395147
33699.3149314932,-27.8453657705316
33706.3106310631,-27.8437845255563
33713.3063306331,-27.8421955224984
33720.302030203,-27.8405987798663
33727.297729773,-27.8389943166804
33734.2934293429,-27.8373821524028
33741.2891289129,-27.8357623068806
33748.2848284828,-27.8341348002991
33755.2805280528,-27.8324996531457
33762.2762276228,-27.8308568861773
33769.2719271927,-27.8292065203961
33776.2676267627,-27.8275485770269
33783.2633263326,-27.8258830775004
33790.2590259026,-27.8242100434376
33797.2547254725,-27.8225294966371
33804.2504250425,-27.820841459065
33811.2461246125,-27.8191459528456
33818.2418241824,-27.8174430002526
33825.2375237524,-27.8157326237045
33832.2332233223,-27.8140148457573
33839.2289228923,-27.8122896891004
33846.2246224623,-27.8105571765521
33853.2203220322,-27.8088173310558
33860.2160216022,-27.8070701756781
33867.2117211721,-27.8053157336041
33874.2074207421,-27.8035540281371
33881.203120312,-27.801785082695
33888.198819882,-27.8000089208095
33895.194519452,-27.7982255661245
33902.1902190219,-27.7964350423942
33909.1859185919,-27.794637373483
33916.1816181618,-27.7928325833629
33923.1773177318,-27.7910206961149
33930.1730173017,-27.7892017359262
33937.1687168717,-27.7873757270907
33944.1644164417,-27.7855426940084
33951.1601160116,-27.7837026611847
33958.1558155816,-27.7818556532298
33965.1515151515,-27.7800016948593
33972.1472147215,-27.778140810893
33979.1429142914,-27.7762730262552
33986.1386138614,-27.7743983659742
33993.1343134313,-27.7725168551831
34000.1300130013,-27.770628519118
34007.1257125713,-27.7687333831198
34014.1214121412,-27.7668314726332
34021.1171117112,-27.764922813206
34028.1128112811,-27.7630074304912
34035.1085108511,-27.7610853502451
34042.104210421,-27.7591565983282
34049.099909991,-27.757221200705
34056.095609561,-27.7552791834441
34063.0913091309,-27.7533305727189
34070.0870087009,-27.7513753948065
34077.0827082708,-27.7494136760886
34084.0784078408,-27.7474454430522
34091.0741074107,-27.7454707222883
34098.0698069807,-27.7434895404926
34105.0655065507,-27.7415019244662
34112.0612061206,-27.7395079011154
34119.0569056906,-27.7375074974513
34126.0526052605,-27.7355007405903
34133.0483048305,-27.7334876577547
34140.0440044004,-27.7314682762722
34147.0397039704,-27.7294426235761
34154.0354035404,-27.7274107272057
34161.0311031103,-27.7253726148062
34168.0268026803,-27.7233283141296
34175.0225022502,-27.7212778530327
34182.0182018202,-27.7192212594801
34189.0139013901,-27.7171585615422
34196.0096009601,-27.7150897873963
34203.0053005301,-27.7130149653262
34210.0010001,-27.7109341237222
34216.99669967,-27.7088472910825
34223.9923992399,-27.7067544960112
34230.9880988099,-27.7046557672205
34237.9837983798,-27.7025511335289
34244.9794979498,-27.7004406238629
34251.9751975198,-27.6983242672559
34258.9708970897,-27.6962020928489
34265.9665966597,-27.6940741298905
34272.9622962296,-27.6919404077366
34279.9579957996,-27.6898009558504
34286.9536953695,-27.6876558038038
34293.9493949395,-27.6855049812751
34300.9450945095,-27.6833485180509
34307.9407940794,-27.6811864440256
34314.9364936494,-27.6790187892007
34321.9321932193,-27.6768455836862
34328.9278927893,-27.6746668576992
34335.9235923592,-27.6724826415644
34342.9192919292,-27.6702929657149
34349.9149914992,-27.6680978606905
34356.9106910691,-27.665897357139
34363.9063906391,-27.6636914858154
34370.902090209,-27.6614802775828
34377.897789779,-27.6592637634107
34384.8934893489,-27.6570419743767
34391.8891889189,-27.654814941665
34398.8848884889,-27.6525826965672
34405.8805880588,-27.6503452704813
34412.8762876288,-27.6481026949126
34419.8719871987,-27.6458550014729
34426.8676867687,-27.6436022218805
34433.8633863386,-27.6413443879594
34440.8590859086,-27.6390815316406
34447.8547854786,-27.6368136849606
34454.8504850485,-27.6345408800615
34461.8461846185,-27.6322631491907
34468.8418841884,-27.6299805247014
34475.8375837584,-27.6276930390512
34482.8332833283,-27.6254007248025
34489.8289828983,-27.6231036146221
34496.8246824683,-27.6208017412811
34503.8203820382,-27.6184951376536
34510.8160816082,-27.6161838367181
34517.8117811781,-27.6138678715557
34524.8074807481,-27.61154727535
34531.803180318,-27.609222081387
34538.798879888,-27.6068923230545
34545.794579458,-27.6045580338419
34552.7902790279,-27.6022192473394
34559.7859785979,-27.5998759972375
34566.7816781678,-27.5975283173272
34573.7773777378,-27.5951762414986
34580.7730773077,-27.5928198037405
34587.7687768777,-27.5904590381408
34594.7644764476,-27.5880939788844
34601.7601760176,-27.5857246602537
34608.7558755876,-27.5833511166276
34615.7515751575,-27.5809733824809
34622.7472747275,-27.5785914923835
34629.7429742974,-27.5762054809994
34636.7386738674,-27.573815383087
34643.7343734373,-27.5714212334972
34650.7300730073,-27.5690230671724
34657.7257725773,-27.5666209191477
34664.7214721472,-27.5642148245473
34671.7171717172,-27.5618048185853
34678.7128712871,-27.5593909365642
34685.7085708571,-27.5569732138744
34692.704270427,-27.5545516859929
34699.699969997,-27.5521263884811
34706.695669567,-27.5496973569864
34713.6913691369,-27.5472646272383
34720.6870687069,-27.5448282350487
34727.6827682768,-27.5423882163103
34734.6784678468,-27.5399446069956
34741.6741674167,-27.5374974431551
34748.6698669867,-27.5350467609163
34755.6655665567,-27.5325925964821
34762.6612661266,-27.5301349861298
34769.6569656966,-27.5276739662083
34776.6526652665,-27.5252095731383
34783.6483648365,-27.5227418434093
34790.6440644064,-27.5202708135786
34797.6397639764,-27.5177965202687
34804.6354635464,-27.5153190001664
34811.6311631163,-27.5128382900209
34818.6268626863,-27.5103544266407
34825.6225622562,-27.5078674468926
34832.6182618262,-27.5053773876992
34839.6139613961,-27.5028842860368
34846.6096609661,-27.5003881789326
34853.6053605361,-27.4978891034628
34860.601060106,-27.4953870967502
34867.596759676,-27.4928821959613
34874.5924592459,-27.4903744383031
34881.5881588159,-27.4878638610218
34888.5838583858,-27.4853505013978
34895.5795579558,-27.4828343967447
34902.5752575258,-27.4803155844044
34909.5709570957,-27.477794101745
34916.5666566657,-27.4752699861567
34923.5623562356,-27.4727432750485
34930.5580558056,-27.4702140058443
34937.5537553755,-27.4676822159787
34944.5494549455,-27.4651479428937
34951.5451545155,-27.4626112240341
34958.5408540854,-27.4600720968423
34965.5365536554,-27.4575305987547
34972.5322532253,-27.4549867671962
34979.5279527953,-27.4524406395755
34986.5236523652,-27.4498922532797
34993.5193519352,-27.4473416456687
35000.5150515052,-27.4447888540686
35007.5107510751,-27.4422339157674
35014.5064506451,-27.4396768680069
35021.502150215,-27.4371177479773
35028.497849785,-27.4345565928088
35035.4935493549,-27.4319934395655
35042.4892489249,-27.4294283252369
35049.4849484948,-27.4268612867305
35056.4806480648,-27.4242923608626
35063.4763476348,-27.4217215843494
35070.4720472047,-27.4191489937981
35077.4677467747,-27.4165746256964
35084.4634463446,-27.4139985164028
35091.4591459146,-27.4114207021343
35098.4548454845,-27.4088412189563
35105.4505450545,-27.4062601027695
35112.4462446245,-27.4036773892972
35119.4419441944,-27.4010931140715
35126.4376437644,-27.3985073124192
35133.4333433343,-27.3959200194463
35140.4290429043,-27.3933312700223
35147.4247424742,-27.3907410987623
35154.4204420442,-27.3881495400103
35161.4161416142,-27.3855566278185
35168.4118411841,-27.3829623959284
35175.4075407541,-27.3803668777479
35182.403240324,-27.3777701063295
35189.398939894,-27.3751721143452
35196.3946394639,-27.3725729340613
35203.3903390339,-27.3699725973102
35210.3860386039,-27.3673711354607
35217.3817381738,-27.3647685793881
35224.3774377438,-27.3621649594392
35231.3731373137,-27.3595603053974
35238.3688368837,-27.3569546464443
35245.3645364536,-27.354348011119
35252.3602360236,-27.3517404272743
35259.3559355936,-27.3491319220295
35266.3516351635,-27.3465225217208
35273.3473347335,-27.3439122518467
35280.3430343034,-27.3413011370107
35287.3387338734,-27.3386892008577
35294.3344334433,-27.3360764660084
35301.3301330133,-27.333462953986
35308.3258325833,-27.330848685138
35315.3215321532,-27.3282336785524
35322.3172317232,-27.3256179519663
35329.3129312931,-27.3230015216666
35336.3086308631,-27.3203844023844
35343.304330433,-27.3177666071775
35350.300030003,-27.3151481473056
35357.295729573,-27.3125290320927
35364.2914291429,-27.3099092687776
35371.2871287129,-27.3072888623524
35378.2828282828,-27.304667815384
35385.2785278528,-27.3020461278201
35392.2742274227,-27.2994237967776
35399.2699269927,-27.2968008163085
35406.2656265627,-27.294177177146
35413.2613261326,-27.2915528664221
35420.2570257026,-27.2889278673586
35427.2527252725,-27.2863021589262
35434.2484248425,-27.283675715467
35441.2441244124,-27.2810485062778
35448.2398239824,-27.2784204951468
35455.2355235524,-27.2757916398405
35462.2312231223,-27.2731618915317
35469.2269226923,-27.270531194162
35476.2226222622,-27.2678994837299
35483.2183218322,-27.2652666874931
35490.2140214021,-27.2626327230736
35497.2097209721,-27.2599974974522
35504.2054205421,-27.2573609058331
35511.201120112,-27.2547228303627
35518.196819682,-27.2520831386767
35525.1925192519,-27.2494416822497
35532.1882188219,-27.2467982945168
35539.1839183918,-27.2441527887243
35546.1796179618,-27.241504955469
35553.1753175317,-27.2388545598686
35560.1710171017,-27.2362013382979
35567.1667166717,-27.2335449946095
35574.1624162416,-27.2308851957449
35581.1581158116,-27.2282215666137
35588.1538153815,-27.2255536840991
35595.1495149515,-27.2228810700051
35602.1452145214,-27.2202031827266
35609.1409140914,-27.2175194073588
35616.1366136614,-27.2148290438996
35623.1323132313,-27.2121312930941
35630.1280128013,-27.2094252393603
35637.1237123712,-27.2067098300625
35644.1194119412,-27.2039838501925
35651.1151115111,-27.2012458912202
35658.1108110811,-27.1984943124898
35665.1065106511,-27.1957271929909
35672.102210221,-27.1929422705821
35679.097909791,-27.1901368646917
35686.0936093609,-27.1873077769968
35693.0893089309,-27.1844511624058
35700.0850085009,-27.1815623594348
35707.0807080708,-27.1786356642459
35714.0764076408,-27.1756640252374
35721.0721072107,-27.1726386235655
35728.0678067807,-27.1695482865942
35735.0635063506,-27.1663786511241
35742.0592059206,-27.1631109423297
35749.0549054905,-27.1597201454393
35756.0506050605,-27.1561721859831
35763.0463046305,-27.1524194290806
35770.0420042004,-27.1483931997005
35777.0377037704,-27.1439907382504
35784.0334033403,-27.1390510780278
35791.0291029103,-27.133307058833
35798.0248024802,-27.1262804978064
35805.0205020502,-27.1170226438371
35812.0162016202,-27.1033466474976
35819.0119011901,-27.0788310176711
35826.0076007601,-27.0129726022481
35833.00330033,-26.1289617119927
35839.9989999,-27.2878541931008
35846.9946994699,-27.2085451746975
35853.9903990399,-27.1815577188794
35860.9860986099,-27.1670344321547
35867.9817981798,-27.1574037017742
35874.9774977498,-27.1501950210856
35881.9731973197,-27.1443624655018
35888.9688968897,-27.1393872655392
35895.9645964596,-27.1349828723026
35902.9602960296,-27.130978107121
35909.9559955996,-27.1272644163026
35916.9516951695,-27.1237696384936
35923.9473947395,-27.1204439387898
35930.9430943094,-27.1172517985591
35937.9387938794,-27.1141672229742
35944.9344934493,-27.1111707528938
35951.9301930193,-27.1082475353384
35958.9258925893,-27.1053860394243
35965.9215921592,-27.1025771791564
35972.9172917292,-27.0998137002247
35979.9129912991,-27.0970897425341
35986.9086908691,-27.0944005223913
35993.904390439,-27.0917420978298
36000.900090009,-27.0891111927593
36007.895789579,-27.0865050634278
36014.8914891489,-27.0839213957738
36021.8871887189,-27.0813582256444
36028.8828882888,-27.0788138761475
36035.8785878588,-27.0762869079942
36042.8742874287,-27.0737760797937
36049.8699869987,-27.0712803160467
36056.8656865686,-27.0687986811557
36063.8613861386,-27.0663303581641
36070.8570857086,-27.0638746312595
36077.8527852785,-27.0614308712777
36084.8484848485,-27.0589985236278
36091.8441844184,-27.0565770981793
36098.8398839884,-27.0541661607469
36105.8355835584,-27.0517653258897
36112.8312831283,-27.0493742507879
36119.8269826983,-27.0469926300203
36126.8226822682,-27.044620191088
36133.8183818382,-27.042256690562
36140.8140814081,-27.0399019107578
36147.8097809781,-27.0375556568539
36154.8054805481,-27.0352177543849
36161.801180118,-27.032888047057
36168.796879688,-27.0305663948355
36175.7925792579,-27.0282526722657
36182.7882788279,-27.0259467669978
36189.7839783978,-27.0236485784826
36196.7796779678,-27.0213580168193
36203.7753775378,-27.0190750017337
36210.7710771077,-27.0167994616687
36217.7667766777,-27.0145313329751
36224.7624762476,-27.012270559189
36231.7581758176,-27.0100170903843
36238.7538753875,-27.0077708825916
36245.7495749575,-27.0055318972787
36252.7452745275,-27.0033001008803
36259.7409740974,-27.0010754643751
36266.7366736674,-26.9988579629019
36273.7323732373,-26.9966475754162
36280.7280728073,-26.9944442843735
36287.7237723772,-26.9922480754461
36294.7194719472,-26.9900589372632
36301.7151715171,-26.9878768611746
36308.7108710871,-26.9857018410358
36315.7065706571,-26.9835338730105
36322.702270227,-26.9813729553904
36329.697969797,-26.9792190884304
36336.6936693669,-26.9770722741973
36343.6893689369,-26.9749325164296
36350.6850685068,-26.9727998204102
36357.6807680768,-26.9706741928474
36364.6764676468,-26.9685556417667
36371.6721672167,-26.9664441764078
36378.6678667867,-26.9643398071322
36385.6635663566,-26.9622425453333
36392.6592659266,-26.9601524033537
36399.6549654965,-26.9580693944037
36406.6506650665,-26.9559935324764
36413.6463646365,-26.9539248322556
36420.6420642064,-26.9518633089806
36427.6377637764,-26.9498089781962
36434.6334633463,-26.9477618550311
36441.6291629163,-26.9457219508289
36448.6248624862,-26.943689230949
36455.6205620562,-26.9416640920909
36462.6162616262,-26.9396459132702
36469.6119611961,-26.9376351027472
36476.6076607661,-26.9356316226417
36483.603360336,-26.9336354864506
36490.599059906,-26.9316467124833
36497.5947594759,-26.929665320342
36504.5904590459,-26.9276913302013
36511.5861586159,-26.9257247625796
36518.5818581858,-26.9237656382412
36525.5775577558,-26.9218139781412
36532.5732573257,-26.9198698033898
36539.5689568957,-26.9179331352246
36546.5646564656,-26.9160039949868
36553.5603560356,-26.9140824041016
36560.5560556056,-26.9121683840589
36567.5517551755,-26.910261956397
36574.5474547455,-26.9083631426872
36581.5431543154,-26.9064719645179
36588.5388538854,-26.9045884434821
36595.5345534553,-26.902712601163
36602.5302530253,-26.9008444591227
36609.5259525953,-26.8989840388898
36616.5216521652,-26.8971313619482
36623.5173517352,-26.8952864497272
36630.5130513051,-26.8934493235907
36637.5087508751,-26.8916200048279
36644.504450445,-26.889798514644
36651.500150015,-26.8879848741519
36658.495849585,-26.8861791043633
36665.4915491549,-26.8843812261811
36672.4872487249,-26.8825912603918
36679.4829482948,-26.8808092276584
36686.4786478648,-26.8790351485131
36693.4743474347,-26.877269043351
36700.4700470047,-26.8755109324232
36707.4657465747,-26.8737608358321
36714.4614461446,-26.8720187735235
36721.4571457146,-26.870284765283
36728.4528452845,-26.8685588307293
36735.4485448545,-26.8668409893098
36742.4442444244,-26.8651312602956
36749.4399439944,-26.8634296627765
36756.4356435644,-26.8617362156563
36763.4313431343,-26.8600509376495
36770.4270427043,-26.8583738472755
36777.4227422742,-26.8567049628562
36784.4184418442,-26.8550443025106
36791.4141414141,-26.8533918841528
36798.4098409841,-26.8517477254868
36805.4055405541,-26.850111844004
36812.401240124,-26.8484842569798
36819.396939694,-26.8468649814699
36826.3926392639,-26.8452540343083
36833.3883388339,-26.8436514321029
36840.3840384038,-26.8420571912343
36847.3797379738,-26.8404713278512
36854.3754375438,-26.8388938578701
36861.3711371137,-26.8373247969704
36868.3668366837,-26.8357641605936
36875.3625362536,-26.8342119639405
36882.3582358236,-26.8326682219686
36889.3539353935,-26.8311329493904
36896.3496349635,-26.8296061606717
36903.3453345335,-26.8280878700281
36910.3410341034,-26.8265780914243
36917.3367336734,-26.8250768385728
36924.3324332433,-26.8235841249305
36931.3281328133,-26.822099963698
36938.3238323832,-26.8206243678186
36945.3195319532,-26.8191573499747
36952.3152315231,-26.8176989225884
36959.3109310931,-26.8162490978185
36966.3066306631,-26.8148078875614
36973.302330233,-26.8133753034462
36980.298029803,-26.811951356837
36987.2937293729,-26.8105360588294
36994.2894289429,-26.8091294202505
37001.2851285128,-26.807731451657
37008.2808280828,-26.8063421633354
37015.2765276528,-26.8049615652992
37022.2722272227,-26.8035896672896
37029.2679267927,-26.8022264787741
37036.2636263626,-26.8008720089449
37043.2593259326,-26.7995262667197
37050.2550255026,-26.798189260739
37057.2507250725,-26.7968609993671
37064.2464246425,-26.7955414906906
37071.2421242124,-26.7942307425176
37078.2378237824,-26.7929287623783
37085.2335233523,-26.7916355575224
37092.2292229223,-26.7903511349214
37099.2249224922,-26.789075501265
37106.2206220622,-26.7878086629636
37113.2163216322,-26.7865506261458
37120.2120212021,-26.7853013966597
37127.2077207721,-26.7840609800711
37134.203420342,-26.7828293816646
37141.199119912,-26.7816066064422
37148.1948194819,-26.7803926591239
37155.1905190519,-26.7791875441478
37162.1862186219,-26.777991265669
37169.1819181918,-26.7768038275603
37176.1776177618,-26.7756252334122
37183.1733173317,-26.7744554865322
37190.1690169017,-26.7732945899456
37197.1647164716,-26.7721425463956
37204.1604160416,-26.7709993583421
37211.1561156116,-26.7698650279639
37218.1518151815,-26.7687395571573
37225.1475147515,-26.7676229475362
37232.1432143214,-26.7665152004346
37239.1389138914,-26.7654163169032
37246.1346134613,-26.7643262977136
37253.1303130313,-26.7632451433548
37260.1260126013,-26.7621728540374
37267.1217121712,-26.7611094296905
37274.1174117412,-26.7600548699649
37281.1131113111,-26.7590091742317
37288.1088108811,-26.7579723415834
37295.104510451,-26.756944370835
37302.100210021,-26.7559252605237
37309.095909591,-26.75491500891
37316.0916091609,-26.7539136139776
37323.0873087309,-26.7529210734349
37330.0830083008,-26.7519373847158
37337.0787078708,-26.7509625449789
37344.0744074407,-26.7499965511097
37351.0701070107,-26.749039399721
37358.0658065807,-26.7480910871537
37365.0615061506,-26.7471516094768
37372.0572057206,-26.7462209624895
37379.0529052905,-26.7452991417212
37386.0486048605,-26.7443861424328
37393.0443044304,-26.7434819596175
37400.0400040004,-26.7425865880016
37407.0357035704,-26.7417000220457
37414.0314031403,-26.7408222559457
37421.0271027103,-26.7399532836339
37428.0228022802,-26.7390930987794
37435.0185018502,-26.7382416947904
37442.0142014201,-26.7373990648142
37449.0099009901,-26.7365652017391
37456.0056005601,-26.735740098195
37463.00130013,-26.7349237465554
37469.9969997,-26.7341161389373
37476.9926992699,-26.7333172672039
37483.9883988399,-26.7325271229656
37490.9840984098,-26.7317456975804
37497.9797979798,-26.730972982156
37504.9754975498,-26.7302089675512
37511.9711971197,-26.7294536443775
37518.9668966897,-26.7287070029993
37525.9625962596,-26.7279690335372
37532.9582958296,-26.727239725868
37539.9539953995,-26.7265190696271
37546.9496949695,-26.7258070542098
37553.9453945395,-26.725103668773
37560.9410941094,-26.7244089022361
37567.9367936794,-26.7237227432837
37574.9324932493,-26.723045180367
37581.9281928193,-26.7223762017051
37588.9238923892,-26.7217157952871
37595.9195919592,-26.721063948874
37602.9152915292,-26.7204206499998
37609.9109910991,-26.7197858859747
37616.9066906691,-26.7191596438853
37623.902390239,-26.7185419105984
37630.898089809,-26.717932672761
37637.8937893789,-26.717331916804
37644.8894889489,-26.7167396289432
37651.8851885188,-26.7161557951818
37658.8808880888,-26.7155804013126
37665.8765876588,-26.7150134329199
37672.8722872287,-26.7144548753816
37679.8679867987,-26.7139047138719
37686.8636863686,-26.7133629333635
37693.8593859386,-26.7128295186296
37700.8550855085,-26.7123044542466
37707.8507850785,-26.7117877245961
37714.8464846485,-26.7112793138684
37721.8421842184,-26.7107792060638
37728.8378837884,-26.7102873849961
37735.8335833583,-26.7098038342947
37742.8292829283,-26.7093285374079
37749.8249824982,-26.7088614776054
37756.8206820682,-26.7084026379805
37763.8163816382,-26.7079520014539
37770.8120812081,-26.7075095507763
37777.8077807781,-26.707075268532
37784.803480348,-26.7066491371412
37791.799179918,-26.7062311388634
37798.794879488,-26.705821255801
37805.7905790579,-26.7054194699026
37812.7862786279,-26.7050257629668
37819.7819781978,-26.7046401166443
37826.7776777678,-26.7042625124437
37833.7733773377,-26.7038929317339
37840.7690769077,-26.703531355748
37847.7647764777,-26.703177765588
37854.7604760476,-26.7028321422283
37861.7561756176,-26.7024944665204
37868.7518751875,-26.702164719197
37875.7475747575,-26.7018428808766
37882.7432743274,-26.7015289320685
37889.7389738974,-26.7012228531768
37896.7346734673,-26.700924624507
37903.7303730373,-26.7006342262697
37910.7260726073,-26.7003516385865
37917.7217721772,-26.7000768414964
37924.7174717472,-26.6998098149606
37931.7131713171,-26.6995505388687
37938.7088708871,-26.6992989930463
37945.704570457,-26.6990551572598
37952.700270027,-26.6988190112252
37959.695969597,-26.6985905346132
37966.6916691669,-26.6983697070587
37973.6873687369,-26.6981565081683
37980.6830683068,-26.6979509175271
37987.6787678768,-26.6977529147097
37994.6744674467,-26.6975624792871
38001.6701670167,-26.6973795908385
38008.6658665867,-26.6972042289593
38015.6615661566,-26.6970363732735
38022.6572657266,-26.696876003444
38029.6529652965,-26.6967230991845
38036.6486648665,-26.6965776402726
38043.6443644364,-26.6964396065626
38050.6400640064,-26.6963089779997
38057.6357635764,-26.6961857346354
38064.6314631463,-26.6960698566425
38071.6271627163,-26.6959613243329
38078.6228622862,-26.6958601181754
38085.6185618562,-26.6957662188141
38092.6142614261,-26.6956796070906
38099.6099609961,-26.6956002640638
38106.6056605661,-26.6955281710354
38113.601360136,-26.6954633095734
38120.597059706,-26.6954056615402
38127.5927592759,-26.6953552091209
38134.5884588459,-26.695311934855
38141.5841584158,-26.6952758216701
38148.5798579858,-26.695246852917
38155.5755575558,-26.6952250124104
38162.5712571257,-26.6952102844706
38169.5669566957,-26.6952026539692
38176.5626562656,-26.6952021063792
38183.5583558356,-26.6952086278288
38190.5540554055,-26.6952222051609
38197.5497549755,-26.6952428259968
38204.5454545454,-26.6952704788059
38211.5411541154,-26.6953051529829
38218.5368536854,-26.695346838931
38225.5325532553,-26.6953955281547
38232.5282528253,-26.6954512133593
38239.5239523952,-26.6955138885627
38246.5196519652,-26.6955835492186
38253.5153515351,-26.6956601923498
38260.5110511051,-26.6957438166993
38267.5067506751,-26.6958344228947
38274.502450245,-26.6959320136336
38281.498149815,-26.696036593887
38288.4938493849,-26.696148171128
38295.4895489549,-26.6962667555871
38302.4852485248,-26.6963923605375
38309.4809480948,-26.6965250026162
38316.4766476648,-26.696664702184
38323.4723472347,-26.6968114837321
38330.4680468047,-26.6969653763438
38337.4637463746,-26.6971264142139
38344.4594459446,-26.6972946372431
38351.4551455145,-26.6974700917135
38358.4508450845,-26.6976528310614
38365.4465446545,-26.6978429167646
38372.4422442244,-26.6980404193632
38379.4379437944,-26.6982454196377
38386.4336433643,-26.6984580099752
38393.4293429343,-26.6986782959596
38400.4250425043,-26.6989063982271
38407.4207420742,-26.6991424546437
38414.4164416442,-26.6993866228697
38421.4121412141,-26.6996390833953
38428.4078407841,-26.6999000431511
38435.403540354,-26.7001697398229
38442.399239924,-26.7004484470407
38449.394939494,-26.7007364806504
38456.3906390639,-26.7010342063483
38463.3863386339,-26.7013420490284
38470.3820382038,-26.7016605043162
38477.3777377738,-26.7019901529065
38484.3734373437,-26.7023316785316
38491.3691369137,-26.7026858906866
38498.3648364836,-26.7030537536426
38505.3605360536,-26.7034364238788
38512.3562356236,-26.703835298928
38519.3519351935,-26.704252081915
38526.3476347635,-26.7046888679989
38533.3433343334,-26.7051482619169
38540.3390339034,-26.705633540515
38547.3347334733,-26.7061488817227
38554.3304330433,-26.7066996939794
38561.3261326133,-26.7072931015816
38568.3218321832,-26.7079386794223
38575.3175317532,-26.7086496006348
38582.3132313231,-26.7094444958308
38589.3089308931,-26.7103505980194
38596.304630463,-26.711409345562
38603.300330033,-26.7126870202271
38610.296029603,-26.7142966292036
38617.2917291729,-26.7164478608333
38624.2874287429,-26.7195785629302
38631.2831283128,-26.7247809355966
38638.2788278828,-26.7357527776802
38645.2745274527,-26.778045068023
38652.2702270227,-26.5611974401601
38659.2659265927,-26.6726034358609
38666.2616261626,-26.6884636619864
38673.2573257326,-26.6950213329958
38680.2530253025,-26.6987345456782
38687.2487248725,-26.7012088963485
38694.2444244424,-26.7030343246361
38701.2401240124,-26.7044785357825
38708.2358235824,-26.7056805701024
38715.2315231523,-26.7067198035787
38722.2272227223,-26.7076448453343
38729.2229222922,-26.7084871231098
38736.2186218622,-26.7092678542908
38743.2143214321,-26.7100018776455
38750.2100210021,-26.710699879973
38757.205720572,-26.7113697508913
38764.201420142,-26.7120174396457
38771.197119712,-26.7126475151616
38778.1928192819,-26.7132635427074
38785.1885188519,-26.7138683436021
38792.1842184218,-26.7144641782513
38799.1799179918,-26.7150528776797
38806.1756175618,-26.7156359397108
38813.1713171317,-26.7162146004049
38820.1670167017,-26.7167898878733
38827.1627162716,-26.7173626633447
38834.1584158416,-26.7179336528684
38841.1541154115,-26.718503472057
38848.1498149815,-26.7190726455869
38855.1455145515,-26.7196416227095
38862.1412141214,-26.7202107896916
38869.1369136914,-26.7207804798743
38876.1326132613,-26.7213509818627
38883.1283128313,-26.7219225462426
38890.1240124012,-26.7224953911213
38897.1197119712,-26.7230697067279
38904.1154115411,-26.7236456592529
38911.1111111111,-26.7242233940707
38918.1068106811,-26.7248030384562
38925.102510251,-26.7253847038883
38932.098209821,-26.7259684880082
38939.0939093909,-26.7265544762944
38946.0896089609,-26.7271427434989
38953.0853085308,-26.7277333548851
38960.0810081008,-26.7283263672957
38967.0767076708,-26.728921830081
38974.0724072407,-26.7295197859044
38981.0681068107,-26.7301202714464
38988.0638063806,-26.7307233180195
38995.0595059506,-26.7313289521087
39002.0552055205,-26.7319371958459
39009.0509050905,-26.7325480674286
39016.0466046605,-26.7331615814892
39023.0423042304,-26.7337777494224
39030.0380038004,-26.7343965796746
39037.0337033703,-26.7350180780027
39044.0294029403,-26.7356422477016
39051.0251025102,-26.7362690898095
39058.0208020802,-26.7368986032882
39065.0165016502,-26.7375307851862
39072.0122012201,-26.7381656307826
39079.0079007901,-26.7388031337162
39086.00360036,-26.7394432861003
39092.99929993,-26.7400860786247
39099.9949994999,-26.7407315006469
39106.9906990699,-26.7413795402731
39113.9863986399,-26.7420301844286
39120.9820982098,-26.7426834189212
39127.9777977798,-26.7433392284958
39134.9734973497,-26.7439975968821
39141.9691969197,-26.7446585068345
39148.9648964896,-26.7453219401682
39155.9605960596,-26.7459878777856
39162.9562956296,-26.7466562997002
39169.9519951995,-26.7473271850535
39176.9476947695,-26.7480005121262
39183.9433943394,-26.7486762583456
39190.9390939094,-26.7493544002864
39197.9347934793,-26.7500349136676
39204.9304930493,-26.7507177733431
39211.9261926193,-26.751402953288
39218.9218921892,-26.7520904265784
39225.9175917592,-26.7527801653672
39232.9132913291,-26.7534721408529
39239.9089908991,-26.7541663232419
39246.904690469,-26.7548626817053
39253.900390039,-26.7555611843292
39260.896089609,-26.7562617980548
39267.8917891789,-26.7569644886135
39274.8874887489,-26.7576692204515
39281.8831883188,-26.7583759566449
39288.8788878888,-26.7590846588043
39295.8745874587,-26.7597952869683
39302.8702870287,-26.7605077994817
39309.8659865987,-26.761222152863
39316.8616861686,-26.761938301652
39323.8573857386,-26.7626561982413
39330.8530853085,-26.7633757926874
39337.8487848785,-26.764097032498
39344.8444844484,-26.7648198623939
39351.8401840184,-26.7655442240413
39358.8358835884,-26.7662700557516
39365.8315831583,-26.7669972921402
39372.8272827283,-26.767725863746
39379.8229822982,-26.7684556965958
39386.8186818682,-26.7691867117154
39393.8143814381,-26.7699188245703
39400.8100810081,-26.7706519444322
39407.8057805781,-26.7713859736535
39414.801480148,-26.7721208068371
39421.797179718,-26.772856329885
39428.7928792879,-26.7735924189002
39435.7885788579,-26.774328938921
39442.7842784278,-26.7750657424503
39449.7799779978,-26.7758026677479
39456.7756775678,-26.776539536833
39463.7713771377,-26.777276153145
39470.7670767077,-26.7780122987847
39477.7627762776,-26.7787477312547
39484.7584758476,-26.7794821795811
39491.7541754175,-26.7802153396809
39498.7498749875,-26.7809468687972
39505.7455745575,-26.7816763787742
39512.7412741274,-26.7824034278821
39519.7369736974,-26.7831275108115
39526.7326732673,-26.7838480463431
39533.7283728373,-26.7845643620351
39540.7240724072,-26.7852756750556
39547.7197719772,-26.7859810679707
39554.7154715471,-26.7866794578783
39561.7111711171,-26.7873695566461
39568.7068706871,-26.7880498191104
39575.702570257,-26.7887183747658
39582.698269827,-26.7893729364535
39589.6939693969,-26.790010676482
39596.6896689669,-26.7906280557761
39603.6853685369,-26.7912205838666
39610.6810681068,-26.7917824747116
39617.6767676768,-26.792306141492
39624.6724672467,-26.7927814350709
39631.6681668167,-26.7931944603919
39638.6638663866,-26.7935256702138
39645.6595659566,-26.7937466632495
39652.6552655266,-26.793814528591
39659.6509650965,-26.7936612226647
39666.6466646665,-26.7931720196125
39673.6423642364,-26.7921372269084
39680.6380638064,-26.7901284689801
39687.6337633763,-26.7861142926496
39694.6294629463,-26.7768366252731
39701.6251625162,-26.7445049919482
39708.6208620862,-27.0351206033856
39715.6165616562,-26.8518139244734
39722.6122612261,-26.8328013578501
39729.6079607961,-26.8261673669471
39736.603660366,-26.82309588038
39743.599359936,-26.8215339044956
39750.5950595059,-26.820751684747
39757.5907590759,-26.8204247934618
39764.5864586459,-26.820387080259
39771.5821582158,-26.8205446555671
39778.5778577858,-26.8208404627772
39785.5735573557,-26.8212378301634
39792.5692569257,-26.8217121133609
39799.5649564956,-26.8222461376829
39806.5606560656,-26.8228275668243
39813.5563556356,-26.8234473106007
39820.5520552055,-26.8240985226378
39827.5477547755,-26.824775947843
39834.5434543454,-26.8254754850853
39841.5391539154,-26.8261938865926
39848.5348534853,-26.8269285466784
39855.5305530553,-26.827677350286
39862.5262526253,-26.828438562486
39869.5219521952,-26.8292107465661
39876.5176517652,-26.8299927024371
39883.5133513351,-26.8307834197141
39890.5090509051,-26.8315820415466
39897.504750475,-26.8323878364339
39904.500450045,-26.833200176042
39911.496149615,-26.8340185175807
39918.4918491849,-26.8348423896889
39925.4875487549,-26.8356713810368
39932.4832483248,-26.8365051310558
39939.4789478948,-26.837343322348
39946.4746474647,-26.8381856744327
39953.4703470347,-26.8390319385624
39960.4660466047,-26.8398818934043
39967.4617461746,-26.8407353414229
39974.4574457446,-26.841592105838
39981.4531453145,-26.8424520280544
39988.4488448845,-26.8433149654839
39995.4445444544,-26.8441807896919
40002.4402440244,-26.8450493848188
40009.4359435944,-26.8459206462303
40016.4316431643,-26.8467944793646
40023.4273427343,-26.8476707987467
40030.4230423042,-26.8485495271465
40037.4187418742,-26.8494305948644
40044.4144414441,-26.8503139391269
40051.4101410141,-26.8511995035821
40058.405840584,-26.852087237885
40065.401540154,-26.8529770973674
40072.397239724,-26.8538690427872
40079.3929392939,-26.8547630401557
40086.3886388639,-26.855659060643
40093.3843384338,-26.8565570805658
40100.3800380038,-26.8574570814615
40107.3757375738,-26.8583590502608
40114.3714371437,-26.8592629795708
40121.3671367137,-26.8601688680895
40128.3628362836,-26.8610767211763
40135.3585358536,-26.861986551618
40142.3542354235,-26.8628983806367
40149.3499349935,-26.8638122392084
40156.3456345635,-26.8647281697841
40163.3413341334,-26.8656462285422
40170.3370337034,-26.8665664883488
40177.3327332733,-26.8674890426842
40184.3284328433,-26.8684140109001
40191.3241324132,-26.869341545347
40198.3198319832,-26.8702718411756
40205.3155315532,-26.8712051500456
40212.3112311231,-26.872141799662
40219.3069306931,-26.8730822222337
40226.302630263,-26.874026996976
40233.298329833,-26.8749769154465
40240.2940294029,-26.8759330854053
40247.2897289729,-26.8768971025646
40254.2854285429,-26.8778713482984
40261.2811281128,-26.8788595360582
40268.2768276828,-26.8798677880599
40275.2725272527,-26.8809069583943
40282.2682268227,-26.8819982883354
40289.2639263926,-26.8831897217863
40296.2596259626,-26.8846170623713
40303.2553255326,-26.8868752881023
40310.2510251025,-26.9035553148033
40317.2467246725,-26.8816979911475
40324.2424242424,-26.8849370073324
40331.2381238124,-26.886546138761
40338.2338233823,-26.8878073914002
40345.2295229523,-26.8889383684231
40352.2252225222,-26.8900064644853
40359.2209220922,-26.8910402495805
40366.2166216622,-26.8920532590897
40373.2123212321,-26.8930529766337
40380.2080208021,-26.8940438361928
40387.203720372,-26.8950286316864
40394.199419942,-26.8960092110048
40401.1951195119,-26.8969868451608
40408.1908190819,-26.8979624371374
40415.1865186519,-26.8989366461635
40422.1822182218,-26.8999099648445
40429.1779177918,-26.9008827687721
40436.1736173617,-26.9018553494265
40443.1693169317,-26.9028279365849
40450.1650165017,-26.903800713945
40457.1607160716,-26.904773830243
40464.1564156416,-26.9057474073136
40471.1521152115,-26.9067215460293
40478.1478147815,-26.9076963307431
40485.1435143514,-26.9086718326548
40492.1392139214,-26.909648112396
40499.1349134913,-26.9106252220344
40506.1306130613,-26.9116032066466
40513.1263126313,-26.912582105562
40520.1220122012,-26.9135619533557
40527.1177117712,-26.9145427806486
40534.1134113411,-26.9155246147549
40541.1091109111,-26.9165074802123
40548.104810481,-26.917491399216
40555.100510051,-26.9184763919793
40562.096209621,-26.9194624770318
40569.0919091909,-26.9204496714706
40576.0876087609,-26.9214379911695
40583.0833083308,-26.9224274509568
40590.0790079008,-26.9234180647659
40597.0747074707,-26.924409845763
40604.0704070407,-26.9254028064568
40611.0661066107,-26.9263969587923
40618.0618061806,-26.9273923142324
40625.0575057506,-26.9283888838265
40632.0532053205,-26.929386678273
40639.0489048905,-26.9303857079697
40646.0446044604,-26.9313859830615
40653.0403040304,-26.9323875134803
40660.0360036004,-26.9333903089793
40667.0317031703,-26.9343943791647
40674.0274027403,-26.9353997335226
40681.0231023102,-26.9364063814434
40688.0188018802,-26.9374143322425
40695.0145014501,-26.9384235951794
40702.0102010201,-26.9394341794745
40709.0059005901,-26.9404460943241
40716.00160016,-26.9414593489129
40722.99729973,-26.9424739524265
40729.9929992999,-26.9434899140617
40736.9886988699,-26.9445072430361
40743.9843984398,-26.9455259485964
40750.9800980098,-26.9465460400254
40757.9757975798,-26.9475675266503
40764.9714971497,-26.9485904178473
40771.9671967197,-26.9496147230477
40778.9628962896,-26.9506404517426
40785.9585958596,-26.9516676134882
40792.9542954295,-26.9526962179083
40799.9499949995,-26.9537262746996
40806.9456945694,-26.9547577936334
40813.9413941394,-26.9557907845596
40820.9370937094,-26.9568252574091
40827.9327932793,-26.9578612221959
40834.9284928493,-26.9588986890195
40841.9241924192,-26.9599376680668
40848.9198919892,-26.9609781696138
40855.9155915592,-26.9620202040273
40862.9112911291,-26.9630637817664
40869.9069906991,-26.964108913383
40876.902690269,-26.9651556095242
40883.898389839,-26.9662038809326
40890.8940894089,-26.967253738447
40897.8897889789,-26.968305193004
40904.8854885489,-26.9693582556374
40911.8811881188,-26.9704129374807
40918.8768876888,-26.9714692497663
40925.8725872587,-26.9725272038262
40932.8682868287,-26.9735868110926
40939.8639863986,-26.9746480830987
40946.8596859686,-26.9757110314783
40953.8553855386,-26.9767756679665
40960.8510851085,-26.9778420044
40967.8467846785,-26.978910052717
40974.8424842484,-26.9799798249573
40981.8381838184,-26.9810513332631
40988.8338833883,-26.9821245898784
40995.8295829583,-26.9831996071494
41002.8252825282,-26.984276397524
41009.8209820982,-26.9853549735527
41016.8166816682,-26.9864353478881
41023.8123812381,-26.9875175332847
41030.8080808081,-26.9886015425991
41037.803780378,-26.98968738879
41044.799479948,-26.9907750849177
41051.7951795179,-26.9918646441447
41058.7908790879,-26.9929560797346
41065.7865786579,-26.9940494050532
41072.7822782278,-26.9951446335672
41079.7779777978,-26.9962417788447
41086.7736773677,-26.9973408545549
41093.7693769377,-26.9984418744679
41100.7650765077,-26.9995448524546
41107.7607760776,-27.0006498024864
41114.7564756476,-27.0017567386347
41121.7521752175,-27.0028656750717
41128.7478747875,-27.003976626069
41135.7435743574,-27.0050896059981
41142.7392739274,-27.0062046293301
41149.7349734973,-27.0073217106351
41156.7306730673,-27.0084408645826
41163.7263726373,-27.0095621059407
41170.7220722072,-27.010685449576
41177.7177717772,-27.0118109104533
41184.7134713471,-27.0129385036361
41191.7091709171,-27.014068244285
41198.704870487,-27.0152001476586
41205.700570057,-27.0163342291128
41212.696269627,-27.0174705041005
41219.6919691969,-27.0186089881714
41226.6876687669,-27.0197496969717
41233.6833683368,-27.020892646244
41240.6790679068,-27.0220378518272
41247.6747674768,-27.0231853296555
41254.6704670467,-27.0243350957587
41261.6661666167,-27.025487166262
41268.6618661866,-27.0266415573858
41275.6575657566,-27.0277982854447
41282.6532653265,-27.0289573668481
41289.6489648965,-27.0301188180993
41296.6446644664,-27.0312826557958
41303.6403640364,-27.0324488966286
41310.6360636064,-27.0336175573821
41317.6317631763,-27.0347886549337
41324.6274627463,-27.0359622062535
41331.6231623162,-27.0371382284047
41338.6188618862,-27.0383167385422
41345.6145614561,-27.0394977539132
41352.6102610261,-27.0406812918565
41359.6059605961,-27.0418673698026
41366.601660166,-27.0430560052729
41373.597359736,-27.0442472158801
41380.5930593059,-27.0454410193271
41387.5887588759,-27.0466374334076
41394.5844584458,-27.0478364760051
41401.5801580158,-27.0490381650935
41408.5758575857,-27.0502425187356
41415.5715571557,-27.0514495550837
41422.5672567257,-27.0526592923795
41429.5629562956,-27.0538717489532
41436.5586558656,-27.0550869432236
41443.5543554355,-27.0563048936975
41450.5500550055,-27.0575256189703
41457.5457545755,-27.0587491377243
41464.5414541454,-27.05997546873
41471.5371537154,-27.0612046308445
41478.5328532853,-27.0624366430124
41485.5285528553,-27.0636715242643
41492.5242524252,-27.0649092937174
41499.5199519952,-27.0661499705757
41506.5156515652,-27.067393574128
41513.5113511351,-27.0686401237496
41520.5070507051,-27.0698896389006
41527.502750275,-27.0711421391264
41534.498449845,-27.0723976440572
41541.4941494149,-27.0736561734078
41548.4898489849,-27.0749177469774
41555.4855485549,-27.0761823846489
41562.4812481248,-27.0774501063893
41569.4769476948,-27.078720932249
41576.4726472647,-27.0799948823619
41583.4683468347,-27.0812719769447
41590.4640464046,-27.0825522362968
41597.4597459746,-27.0838356808002
41604.4554455445,-27.0851223309194
41611.4511451145,-27.0864122072005
41618.4468446845,-27.0877053302717
41625.4425442544,-27.0890017208423
41632.4382438244,-27.0903013997032
41639.4339433943,-27.0916043877261
41646.4296429643,-27.0929107058635
41653.4253425342,-27.0942203751483
41660.4210421042,-27.0955334166938
41667.4167416742,-27.0968498516931
41674.4124412441,-27.0981697014191
41681.4081408141,-27.0994929872241
41688.403840384,-27.1008197305397
41695.399539954,-27.1021499528766
41702.3952395239,-27.1034836758242
41709.3909390939,-27.1048209210498
41716.3866386639,-27.1061617102997
41723.3823382338,-27.107506065398
41730.3780378038,-27.1088540082461
41737.3737373737,-27.1102055608233
41744.3694369437,-27.1115607451859
41751.3651365136,-27.1129195834674
41758.3608360836,-27.1142820978778
41765.3565356536,-27.1156483107038
41772.3522352235,-27.117018244308
41779.3479347935,-27.1183919211293
41786.3436343634,-27.1197693636822
41793.3393339334,-27.1211505945567
41800.3350335034,-27.122535636418
41807.3307330733,-27.1239245120062
41814.3264326433,-27.1253172441364
41821.3221322132,-27.1267138556979
41828.3178317832,-27.1281143696544
41835.3135313531,-27.1295188090434
41842.3092309231,-27.1309271969763
41849.3049304931,-27.132339556638
41856.300630063,-27.1337559112864
41863.296329633,-27.1351762842526
41870.2920292029,-27.1366006989401
41877.2877287729,-27.1380291788254
41884.2834283428,-27.1394617474565
41891.2791279128,-27.1408984284539
41898.2748274827,-27.1423392455097
41905.2705270527,-27.1437842223871
41912.2662266227,-27.1452333829209
41919.2619261926,-27.1466867510165
41926.2576257626,-27.1481443506502
41933.2533253325,-27.1496062058684
41940.2490249025,-27.1510723407879
41947.2447244724,-27.1525427795951
41954.2404240424,-27.1540175465465
41961.2361236124,-27.1554966659673
41968.2318231823,-27.1569801622522
41975.2275227523,-27.1584680598644
41982.2232223222,-27.1599603833359
41989.2189218922,-27.1614571572667
41996.2146214621,-27.162958406325
42003.2103210321,-27.1644641552465
42010.2060206021,-27.1659744288345
42017.201720172,-27.1674892519593
42024.197419742,-27.1690086495581
42031.1931193119,-27.1705326466347
42038.1888188819,-27.172061268259
42045.1845184518,-27.1735945395673
42052.1802180218,-27.1751324857612
42059.1759175918,-27.1766751321078
42066.1716171617,-27.1782225039394
42073.1673167317,-27.179774626653
42080.1630163016,-27.1813315257104
42087.1587158716,-27.1828932266372
42094.1544154415,-27.1844597550231
42101.1501150115,-27.1860311365211
42108.1458145815,-27.1876073968479
42115.1415141514,-27.1891885617827
42122.1372137214,-27.1907746571677
42129.1329132913,-27.1923657089071
42136.1286128613,-27.193961742967
42143.1243124312,-27.1955627853755
42150.1200120012,-27.1971688622215
42157.1157115712,-27.1987799996549
42164.1114111411,-27.2003962238865
42171.1071107111,-27.2020175611869
42178.102810281,-27.203644037887
42185.098509851,-27.2052756803764
42192.0942094209,-27.2069125151047
42199.0899089909,-27.2085545685796
42206.0856085608,-27.2102018673675
42213.0813081308,-27.2118544380924
42220.0770077008,-27.2135123074363
42227.0727072707,-27.2151755021377
42234.0684068407,-27.2168440489925
42241.0641064106,-27.2185179748523
42248.0598059806,-27.220197306625
42255.0555055506,-27.2218820712739
42262.0512051205,-27.2235722958168
42269.0469046905,-27.2252680073265
42276.0426042604,-27.2269692329298
42283.0383038304,-27.2286759998069
42290.0340034003,-27.2303883351914
42297.0297029703,-27.2321062663692
42304.0254025403,-27.2338298206782
42311.0211021102,-27.2355590255083
42318.0168016802,-27.2372939083001
42325.0125012501,-27.239034496545
42332.0082008201,-27.2407808177839
42339.00390039,-27.2425328996076
42345.99959996,-27.2442907696552
42352.9952995299,-27.2460544556144
42359.9909990999,-27.2478239852203
42366.9866986699,-27.2495993862548
42373.9823982398,-27.2513806865465
42380.9780978098,-27.2531679139693
42387.9737973797,-27.2549610964423
42394.9694969497,-27.2567602619286
42401.9651965196,-27.2585654384352
42408.9608960896,-27.2603766540115
42415.9565956596,-27.2621939367494
42422.9522952295,-27.2640173147816
42429.9479947995,-27.2658468162818
42436.9436943694,-27.2676824694629
42443.9393939394,-27.2695243025767
42450.9350935094,-27.271372343913
42457.9307930793,-27.2732266217985
42464.9264926493,-27.275087164596
42471.9221922192,-27.2769540007033
42478.9178917892,-27.2788271585527
42485.9135913591,-27.280706666609
42492.9092909291,-27.2825925533693
42499.904990499,-27.2844848473616
42506.900690069,-27.2863835771437
42513.896389639,-27.288288771302
42520.8920892089,-27.2902004584501
42527.8877887789,-27.2921186672279
42534.8834883488,-27.2940434263004
42541.8791879188,-27.2959747643555
42548.8748874887,-27.2979127101036
42555.8705870587,-27.2998572922757
42562.8662866287,-27.3018085396217
42569.8619861986,-27.3037664809094
42576.8576857686,-27.3057311449223
42583.8533853385,-27.3077025604583
42590.8490849085,-27.309680756328
42597.8447844784,-27.3116657613525
42604.8404840484,-27.3136576043616
42611.8361836184,-27.3156563141928
42618.8318831883,-27.3176619196874
42625.8275827583,-27.3196744496903
42632.8232823282,-27.3216939330464
42639.8189818982,-27.3237203985991
42646.8146814681,-27.3257538751879
42653.8103810381,-27.3277943916451
42660.8060806081,-27.3298419767942
42667.801780178,-27.331896659447
42674.797479748,-27.3339584683997
42681.7931793179,-27.3360274324315
42688.7888788879,-27.3381035803008
42695.7845784578,-27.3401869407417
42702.7802780278,-27.3422775424611
42709.7759775978,-27.3443754141351
42716.7716771677,-27.346480584405
42723.7673767377,-27.3485930818738
42730.7630763076,-27.3507129351021
42737.7587758776,-27.352840172604
42744.7544754475,-27.3549748228421
42751.7501750175,-27.3571169142236
42758.7458745875,-27.3592664750954
42765.7415741574,-27.3614235337379
42772.7372737274,-27.3635881183612
42779.7329732973,-27.3657602570984
42786.7286728673,-27.3679399780002
42793.7243724372,-27.3701273090284
42800.7200720072,-27.3723222780496
42807.7157715772,-27.374524912828
42814.7114711471,-27.3767352410186
42821.7071707171,-27.3789532901596
42828.702870287,-27.3811790876635
42835.698569857,-27.3834126608098
42842.6942694269,-27.3856540367352
42849.6899689969,-27.3879032424248
42856.6856685669,-27.3901603047018
42863.6813681368,-27.392425250217
42870.6770677068,-27.3946981054376
42877.6727672767,-27.396978896636
42884.6684668467,-27.3992676498765
42891.6641664166,-27.4015643910029
42898.6598659866,-27.4038691456241
42905.6555655566,-27.4061819390993
42912.6512651265,-27.4085027965228
42919.6469646965,-27.4108317427068
42926.6426642664,-27.4131688021636
42933.6383638364,-27.4155139990877
42940.6340634063,-27.4178673573346
42947.6297629763,-27.4202289004004
42954.6254625463,-27.4225986513991
42961.6211621162,-27.4249766330377
42968.6168616862,-27.4273628675914
42975.6125612561,-27.4297573768755
42982.6082608261,-27.4321601822164
42989.603960396,-27.4345713044198
42996.599659966,-27.4369907637379
43003.5953595359,-27.4394185798326
43010.5910591059,-27.4418547717379
43017.5867586759,-27.4442993578182
43024.5824582458,-27.4467523557237
43031.5781578158,-27.4492137823442
43038.5738573857,-27.4516836537566
43045.5695569557,-27.4541619851704
43052.5652565256,-27.4566487908693
43059.5609560956,-27.4591440841466
43066.5566556656,-27.4616478772364
43073.5523552355,-27.4641601812401
43080.5480548055,-27.4666810060457
43087.5437543754,-27.4692103602406
43094.5394539454,-27.471748251018
43101.5351535154,-27.4742946840744
43108.5308530853,-27.4768496634998
43115.5265526553,-27.4794131916559
43122.5222522252,-27.4819852690462
43129.5179517952,-27.484565894173
43136.5136513651,-27.4871550633813
43143.5093509351,-27.4897527706894
43150.505050505,-27.4923590076022
43157.500750075,-27.4949737629085
43164.496449645,-27.4975970224563
43171.4921492149,-27.5002287689089
43178.4878487849,-27.5028689814738
43185.4835483548,-27.5055176356061
43192.4792479248,-27.5081747026805
43199.4749474947,-27.5108401496283
43206.4706470647,-27.5135139385364
43213.4663466347,-27.5161960262023
43220.4620462046,-27.5188863636387
43227.4577457746,-27.5215848955241
43234.4534453445,-27.5242915595878
43241.4491449145,-27.527006285924
43248.4448444844,-27.5297289962233
43255.4405440544,-27.5324596029098
43262.4362436244,-27.5351980081704
43269.4319431943,-27.5379441028609
43276.4276427643,-27.5406977652688
43283.4233423342,-27.543458859711
43290.4190419042,-27.5462272349406
43297.4147414741,-27.5490027223323
43304.4104410441,-27.5517851338071
43311.4061406141,-27.5545742594541
43318.401840184,-27.5573698647961
43325.397539754,-27.5601716876334
43332.3932393239,-27.5629794343913
43339.3889388939,-27.5657927758731
43346.3846384638,-27.5686113423073
43353.3803380338,-27.5714347175449
43360.3760376038,-27.5742624322337
43367.3717371737,-27.5770939557511
43374.3674367437,-27.5799286866249
43381.3631363136,-27.5827659411013
43388.3588358836,-27.585604939426
43395.3545354535,-27.5884447892882
43402.3502350235,-27.5912844657178
43409.3459345935,-27.5941227865172
43416.3416341634,-27.5969583820238
43423.3373337334,-27.5997896576192
43430.3330333033,-27.6026147468683
43437.3287328733,-27.6054314524372
43444.3244324432,-27.608237170905
43451.3201320132,-27.6110287960998
43458.3158315832,-27.6138025934478
43465.3115311531,-27.616554034659
43472.3072307231,-27.6192775773321
43479.302930293,-27.6219663668094
43486.298629863,-27.6246118262822
43493.2943294329,-27.627203083023
43500.2900290029,-27.6297261488587
43507.2857285728,-27.6321627226299
43514.2814281428,-27.6344883942764
43521.2771277128,-27.6366698700476
43528.2728272827,-27.638660534173
43535.2685268527,-27.6403930543042
43542.2642264226,-27.6417664466737
43549.2599259926,-27.6426220672275
43556.2556255626,-27.6426956270112
43563.2513251325,-27.6415117225522
43570.2470247025,-27.638120498968
43577.2427242724,-27.6303091718366
43584.2384238424,-27.6114588329243
43591.2341234123,-27.5487262473817
43598.2298229823,-23.1262404871917
43605.2255225523,-27.8227223820288
43612.2212221222,-27.7585320689866
43619.2169216922,-27.7394627397159
43626.2126212621,-27.731637076362
43633.2083208321,-27.7283077109334
43640.204020402,-27.7272300977221
43647.199719972,-27.7274434903359
43654.195419542,-27.7284679342022
43661.1911191119,-27.7300369660303
43668.1868186819,-27.7319907968099
43675.1825182518,-27.7342277935647
43682.1782178218,-27.7366802338019
43689.1739173917,-27.7393012560697
43696.1696169617,-27.7420574058799
43703.1653165317,-27.7449241646382
43710.1610161016,-27.7478831559576
43717.1567156716,-27.7509203383859
43724.1524152415,-27.7540248007935
43731.1481148115,-27.7571879383065
43738.1438143814,-27.7604028755483
43745.1395139514,-27.7636640547252
43752.1352135214,-27.7669669360887
43759.1309130913,-27.7703077765625
43766.1266126613,-27.7736834637299
43773.1223122312,-27.7770913896747
43780.1180118012,-27.7805293539444
43787.1137113711,-27.7839954880842
43794.1094109411,-27.7874881963436
43801.105110511,-27.7910061086565
43808.100810081,-27.7945480430266
43815.096509651,-27.7981129751943
43822.0922092209,-27.8017000139928
43829.0879087909,-27.8053083811864
43836.0836083608,-27.8089373948668
43843.0793079308,-27.812586455697
43850.0750075007,-27.8162550354482
43857.0707070707,-27.8199426673955
43864.0664066407,-27.8236489382312
43871.0621062106,-27.8273734812224
43878.0578057806,-27.8311159703946
43885.0535053505,-27.8348761155674
43892.0492049205,-27.8386536580993
43899.0449044905,-27.8424483672259
43906.0406040604,-27.8462600368987
43913.0363036304,-27.8500884830445
43920.0320032003,-27.8539335411834
43927.0277027703,-27.8577950643497
43934.0234023402,-27.861672921274
43941.0191019102,-27.8655669947877
43948.0148014801,-27.8694771804186
43955.0105010501,-27.8734033851524
43962.0062006201,-27.877345526337
43969.00190019,-27.881303530711
43975.99759976,-27.8852773335402
43982.9932993299,-27.8892668778485
43989.9889988999,-27.8932721137313
43996.9846984698,-27.8972929977412
44003.9803980398,-27.9013294923374
44010.9760976098,-27.9053815653917
44017.9717971797,-27.9094491897431
44024.9674967497,-27.9135323427972
44031.9631963196,-27.917631006164
44038.9588958896,-27.9217451653308
44045.9545954595,-27.9258748093654
44052.9502950295,-27.9300199306471
44059.9459945995,-27.9341805246227
44066.9416941694,-27.9383565895836
44073.9373937394,-27.9425481264638
44080.9330933093,-27.9467551386549
44087.9287928793,-27.9509776318377
44094.9244924492,-27.9552156138274
44101.9201920192,-27.9594690944332
44108.9158915892,-27.9637380853284
44115.9115911591,-27.9680225999321
44122.9072907291,-27.9723226533
44129.902990299,-27.9766382620251
44136.898689869,-27.980969444145
44143.8943894389,-27.9853162190577
44150.8900890089,-27.9896786074438
44157.8857885789,-27.9940566311945
44164.8814881488,-27.9984503133466
44171.8771877188,-28.0028596780208
44178.8728872887,-28.0072847503667
44185.8685868587,-28.0117255565127
44192.8642864286,-28.0161821235208
44199.8599859986,-28.0206544793541
44206.8556855686,-28.0251426528844
44213.8513851385,-28.029646674308
44220.8470847085,-28.0341665660943
44227.8427842784,-28.0387023759755
44234.8384838484,-28.043254123308
44241.8341834183,-28.0478218432945
44248.8298829883,-28.052405569279
44255.8255825583,-28.0570053351106
44262.8212821282,-28.0616211752324
44269.8169816982,-28.0662531246835
44276.8126812681,-28.0709012190888
44283.8083808381,-28.0755654946477
44290.804080408,-28.0802459881234
44297.799779978,-28.0849427368328
44304.795479548,-28.0896557786395
44311.7911791179,-28.0943851519473
44318.7868786879,-28.0991308956961
44325.7825782578,-28.1038930493593
44332.7782778278,-28.1086716529432
44339.7739773977,-28.1134667469881
44346.7696769677,-28.118278372572
44353.7653765377,-28.1231065713154
44360.7610761076,-28.1279513853895
44367.7567756776,-28.1328128575259
44374.7524752475,-28.1376910310291
44381.7481748175,-28.1425859497921
44388.7438743874,-28.147497658315
44395.7395739574,-28.1524262017262
44402.7352735273,-28.157371625809
44409.7309730973,-28.1623339770307
44416.7266726673,-28.1673133025781
44423.7223722372,-28.1723096503966
44430.7180718072,-28.1773230692382
44437.7137713771,-28.1823536087136
44444.7094709471,-28.1874013193554
44451.705170517,-28.1924662526892
44458.700870087,-28.1975484613174
44465.696569657,-28.2026479990158
44472.6922692269,-28.2077649208463
44479.6879687969,-28.2128992832894
44486.6836683668,-28.2180511443997
44493.6793679368,-28.2232205639888
44500.6750675068,-28.2284076038432
44507.6707670767,-28.2336123279843
44514.6664666467,-28.2388348029804
44521.6621662166,-28.2440750983233
44528.6578657866,-28.249333286887
44535.6535653565,-28.2546094454909
44542.6492649265,-28.2599036555947
44549.6449644965,-28.2652160041657
44556.6406640664,-28.2705465847713
44563.6363636364,-28.2758954989673
44570.6320632063,-28.2812628580839
44577.6277627763,-28.2866487855501
44584.6234623462,-28.2920534199575
44591.6191619162,-28.297476919159
44598.6148614861,-28.3029194658348
44605.6105610561,-28.3083812751878
44612.6062606261,-28.3138626057844
44619.601960196,-28.3193637751642
44626.597659766,-28.3248851828664
44633.5933593359,-28.3304273453556
44640.5890589059,-28.3359909507158
44647.5847584758,-28.3415769475506
44654.5804580458,-28.3471866959942
44661.5761576158,-28.3528222381785
44668.5718571857,-28.358486815226
44675.5675567557,-28.3641859399995
44682.5632563256,-28.369929874946
44689.5589558956,-28.3757402621543
44696.5546554655,-28.3816721698812
44703.5503550355,-28.3879198423263
44710.5460546055,-28.3960158011591
44717.5417541754,-28.3928867361455
44724.5374537454,-28.4022942070169
44731.5331533153,-28.4087193858022
44738.5288528853,-28.4147959543741
44745.5245524552,-28.4207740951362
44752.5202520252,-28.4267194264186
44759.5159515952,-28.4326567550765
44766.5116511651,-28.4385975823824
44773.5073507351,-28.4445480091115
44780.503050305,-28.4505116057143
44787.498749875,-28.4564906300989
44794.4944494449,-28.4624866059452
44801.4901490149,-28.468500622011
44808.4858485849,-28.474533498016
44815.4815481548,-28.4805858819244
44822.4772477248,-28.4866583098231
44829.4729472947,-28.4927512444055
44836.4686468647,-28.498865100722
44843.4643464346,-28.5050002641127
44850.4600460046,-28.5111571032228
44857.4557455745,-28.5173359798784
44864.4514451445,-28.5235372569554
44871.4471447145,-28.5297613049851
44878.4428442844,-28.5360085080114
44885.4385438544,-28.5422792690695
44892.4342434243,-28.5485740155696
44899.4299429943,-28.5548932048211
44906.4256425643,-28.5612373299053
44913.4213421342,-28.5676069260958
44920.4170417042,-28.5740025780396
44927.4127412741,-28.5804249279241
44934.4084408441,-28.5868746848971
44941.404140414,-28.5933526360535
44948.399839984,-28.5998596593704
44955.395539554,-28.606396739063
44962.3912391239,-28.6129649839599
44969.3869386939,-28.6195656496483
44976.3826382638,-28.6262001653633
44983.3783378338,-28.6328701668783
44990.3740374037,-28.6395775370448
44997.3697369737,-28.6463244561635
45004.3654365437,-28.6531134651053
45011.3611361136,-28.6599475451295
45018.3568356836,-28.6668302198059
45025.3525352535,-28.6737656865408
45032.3482348235,-28.6807589882624
45039.3439343934,-28.6878162403492
45046.3396339634,-28.6949449347253
45053.3353335333,-28.7021543535849
45060.3310331033,-28.7094561418135
45067.3267326733,-28.7168651139805
45074.3224322432,-28.7244004162765
45081.3181318132,-28.7320872399486
45088.3138313831,-28.7399594178489
45095.3095309531,-28.7480634850201
45102.305230523,-28.7564652662362
45109.300930093,-28.7652610373846
45116.296629663,-28.7745974502926
45123.2923292329,-28.7847094564509
45130.2880288029,-28.7959985584876
45137.2837283728,-28.8092121891752
45144.2794279428,-28.8259185004153
45151.2751275127,-28.8500584943918
45158.2708270827,-28.8951563806706
45165.2665266527,-29.0579754876043
45172.2622262226,-28.3585025548064
45179.2579257926,-28.693889522504
45186.2536253625,-28.7523080786326
45193.2493249325,-28.7802058272601
45200.2450245024,-28.7985725879801
45207.2407240724,-28.8127510283084
45214.2364236424,-28.8247258666099
45221.2321232123,-28.8354036793223
45228.2278227823,-28.8452574391112
45235.2235223522,-28.8545580634462
45242.2192219222,-28.8634719057786
45249.2149214922,-28.8721067684797
45256.2106210621,-28.8805355842593
45263.2063206321,-28.8888094641634
45270.202020202,-28.8969652946172
45277.197719772,-28.9050303672764
45284.1934193419,-28.913025311093
45291.1891189119,-28.9209660111001
45298.1848184819,-28.9288649002035
45305.1805180518,-28.9367318506577
45312.1762176218,-28.944574802849
45319.1719171917,-28.9524002174656
45326.1676167617,-28.9602134063425
45333.1633163316,-28.968018778333
45340.1590159016,-28.9758200246253
45347.1547154715,-28.9836202602155
45354.1504150415,-28.9914221331797
45361.1461146115,-28.9992279099856
45368.1418141814,-29.0070395427543
45375.1375137514,-29.0148587227764
45382.1332133213,-29.0226869234538
45389.1289128913,-29.030525435024
45396.1246124612,-29.0383753928467
45403.1203120312,-29.0462378006028
45410.1160116012,-29.0541135494427
45417.1117111711,-29.0620034338843
45424.1074107411,-29.0699081650883
45431.103110311,-29.0778283820013
45438.098809881,-29.0857646607556
45445.0945094509,-29.0937175226359
45452.0902090209,-29.1016874408614
45459.0859085909,-29.1096748463844
45466.0816081608,-29.1176801328667
45473.0773077308,-29.1257036609679
45480.0730073007,-29.133745762053
45487.0687068707,-29.141806741409
45494.0644064406,-29.1498868810468
45501.0601060106,-29.1579864421454
45508.0558055806,-29.1661056671948
45515.0515051505,-29.1742447818773
45522.0472047205,-29.182403996724
45529.0429042904,-29.190583508579
45536.0386038604,-29.1987835018947
45543.0343034303,-29.2070041498808
45550.0300030003,-29.2152456155275
45557.0257025703,-29.2235080525169
45564.0214021402,-29.2317916060371
45571.0171017102,-29.2400964135116
45578.0128012801,-29.2484226052522
45585.0085008501,-29.2567703050485
45592.00420042,-29.2651396306947
45598.99989999,-29.273530694468
45605.99559956,-29.281943603559
45612.9912991299,-29.2903784604624
45619.9869986999,-29.2988353633299
45626.9826982698,-29.3073144062913
45633.9783978398,-29.3158156797459
45640.9740974097,-29.3243392706282
45647.9697969797,-29.3328852626505
45654.9654965496,-29.3414537365228
45661.9611961196,-29.350044770155
45668.9568956896,-29.3586584388425
45675.9525952595,-29.3672948154345
45682.9482948295,-29.3759539704893
45689.9439943994,-29.3846359724177
45696.9396939694,-29.3933408876128
45703.9353935393,-29.4020687805717
45710.9310931093,-29.4108197140057
45717.9267926793,-29.4195937489432
45724.9224922492,-29.4283909448236
45731.9181918192,-29.437211359585
45738.9138913891,-29.4460550497447
45745.9095909591,-29.4549220704734
45752.9052905291,-29.4638124756652
45759.900990099,-29.4727263179995
45766.896689669,-29.481663649003
45773.8923892389,-29.4906245191023
45780.8880888089,-29.4996089776764
45787.8837883788,-29.5086170731033
45794.8794879488,-29.5176488528042
45801.8751875187,-29.5267043632848
45808.8708870887,-29.5357836501726
45815.8665866587,-29.5448867582533
45822.8622862286,-29.5540137315026
45829.8579857986,-29.5631646131178
45836.8536853685,-29.572339445546
45843.8493849385,-29.5815382705106
45850.8450845085,-29.5907611290364
45857.8407840784,-29.6000080614723
45864.8364836484,-29.6092791075131
45871.8321832183,-29.6185743062195
45878.8278827883,-29.627893696037
45885.8235823582,-29.6372373148124
45892.8192819282,-29.6466051998116
45899.8149814982,-29.6559973877328
45906.8106810681,-29.6654139147223
45913.8063806381,-29.6748548163859
45920.802080208,-29.6843201278027
45927.797779778,-29.6938098835355
45934.7934793479,-29.7033241176411
45941.7891789179,-29.7128628636803
45948.7848784878,-29.7224261547274
45955.7805780578,-29.7320140233774
45962.7762776278,-29.7416265017552
45969.7719771977,-29.751263621521
45976.7676767677,-29.7609254138787
45983.7633763376,-29.7706119095798
45990.7590759076,-29.7803231389315
45997.7547754775,-29.7900591317989
46004.7504750475,-29.7998199176124
46011.7461746175,-29.8096055253694
46018.7418741874,-29.8194159836397
46025.7375737574,-29.8292513205681
46032.7332733273,-29.8391115638779
46039.7289728973,-29.848996740873
46046.7246724672,-29.858906878441
46053.7203720372,-29.8688420030546
46060.7160716072,-29.8788021407734
46067.7117711771,-29.8887873172455
46074.7074707471,-29.898797557709
46081.703170317,-29.9088328869921
46088.698869887,-29.9188933295146
46095.6945694569,-29.9289789092876
46102.6902690269,-29.9390896499144
46109.6859685969,-29.94922557459
46116.6816681668,-29.959386706101
46123.6773677368,-29.969573066825
46130.6730673067,-29.9797846787303
46137.6687668767,-29.9900215633749
46144.6644664467,-30.0002837419056
46151.6601660166,-30.0105712350564
46158.6558655866,-30.0208840631478
46165.6515651565,-30.0312222460851
46172.6472647265,-30.0415858033563
46179.6429642964,-30.0519747540308
46186.6386638664,-30.0623891167571
46193.6343634363,-30.072828909761
46200.6300630063,-30.0832941508432
46207.6257625763,-30.0937848573767
46214.6214621462,-30.1043010463047
46221.6171617162,-30.1148427341377
46228.6128612861,-30.1254099369506
46235.6085608561,-30.1360026703801
46242.604260426,-30.1466209496214
46249.599959996,-30.1572647894256
46256.595659566,-30.1679342040956
46263.5913591359,-30.1786292074834
46270.5870587059,-30.1893498129866
46277.5827582758,-30.2000960335445
46284.5784578458,-30.2108678816341
46291.5741574157,-30.2216653692676
46298.5698569857,-30.2324885079873
46305.5655565557,-30.2433373088613
46312.5612561256,-30.2542117824811
46319.5569556956,-30.2651119389557
46326.5526552655,-30.2760377879085
46333.5483548355,-30.2869893384712
46340.5440544054,-30.2979665992819
46347.5397539754,-30.3089695784779
46354.5354535454,-30.3199982836933
46361.5311531153,-30.3310527220519
46368.5268526853,-30.3421329001643
46375.5225522552,-30.3532388241221
46382.5182518252,-30.3643704994926
46389.5139513951,-30.3755279313142
46396.5096509651,-30.3867111240911
46403.5053505351,-30.3979200817874
46410.501050105,-30.4091548078224
46417.496749675,-30.4204153050648
46424.4924492449,-30.431701575827
46431.4881488149,-30.4430136218595
46438.4838483848,-30.4543514443453
46445.4795479548,-30.4657150438939
46452.4752475247,-30.4771044205353
46459.4709470947,-30.488519573714
46466.4666466647,-30.499960502283
46473.4623462346,-30.5114272044975
46480.4580458046,-30.5229196780082
46487.4537453745,-30.5344379198561
46494.4494449445,-30.5459819264649
46501.4451445144,-30.5575516936347
46508.4408440844,-30.5691472165355
46515.4365436544,-30.5807684897004
46522.4322432243,-30.5924155070191
46529.4279427943,-30.6040882617303
46536.4236423642,-30.6157867464156
46543.4193419342,-30.6275109529912
46550.4150415042,-30.6392608727024
46557.4107410741,-30.6510364961145
46564.4064406441,-30.6628378131069
46571.402140214,-30.6746648128648
46578.397839784,-30.6865174838722
46585.3935393539,-30.6983958139043
46592.3892389239,-30.7102997900186
46599.3849384938,-30.722229398549
46606.3806380638,-30.7341846250966
46613.3763376338,-30.7461654545222
46620.3720372037,-30.7581718709378
46627.3677367737,-30.770203857699
46634.3634363436,-30.7822613973965
46641.3591359136,-30.7943444718476
46648.3548354835,-30.8064530620881
46655.3505350535,-30.8185871483633
46662.3462346235,-30.8307467101198
46669.3419341934,-30.8429317259965
46676.3376337634,-30.855142173816
46683.3333333333,-30.8673780305752
46690.3290329033,-30.8796392724375
46697.3247324732,-30.8919258747221
46704.3204320432,-30.9042378118958
46711.3161316132,-30.9165750575636
46718.3118311831,-30.9289375844587
46725.3075307531,-30.941325364434
46732.303230323,-30.9537383684521
46739.298929893,-30.9661765665747
46746.2946294629,-30.9786399279543
46753.2903290329,-30.9911284208234
46760.2860286029,-31.0036420124847
46767.2817281728,-31.0161806693011
46774.2774277428,-31.0287443566856
46781.2731273127,-31.0413330390901
46788.2688268827,-31.0539466799969
46795.2645264526,-31.0665852419059
46802.2602260226,-31.0792486863262
46809.2559255926,-31.0919369737635
46816.2516251625,-31.1046500637106
46823.2473247325,-31.1173879146358
46830.2430243024,-31.1301504839725
46837.2387238724,-31.1429377281068
46844.2344234423,-31.1557496023682
46851.2301230123,-31.1685860610161
46858.2258225823,-31.1814470572304
46865.2215221522,-31.1943325430984
46872.2172217222,-31.2072424696037
46879.2129212921,-31.2201767866151
46886.2086208621,-31.2331354428729
46893.204320432,-31.2461183859789
46900.200020002,-31.2591255623832
46907.195719572,-31.2721569173721
46914.1914191419,-31.2852123950561
46921.1871187119,-31.2982919383569
46928.1828182818,-31.3113954889953
46935.1785178518,-31.3245229874784
46942.1742174217,-31.337674373087
46949.1699169917,-31.3508495838614
46956.1656165617,-31.3640485565912
46963.1613161316,-31.377271226799
46970.1570157016,-31.3905175287289
46977.1527152715,-31.4037873953332
46984.1484148415,-31.4170807582577
46991.1441144114,-31.430397547829
46998.1398139814,-31.4437376930411
47005.1355135514,-31.4571011215408
47012.1312131213,-31.4704877596132
47019.1269126913,-31.4838975321696
47026.1226122612,-31.4973303627307
47033.1183118312,-31.5107861734145
47040.1140114011,-31.52426488492
47047.1097109711,-31.5377664165141
47054.1054105411,-31.5512906860158
47061.101110111,-31.5648376097817
47068.096809681,-31.5784071026911
47075.0925092509,-31.5919990781305
47082.0882088209,-31.6056134479791
47089.0839083908,-31.619250122592
47096.0796079608,-31.6329090107868
47103.0753075308,-31.6465900198255
47110.0710071007,-31.6602930554005
47117.0667066707,-31.6740180216178
47124.0624062406,-31.6877648209811
47131.0581058106,-31.7015333543757
47138.0538053805,-31.715323521052
47145.0495049505,-31.7291352186092
47152.0452045205,-31.7429683429781
47159.0409040904,-31.7568227884047
47166.0366036604,-31.7706984474336
47173.0323032303,-31.7845952108899
47180.0280028003,-31.7985129678627
47187.0237023702,-31.812451605688
47194.0194019402,-31.8264110099298
47201.0151015102,-31.8403910643639
47208.0108010801,-31.8543916509584
47215.0065006501,-31.8684126498573
47222.00220022,-31.8824539393611
47228.99789979,-31.896515395909
47235.9935993599,-31.9105968940597
47242.9892989299,-31.9246983064736
47249.9849984998,-31.9388195038927
47256.9806980698,-31.9529603551225
47263.9763976398,-31.9671207270119
47270.9720972097,-31.9813004844346
47277.9677967797,-31.9954994902682
47284.9634963496,-32.0097176053758
47291.9591959196,-32.0239546885842
47298.9548954895,-32.0382105966653
47305.9505950595,-32.052485184314
47312.9462946295,-32.0667783041287
47319.9419941994,-32.0810898065899
47326.9376937694,-32.0954195400386
47333.9333933393,-32.1097673506552
47340.9290929093,-32.1241330824383
47347.9247924792,-32.1385165771815
47354.9204920492,-32.1529176744524
47361.9161916192,-32.1673362115698
47368.9118911891,-32.1817720235804
47375.9075907591,-32.1962249432366
47382.903290329,-32.2106948009722
47389.898989899,-32.2251814248798
47396.8946894689,-32.2396846406857
47403.8903890389,-32.254204271727
47410.8860886089,-32.2687401389256
47417.8817881788,-32.2832920607635
47424.8774877488,-32.2978598532581
47431.8731873187,-32.3124433299354
47438.8688868887,-32.327042301805
47445.8645864586,-32.3416565773325
47452.8602860286,-32.3562859624126
47459.8559855986,-32.3709302603418
47466.8516851685,-32.3855892717906
47473.8473847385,-32.4002627947747
47480.8430843084,-32.4149506246256
47487.8387838784,-32.4296525539619
47494.8344834483,-32.4443683726583
47501.8301830183,-32.459097867815
47508.8258825882,-32.4738408237268
47515.8215821582,-32.4885970218499
47522.8172817282,-32.5033662407701
47529.8129812981,-32.5181482561683
47536.8086808681,-32.5329428407873
47543.804380438,-32.547749764395
47550.800080008,-32.5625687937498
47557.795779578,-32.577399692562
47564.7914791479,-32.592242221458
47571.7871787179,-32.607096137938
47578.7828782878,-32.6219611963388
47585.7785778578,-32.6368371477915
47592.7742774277,-32.6517237401774
47599.7699769977,-32.6666207180864
47606.7656765677,-32.6815278227693
47613.7613761376,-32.6964447920935
47620.7570757076,-32.7113713604923
47627.7527752775,-32.7263072589162
47634.7484748475,-32.7412522147807
47641.7441744174,-32.7562059519116
47648.7398739874,-32.7711681904908
47655.7355735574,-32.786138646997
47662.7312731273,-32.8011170341459
47669.7269726973,-32.8161030608273
47676.7226722672,-32.8310964320397
47683.7183718372,-32.8460968488219
47690.7140714071,-32.8611040081822
47697.7097709771,-32.8761176030244
47704.7054705471,-32.8911373220674
47711.701170117,-32.9061628497666
47718.696869687,-32.9211938662268
47725.6925692569,-32.9362300471122
47732.6882688269,-32.9512710635523
47739.6839683968,-32.9663165820433
47746.6796679668,-32.9813662643416
47753.6753675368,-32.9964197673556
47760.6710671067,-33.0114767430277
47767.6667666767,-33.0265368382123
47774.6624662466,-33.041599694545
47781.6581658166,-33.0566649483045
47788.6538653865,-33.0717322302677
47795.6495649565,-33.0868011655541
47802.6452645265,-33.10187137346
47809.6409640964,-33.1169424672854
47816.6366636664,-33.1320140541452
47823.6323632363,-33.1470857347715
47830.6280628063,-33.1621571033016
47837.6237623762,-33.1772277470512
47844.6194619462,-33.1922972462696
47851.6151615161,-33.2073651738838
47858.6108610861,-33.2224310952176
47865.6065606561,-33.2374945676915
47872.602260226,-33.2525551405065
47879.597959796,-33.2676123542929
47886.5936593659,-33.282665740742
47893.5893589359,-33.2977148222037
47900.5850585059,-33.3127591112541
47907.5807580758,-33.3277981102269
47914.5764576458,-33.3428313107063
47921.5721572157,-33.3578581929803
47928.5678567857,-33.3728782254419
47935.5635563556,-33.387890863946
47942.5592559256,-33.4028955511032
47949.5549554956,-33.4178917155133
47956.5506550655,-33.432878770932
47963.5463546355,-33.4478561153547
47970.5420542054,-33.4628231300194
47977.5377537754,-33.477779178315
47984.5334533453,-33.4927236045765
47991.5291529153,-33.5076557327713
47998.5248524853,-33.5225748650476
48005.5205520552,-33.5374802801342
48012.5162516252,-33.5523712315778
48019.5119511951,-33.5672469457887
48026.5076507651,-33.5821066198815
48033.503350335,-33.5969494192734
48040.499049905,-33.611774475017
48047.4947494749,-33.6265808808271
48054.4904490449,-33.6413676897629
48061.4861486149,-33.6561339105106
48068.4818481848,-33.6708785031979
48075.4775477548,-33.6856003737292
48082.4732473247,-33.7002983746759
48089.4689468947,-33.7149712853284
48096.4646464646,-33.7296178206495
48103.4603460346,-33.744236614774
48110.4560456046,-33.7588262144754
48117.4517451745,-33.7733850692061
48124.4474447445,-33.7879115197608
48131.4431443144,-33.8024037852717
48138.4388438844,-33.8168599482376
48145.4345434543,-33.8312779372218
48152.4302430243,-33.8456555067928
48159.4259425943,-33.8599902141771
48166.4216421642,-33.8742793919749
48173.4173417342,-33.888520116152
48180.4130413041,-33.90270916831
48187.4087408741,-33.9168429910233
48194.404440444,-33.9309176346951
48201.400140014,-33.9449286940017
48208.395839584,-33.9588712314611
48215.3915391539,-33.9727396849797
48222.3872387239,-33.9865277553158
48229.3829382938,-34.0002282681815
48236.3786378638,-34.0138330040546
48243.3743374337,-34.0273324865228
48250.3700370037,-34.0407157168755
48257.3657365737,-34.0539698383118
48264.3614361436,-34.0670797069892
48271.3571357136,-34.0800273382941
48278.3528352835,-34.0927911838365
48285.3485348535,-34.1053451755596
48292.3442344234,-34.1176574444829
48299.3399339934,-34.1296885771052
48306.3356335634,-34.1413892023853
48313.3313331333,-34.152696588948
48320.3270327033,-34.1635297441241
48327.3227322732,-34.1737821843546
48334.3184318432,-34.1833109751197
48341.3141314131,-34.1919195833834
48348.3098309831,-34.1993300439598
48355.3055305531,-34.2051357701142
48362.301230123,-34.2087172463349
48369.296929693,-34.2090814028079
48376.2926292629,-34.2045297507955
48383.2883288329,-34.1918962854103
48390.2840284028,-34.1645251119403
48397.2797279728,-34.1056314007432
48404.2754275428,-33.9572027206305
48411.2711271127,-33.292412523677
48418.2668266827,-36.2751986688123
48425.2625262526,-34.9317359360858
48432.2582258226,-34.7321687037564
48439.2539253925,-34.6590892344153
48446.2496249625,-34.6256907611404
48453.2453245325,-34.6097938226628
48460.2410241024,-34.6031404064516
48467.2367236724,-34.6019526320199
48474.2324232423,-34.6042572586047
48481.2281228123,-34.6089229519245
48488.2238223822,-34.6152544457848
48495.2195219522,-34.6228008198697
48502.2152215221,-34.6312567529936
48509.2109210921,-34.6404080825408
48516.2066206621,-34.6501000910555
48523.202320232,-34.6602181709338
48530.198019802,-34.6706755749674
48537.1937193719,-34.6814053975836
48544.1894189419,-34.6923551748537
48551.1851185119,-34.7034831570073
48558.1808180818,-34.7147556787762
48565.1765176518,-34.7261452679988
48572.1722172217,-34.7376292614908
48579.1679167917,-34.7491887762632
48586.1636163616,-34.7608079340216
48593.1593159316,-34.7724732690729
48600.1550155016,-34.7841732709539
48607.1507150715,-34.7958980273364
48614.1464146415,-34.8076389424578
48621.1421142114,-34.8193885130891
48628.1378137814,-34.831140148774
48635.1335133513,-34.8428880264602
48642.1292129213,-34.8546269720875
48649.1249124913,-34.8663523634839
48656.1206120612,-34.8780600502204
48663.1163116312,-34.8897462870739
48670.1120112011,-34.9014076784831
48677.1077107711,-34.9130411319302
48684.103410341,-34.9246438186273
48691.099109911,-34.936213140203
48698.094809481,-34.9477467003552
48705.0905090509,-34.9592422806228
48712.0862086209,-34.9706978196051
48719.0819081908,-34.9821113950582
48726.0776077608,-34.9934812084332
48733.0733073307,-35.0048055714634
48740.0690069007,-35.0160828944966
48747.0647064706,-35.0273116763217
48754.0604060406,-35.0384904952583
48761.0561056106,-35.0496180013456
48768.0518051805,-35.060692909467
48775.0475047505,-35.0717139932893
48782.0432043204,-35.0826800799021
48789.0389038904,-35.0935900450689
48796.0346034603,-35.1044428090118
48803.0303030303,-35.1152373326566
48810.0260026003,-35.1259726142871
48817.0217021702,-35.1366476865547
48824.0174017402,-35.1472616138008
48831.0131013101,-35.1578134896529
48838.0088008801,-35.1683024348645
48845.00450045,-35.1787275953694
48852.00020002,-35.1890881405221
48858.99589959,-35.199383261503
48865.9915991599,-35.2096121698748
48872.9872987299,-35.2197740962551
48879.9829982998,-35.2298682891093
48886.9786978698,-35.2398940136306
48893.9743974397,-35.2498505506978
48900.9700970097,-35.2597371958935
48907.9657965797,-35.2695532585679
48914.9614961496,-35.2792980609202
48921.9571957196,-35.2889709370788
48928.9528952895,-35.2985712321493
48935.9485948595,-35.3080983011806
48942.9442944294,-35.3175515079956
48949.9399939994,-35.3269302237937
48956.9356935694,-35.3362338253912
48963.9313931393,-35.3454616928825
48970.9270927093,-35.3546132063842
48977.9227922792,-35.3636877412526
48984.9184918492,-35.3726846607606
48991.9141914191,-35.3816033042867
48998.9098909891,-35.3904429672901
49005.9055905591,-35.3992028652725
49012.901290129,-35.4078820642542
49019.896989699,-35.4164793344396
49026.8926892689,-35.4249928053074
49033.8883888389,-35.4334190151946
49040.8840884088,-35.4417496011077
49047.8797879788,-35.4499539647622
49054.8754875488,-35.457712049235
49061.8711871187,-35.4668934840137
49068.8668866887,-35.474644863952
49075.8625862586,-35.4825294582405
49082.8582858286,-35.4903652285838
49089.8539853985,-35.4981286141252
49096.8496849685,-35.5058126302036
49103.8453845384,-35.5134142855516
49110.8410841084,-35.5209319544737
49117.8367836784,-35.5283645858262
49124.8324832483,-35.5357114072111
49131.8281828183,-35.5429717968484
49138.8238823882,-35.55014522181
49145.8195819582,-35.5572312057003
49152.8152815281,-35.5642293106071
49159.8109810981,-35.5711391264765
49166.8066806681,-35.5779602645812
49173.802380238,-35.5846923533494
49180.798079808,-35.5913350356183
49187.7937793779,-35.5978879667774
49194.7894789479,-35.6043508134819
49201.7851785178,-35.6107232527414
49208.7808780878,-35.6170049712663
49215.7765776578,-35.623195664989
49222.7722772277,-35.6292950387113
49229.7679767977,-35.6353028058358
49236.7636763676,-35.6412186881667
49243.7593759376,-35.6470424157566
49250.7550755075,-35.6527737267876
49257.7507750775,-35.6584123674803
49264.7464746475,-35.6639580920244
49271.7421742174,-35.6694106625201
49278.7378737874,-35.6747698489374
49285.7335733573,-35.6800354290823
49292.7292729273,-35.6852071885678
49299.7249724972,-35.6902849207955
49306.7206720672,-35.6952684269369
49313.7163716372,-35.700157515921
49320.7120712071,-35.7049520044232
49327.7077707771,-35.7096517168566
49334.703470347,-35.7142564853639
49341.699169917,-35.718766149813
49348.6948694869,-35.7231805577877
49355.6905690569,-35.727499564587
49362.6862686269,-35.7317230332143
49369.6819681968,-35.7358508343775
49376.6776677668,-35.7398828464789
49383.6733673367,-35.7438189556109
49390.6690669067,-35.7476590555504
49397.6647664766,-35.7514030477503
49404.6604660466,-35.755050841331
49411.6561656166,-35.7586023530722
49418.6518651865,-35.7620575074047
49425.6475647565,-35.7654162363974
49432.6432643264,-35.7686784797462
49439.6389638964,-35.7718441847637
49446.6346634663,-35.7749133063608
49453.6303630363,-35.7778858070374
49460.6260626063,-35.780761656862
49467.6217621762,-35.7835408334573
49474.6174617462,-35.7862233219792
49481.6131613161,-35.7888091151
49488.6088608861,-35.7912982129867
49495.604560456,-35.7936906232777
49502.600260026,-35.7959863610614
49509.595959596,-35.7981854488509
49516.5916591659,-35.800287916557
49523.5873587359,-35.8022938014645
49530.5830583058,-35.8042031482006
49537.5787578758,-35.8060160087072
49544.5744574457,-35.8077324422094
49551.5701570157,-35.8093525151836
49558.5658565857,-35.810876301325
49565.5615561556,-35.812303881511
49572.5572557256,-35.8136353437685
49579.5529552955,-35.8148707832348
49586.5486548655,-35.8160103021187
49593.5443544354,-35.8170540096651
49600.5400540054,-35.818002022109
49607.5357535754,-35.8188544626374
49614.5314531453,-35.8196114613463
49621.5271527153,-35.8202731551949
49628.5228522852,-35.8208396879618
49635.5185518552,-35.8213112101979
49642.5142514251,-35.8216878791803
49649.5099509951,-35.8219698588621
49656.5056505651,-35.8221573198247
49663.501350135,-35.822250439226
49670.497049705,-35.8222494007493
49677.4927492749,-35.8221543945515
49684.4884488449,-35.8219656172092
49691.4841484148,-35.8216832716627
49698.4798479848,-35.8213075671644
49705.4755475548,-35.820838719219
49712.4712471247,-35.8202769495294
49719.4669466947,-35.8196224859358
49726.4626462646,-35.8188755623606
49733.4583458346,-35.8180364187456
49740.4540454045,-35.8171053009961
49747.4497449745,-35.816082460915
49754.4454445444,-35.8149681561449
49761.4411441144,-35.8137626501063
49768.4368436844,-35.8124662119316
49775.4325432543,-35.8110791164059
49782.4282428243,-35.8096016439005
49789.4239423942,-35.8080340803098
49796.4196419642,-35.8063767169865
49803.4153415341,-35.8046298506759
49810.4110411041,-35.8027937834518
49817.4067406741,-35.8008688226494
49824.402440244,-35.7988552808009
49831.398139814,-35.7967534755666
49838.3938393839,-35.7945637296727
49845.3895389539,-35.792286370841
49852.3852385238,-35.7899217317241
49859.3809380938,-35.7874701498392
49866.3766376638,-35.7849319675001
49873.3723372337,-35.7823075317543
49880.3680368037,-35.7795971943122
49887.3637363736,-35.7768013114872
49894.3594359436,-35.7739202441228
49901.3551355135,-35.7709543575361
49908.3508350835,-35.7679040214475
49915.3465346535,-35.7647696099198
49922.3422342234,-35.7615515012928
49929.3379337934,-35.7582500781255
49936.3336333633,-35.7548657271303
49943.3293329333,-35.7513988391173
49950.3250325032,-35.7478498089338
49957.3207320732,-35.7442190354069
49964.3164316432,-35.7405069212904
49971.3121312131,-35.7367138732085
49978.3078307831,-35.7328403016071
49985.303530353,-35.7288866207048
49992.299229923,-35.7248532484453
49999.294929493,-35.720740606456
50006.2906290629,-35.716549120006
50013.2863286329,-35.7122792179745
50020.2820282028,-35.7079313328144
50027.2777277728,-35.7035059005295
50034.2734273427,-35.6990033606513
50041.2691269127,-35.6944241562251
50048.2648264826,-35.6897687338005
50055.2605260526,-35.6850375434328
50062.2562256226,-35.6802310386917
50069.2519251925,-35.6753496766786
50076.2476247625,-35.6703939180598
50083.2433243324,-35.6653642271082
50090.2390239024,-35.660261071764
50097.2347234723,-35.6550849237105
50104.2304230423,-35.6498362584713
50111.2261226123,-35.6445155555303
50118.2218221822,-35.639123298481
50125.2175217522,-35.6336599752009
50132.2132213221,-35.6281260780718
50139.2089208921,-35.6225221042353
50146.204620462,-35.6168485559053
50153.200320032,-35.6111059407367
50160.196019602,-35.6052947722647
50167.1917191719,-35.5994155704347
50174.1874187419,-35.5934688622272
50181.1831183118,-35.5874551824122
50188.1788178818,-35.5813750744448
50195.1745174517,-35.5752290915489
50202.1702170217,-35.5690177980165
50209.1659165917,-35.5627417707837
50216.1616161616,-35.5564016013405
50223.1573157316,-35.5499978980669
50230.1530153015,-35.5435312890944
50237.1487148715,-35.5370024258428
50244.1444144414,-35.5304119874143
50251.1401140114,-35.5237606860961
50258.1358135814,-35.5170492743029
50265.1315131513,-35.5102785534187
50272.1272127213,-35.5034493851626
50279.1229122912,-35.4965627063566
50286.1186118612,-35.4896195483348
50293.1143114311,-35.4826210627931
50300.1100110011,-35.4755685566902
50307.1057105711,-35.4684635401387
50314.101410141,-35.4613077932726
50321.097109711,-35.4541034614832
50328.0928092809,-35.4468531941079
50335.0885088509,-35.439560351599
50342.0842084208,-35.4322293241362
50349.0799079908,-35.4248660384925
50356.0756075607,-35.4174787970591
50363.0713071307,-35.410079734101
50370.0670067007,-35.4026874929514
50377.0627062706,-35.3953325123305
50384.0584058406,-35.3880684635809
50391.0541054105,-35.3810001970686
50398.0498049805,-35.3743648061636
50405.0455045504,-35.3688382007478
50412.0412041204,-35.367431536698
50419.0369036904,-35.4491137803954
50426.0326032603,-35.3176265602906
50433.0283028303,-35.3200411901225
50440.0240024002,-35.3149810111306
50447.0197019702,-35.3082412943311
50454.0154015401,-35.3008322093832
50461.0111011101,-35.2930728121539
50468.0068006801,-35.285095959381
50475.00250025,-35.2769670004063
50481.99819982,-35.2687219435076
50488.9938993899,-35.2603823589284
50495.9895989599,-35.2519620358113
50502.9852985298,-35.2434702667176
50509.9809980998,-35.2349135977557
50516.9766976698,-35.2262968201716
50523.9723972397,-35.2176235611131
50530.9680968097,-35.2088966506641
50537.9637963796,-35.2001183581277
50544.9594959496,-35.1912905488488
50551.9551955195,-35.1824147910997
50558.9508950895,-35.1734924306377
50565.9465946595,-35.164524643803
50572.9422942294,-35.1555124760214
50579.9379937994,-35.1464568701941
50586.9336933693,-35.1373586879417
50593.9293929393,-35.1282187257133
50600.9250925092,-35.1190377271561
50607.9207920792,-35.1098163927197
50614.9164916492,-35.1005553871889
50621.9121912191,-35.0912553456509
50628.9078907891,-35.081916878264
50635.903590359,-35.0725405741016
50642.899289929,-35.0631270042684
50649.894989499,-35.0536767244562
50656.8906890689,-35.0441902770479
50663.8863886389,-35.0346681928596
50670.8820882088,-35.0251109925991
50677.8777877788,-35.0155191880923
50684.8734873487,-35.005893283316
50691.8691869187,-34.9962337752833
50698.8648864886,-34.9865411547988
50705.8605860586,-34.9768159071128
50712.8562856286,-34.9670585124883
50719.8519851985,-34.9572694467003
50726.8476847685,-34.9474491814764
50733.8433843384,-34.9375981848901
50740.8390839084,-34.927716921715
50747.8347834783,-34.9178058537478
50754.8304830483,-34.9078654401073
50761.8261826183,-34.8978961375121
50768.8218821882,-34.8878984005433
50775.8175817582,-34.8778726818972
50782.8132813281,-34.8678194326318
50789.8089808981,-34.8577391024079
50796.804680468,-34.8476321397313
50803.800380038,-34.8374989921983
50810.796079608,-34.8273401067494
50817.7917791779,-34.8171559299276
50824.7874787479,-34.8069469081559
50831.7831783178,-34.7967134880274
50838.7788778878,-34.7864561166171
50845.7745774577,-34.7761752418167
50852.7702770277,-34.7658713127026
50859.7659765977,-34.7555447799321
50866.7616761676,-34.7451960961827
50873.7573757376,-34.734825716637
50880.7530753075,-34.7244340995219
50887.7487748775,-34.714021706707
50894.7444744474,-34.7035890043797
50901.7401740174,-34.6931364637985
50908.7358735874,-34.6826645621469
50915.7315731573,-34.6721737835009
50922.7272727273,-34.6616646199242
50929.7229722972,-34.6511375727221
50936.7186718672,-34.6405931538748
50943.7143714371,-34.6300318876828
50950.7100710071,-34.6194543126666
50957.7057705771,-34.6088609837612
50964.701470147,-34.5982524748718
50971.697169717,-34.587629381848
50978.6928692869,-34.5769923259751
50985.6885688569,-34.5663419580771
50992.6842684268,-34.5556789633712
50999.6799679968,-34.5450040672325
51006.6756675668,-34.5343180420813
51013.6713671367,-34.5236217156481
51020.6670667067,-34.5129159809634
51027.6627662766,-34.5022018084929
51034.6584658466,-34.4914802609849
51041.6541654165,-34.4807525117622
51048.6498649865,-34.470019867431
51055.6455645565,-34.4592837963012
51062.6412641264,-34.4485459642664
51069.6369636964,-34.4378082805391
51076.6326632663,-34.427072956547
51083.6283628363,-34.4163425826276
51090.6240624062,-34.4056202291399
51097.6197619762,-34.3949095815647
51104.6154615462,-34.3842151237117
51111.6111611161,-34.3735423902868
51118.6068606861,-34.3628983215088
51125.602560256,-34.3522917713634
51132.598259826,-34.3417342531735
51139.5939593959,-34.331241062682
51146.5896589659,-34.3208330221664
51153.5853585358,-34.3105392868565
51160.5810581058,-34.300402053672
51167.5767576758,-34.2904848678987
51174.5724572457,-34.280888202185
51181.5681568157,-34.2717810012135
51188.5638563856,-34.2634711990582
51195.5595559556,-34.2565858799867
51202.5552555255,-34.2526290284558
51209.5509550955,-34.2563287068704
51216.5466546655,-34.2937469966245
51223.5423542354,-33.7849647313821
51230.5380538054,-34.113675496683
51237.5337533753,-34.1334938294702
51244.5294529453,-34.1338048217061
51251.5251525152,-34.1286235654889
51258.5208520852,-34.1211349708132
51265.5165516552,-34.112459451618
51272.5122512251,-34.1030922750724
51279.5079507951,-34.0932862170953
51286.503650365,-34.0831838315131
51293.499349935,-34.0728716650546
51300.4950495049,-34.0624053401908
51307.4907490749,-34.0518222665499
51314.4864486449,-34.0411485586211
51321.4821482148,-34.03040302291
51328.4778477848,-34.0195995673516
51335.4735473547,-34.0087487162579
51342.4692469247,-33.9978585956277
51349.4649464946,-33.9869355929357
51356.4606460646,-33.9759848103255
51363.4563456346,-33.9650103829298
51370.4520452045,-33.9540157069331
51377.4477447745,-33.943003605893
51384.4434443444,-33.9319764539686
51391.4391439144,-33.9209362685543
51398.4348434843,-33.9098847808203
51405.4305430543,-33.8988234900811
51412.4262426242,-33.8877537061472
51419.4219421942,-33.8766765826647
51426.4176417642,-33.8655931435878
51433.4133413341,-33.854504304393
51440.4090409041,-33.8434108892054
51447.404740474,-33.8323136447359
51454.400440044,-33.821213251694
51461.396139614,-33.8101103342013
51468.3918391839,-33.7990054675975
51475.3875387539,-33.7878991849532
51482.3832383238,-33.7767919825355
51489.3789378938,-33.7656843244113
51496.3746374637,-33.7545766463489
51503.3703370337,-33.7434693591396
51510.3660366037,-33.7323628514337
51517.3617361736,-33.7212574921766
51524.3574357436,-33.7101536327047
51531.3531353135,-33.6990516085618
51538.3488348835,-33.6879517410719
51545.3445344534,-33.6768543387113
51552.3402340234,-33.665759698305
51559.3359335934,-33.6546681060772
51566.3316331633,-33.6435798385747
51573.3273327333,-33.6324951634789
51580.3230323032,-33.6214143403271
51587.3187318732,-33.6103376211474
51594.3144314431,-33.5992652510284
51601.3101310131,-33.588197468622
51608.3058305831,-33.577134506595
51615.301530153,-33.5660765920335
51622.297229723,-33.5550239468048
51629.2929292929,-33.5439767878846
51636.2886288629,-33.5329353276486
51643.2843284328,-33.5218997741408
51650.2800280028,-33.5108703313108
51657.2757275728,-33.4998471992357
51664.2714271427,-33.4888305743144
51671.2671267127,-33.4778206494509
51678.2628262826,-33.4668176142171
51685.2585258526,-33.4558216550053
51692.2542254225,-33.4448329551641
51699.2499249925,-33.4338516951269
51706.2456245624,-33.4228780525263
51713.2413241324,-33.4119122023029
51720.2370237024,-33.4009543168042
51727.2327232723,-33.390004565873
51734.2284228423,-33.3790631169362
51741.2241224122,-33.3681301350801
51748.2198219822,-33.3572057831244
51755.2155215521,-33.3462902216903
51762.2112211221,-33.3353836092606
51769.2069206921,-33.324486102244
51776.202620262,-33.3135978550246
51783.198319832,-33.3027190200173
51790.1940194019,-33.2918497477128
51797.1897189719,-33.2809901867256
51804.1854185418,-33.2701404838362
51811.1811181118,-33.2593007840286
51818.1768176818,-33.2484712305311
51825.1725172517,-33.2376519648511
51832.1682168217,-33.2268431268074
51839.1639163916,-33.2160448545644
51846.1596159616,-33.2052572846598
51853.1553155316,-33.1944805520361
51860.1510151015,-33.1837147900649
51867.1467146715,-33.1729601305749
51874.1424142414,-33.1622167038757
51881.1381138114,-33.1514846387809
51888.1338133813,-33.1407640626319
51895.1295129513,-33.1300551013174
51902.1252125213,-33.1193578792945
51909.1209120912,-33.1086725196076
51916.1166116612,-33.097999143895
51923.1123112311,-33.087337872616
51930.1080108011,-33.0766888243136
51937.103710371,-33.0660521168459
51944.099409941,-33.0554278664063
51951.0951095109,-33.0448161879333
51958.0908090809,-33.0342171950729
51965.0865086509,-33.0236310001893
51972.0822082208,-33.0130577143787
51979.0779077908,-33.0024974474826
51986.0736073607,-32.9919503080993
51993.0693069307,-32.9814164035955
52000.0650065006,-32.9708958401194
52007.0607060706,-32.9603887226109
52014.0564056406,-32.9498951548122
52021.0521052105,-32.9394152392776
52028.0478047805,-32.9289490773846
52035.0435043504,-32.9184967693424
52042.0392039204,-32.9080584142017
52049.0349034903,-32.8976341098618
52056.0306030603,-32.8872239530816
52063.0263026303,-32.876828039485
52070.0220022002,-32.8664464635708
52077.0177017702,-32.8560793187175
52084.0134013401,-32.8457266971926
52091.0091009101,-32.8353886901575
52098.00480048,-32.8250653876743
52105.00050005,-32.8147568787128
52111.99619962,-32.8044632511533
52118.9918991899,-32.7941845917953
52125.9875987599,-32.7839209863592
52132.9832983298,-32.7736725194921
52139.9789978998,-32.7634392747729
52146.9746974697,-32.753221334714
52153.9703970397,-32.7430187807661
52160.9660966097,-32.7328316933211
52167.9617961796,-32.7226601517142
52174.9574957496,-32.7125042342259
52181.9531953195,-32.7023640180853
52188.9488948895,-32.6922395794692
52195.9445944594,-32.6821309935051
52202.9402940294,-32.6720383342702
52209.9359935994,-32.6619616747926
52216.9316931693,-32.6519010870505
52223.9273927393,-32.6418566419705
52230.9230923092,-32.6318284094277
52237.9187918792,-32.6218164582418
52244.9144914491,-32.611820856176
52251.9101910191,-32.6018416699336
52258.9058905891,-32.5918789651543
52265.901590159,-32.5819328064096
52272.897289729,-32.5720032571974
52279.8929892989,-32.5620903799373
52286.8886888689,-32.5521942359638
52293.8843884388,-32.5423148855186
52300.8800880088,-32.5324523877434
52307.8757875788,-32.5226068006701
52314.8714871487,-32.512778181212
52321.8671867187,-32.5029665851533
52328.8628862886,-32.4931720671358
52335.8585858586,-32.4833946806483
52342.8542854285,-32.4736344780114
52349.8499849985,-32.4638915103635
52356.8456845685,-32.4541658276437
52363.8413841384,-32.4444574785753
52370.8370837084,-32.4347665106457
52377.8327832783,-32.4250929700873
52384.8284828483,-32.4154369018552
52391.8241824182,-32.4057983496028
52398.8198819882,-32.3961773556583
52405.8155815582,-32.3865739609948
52412.8112811281,-32.3769882052041
52419.8069806981,-32.3674201264637
52426.802680268,-32.3578697615027
52433.798379838,-32.348337145567
52440.7940794079,-32.3388223123801
52447.7897789779,-32.3293252941009
52454.7854785478,-32.3198461212813
52461.7811781178,-32.310384822816
52468.7768776878,-32.3009414258931
52475.7725772577,-32.2915159559399
52482.7682768277,-32.2821084365616
52489.7639763976,-32.272718889481
52496.7596759676,-32.26334733447
52503.7553755375,-32.2539937892769
52510.7510751075,-32.244658269549
52517.7467746775,-32.235340788749
52524.7424742474,-32.226041358065
52531.7381738174,-32.216759986315
52538.7338733873,-32.2074966798425
52545.7295729573,-32.1982514424048
52552.7252725272,-32.1890242750542
52559.7209720972,-32.1798151760072
52566.7166716672,-32.1706241405071
52573.7123712371,-32.1614511606724
52580.7080708071,-32.1522962253352
52587.703770377,-32.1431593198671
52594.699469947,-32.1340404259887
52601.6951695169,-32.1249395215668
52608.6908690869,-32.1158565803913
52615.6865686569,-32.1067915719373
52622.6822682268,-32.0977444611042
52629.6779677968,-32.0887152079331
52636.6736673667,-32.0797037673014
52643.6693669367,-32.0707100885885
52650.6650665066,-32.0617341153135
52657.6607660766,-32.0527757847395
52664.6564656466,-32.0438350274412
52671.6521652165,-32.0349117668353
52678.6478647865,-32.0260059186632
52685.6435643564,-32.017117390427
52692.6392639264,-32.0082460807699
52699.6349634964,-31.9993918787971
52706.6306630663,-31.990554663328
52713.6263626363,-31.9817343020722
52720.6220622062,-31.9729306507224
52727.6177617762,-31.9641435519515
52734.6134613461,-31.9553728343028
52741.6091609161,-31.9466183109611
52748.604860486,-31.9378797783875
52755.600560056,-31.9291570148004
52762.596259626,-31.9204497784862
52769.5919591959,-31.9117578059079
52776.5876587659,-31.9030808095954
52783.5833583358,-31.8944184757751
52790.5790579058,-31.8857704617106
52797.5747574757,-31.8771363927048
52804.5704570457,-31.8685158587188
52811.5661566157,-31.8599084105446
52818.5618561856,-31.8513135554628
52825.5575557556,-31.8427307523038
52832.5532553255,-31.8341594058139
52839.5489548955,-31.8255988602079
52846.5446544654,-31.8170483917725
52853.5403540354,-31.8085072003459
52860.5360536054,-31.7999743994799
52867.5317531753,-31.7914490050285
52874.5274527453,-31.7829299218716
52881.5231523152,-31.774415928404
52888.5188518852,-31.7659056583361
52895.5145514551,-31.7573975792521
52902.5102510251,-31.7488899672285
52909.5059505951,-31.7403808766389
52916.501650165,-31.7318681040513
52923.497349735,-31.7233491448191
52930.4930493049,-31.7148211405848
52937.4887488749,-31.7062808153938
52944.4844484448,-31.6977243974275
52951.4801480148,-31.6891475224345
52958.4758475848,-31.6805451136624
52965.4715471547,-31.6719112313397
52972.4672467247,-31.663238882294
52979.4629462946,-31.6545197768322
52986.4586458646,-31.6457440150033
52993.4543454345,-31.6368996771028
53000.4500450045,-31.6279722824915
53007.4457445744,-31.6189440645232
53014.4414441444,-31.6097929843118
53021.4371437144,-31.6004913665776
53028.4328432843,-31.591003977101
53035.4285428543,-31.5812852555908
53042.4242424242,-31.5712752369052
53049.4199419942,-31.5608933730512
53056.4156415641,-31.5500288772296
53063.4113411341,-31.5385250691469
53070.4070407041,-31.5261528716463
53077.402740274,-31.512563542183
53084.398439844,-31.4971988076201
53091.3941394139,-31.4791057032911
53098.3898389839,-31.4565129112414
53105.3855385539,-31.425712223955
53112.3812381238,-31.3774153342896
53119.3769376938,-31.2799296687723
53126.3726372637,-30.9091191237477
53133.3683368337,-32.6614749644646
53140.3640364036,-31.7924285982148
53147.3597359736,-31.6588809419753
53154.3554355436,-31.6008443511849
53161.3511351135,-31.5661685446843
53168.3468346835,-31.5417479441381
53175.3425342534,-31.5227422470474
53182.3382338234,-31.5069480604988
53189.3339333933,-31.4932184827885
53196.3296329633,-31.4808976747255
53203.3253325333,-31.469583455929
53210.3210321032,-31.4590154851229
53217.3167316732,-31.4490177993983
53224.3124312431,-31.4394671933139
53231.3081308131,-31.4302748262891
53238.303830383,-31.421375022811
53245.299529953,-31.4127181844697
53252.295229523,-31.4042661540842
53259.2909290929,-31.3959890960316
53266.2866286629,-31.3878633439318
53273.2823282328,-31.3798698825887
53280.2780278028,-31.3719932557808
53287.2737273727,-31.3642207658171
53294.2694269427,-31.3565418760966
53301.2651265127,-31.3489477557523
53308.2608260826,-31.3414309215594
53315.2565256526,-31.3339849377071
53322.2522252225,-31.3266041209564
53329.2479247925,-31.319283123835
53336.2436243624,-31.312015868991
53343.2393239324,-31.3047899843016
53350.2350235023,-31.2974459954601
53357.2307230723,-31.2906508314497
53364.2264226423,-31.2835480663239
53371.2221222122,-31.2765204132533
53378.2178217822,-31.2695412615563
53385.2135213521,-31.2626050551617
53392.2092209221,-31.2557091557381
53399.204920492,-31.2488517894295
53406.200620062,-31.2420315675962
53413.196319632,-31.2352473256223
53420.1920192019,-31.2284980531813
53427.1877187719,-31.2217828575939
53434.1834183418,-31.2151009414364
53441.1791179118,-31.208451587225
53448.1748174817,-31.201834146075
53455.1705170517,-31.1952480288235
53462.1662166217,-31.1886926988265
53469.1619161916,-31.1821676659574
53476.1576157616,-31.1756724815197
53483.1533153315,-31.1692067338817
53490.1490149015,-31.1627700446899
53497.1447144714,-31.1563620655651
53504.1404140414,-31.1499824752015
53511.1361136114,-31.1436309768058
53518.1318131813,-31.1373072958309
53525.1275127513,-31.1310111779584
53532.1232123212,-31.1247423873017
53539.1189118912,-31.1185007048005
53546.1146114611,-31.1122859267782
53553.1103110311,-31.1060978636487
53560.1060106011,-31.0999363387506
53567.101710171,-31.0938011872964
53574.097409741,-31.0876922554218
53581.0931093109,-31.0816093993245
53588.0888088809,-31.0755524844841
53595.0845084508,-31.0695213849518
53602.0802080208,-31.0635159827064
53609.0759075908,-31.057536167064
53616.0716071607,-31.0515818341415
53623.0673067307,-31.0456528863657
53630.0630063006,-31.0397492320235
53637.0587058706,-31.0338707848509
53644.0544054405,-31.0280174636536
53651.0501050105,-31.0221891919615
53658.0458045805,-31.0163858977072
53665.0415041504,-31.0106075129335
53672.0372037204,-31.0048539735209
53679.0329032903,-30.999125218939
53686.0286028603,-30.993421192013
53693.0243024302,-30.987741838711
53700.0200020002,-30.9820871079468
53707.0157015702,-30.9764569513949
53714.0114011401,-30.9708513233202
53721.0071007101,-30.9652701804221
53728.00280028,-30.9597134816855
53734.99849985,-30.9541811882449
53741.9941994199,-30.9486732632581
53748.9898989899,-30.9431896717863
53755.9855985599,-30.9377303806856
53762.9812981298,-30.9322953585025
53769.9769976998,-30.9268845753782
53776.9726972697,-30.9214980029591
53783.9683968397,-30.9161356143128
53790.9640964096,-30.9107973838485
53797.9597959796,-30.9054832872449
53804.9554955495,-30.9001933013796
53811.9511951195,-30.894927404267
53818.9468946895,-30.8896855749937
53825.9425942594,-30.8844677936652
53832.9382938294,-30.8792740413506
53839.9339933993,-30.8741043000326
53846.9296929693,-30.86895855256
53853.9253925392,-30.8638367826039
53860.9210921092,-30.8587389746154
53867.9167916792,-30.8536651137852
53874.9124912491,-30.8486151860079
53881.9081908191,-30.843589177846
53888.903890389,-30.838587076497
53895.899589959,-30.8336088697621
53902.8952895289,-30.828654546017
53909.8909890989,-30.823724094183
53916.8866886689,-30.8188175037014
53923.8823882388,-30.8139347645093
53930.8780878088,-30.8090758670143
53937.8737873787,-30.8042408020731
53944.8694869487,-30.7994295609706
53951.8651865186,-30.7946421353989
53958.8608860886,-30.7898785174394
53965.8565856586,-30.7851386995442
53972.8522852285,-30.7804226745183
53979.8479847985,-30.7757304355048
53986.8436843684,-30.7710619759685
53993.8393839384,-30.766417289682
54000.8350835083,-30.7617963707107
54007.8307830783,-30.7571992134008
54014.8264826483,-30.752625812366
54021.8221822182,-30.7480761624752
54028.8178817882,-30.7435502588431
54035.8135813581,-30.7390480968163
54042.8092809281,-30.7345696719661
54049.8049804981,-30.7301149800762
54056.800680068,-30.725684017135
54063.796379638,-30.7212767793257
54070.7920792079,-30.716893263019
54077.7877787779,-30.7125334647636
54084.7834783478,-30.7081973812793
54091.7791779178,-30.7038850094496
54098.7748774878,-30.6995963463142
54105.7705770577,-30.695331389063
54112.7662766277,-30.6910901350293
54119.7619761976,-30.6868725816838
54126.7576757676,-30.682678726628
54133.7533753375,-30.6785085675902
54140.7490749075,-30.6743621024184
54147.7447744774,-30.6702393290769
54154.7404740474,-30.6661402456397
54161.7361736174,-30.6620648502873
54168.7318731873,-30.6580131413013
54175.7275727573,-30.6539851170604
54182.7232723272,-30.6499807760363
54189.7189718972,-30.6460001167899
54196.7146714671,-30.642043137967
54203.7103710371,-30.6381098382958
54210.7060706071,-30.6342002165819
54217.701770177,-30.6303142717066
54224.697469747,-30.6264520026223
54231.6931693169,-30.6226134083501
54238.6888688869,-30.6187984879774
54245.6845684568,-30.6150072406537
54252.6802680268,-30.6112396655893
54259.6759675968,-30.6074957620517
54266.6716671667,-30.6037755293636
54273.6673667367,-30.6000789669001
54280.6630663066,-30.5964060740874
54287.6587658766,-30.5927568503989
54294.6544654465,-30.5891312953543
54301.6501650165,-30.5855294085174
54308.6458645865,-30.5819511894935
54315.6415641564,-30.5783966379276
54322.6372637264,-30.5748657535035
54329.6329632963,-30.5713585359411
54336.6286628663,-30.567874984994
54343.6243624362,-30.5644151004495
54350.6200620062,-30.5609788821258
54357.6157615761,-30.5575663298704
54364.6114611461,-30.5541774435595
54371.6071607161,-30.5508122230954
54378.602860286,-30.5474706684056
54385.598559856,-30.5441527794416
54392.5942594259,-30.5408585561767
54399.5899589959,-30.5375879986057
54406.5856585658,-30.5343411067431
54413.5813581358,-30.531117880621
54420.5770577058,-30.5279183202902
54427.5727572757,-30.524742425816
54434.5684568457,-30.5215901972791
54441.5641564156,-30.5184616347738
54448.5598559856,-30.5153567384066
54455.5555555556,-30.5122755082953
54462.5512551255,-30.5092179445682
54469.5469546955,-30.506184047362
54476.5426542654,-30.5031738168218
54483.5383538354,-30.5001872530991
54490.5340534053,-30.4972243563517
54497.5297529753,-30.4942851267415
54504.5254525453,-30.4913695644342
54511.5211521152,-30.4884776695981
54518.5168516852,-30.4856094424022
54525.5125512551,-30.4827648830167
54532.5082508251,-30.4799439916104
54539.503950395,-30.4771467683503
54546.499649965,-30.4743732134006
54553.495349535,-30.4716233269207
54560.4910491049,-30.4688971090653
54567.4867486749,-30.4661945599825
54574.4824482448,-30.4635156798128
54581.4781478148,-30.4608604686874
54588.4738473847,-30.4582289267276
54595.4695469547,-30.4556210540434
54602.4652465246,-30.4530368507322
54609.4609460946,-30.4504763168772
54616.4566456646,-30.4479394525462
54623.4523452345,-30.4454262577902
54630.4480448045,-30.4429367326422
54637.4437443744,-30.440470877115
54644.4394439444,-30.4380286912004
54651.4351435143,-30.4356101748673
54658.4308430843,-30.4332153280597
54665.4265426543,-30.4308441506954
54672.4222422242,-30.4284966426641
54679.4179417942,-30.4261728038251
54686.4136413641,-30.4238726340059
54693.4093409341,-30.4215961329996
54700.405040504,-30.4193433005637
54707.400740074,-30.4171141364162
54714.396439644,-30.4149086402351
54721.3921392139,-30.4127268116544
54728.3878387839,-30.4105686502623
54735.3835383538,-30.4084341555986
54742.3792379238,-30.4063233271508
54749.3749374937,-30.4042361643525
54756.3706370637,-30.4021726665793
54763.3663366337,-30.4001328331454
54770.3620362036,-30.3981166633005
54777.3577357736,-30.396124156226
54784.3534353435,-30.3941553110304
54791.3491349135,-30.3922101267468
54798.3448344834,-30.3902886023253
54805.3405340534,-30.3883907366328
54812.3362336234,-30.3865165284439
54819.3319331933,-30.3846659764378
54826.3276327633,-30.3828390791927
54833.3233323332,-30.3810358351786
54840.3190319032,-30.379256242753
54847.3147314731,-30.3775003001522
54854.3104310431,-30.3757680054855
54861.3061306131,-30.3740593567274
54868.301830183,-30.3723743517087
54875.297529753,-30.3707129881096
54882.2932293229,-30.3690752634486
54889.2889288929,-30.3674611750743
54896.2846284628,-30.3658707201538
54903.2803280328,-30.3643038956625
54910.2760276028,-30.3627606983712
54917.2717271727,-30.3612411248337
54924.2674267427,-30.3597451713734
54931.2631263126,-30.358272834068
54938.2588258826,-30.3568241087339
54945.2545254525,-30.3553989909097
54952.2502250225,-30.3539974758369
54959.2459245925,-30.3526195584409
54966.2416241624,-30.3512652333101
54973.2373237324,-30.3499344946718
54980.2330233023,-30.3486273363692
54987.2287228723,-30.3473437518337
54994.2244224422,-30.3460837340561
55001.2201220122,-30.3448472755561
55008.2158215822,-30.3436343683474
55015.2115211521,-30.3424450039024
55022.2072207221,-30.341279173111
55029.202920292,-30.3401368662384
55036.198619862,-30.339018072878
55043.1943194319,-30.3379227818984
55050.1900190019,-30.3368509813899
55057.1857185719,-30.3358026586015
55064.1814181418,-30.3347777998742
55071.1771177118,-30.3337763905687
55078.1728172817,-30.3327984149835
55085.1685168517,-30.3318438562677
55092.1642164216,-30.3309126963235
55099.1599159916,-30.3300049156986
55106.1556155616,-30.3291204934687
55113.1513151315,-30.3282594071069
55120.1470147015,-30.3274216323379
55127.1427142714,-30.32660714298
55134.1384138414,-30.3258159107644
55141.1341134113,-30.325047905138
55148.1298129813,-30.3243030930425
55155.1255125513,-30.3235814386663
55162.1212121212,-30.322882903168
55169.1169116912,-30.3222074443661
55176.1126112611,-30.3215550163884
55183.1083108311,-30.3209255692784
55190.104010401,-30.3203190485498
55197.099709971,-30.3197353946812
55204.095409541,-30.3191745425433
55211.0911091109,-30.3186364207436
55218.0868086809,-30.318120950882
55225.0825082508,-30.3176280466929
55232.0782078208,-30.3171576130618
55239.0739073907,-30.3167095448898
55246.0696069607,-30.3162837257803
55253.0653065306,-30.3158800265105
55260.0610061006,-30.3154983032521
55267.0567056706,-30.315138395485
55274.0524052405,-30.3148001235445
55281.0481048105,-30.3144832857232
55288.0438043804,-30.3141876548328
55295.0395039504,-30.3139129740978
55302.0352035203,-30.3136589522347
55309.0309030903,-30.3134252575127
55316.0266026603,-30.3132115105463
55323.0223022302,-30.3130172754903
55330.0180018002,-30.3128420492099
55337.0137013701,-30.312685247858
55344.0094009401,-30.31254619011
55351.00510051,-30.3124240760362
55358.00080008,-30.3123179602367
55364.99649965,-30.3122267173254
55371.9921992199,-30.3121489971016
55378.9878987899,-30.3120831656219
55385.9835983598,-30.3120272267141
55392.9792979298,-30.3119787159183
55399.9749974998,-30.3119345548471
55406.9706970697,-30.3118908475928
55413.9663966397,-30.3118425903642
55420.9620962096,-30.3117832479112
55427.9577957796,-30.311704119531
55434.9534953495,-30.3115933616993
55441.9491949195,-30.3114344288306
55448.9448944894,-30.3112034834924
55455.9405940594,-30.3108648830848
55462.9362936294,-30.3103628406938
55469.9319931993,-30.3096048540965
55476.9276927693,-30.3084255558852
55483.9233923392,-30.3064973791394
55490.9190919092,-30.3030670977974
55497.9147914791,-30.2959317764789
55504.9104910491,-30.2747173459045
55511.9061906191,-29.7154143442528
55518.901890189,-30.3736434694902
55525.897589759,-30.3467617468097
55532.8932893289,-30.3386890582176
55539.8889888989,-30.3350571592462
55546.8846884688,-30.3331740420875
55553.8803880388,-30.3321659807679
55560.8760876088,-30.3316641460834
55567.8717871787,-30.3314859408897
55574.8674867487,-30.3315306338056
55581.8631863186,-30.3317381046432
55588.8588858886,-30.3320702529725
55595.8545854585,-30.3325017632109
55602.8502850285,-30.333015157706
55609.8459845985,-30.3335979818067
55616.8416841684,-30.3342411207929
55623.8373837384,-30.3349377510487
55630.8330833083,-30.3356826631188
55637.8287828783,-30.3364718113938
55644.8244824482,-30.3373020065885
55651.8201820182,-30.3381707008363
55658.8158815881,-30.3390758344182
55665.8115811581,-30.3400157244379
55672.8072807281,-30.3409889826398
55679.802980298,-30.3419944538408
55686.798679868,-30.343031169181
55693.7943794379,-30.3440983102011
55700.7900790079,-30.3451951809207
55707.7857785778,-30.3463211859211
55714.7814781478,-30.3474758129721
55721.7771777178,-30.3486586191451
55728.7728772877,-30.3498692196194
55735.7685768577,-30.3511072785943
55742.7642764276,-30.3523725018563
55749.7599759976,-30.3536646306651
55756.7556755675,-30.3549834366626
55763.7513751375,-30.356328717731
55770.7470747075,-30.3577002943462
55777.7427742774,-30.359098006689
55784.7384738474,-30.3605217120994
55791.7341734173,-30.3619712829435
55798.7298729873,-30.3634466047904
55805.7255725573,-30.3649475748505
55812.7212721272,-30.3664741006325
55819.7169716972,-30.3680260987838
55826.7126712671,-30.3696034940876
55833.7083708371,-30.371206218589
55840.704070407,-30.372834210836
55847.699769977,-30.3744874152138
55854.695469547,-30.3761657813629
55861.6911691169,-30.3778692636664
55868.6868686869,-30.3795978207981
55875.6825682568,-30.3813514153252
55882.6782678268,-30.3831300133539
55889.6739673967,-30.3849335842169
55896.6696669667,-30.3867621001947
55903.6653665367,-30.3886155362686
55910.6610661066,-30.3904938698979
55917.6567656766,-30.3923970808236
55924.6524652465,-30.3943251508904
55931.6481648165,-30.3962780638899
55938.6438643864,-30.3982558054162
55945.6395639564,-30.40025836274
55952.6352635264,-30.4022857246935
55959.6309630963,-30.4043378815665
55966.6266626663,-30.4064148250145
55973.6223622362,-30.408516547975
55980.6180618062,-30.4106430445921
55987.6137613761,-30.4127943101497
55994.6094609461,-30.4149703410106
56001.605160516,-30.4171711345623
56008.600860086,-30.4193966891682
56015.596559656,-30.4216470041243
56022.5922592259,-30.4239220796211
56029.5879587959,-30.4262219167089
56036.5836583658,-30.4285465172687
56043.5793579358,-30.4308958839851
56050.5750575057,-30.4332700203236
56057.5707570757,-30.4356689305129
56064.5664566457,-30.438092619527
56071.5621562156,-30.4405410930738
56078.5578557856,-30.4430143575834
56085.5535553555,-30.4455124202031
56092.5492549255,-30.4480352887898
56099.5449544954,-30.4505829719112
56106.5406540654,-30.4531554788443
56113.5363536354,-30.4557528195794
56120.5320532053,-30.4583750048268
56127.5277527753,-30.4610220460239
56134.5234523452,-30.4636939553471
56141.5191519152,-30.4663907457259
56148.5148514852,-30.4691124308594
56155.5105510551,-30.471859025235
56162.5062506251,-30.4746305441525
56169.501950195,-30.4774270037484
56176.497649765,-30.4802484210256
56183.4933493349,-30.4830948138856
56190.4890489049,-30.4859662011647
56197.4847484748,-30.4888626026744
56204.4804480448,-30.4917840392461
56211.4761476148,-30.494730532779
56218.4718471847,-30.4977021062953
56225.4675467547,-30.5006987839988
56232.4632463246,-30.5037205913409
56239.4589458946,-30.5067675550909
56246.4546454645,-30.5098397034155
56253.4503450345,-30.5129370659645
56260.4460446045,-30.5160596739648
56267.4417441744,-30.5192075603246
56274.4374437444,-30.5223807597466
56281.4331433143,-30.5255793088529
56288.4288428843,-30.5288032463224
56295.4245424542,-30.5320526130415
56302.4202420242,-30.5353274522697
56309.4159415942,-30.5386278098242
56316.4116411641,-30.5419537342803
56323.4073407341,-30.5453052771956
56330.403040304,-30.5486824933568
56337.398739874,-30.5520854410539
56344.394439444,-30.5555141823826
56351.3901390139,-30.558968783584
56358.3858385839,-30.5624493154185
56365.3815381538,-30.5659558535871
56372.3772377238,-30.5694884791986
56379.3729372937,-30.5730472792954
56386.3686368637,-30.576632347442
56393.3643364336,-30.5802437843886
56400.3600360036,-30.5838816988161
56407.3557355736,-30.5875462081808
56414.3514351435,-30.59123743967
56421.3471347135,-30.5949555312867
56428.3428342834,-30.5987006330861
56435.3385338534,-30.6024729085848
56442.3342334233,-30.6062725363799
56449.3299329933,-30.6100997120031
56456.3256325632,-30.613954650063
56463.3213321332,-30.6178375867201
56470.3170317032,-30.6217487825609
56477.3127312731,-30.6256885259472
56484.3084308431,-30.629657136934
56491.304130413,-30.6336549718738
56498.299829983,-30.6376824288476
56505.2955295529,-30.6417399541083
56512.2912291229,-30.6458280497553
56519.2869286929,-30.64994728293
56526.2826282628,-30.6540982968933
56533.2783278328,-30.6582818244513
56540.2740274027,-30.6624987043277
56547.2697269727,-30.6667499012728
56554.2654265426,-30.6710365309362
56561.2611261126,-30.6753598908797
56568.2568256826,-30.6797214995698
56575.2525252525,-30.6841231458552
56582.2482248225,-30.6885669523744
56589.2439243924,-30.6930554576887
56596.2396239624,-30.6975917239334
56603.2353235323,-30.7021794797343
56610.2310231023,-30.7068233126539
56617.2267226723,-30.7115289324122
56624.2224222422,-30.7163035372391
56631.2181218122,-30.7211563337882
56638.2138213821,-30.7260992913458
56645.2095209521,-30.7311482635242
56652.205220522,-30.7363247047878
56659.200920092,-30.7416583854988
56666.196619662,-30.7471918558787
56673.1923192319,-30.7529881312503
56680.1880188019,-30.7591446811715
56687.1837183718,-30.7658207100387
56694.1794179418,-30.773295233341
56701.1751175117,-30.7821059005238
56708.1708170817,-30.7934390162767
56715.1665166517,-30.8105297667505
56722.1622162216,-30.8464382714339
56729.1579157916,-31.0765113824116
56736.1536153615,-30.6464006991682
56743.1493149315,-30.732468659465
56750.1450145015,-30.7582195984012
56757.1407140714,-30.7726656860519
56764.1364136414,-30.7830541977529
56771.1321132113,-30.7915381784067
56778.1278127813,-30.7989832560622
56785.1235123512,-30.8058047387019
56792.1192119212,-30.8122267421046
56799.1149114911,-30.8183808570123
56806.1106110611,-30.8243494318251
56813.1063106311,-30.8301866375249
56820.102010201,-30.835929571602
56827.097709771,-30.8416044947796
56834.0934093409,-30.8472305200779
56841.0891089109,-30.8528218909676
56848.0848084808,-30.8583894404328
56855.0805080508,-30.8639415550965
56862.0762076208,-30.8694848297964
56869.0719071907,-30.8750245226771
56876.0676067607,-30.8805648782908
56883.0633063306,-30.8861093613107
56890.0590059006,-30.8916608284377
56897.0547054705,-30.8972216567637
56904.0504050405,-30.9027938409374
56911.0461046105,-30.9083790676361
56918.0418041804,-30.9139787732941
56925.0375037504,-30.9195941893226
56932.0332033203,-30.9252263778713
56939.0289028903,-30.9308762603635
56946.0246024603,-30.9365446404534
56953.0203020302,-30.9422322226352
56960.0160016002,-30.947939627439
56967.0117011701,-30.9536674039199
56974.0074007401,-30.9594160399873
56981.00310031,-30.9651859709988
56987.99879988,-30.9709775869494
56994.9944994499,-30.9767912385167
57001.9901990199,-30.9826272421689
57008.9858985899,-30.9884858845027
57015.9815981598,-30.9943674259405
57022.9772977298,-31.0002721038987
57029.9729972997,-31.0062001355089
57036.9686968697,-31.0121517199683
57043.9643964396,-31.018127040576
57050.9600960096,-31.0241262665001
57057.9557955796,-31.0301495543216
57064.9514951495,-31.0361970493847
57071.9471947195,-31.0422688869799
57078.9428942894,-31.0483651933883
57085.9385938594,-31.0544860868019
57092.9342934293,-31.0606316781383
57099.9299929993,-31.0668020717659
57106.9256925692,-31.0729973661468
57113.9213921392,-31.0792176544134
57120.9170917092,-31.0854630248831
57127.9127912791,-31.0917335615209
57134.9084908491,-31.0980293443552
57141.904190419,-31.1043504498545
57148.899889989,-31.110696951266
57155.895589559,-31.1170689189258
57162.8912891289,-31.1234664205394
57169.8869886989,-31.1298895214383
57176.8826882688,-31.1363382848157
57183.8783878388,-31.1428127719434
57190.8740874087,-31.1493130423707
57197.8697869787,-31.1558391541103
57204.8654865487,-31.1623911638102
57211.8611861186,-31.1689691269158
57218.8568856886,-31.1755730978198
57225.8525852585,-31.1822031300073
57232.8482848285,-31.1888592761896
57239.8439843984,-31.1955415884347
57246.8396839684,-31.2022501182935
57253.8353835384,-31.2089849169176
57260.8310831083,-31.21574603518
57267.8267826783,-31.2225335237887
57274.8224822482,-31.2293474334016
57281.8181818182,-31.2361878147408
57288.8138813881,-31.2430547187063
57295.8095809581,-31.2499481964921
57302.8052805281,-31.2568682997043
57309.800980098,-31.2638150804822
57316.796679668,-31.2707885916241
57323.7923792379,-31.2777888867178
57330.7880788079,-31.2848160202787
57337.7837783778,-31.2918700478942
57344.7794779478,-31.2989510263776
57351.7751775177,-31.306059013934
57358.7708770877,-31.3131940703362
57365.7665766577,-31.3203562571167
57372.7622762276,-31.327545637775
57379.7579757976,-31.334762278003
57386.7536753675,-31.3420062459338
57393.7493749375,-31.3492776124138
57400.7450745074,-31.3565764513017
57407.7407740774,-31.3639028398023
57414.7364736474,-31.3712568588349
57421.7321732173,-31.3786385934465
57428.7278727873,-31.3860481332713
57435.7235723572,-31.393485573049
57442.7192719272,-31.4009510132071
57449.7149714971,-31.4084445605199
57456.7106710671,-31.415966328854
57463.7063706371,-31.4235164400194
57470.702070207,-31.4310950247383
57477.697769777,-31.438702223757
57484.6934693469,-31.4463381891256
57491.6891689169,-31.4540030856753
57498.6848684868,-31.4616970927353
57505.6805680568,-31.4694204061322
57512.6762676268,-31.4771732405406
57519.6719671967,-31.4849558322528
57526.6676667667,-31.4927684424831
57533.6633663366,-31.5006113613377
57540.6590659066,-31.5084849126599
57547.6547654765,-31.5163894600607
57554.6504650465,-31.5243254146664
57561.6461646165,-31.5322932455974
57568.6418641864,-31.5402934954412
57575.6375637564,-31.5483268067806
57582.6332633263,-31.5563939800935
57589.6289628963,-31.5644961555357
57596.6246624662,-31.57263582535
57603.6203620362,-31.5808481823888
57610.6160616062,-31.5889987139768
57617.6117611761,-31.5972541331746
57624.6074607461,-31.6055456958481
57631.603160316,-31.6138791422066
57638.598859886,-31.6222576472775
57645.5945594559,-31.6306845616807
57652.5902590259,-31.6391639043911
57659.5859585959,-31.6477006922544
57666.5816581658,-31.6563013310324
57673.5773577358,-31.6649741614851
57680.5730573057,-31.6737302673075
57687.5687568757,-31.682584716261
57694.5644564456,-31.6915585376307
57701.5601560156,-31.7006820044736
57708.5558555856,-31.7100003508865
57715.5515551555,-31.7195843302958
57722.5472547255,-31.7295511835484
57729.5429542954,-31.7401103458613
57736.5386538654,-31.7516762803825
57743.5343534353,-31.7652007296389
57750.5300530053,-31.7834608749719
57757.5257525753,-31.8194676589515
57764.5214521452,-32.4908236615147
57771.5171517152,-31.7122433542645
57778.5128512851,-31.7563291314026
57785.5085508551,-31.7762009076727
57792.504250425,-31.7904362832762
57799.499949995,-31.8024930315172
57806.495649565,-31.8134905217466
57813.4913491349,-31.8239006088288
57820.4870487049,-31.8339566916031
57827.4827482748,-31.843787456351
57834.4784478448,-31.8534696836956
57841.4741474147,-31.8630520265771
57848.4698469847,-31.8725668140968
57855.4655465547,-31.8820363714387
57862.4612461246,-31.8914766146408
57869.4569456946,-31.9008991992322
57876.4526452645,-31.9103128588106
57883.4483448345,-31.9197242687969
57890.4440444044,-31.9291386208994
57897.4397439744,-31.938560015352
57904.4354435443,-31.9479917349739
57911.4311431143,-31.9574364406111
57918.4268426843,-31.9668963130625
57925.4225422542,-31.9763731578503
57932.4182418242,-31.9858684836989
57939.4139413941,-31.9953835621191
57946.4096409641,-32.004919473192
57953.4053405341,-32.0144771411519
57960.401040104,-32.0240573623157
57967.396739674,-32.0336608272205
57974.3924392439,-32.0432881383197
57981.3881388139,-32.0529398242443
57988.3838383838,-32.062616351384
57995.3795379538,-32.0723181333561
58002.3752375238,-32.0820455387998
58009.3709370937,-32.0917988978315
58016.3666366637,-32.1015785074204
58023.3623362336,-32.1113846358919
58030.3580358036,-32.1212175267168
58037.3537353735,-32.1310774017174
58044.3494349435,-32.1409644637908
58051.3451345134,-32.1508788992333
58058.3408340834,-32.1608208797327
58065.3365336534,-32.1707905640795
58072.3322332233,-32.1807880996476
58079.3279327933,-32.190813623675
58086.3236323632,-32.2008672643771
58093.3193319332,-32.2109491419188
58100.3150315032,-32.2210593692642
58107.3107310731,-32.2311980529216
58114.3064306431,-32.2413652935987
58121.302130213,-32.2515611867829
58128.297829783,-32.2617858232503
58135.2935293529,-32.2720392895214
58142.2892289229,-32.2823216682623
58149.2849284929,-32.2926330386452
58156.2806280628,-32.3029734766669
58163.2763276328,-32.3133430554367
58170.2720272027,-32.3237418454325
58177.2677267727,-32.3341699147312
58184.2634263426,-32.3446273292162
58191.2591259126,-32.3551141527646
58198.2548254826,-32.3656304474152
58205.2505250525,-32.3761762735216
58212.2462246225,-32.3867516898901
58219.2419241924,-32.3973567539052
58226.2376237624,-32.4079915216427
58233.2333233323,-32.4186560479746
58240.2290229023,-32.429350386662
58247.2247224722,-32.4400745904417
58254.2204220422,-32.4508287111053
58261.2161216122,-32.4616127995701
58268.2118211821,-32.4724269059454
58275.2075207521,-32.4832710795927
58282.203220322,-32.4941453691811
58289.198919892,-32.5050498227375
58296.1946194619,-32.5159844876941
58303.1903190319,-32.5269494109307
58310.1860186019,-32.5379446388149
58317.1817181718,-32.5489702172379
58324.1774177418,-32.5600261916482
58331.1731173117,-32.5711126070834
58338.1688168817,-32.5822295081981
58345.1645164516,-32.5933769392905
58352.1602160216,-32.6045549443272
58359.1559155915,-32.615763566966
58366.1516151615,-32.627002850576
58373.1473147315,-32.638272838259
58380.1430143014,-32.6495735728648
58387.1387138714,-32.6609050970105
58394.1344134413,-32.6722674530944
58401.1301130113,-32.6836606833113
58408.1258125812,-32.6950848296646
58415.1215121512,-32.7065399339804
58422.1172117212,-32.7180260379176
58429.1129112911,-32.7295431829791
58436.1086108611,-32.7410914105213
58443.104310431,-32.7526707617641
58450.100010001,-32.7642812777979
58457.095709571,-32.7759229995932
58464.0914091409,-32.7875959680061
58471.0871087109,-32.7993002237867
58478.0828082808,-32.8110358075842
58485.0785078508,-32.8228027599527
58492.0742074207,-32.8346011213564
58499.0699069907,-32.846430932176
58506.0656065607,-32.8582922327106
58513.0613061306,-32.8701850631836
58520.0570057006,-32.8821094637456
58527.0527052705,-32.8940654744789
58534.0484048405,-32.9060531353989
58541.0441044104,-32.9180724864581
58548.0398039804,-32.9301235675486
58555.0355035504,-32.9422064185036
58562.0312031203,-32.9543210790996
58569.0269026903,-32.9664675890597
58576.0226022602,-32.9786459880524
58583.0183018302,-32.9908563156951
58590.0140014001,-33.0030986115544
58597.0097009701,-33.0153729151469
58604.0054005401,-33.0276792659397
58611.00110011,-33.0400177033528
58617.99679968,-33.0523882667563
58624.9924992499,-33.0647909954733
58631.9881988199,-33.077225928779
58638.9838983898,-33.0896931059002
58645.9795979598,-33.1021925660158
58652.9752975298,-33.114724348256
58659.9709970997,-33.1272884917018
58666.9666966697,-33.1398850353843
58673.9623962396,-33.1525140182842
58680.9580958096,-33.1651754793307
58687.9537953795,-33.1778694574007
58694.9494949495,-33.1905959913167
58701.9451945194,-33.2033551198472
58708.9408940894,-33.2161468817035
58715.9365936594,-33.2289713155404
58722.9322932293,-33.2418284599524
58729.9279927993,-33.2547183534732
58736.9236923692,-33.2676410345736
58743.9193919392,-33.2805965416603
58750.9150915092,-33.2935849130729
58757.9107910791,-33.3066061870822
58764.9064906491,-33.3196604018886
58771.902190219,-33.3327475956185
58778.897889789,-33.345867806324
58785.8935893589,-33.3590210719779
58792.8892889289,-33.3722074304737
58799.8849884989,-33.3854269196211
58806.8806880688,-33.398679577144
58813.8763876388,-33.411965440678
58820.8720872087,-33.4252845477667
58827.8677867787,-33.4386369358598
58834.8634863486,-33.4520226423094
58841.8591859186,-33.4654417043661
58848.8548854885,-33.4788941591778
58855.8505850585,-33.4923800437842
58862.8462846285,-33.5058993951146
58869.8419841984,-33.5194522499848
58876.8376837684,-33.5330386450921
58883.8333833383,-33.5466586170128
58890.8290829083,-33.5603122021983
58897.8247824782,-33.5739994369707
58904.8204820482,-33.5877203575199
58911.8161816182,-33.6014749998984
58918.8118811881,-33.6152634000182
58925.8075807581,-33.6290855936462
58932.803280328,-33.6429416164
58939.798979898,-33.6568315037434
58946.7946794679,-33.6707552909828
58953.7903790379,-33.684713013261
58960.7860786079,-33.6987047055544
58967.7817781778,-33.7127304026675
58974.7774777478,-33.7267901392282
58981.7731773177,-33.7408839496823
58988.7688768877,-33.7550118682903
58995.7645764576,-33.76917392912
59002.7602760276,-33.7833701660436
59009.7559755976,-33.7976006127303
59016.7516751675,-33.8118653026431
59023.7473747375,-33.8261642690325
59030.7430743074,-33.8404975449297
59037.7387738774,-33.8548651631432
59044.7344734473,-33.8692671562518
59051.7301730173,-33.8837035565991
59058.7258725873,-33.8981743962867
59065.7215721572,-33.9126797071704
59072.7172717272,-33.9272195208517
59079.7129712971,-33.9417938686729
59086.7086708671,-33.9564027817109
59093.7043704371,-33.9710462907699
59100.700070007,-33.9857244263752
59107.695769577,-34.0004372187671
59114.6914691469,-34.0151846978935
59121.6871687169,-34.0299668934044
59128.6828682868,-34.0447838346424
59135.6785678568,-34.0596355506376
59142.6742674268,-34.074522070101
59149.6699669967,-34.0894434214145
59156.6656665667,-34.1043996326266
59163.6613661366,-34.1193907314424
59170.6570657066,-34.1344167452178
59177.6527652765,-34.1494777009504
59184.6484648465,-34.1645736252725
59191.6441644164,-34.1797045444423
59198.6398639864,-34.1948704843377
59205.6355635564,-34.2100714704443
59212.6312631263,-34.2253075278515
59219.6269626963,-34.2405786812408
59226.6226622662,-34.2558849548775
59233.6183618362,-34.2712263726048
59240.6140614061,-34.286602957831
59247.6097609761,-34.3020147335222
59254.6054605461,-34.3174617221945
59261.601160116,-34.3329439459029
59268.596859686,-34.3484614262312
59275.5925592559,-34.3640141842856
59282.5882588259,-34.3796022406812
59289.5839583958,-34.3952256155354
59296.5796579658,-34.4108843284556
59303.5753575357,-34.42657839853
59310.5710571057,-34.4423078443178
59317.5667566757,-34.458072683837
59324.5624562456,-34.4738729345567
59331.5581558156,-34.4897086133832
59338.5538553855,-34.5055797366514
59345.5495549555,-34.5214863201126
59352.5452545254,-34.5374283789241
59359.5409540954,-34.5534059276362
59366.5366536654,-34.5694189801838
59373.5323532353,-34.5854675498707
59380.5280528053,-34.6015516493611
59387.5237523752,-34.6176712906656
59394.5194519452,-34.6338264851305
59401.5151515151,-34.6500172434237
59408.5108510851,-34.6662435755242
59415.5065506551,-34.6825054907071
59422.502250225,-34.6988029975332
59429.497949795,-34.7151361038342
59436.4936493649,-34.7315048166998
59443.4893489349,-34.747909142465
59450.4850485048,-34.7643490866953
59457.4807480748,-34.7808246541747
59464.4764476448,-34.79733584889
59471.4721472147,-34.8138826740177
59478.4678467847,-34.8304651319097
59485.4635463546,-34.8470832240778
59492.4592459246,-34.8637369511804
59499.4549454945,-34.8804263130062
59506.4506450645,-34.8971513084607
59513.4463446345,-34.91391193555
59520.4420442044,-34.9307081913648
59527.4377437744,-34.9475400720663
59534.4334433443,-34.9644075728686
59541.4291429143,-34.9813106880242
59548.4248424842,-34.998249410807
59555.4205420542,-35.0152237334955
59562.4162416242,-35.0322336473572
59569.4119411941,-35.0492791426309
59576.4076407641,-35.0663602084838
59583.403340334,-35.0834768331273
59590.399039904,-35.1006290035293
59597.394739474,-35.1178167056717
59604.3904390439,-35.1350399243914
59611.3861386139,-35.1522986433919
59618.3818381838,-35.1695928452258
59625.3775377538,-35.1869225112746
59632.3732373237,-35.2042876217312
59639.3689368937,-35.2216881555806
59646.3646364636,-35.2391240905822
59653.3603360336,-35.2565954032479
59660.3560356036,-35.2741020688259
59667.3517351735,-35.2916440612782
59674.3474347435,-35.309221353264
59681.3431343134,-35.3268339161157
59688.3388338834,-35.3444817198236
59695.3345334533,-35.3621647330111
59702.3302330233,-35.3798829229173
59709.3259325933,-35.3976362553753
59716.3216321632,-35.4154246947913
59723.3173317332,-35.4332482041242
59730.3130313031,-35.451106744864
59737.3087308731,-35.4690002770115
59744.304430443,-35.4869287590556
59751.300130013,-35.5048921479537
59758.295829583,-35.5228903991087
59765.2915291529,-35.5409234663479
59772.2872287229,-35.558991301902
59779.2829282928,-35.5770938563824
59786.2786278628,-35.5952310787599
59793.2743274327,-35.6134029163437
59800.2700270027,-35.6316093147574
59807.2657265727,-35.6498502179203
59814.2614261426,-35.6681255680228
59821.2571257126,-35.6864353055076
59828.2528252825,-35.7047793690457
59835.2485248525,-35.7231576955156
59842.2442244224,-35.7415702199841
59849.2399239924,-35.7600168756827
59856.2356235624,-35.7784975939879
59863.2313231323,-35.7970123044013
59870.2270227023,-35.8155609345283
59877.2227222722,-35.8341434100601
59884.2184218422,-35.8527596547523
59891.2141214121,-35.8714095904087
59898.2098209821,-35.8900931368608
59905.2055205521,-35.9088102119528
59912.201220122,-35.9275607315229
59919.196919692,-35.9463446093895
59926.1926192619,-35.9651617573347
59933.1883188319,-35.9840120850924
59940.1840184018,-36.0028955003357
59947.1797179718,-36.0218119086643
59954.1754175418,-36.0407612135975
59961.1711171117,-36.0597433165663
59968.1668166817,-36.0787581169058
59975.1625162516,-36.0978055118544
59982.1582158216,-36.116885396552
59989.1539153915,-36.1359976640412
59996.1496149615,-36.1551422052725
60003.1453145315,-36.1743189091134
60010.1410141014,-36.1935276623585
60017.1367136714,-36.2127683497492
60024.1324132413,-36.2320408539915
60031.1281128113,-36.2513450557843
60038.1238123812,-36.2706808338505
60045.1195119512,-36.2900480649773
60052.1152115212,-36.3094466240612
60059.1109110911,-36.3288763841644
60066.1066106611,-36.3483372165772
60073.102310231,-36.3678289908939
60080.098009801,-36.3873515750997
60087.0937093709,-36.4069048356687
60094.0894089409,-36.4264886376812
60101.0851085109,-36.4461028449566
60108.0808080808,-36.4657473202004
60115.0765076508,-36.485421925185
60122.0722072207,-36.505126520943
60129.0679067907,-36.5248609679963
60136.0636063606,-36.5446251266173
60143.0593059306,-36.564418857126
60150.0550055006,-36.5842420202298
60157.0507050705,-36.6040944774141
60164.0464046405,-36.6239760913902
60171.0421042104,-36.6438867266071
60178.0378037804,-36.6638262498435
60185.0335033503,-36.6837945308836
60192.0292029203,-36.7037914433046
60199.0249024902,-36.7238168653788
60206.0206020602,-36.7438706811249
60213.0163016302,-36.7639527815256
60220.0120012001,-36.7840630659475
60227.0077007701,-36.8042014438004
60234.00340034,-36.8243678364833
60240.99909991,-36.8445621796673
60247.9947994799,-36.8647844260037
60254.9904990499,-36.8850345483243
60261.9861986199,-36.905312543459
60268.9818981898,-36.9256184368023
60275.9775977598,-36.9459522878091
60282.9732973297,-36.9663141966376
60289.9689968997,-36.9867043122346
60296.9646964696,-37.0071228422327
60303.9603960396,-37.0275700651499
60310.9560956096,-37.0480463455367
60317.9517951795,-37.0685521529377
60324.9474947495,-37.0890880858184
60331.9431943194,-37.1096549020542
60338.9388938894,-37.1302535581655
60345.9345934593,-37.150885260365
60352.9302930293,-37.1715515317777
60359.9259925993,-37.1922543021319
60366.9216921692,-37.2129960291882
60373.9173917392,-37.233779865801
60380.9130913091,-37.2546098939221
60387.9087908791,-37.2754914590351
60394.904490449,-37.296431659067
60401.900190019,-37.3174400777894
60408.895889589,-37.3385299179421
60415.8915891589,-37.3597198127914
60422.8872887289,-37.3810368405275
60429.8829882988,-37.4025217837408
60436.8786878688,-37.4242388447394
60443.8743874387,-37.4462948869794
60450.8700870087,-37.4688809802033
60457.8657865787,-37.4923722302086
60464.8614861486,-37.5175983334803
60471.8571857186,-37.5465456580255
60478.8528852885,-37.5624510595095
60485.8485848585,-37.3725286314632
60492.8442844284,-37.5381624987728
60499.8399839984,-37.5792693028027
60506.8356835684,-37.607915034416
60513.8313831383,-37.6328886151444
60520.8270827083,-37.6563053859899
60527.8227822782,-37.6789233615963
60534.8184818482,-37.7010800014668
60541.8141814181,-37.7229478937986
60548.8098809881,-37.7446242680259
60555.805580558,-37.766167940963
60562.801280128,-37.7876164799382
60569.796979698,-37.8089949222742
60576.7926792679,-37.8303205277992
60583.7883788379,-37.851605520642
60590.7840784078,-37.8728587469962
60597.7797779778,-37.8940867177847
60604.7754775478,-37.9152942868754
60611.7711771177,-37.9364851052316
60618.7668766877,-37.9576619328232
60625.7625762576,-37.9788268576722
60632.7582758276,-37.9999814527465
60639.7539753975,-38.0211268903435
60646.7496749675,-38.0422640268076
60653.7453745375,-38.063393466181
60660.7410741074,-38.0845156086525
60667.7367736774,-38.1056306878707
60674.7324732473,-38.1267387999975
60681.7281728173,-38.1478399265491
60688.7238723872,-38.1689339525287
60695.7195719572,-38.1900206809291
60702.7152715271,-38.2110998444345
60709.7109710971,-38.232171114927
60716.7066706671,-38.2532341112568
60723.702370237,-38.2742884056429
60730.698069807,-38.2953335289679
60737.6937693769,-38.3163689751842
60744.6894689469,-38.3373942050049
60751.6851685168,-38.3584086489997
60758.6808680868,-38.3794117102138
60765.6765676568,-38.4004027663894
60772.6722672267,-38.4213811718486
60779.6679667967,-38.4423462591144
60786.6636663666,-38.4632973402916
60793.6593659366,-38.4842337082574
60800.6550655066,-38.5051546376922
60807.6507650765,-38.5260593859675
60814.6464646465,-38.5469471939196
60821.6421642164,-38.5678172865253
60828.6378637864,-38.5886688734868
60835.6335633563,-38.6095011497502
60842.6292629263,-38.6303132959564
60849.6249624963,-38.6511044788408
60856.6206620662,-38.671873851586
60863.6163616362,-38.6926205541336
60870.6120612061,-38.7133437134626
60877.6077607761,-38.7340424438377
60884.603460346,-38.7547158470311
60891.599159916,-38.7753630125215
60898.594859486,-38.795983017676
60905.5905590559,-38.8165749279129
60912.5862586259,-38.8371377968522
60919.5819581958,-38.857670666451
60926.5776577658,-38.8781725671298
60933.5733573357,-38.8986425178936
60940.5690569057,-38.9190795264377
60947.5647564757,-38.9394825892527
60954.5604560456,-38.9598506917223
60961.5561556156,-38.9801828082185
60968.5518551855,-39.0004779021905
60975.5475547555,-39.0207349262542
60982.5432543254,-39.040952822276
60989.5389538954,-39.0611305214585
60996.5346534654,-39.0812669444257
61003.5303530353,-39.1013610013039
61010.5260526053,-39.1214115918082
61017.5217521752,-39.1414176053259
61024.5174517452,-39.1613779210017
61031.5131513151,-39.1812914078282
61038.5088508851,-39.2011569247315
61045.504550455,-39.2209733206649
61052.500250025,-39.2407394347022
61059.495949595,-39.2604540961333
61066.4916491649,-39.2801161245671
61073.4873487349,-39.2997243300305
61080.4830483048,-39.3192775130762
61087.4787478748,-39.3387744648948
61094.4744474447,-39.3582139674267
61101.4701470147,-39.3775947934806
61108.4658465847,-39.3969157068555
61115.4615461546,-39.4161754624677
61122.4572457246,-39.4353728064846
61129.4529452945,-39.4545064764568
61136.4486448645,-39.4735752014602
61143.4443444344,-39.4925777022451
61150.4400440044,-39.5115126913832
61157.4357435744,-39.5303788734276
61164.4314431443,-39.5491749450713
61171.4271427143,-39.5678995953167
61178.4228422842,-39.5865515056498
61185.4185418542,-39.6051293502143
61192.4142414241,-39.623631796002
61199.4099409941,-39.6420575030373
61206.4056405641,-39.6604051245792
61213.401340134,-39.678673307318
61220.397039704,-39.6968606915892
61227.3927392739,-39.7149659115841
61234.3884388439,-39.7329875955729
61241.3841384138,-39.7509243661315
61248.3798379838,-39.7687748403742
61255.3755375538,-39.7865376301946
61262.3712371237,-39.8042113425126
61269.3669366937,-39.8217945795243
61276.3626362636,-39.8392859389659
61283.3583358336,-39.8566840143755
61290.3540354035,-39.8739873953671
61297.3497349735,-39.8911946679094
61304.3454345435,-39.9083044146118
61311.3411341134,-39.9253152150143
61318.3368336834,-39.9422256458892
61325.3325332533,-39.9590342815422
61332.3282328233,-39.9757396941267
61339.3239323932,-39.9923404539602
61346.3196319632,-40.0088351298493
61353.3153315332,-40.0252222894187
61360.3110311031,-40.0415004994511
61367.3067306731,-40.0576683262269
61374.302430243,-40.0737243358753
61381.298129813,-40.0896670947286
61388.2938293829,-40.1054951696877
61395.2895289529,-40.1212071285804
61402.2852285229,-40.1368015405446
61409.2809280928,-40.1522769764
61416.2766276628,-40.1676320090375
61423.2723272327,-40.1828652138051
61430.2680268027,-40.1979751689052
61437.2637263726,-40.2129604557957
61444.2594259426,-40.227819659594
61451.2551255126,-40.2425513694887
61458.2508250825,-40.2571541791543
61465.2465246525,-40.271626687172
61472.2422242224,-40.2859674974527
61479.2379237924,-40.3001752196671
61486.2336233623,-40.3142484696778
61493.2293229323,-40.3281858699747
61500.2250225022,-40.3419860501175
61507.2207220722,-40.3556476471775
61514.2164216422,-40.3691693061849
61521.2121212121,-40.3825496805793
61528.2078207821,-40.3957874326621
61535.203520352,-40.4088812340507
61542.199219922,-40.4218297661386
61549.1949194919,-40.4346317205513
61556.1906190619,-40.4472857996114
61563.1863186319,-40.4597907167979
61570.1820182018,-40.4721451972141
61577.1777177718,-40.4843479780496
61584.1734173417,-40.4963978090469
61591.1691169117,-40.5082934529695
61598.1648164816,-40.5200336860659
61605.1605160516,-40.5316172985369
61612.1562156216,-40.5430430950039
61619.1519151915,-40.5543098949693
61626.1476147615,-40.5654165332836
61633.1433143314,-40.5763618606113
61640.1390139014,-40.5871447438862
61647.1347134713,-40.5977640667757
61654.1304130413,-40.6082187301368
61661.1261126113,-40.6185076524711
61668.1218121812,-40.628629770378
61675.1175117512,-40.6385840390017
61682.1132113211,-40.6483694324806
61689.1089108911,-40.6579849443866
61696.104610461,-40.6674295881643
61703.100310031,-40.6767023975635
61710.096009601,-40.6858024270681
61717.0917091709,-40.694728752314
61724.0874087409,-40.7034804705034
61731.0831083108,-40.7120567008078
61738.0788078808,-40.7204565847517
61745.0745074507,-40.7286792865765
61752.0702070207,-40.736723993566
61759.0659065907,-40.7445899163113
61766.0616061606,-40.7522762888581
61773.0573057306,-40.7597823686319
61780.0530053005,-40.7671074358734
61787.0487048705,-40.7742507919409
61794.0444044405,-40.7812117545321
61801.0401040104,-40.7879896429797
61808.0358035804,-40.7945837211486
61815.0315031503,-40.8009928382424
61822.0272027203,-40.8071999800512
61829.0229022902,-40.813264984413
61836.0186018602,-40.8191176912174
61843.0143014301,-40.8247855021049
61850.0100010001,-40.8302669452423
61857.0057005701,-40.8355614306579
61864.00140014,-40.8406685245757
61870.99709971,-40.8455878595966
61877.9927992799,-40.8503191144057
61884.9884988499,-40.8548620082381
61891.9841984198,-40.8592162998628
61898.9798979898,-40.8633817884506
61905.9755975598,-40.8673583155886
61912.9712971297,-40.8711457682668
61919.9669966997,-40.8747440829697
61926.9626962696,-40.8781532511493
61933.9583958396,-40.8813733265678
61940.9540954095,-40.8844044352641
61947.9497949795,-40.8872467892491
61954.9454945495,-40.8899007056904
61961.9411941194,-40.8923666343048
61968.9368936894,-40.8946451973575
61975.9325932593,-40.8967372496057
61982.9282928293,-40.8986439707809
61989.9239923992,-40.9003670132583
61996.9196919692,-40.9019087474663
62003.9153915392,-40.9032726897564
62010.9110911091,-40.9044642931817
62017.9067906791,-40.9054925190536
62024.902490249,-40.9063732651936
62031.898189819,-40.9071378363495
62038.8938893889,-40.9078579155875
62045.8895889589,-40.9087425630023
62052.8852885289,-40.9107739871253
62059.8809880988,-40.9638887037958
62066.8766876688,-40.9008547336024
62073.8723872387,-40.9028826799886
62080.8680868087,-40.9029302920015
62087.8637863786,-40.902370178597
62094.8594859486,-40.9014592599747
62101.8551855186,-40.9002811122882
62108.8508850885,-40.8988712200893
62115.8465846585,-40.8972473342357
62122.8422842284,-40.8954194052555
62129.8379837984,-40.8933935041742
62136.8336833683,-40.8911735841159
62143.8293829383,-40.8887623495776
62150.8250825083,-40.8861617154862
62157.8207820782,-40.8833730606587
62164.8164816482,-40.8803973700568
62171.8121812181,-40.877235312117
62178.8078807881,-40.8738872746609
62185.803580358,-40.8703533711905
62192.799279928,-40.8666334227169
62199.794979498,-40.8627269158908
62206.7906790679,-40.8586329345869
62213.7863786379,-40.8543500582811
62220.7820782078,-40.8498762156511
62227.7777777778,-40.8452084745803
62234.7734773477,-40.84034273826
62241.7691769177,-40.8352732978887
62248.7648764877,-40.8299921590529
62255.7605760576,-40.8244879981889
62262.7562756276,-40.818744490221
62269.7519751975,-40.81273751765
62276.7476747675,-40.8064302803655
62283.7433743374,-40.7997642013345
62290.7390739074,-40.7926407077167
62297.7347734773,-40.7848810634294
62304.7304730473,-40.7761256562944
62311.7261726173,-40.76553054975
62318.7218721872,-40.7505448089623
62325.7175717572,-40.7182081478571
62332.7132713271,-41.0634146290143
62339.7089708971,-40.8039390704432
62346.704670467,-40.7726151745592
62353.700370037,-40.7571535985747
62360.696069607,-40.7456084651312
62367.6917691769,-40.7355539067886
62374.6874687469,-40.7261769684984
62381.6831683168,-40.7171287860658
62388.6788678868,-40.7082352538862
62395.6745674567,-40.69940015889
62402.6702670267,-40.6905663200938
62409.6659665967,-40.6816978872358
62416.6616661666,-40.6727714760108
62423.6573657366,-40.6637713890277
62430.6530653065,-40.6546868825953
62437.6487648765,-40.6455105259928
62444.6444644464,-40.6362371759833
62451.6401640164,-40.6268633136804
62458.6358635864,-40.6173866031987
62465.6315631563,-40.6078055906637
62472.6272627263,-40.5981194947617
62479.6229622962,-40.5883280586315
62486.6186618662,-40.578431443961
62493.6143614361,-40.5684301548662
62500.6100610061,-40.5583249833985
62507.6057605761,-40.5481169712625
62514.601460146,-40.5378073841588
62521.597159716,-40.527397696471
62528.5928592859,-40.5168895849395
62535.5885588559,-40.5062849307448
62542.5842584258,-40.4955858300796
62549.5799579958,-40.4847946139504
62556.5756575658,-40.4739138787478
62563.5713571357,-40.4629465300339
62570.5670567057,-40.4518958433045
62577.5627562756,-40.4407655473043
62584.5584558456,-40.4295599381437
62591.5541554155,-40.418284036563
62598.5498549855,-40.4069438070474
62605.5455545555,-40.3955464677267
62612.5412541254,-40.3841009368808
62619.5369536954,-40.3726184906087
62626.5326532653,-40.3611137569514
62633.5283528353,-40.349606264807
62640.5240524052,-40.3381229447123
62647.5197519752,-40.3267023405281
62654.5154515452,-40.3154020720953
62661.5111511151,-40.3043129071257
62668.5068506851,-40.2935874520583
62675.502550255,-40.2835048880674
62682.498249825,-40.2746385712861
62689.4939493949,-40.2683858609493
62696.4896489649,-40.2692875456052
62703.4853485349,-40.3052613704881
62710.4810481048,-39.9088067483975
62717.4767476748,-40.1378461068011
62724.4724472447,-40.1495098824611
62731.4681468147,-40.145802956811
62738.4638463846,-40.1375940976958
62745.4595459546,-40.1274331487052
62752.4552455245,-40.1162324520674
62759.4509450945,-40.1044000489354
62766.4466446645,-40.0921462445201
62773.4423442344,-40.0795907811463
62780.4380438044,-40.0668071217704
62787.4337433743,-40.0538430625628
62794.4294429443,-40.0407312286261
62801.4251425143,-40.0274948077764
62808.4208420842,-40.0141508657445
62815.4165416542,-40.0007123548076
62822.4122412241,-39.9871893795652
62829.4079407941,-39.9735900217572
62836.403640364,-39.9599208934902
62843.399339934,-39.9461875177747
62850.3950395039,-39.9323945961406
62857.3907390739,-39.9185462005782
62864.3864386439,-39.9046459136441
62871.3821382138,-39.8906969323506
62878.3778377838,-39.876702146317
62885.3735373537,-39.8626641973168
62892.3692369237,-39.8485855251957
62899.3649364937,-39.8344684036623
62906.3606360636,-39.8203149684697
62913.3563356336,-39.8061272398029
62920.3520352035,-39.7919071402298
62927.3477347735,-39.777656509196
62934.3434343434,-39.7633771148265
62941.3391339134,-39.7490706635995
62948.3348334834,-39.7347388083257
62955.3305330533,-39.7203831547783
62962.3262326233,-39.7060052672287
62969.3219321932,-39.6916066730905
62976.3176317632,-39.6771888668562
62983.3133313331,-39.6627533134267
62990.3090309031,-39.6483014509611
62997.304730473,-39.6338346933187
63004.300430043,-39.6193544321634
63011.296129613,-39.6048620387888
63018.2918291829,-39.5903588657062
63025.2875287529,-39.5758462480319
63032.2832283228,-39.5613255047082
63039.2789278928,-39.5467979395833
63046.2746274627,-39.5322648423646
63053.2703270327,-39.5177274894742
63060.2660266027,-39.5031871448122
63067.2617261726,-39.4886450604491
63074.2574257426,-39.4741024772439
63081.2531253125,-39.4595606254172
63088.2488248825,-39.4450207250674
63095.2445244524,-39.4304839866506
63102.2402240224,-39.4159516114229
63109.2359235924,-39.4014247918497
63116.2316231623,-39.3869047119914
63123.2273227323,-39.3723925478628
63130.2230223022,-39.3578894677755
63137.2187218722,-39.3433966326606
63144.2144214421,-39.3289151963775
63151.2101210121,-39.314446306009
63158.2058205821,-39.299991102147
63165.201520152,-39.2855507191671
63172.197219722,-39.2711262854952
63179.1929192919,-39.2567189238698
63186.1886188619,-39.2423297515949
63193.1843184318,-39.2279598807927
63200.1800180018,-39.2136104186461
63207.1757175718,-39.199282467647
63214.1714171417,-39.1849771258327
63221.1671167117,-39.1706954870276
63228.1628162816,-39.1564386410822
63235.1585158516,-39.1422076741102
63242.1542154215,-39.1280036687246
63249.1499149915,-39.1138277042766
63256.1456145615,-39.0996808570957
63263.1413141314,-39.0855642007273
63270.1370137014,-39.071478806173
63277.1327132713,-39.0574257421372
63284.1284128413,-39.0434060752669
63291.1241124112,-39.0294208704021
63298.1198119812,-39.0154711908255
63305.1155115511,-39.0015580985107
63312.1112111211,-38.9876826543822
63319.1069106911,-38.9738459185716
63326.102610261,-38.9600489506803
63333.098309831,-38.946292810045
63340.0940094009,-38.9325785560069
63347.0897089709,-38.9189072481854
63354.0854085408,-38.905279946758
63361.0811081108,-38.8916977127393
63368.0768076808,-38.8781616082715
63375.0725072507,-38.864672696914
63382.0682068207,-38.8512320439429
63389.0639063906,-38.8378407166532
63396.0596059606,-38.8244997846646
63403.0553055306,-38.8112103202393
63410.0510051005,-38.797973398599
63417.0467046705,-38.7847900982523
63424.0424042404,-38.7716615013277
63431.0381038104,-38.7585886939122
63438.0338033803,-38.7455727663972
63445.0295029503,-38.7326148138355
63452.0252025202,-38.7197159362964
63459.0209020902,-38.7068772392389
63466.0166016602,-38.6940998338887
63473.0123012301,-38.6813848376189
63480.0080008001,-38.6687333743492
63487.00370037,-38.656146574944
63493.99939994,-38.6436255776259
63500.99509951,-38.6311715283982
63507.9907990799,-38.6187855814733
63514.9864986499,-38.6064688997171
63521.9821982198,-38.5942226551008
63528.9778977898,-38.5820480291606
63535.9735973597,-38.569946213477
63542.9692969297,-38.5579184101589
63549.9649964996,-38.5459658323414
63556.9606960696,-38.5340897047005
63563.9563956396,-38.5222912639752
63570.9520952095,-38.5105717595056
63577.9477947795,-38.4989324537876
63584.9434943494,-38.4873746230391
63591.9391939194,-38.4758995577838
63598.9348934893,-38.4645085634472
63605.9305930593,-38.4532029609751
63612.9262926293,-38.4419840874629
63619.9219921992,-38.4308532968088
63626.9176917692,-38.4198119603783
63633.9133913391,-38.4088614676963
63640.9090909091,-38.3980032271513
63647.904790479,-38.3872386667253
63654.900490049,-38.3765692347444
63661.896189619,-38.3659964006487
63668.8918891889,-38.355521655791
63675.8875887589,-38.3451465142541
63682.8832883288,-38.3348725136962
63689.8789878988,-38.3247012162232
63696.8746874687,-38.3146342092861
63703.8703870387,-38.3046731066086
63710.8660866087,-38.2948195491399
63717.8617861786,-38.2850752060478
63724.8574857486,-38.2754417757317
63731.8531853185,-38.2659209868779
63738.8488848885,-38.2565145995463
63745.8445844584,-38.2472244062911
63752.8402840284,-38.2380522333249
63759.8359835984,-38.2289999417158
63766.8316831683,-38.22006942863
63773.8273827383,-38.2112626286129
63780.8230823082,-38.2025815149209
63787.8187818782,-38.1940281008916
63794.8144814481,-38.1856044413686
63801.8101810181,-38.1773126341753
63808.8058805881,-38.1691548216396
63815.801580158,-38.1611331921749
63822.797279728,-38.1532499819198
63829.7929792979,-38.1455074764362
63836.7886788679,-38.1379080124692
63843.7843784378,-38.1304539797761
63850.7800780078,-38.1231478230209
63857.7757775777,-38.1159920437407
63864.7714771477,-38.1089892023882
63871.7671767177,-38.1021419204525
63878.7628762876,-38.0954528826605
63885.7585758576,-38.0889248392656
63892.7542754275,-38.0825606084251
63899.7499749975,-38.0763630786731
63906.7456745675,-38.0703352114904
63913.7413741374,-38.0644800439779
63920.7370737074,-38.0588006916395
63927.7327732773,-38.0533003512764
63934.7284728473,-38.0479823040026
63941.7241724172,-38.042849918382
63948.7198719872,-38.0379066536997
63955.7155715572,-38.0331560633681
63962.7112711271,-38.0286017984787
63969.7069706971,-38.024247611504
63976.702670267,-38.0200973601586
63983.698369837,-38.0161550114294
63990.6940694069,-38.0124246457778
63997.6897689769,-38.0089104615289
64004.6854685468,-38.0056167794548
64011.6811681168,-38.0025480475612
64018.6768676868,-37.999708846089
64025.6725672567,-37.9971038927438
64032.6682668267,-37.9947380481608
64039.6639663966,-37.9926163216237
64046.6596659666,-37.9907438770465
64053.6553655365,-37.989126039235
64060.6510651065,-37.9877683004415
64067.6467646765,-37.9866763272298
64074.6424642464,-37.9858559676716
64081.6381638164,-37.9853132588814
64088.6338633863,-37.9850544349238
64095.6295629563,-37.9850859351009
64102.6252625262,-37.9854144126535
64109.6209620962,-37.9860467438871
64116.6166616662,-37.9869900377599
64123.6123612361,-37.9882516459492
64130.6080608061,-37.9898391734326
64137.603760376,-37.9917604896066
64144.599459946,-37.9940237399834
64151.5951595159,-37.996637358491
64158.5908590859,-37.9996100804211
64165.5865586559,-38.0029509560621
64172.5822582258,-38.0066693650529
64179.5779577958,-38.0107750315152
64186.5736573657,-38.0152780399983
64193.5693569357,-38.020188852297
64200.5650565056,-38.025518325198
64207.5607560756,-38.0312777292082
64214.5564556456,-38.037478768329
64221.5521552155,-38.0441336009528
64228.5478547855,-38.0512548619451
64235.5435543554,-38.0588556859948
64242.5392539254,-38.0669497323175
64249.5349534953,-38.0755512108021
64256.5306530653,-38.0846749096935
64263.5263526353,-38.0943362249266
64270.5220522052,-38.1045511912163
64277.5177517752,-38.1153365150238
64284.5134513451,-38.1267096095417
64291.5091509151,-38.1386886318238
64298.504850485,-38.1512925222306
64305.500550055,-38.1645410463374
64312.4962496249,-38.1784548394994
64319.4919491949,-38.1930554542552
64326.4876487649,-38.2083654107861
64333.4833483348,-38.2244082506517
64340.4790479048,-38.2412085940508
64347.4747474747,-38.2587922008716
64354.4704470447,-38.2771860358174
64361.4661466147,-38.2964183379253
64368.4618461846,-38.3165186948155
64375.4575457546,-38.3375181220353
64382.4532453245,-38.3594491479094
64389.4489448945,-38.38234590432
64396.4446444644,-38.4062442239051
64403.4403440344,-38.4311817441787
64410.4360436044,-38.4571980191448
64417.4317431743,-38.4843346390184
64424.4274427443,-38.5126353587188
64431.4231423142,-38.5421462358647
64438.4188418842,-38.5729157790753
64445.4145414541,-38.6049951074376
64452.4102410241,-38.6384381220949
64459.405940594,-38.6733016909897
64466.401640164,-38.7096458478959
64473.397339734,-38.7475340069753
64480.3930393039,-38.7870331942059
64487.3887388739,-38.8282142971574
64494.3844384438,-38.8711523347228
64501.3801380138,-38.9159267485548
64508.3758375838,-38.9626217181177
64515.3715371537,-39.0113265014342
64522.3672367237,-39.0621358037736
64529.3629362936,-39.1151501767371
64536.3586358636,-39.1704764503695
64543.3543354335,-39.2282282011481
64550.3500350035,-39.2885262588904
64557.3457345734,-39.3514992558363
64564.3414341434,-39.4172842213199
64571.3371337134,-39.4860272256429
64578.3328332833,-39.55788407683
64585.3285328533,-39.6330210740358
64592.3242324232,-39.711615821272
64599.3199319932,-39.7938581049323
64606.3156315631,-39.8799508381596
64613.3113311331,-39.9701110743392
64620.3070307031,-40.0645710908434
64627.302730273,-40.1635795423602
64634.298429843,-40.2674026805224
64641.2941294129,-40.3763256327759
64648.2898289829,-40.4906537280353
64655.2855285528,-40.6107138490983
64662.2812281228,-40.736855781136
64669.2769276928,-40.8694535107233
64676.2726272627,-41.0089064092004
64683.2683268327,-41.155640205391
64690.2640264026,-41.3101076127899
64697.2597259726,-41.472788420854
64704.2554255426,-41.6441887829986
64711.2511251125,-41.8248393268297
64718.2468246825,-42.0152915633647
64725.2425242524,-42.2161118652198
64732.2382238224,-42.4278719968684
64739.2339233923,-42.6511347830315
64746.2296229623,-42.88643295444
64753.2253225323,-43.134238463639
64760.2210221022,-43.3949185580704
64767.2167216722,-43.6686735742072
64774.2124212421,-43.9554497386659
64781.2081208121,-44.2548182714649
64788.203820382,-44.5658100164919
64795.199519952,-44.8866933209632
64802.1952195219,-45.2146833966852
64809.1909190919,-45.5455767644105
64816.1866186619,-45.873319537698
64823.1823182318,-46.1895504510395
64830.1780178018,-46.483216180475
64837.1737173717,-46.7404380621401
64844.1694169417,-46.9448931741433
64851.1651165117,-47.0789934150082
64858.1608160816,-47.1259986409353
64865.1565156516,-47.0728144861471
64872.1522152215,-46.9127160497681
64879.1479147915,-46.6469648319352
64886.1436143614,-46.2846009948236
64893.1393139314,-45.8405066888307
64900.1350135013,-45.3325800318127
64907.1307130713,-44.7790351491061
64914.1264126413,-44.1964825631414
64921.1221122112,-43.5989382147312
64928.1178117812,-42.9975739994136
64935.1135113511,-42.4009202672653
64942.1092109211,-41.8152729926993
64949.104910491,-41.2451455453083
64956.100610061,-40.6936820616596
64963.096309631,-40.1630004048583
64970.0920092009,-39.6544605660958
64977.0877087709,-39.1688669218068
64984.0834083408,-38.7066167799367
64991.0791079108,-38.2678075584855
64998.0748074807,-37.8523132212504
65005.0705070507,-37.4598384807211
65012.0662066207,-37.0899572989246
65019.0619061906,-36.7421405544379
65026.0576057606,-36.4157764201481
65033.0533053305,-36.1101859727701
65040.0490049005,-35.8246357780717
65047.0447044704,-35.5583486137077
65054.0404040404,-35.3105130625668
65061.0361036104,-35.0802924001038
65068.0318031803,-34.866832983132
65075.0275027503,-34.6692722044838
65082.0232023202,-34.486745990998
65089.0189018902,-34.3183957773955
65096.0146014601,-34.163374874259
65103.0103010301,-34.0208541545069
65110.0060006001,-33.8900270015807
65117.00170017,-33.77011348771
65123.99739974,-33.660363777327
65130.9930993099,-33.5600607757649
65137.9887988799,-33.4685220647336
65144.9844984498,-33.3851011827268
65151.9801980198,-33.3091883202547
65158.9758975898,-33.2402105068986
65165.9715971597,-33.1776313703106
65172.9672967297,-33.1209505473353
65179.9629962996,-33.0697028252426
65186.9586958696,-33.023457087686
65193.9543954395,-32.9818151363256
65200.9500950095,-32.9444104560246
65207.9457945795,-32.910906990239
65214.9414941494,-32.8809979948529
65221.9371937194,-32.8544050449908
65228.9328932893,-32.8308772827481
65235.9285928593,-32.8101910182516
65242.9242924292,-32.7921498386211
65249.9199919992,-32.7765854506611
65256.9156915691,-32.7633596040053
65263.9113911391,-32.752367650041
65270.9070907091,-32.7435446618942
65277.902790279,-32.7368757203548
65284.898489849,-32.7324132743291
65291.8941894189,-32.7303071181555
65298.8898889889,-32.7308581894125
65305.8855885589,-32.7346205096427
65312.8812881288,-32.7426089501894
65319.8769876988,-32.7567659811732
65326.8726872687,-32.7811601789202
65333.8683868387,-32.8257239625933
65340.8640864086,-32.9222221880264
65347.8597859786,-33.2550393424158
65354.8554855485,-29.6702829628304
65361.8511851185,-32.2042241805457
65368.8468846885,-32.4061463963787
65375.8425842584,-32.4811168943041
65382.8382838284,-32.5207436263503
65389.8339833983,-32.5457095021006
65396.8296829683,-32.5632641049428
65403.8253825382,-32.5765958311739
65410.8210821082,-32.5873194581413
65417.8167816782,-32.5963355737772
65424.8124812481,-32.6041827477764
65431.8081808181,-32.6112004039073
65438.803880388,-32.6176113038776
65445.799579958,-32.6235663846198
65452.7952795279,-32.62917055541
65459.7909790979,-32.6344982469467
65466.7866786679,-32.6396031535639
65473.7823782378,-32.6445245397872
65480.7780778078,-32.6492914379565
65487.7737773777,-32.6539255096159
65494.7694769477,-32.6584430366089
65501.7651765176,-32.66285633152
65508.7608760876,-32.6671747523895
65515.7565756576,-32.6714054426216
65522.7522752275,-32.6755538768453
65529.7479747975,-32.6796242677039
65536.7436743674,-32.683619871641
65543.7393739374,-32.6875432204597
65550.7350735074,-32.6913962977502
65557.7307730773,-32.6951806739823
65564.7264726472,-32.698897610346
65571.7221722172,-32.7025481387854
65578.7178717872,-32.7061331237784
65585.7135713571,-32.7096533100411
65592.7092709271,-32.7131093593233
65599.704970497,-32.716501878717
65606.700670067,-32.7198314423341
65613.696369637,-32.723098607796
65620.6920692069,-32.7263039286529
65627.6877687769,-32.7294479636058
65634.6834683468,-32.7325312832194
65641.6791679168,-32.7355544746624
65648.6748674868,-32.7385181449054
65655.6705670567,-32.7414229227166
65662.6662666267,-32.7442694597144
65669.6619661966,-32.7470584307023
65676.6576657666,-32.749790533446
65683.6533653365,-32.752466488035
65690.6490649065,-32.7550870359328
65697.6447644764,-32.7576529388008
65704.6404640464,-32.760164977167
65711.6361636164,-32.7626239489915
65718.6318631863,-32.7650306681706
65725.6275627563,-32.7673859630135
65732.6232623262,-32.7696906747188
65739.6189618962,-32.7719456558686
65746.6146614661,-32.7741517689572
65753.6103610361,-32.7763098849644
65760.6060606061,-32.7784208819833
65767.601760176,-32.7804856439061
65774.597459746,-32.7825050591748
65781.5931593159,-32.7844800195958
65788.5888588859,-32.786411419222
65795.5845584558,-32.7883001533017
65802.5802580258,-32.7901471172932
65809.5759575958,-32.791953205942
65816.5716571657,-32.7937193124244
65823.5673567357,-32.7954463275505
65830.5630563056,-32.7971351390236
65837.5587558756,-32.7987866307597
65844.5544554455,-32.800401682256
65851.5501550155,-32.8019811680151
65858.5458545855,-32.803525957014
65865.5415541554,-32.8050369122197
65872.5372537254,-32.8065148901495
65879.5329532953,-32.8079607404707
65886.5286528653,-32.8093753056388
65893.5243524352,-32.8107594205707
65900.5200520052,-32.8121139123551
65907.5157515751,-32.8134395999902
65914.5114511451,-32.8147372941539
65921.5071507151,-32.8160077969993
65928.502850285,-32.8172519019784
65935.498549855,-32.8184703936862
65942.4942494249,-32.8196640477292
65949.4899489949,-32.8208336306104
65956.4856485648,-32.821979899635
65963.4813481348,-32.8231036028229
65970.4770477048,-32.8242054788302
65977.4727472747,-32.8252862568528
65984.4684468447,-32.8263466564553
65991.4641464146,-32.827387387102
65998.4598459846,-32.8284091461433
66005.4555455545,-32.8294126008914
66012.4512451245,-32.8303988168158
66019.4469446945,-32.8313676159118
66026.4426442644,-32.8323203300599
66033.4383438344,-32.8332574575128
66040.4340434043,-32.8341796348207
66047.4297429743,-32.8350874961836
66054.4254425442,-32.8359816680787
66061.4211421142,-32.8368627684004
66068.4168416842,-32.8377314062816
66075.4125412541,-32.8385881820859
66082.4082408241,-32.8394336874534
66089.403940394,-32.8402685053728
66096.399639964,-32.8410932102616
66103.3953395339,-32.8419083680559
66110.3910391039,-32.8427145363026
66117.3867386739,-32.8435122642565
66124.3824382438,-32.8443020929787
66131.3781378138,-32.8450845554365
66138.3738373837,-32.8458601766058
66145.3695369537,-32.8466294735756
66152.3652365236,-32.8473929556508
66159.3609360936,-32.8481511244579
66166.3566356636,-32.8489044740504
66173.3523352335,-32.8496534910151
66180.3480348035,-32.8503986545776
66187.3437343734,-32.8511404367097
66194.3394339434,-32.8518793022331
66201.3351335133,-32.8526157089285
66208.3308330833,-32.8533501076386
66215.3265326533,-32.8540829423746
66222.3222322232,-32.85481465042
66229.3179317932,-32.8555456624361
66236.3136313631,-32.856276402564
66243.3093309331,-32.8570072885282
66250.305030503,-32.8577387317382
66257.300730073,-32.8584711373899
66264.296429643,-32.8592049045659
66271.2921292129,-32.859940426335
66278.2878287829,-32.8606780898504
66285.2835283528,-32.861418276447
66292.2792279228,-32.8621613617382
66299.2749274927,-32.8629077157119
66306.2706270627,-32.8636577028245
66313.2663266327,-32.8644116820926
66320.2620262026,-32.8651700071901
66327.2577257726,-32.8659330265337
66334.2534253425,-32.8667010833777
66341.2491249125,-32.8674745159016
66348.2448244824,-32.8682536572977
66355.2405240524,-32.8690388358598
66362.2362236224,-32.8698303750679
66369.2319231923,-32.8706285936768
66376.2276227623,-32.8714338057959
66383.2233223322,-32.8722463209761
66390.2190219022,-32.8730664442911
66397.2147214721,-32.8738944764201
66404.2104210421,-32.8747307137288
66411.2061206121,-32.8755754483488
66418.201820182,-32.8764289682584
66425.197519752,-32.8772915573628
66432.1932193219,-32.8781634955709
66439.1889188919,-32.8790450588753
66446.1846184618,-32.8799365194301
66453.1803180318,-32.8808381456296
66460.1760176018,-32.881750202186
66467.1717171717,-32.882672950208
66474.1674167417,-32.8836066472802
66481.1631163116,-32.8845515475425
66488.1588158816,-32.88550790177
66495.1545154515,-32.8864759574566
66502.1502150215,-32.8874559588959
66509.1459145915,-32.8884481472685
66516.1416141614,-32.8894527607288
66523.1373137314,-32.8904700344964
66530.1330133013,-32.8915002009507
66537.1287128713,-32.8925434897292
66544.1244124412,-32.8936001278332
66551.1201120112,-32.8946703397378
66558.1158115812,-32.8957543475109
66565.1115111511,-32.8968523709423
66572.1072107211,-32.8979646276818
66579.102910291,-32.8990913333945
66586.098609861,-32.9002327019277
66593.0943094309,-32.9013889455035
66600.0900090009,-32.9025602749305
66607.0857085709,-32.9037468998474
66614.0814081408,-32.9049490290028
66621.0771077108,-32.9061668705773
66628.0728072807,-32.9074006325615
66635.0685068507,-32.9086505232003
66642.0642064206,-32.9099167515222
66649.0599059906,-32.9111995279741
66656.0556055606,-32.9124990651875
66663.0513051305,-32.913815578918
66670.0470047005,-32.9151492891985
66677.0427042704,-32.9165004217804
66684.0384038404,-32.9178692099393
66691.0341034103,-32.9192558967731
66698.0298029803,-32.9206607381518
66705.0255025502,-32.9220840065525
66712.0212021202,-32.9235259961104
66719.0169016902,-32.9249870293599
66726.0126012601,-32.9264674663721
66733.0083008301,-32.9279677173537
66740.0040004,-32.9294882603325
66746.99969997,-32.9310296665142
66753.99539954,-32.9325926374947
66760.9910991099,-32.9341780613469
66767.9867986799,-32.9357870997807
66774.9824982498,-32.9374213285212
66781.9781978198,-32.93908297309
66788.9738973897,-32.9407753253191
66795.9695969597,-32.9425035258716
66802.9652965297,-32.9442761523827
66809.9609960996,-32.9461087812329
66816.9566956696,-32.9480331318819
66823.9523952395,-32.9501256112731
66830.9480948095,-32.9526295414945
66837.9437943794,-32.9569629385522
66844.9394939494,-32.931541245559
66851.9351935194,-32.9525908751255
66858.9308930893,-32.9559488408388
66865.9265926593,-32.9583677298971
66872.9222922292,-32.9605377368121
66879.9179917992,-32.9626153211342
66886.9136913691,-32.964655598916
66893.9093909391,-32.9666829936518
66900.9050905091,-32.9687100131744
66907.900790079,-32.9707437429874
66914.896489649,-32.9727885092309
66921.8921892189,-32.9748471112637
66928.8878887889,-32.9769214464414
66935.8835883588,-32.9790128500671
66942.8792879288,-32.981122291167
66949.8749874988,-32.9832504905691
66956.8706870687,-32.9853979948739
66963.8663866387,-32.9875652242485
66970.8620862086,-32.9897525040684
66977.8577857786,-32.9919600862456
66984.8534853485,-32.9941881637439
66991.8491849185,-32.9964368804522
66998.8448844885,-32.9987063377801
67005.8405840584,-33.0009965988491
67012.8362836284,-33.0033076908419
67019.8319831983,-33.0056396058486
67026.8276827683,-33.0079923004261
67033.8233823382,-33.0103656939501
67040.8190819082,-33.0127596657768
67047.8147814781,-33.0151740511351
67054.8104810481,-33.0176086355962
67061.8061806181,-33.0200631478806
67068.801880188,-33.0225372506519
67075.797579758,-33.0250305288122
67082.7932793279,-33.0275424746362
67089.7889788979,-33.0300724688315
67096.7846784678,-33.0326197562734
67103.7803780378,-33.0351834146798
67110.7760776078,-33.0377623137845
67117.7717771777,-33.0403550615481
67124.7674767477,-33.0429599323963
67131.7631763176,-33.0455747701295
67138.7588758876,-33.0481968544738
67145.7545754575,-33.0508227143865
67152.7502750275,-33.0534478616051
67159.7459745974,-33.0560664016999
67166.7416741674,-33.0586704515119
67173.7373737374,-33.0612492404127
67180.7330733073,-33.0637876753178
67187.7287728773,-33.0662639550028
67194.7244724472,-33.0686454077345
67201.7201720172,-33.0708807898624
67208.7158715872,-33.0728849552718
67215.7115711571,-33.0745053350549
67222.7072707271,-33.0754388417189
67229.702970297,-33.0749856752236
67236.698669867,-33.0710849854777
67243.6943694369,-33.0538763313517
67250.6900690069,-32.3340915674905
67257.6857685768,-33.1491985650936
67264.6814681468,-33.1282780637819
67271.6771677168,-33.1238106725487
67278.6728672867,-33.1232995688901
67285.6685668567,-33.1243601704167
67292.6642664266,-33.1262128554367
67299.6599659966,-33.1285271910086
67306.6556655665,-33.131139183049
67313.6513651365,-33.1339582229442
67320.6470647065,-33.1369301850416
67327.6427642764,-33.1400207572445
67334.6384638464,-33.1432071459542
67341.6341634163,-33.1464736263062
67348.6298629863,-33.1498090072232
67355.6255625563,-33.1532051143061
67362.6212621262,-33.156655843674
67369.6169616962,-33.1601565508638
67376.6126612661,-33.1637036440833
67383.6083608361,-33.1672943062949
67390.604060406,-33.1709263009175
67397.599759976,-33.1745978331962
67404.5954595459,-33.178307449479
67411.5911591159,-33.1820539628388
67418.5868586859,-33.1858363973351
67425.5825582558,-33.1896539456868
67432.5782578258,-33.1935059367366
67439.5739573957,-33.1973918101614
67446.5696569657,-33.2013110966169
67453.5653565356,-33.2052634019989
67460.5610561056,-33.2092483948615
67467.5567556756,-33.2132657962746
67474.5524552455,-33.2173153715906
67481.5481548155,-33.2213969237124
67488.5438543854,-33.2255102875494
67495.5395539554,-33.2296553254319
67502.5352535253,-33.2338319232898
67509.5309530953,-33.2380399874534
67516.5266526653,-33.242279441963
67523.5223522352,-33.2465502262928
67530.5180518052,-33.2508522934199
67537.5137513751,-33.2551856081762
67544.5094509451,-33.2595501458389
67551.5051505151,-33.2639458909174
67558.500850085,-33.2683728361087
67565.496549655,-33.2728309813946
67572.4922492249,-33.2773203332547
67579.4879487949,-33.2818409039864
67586.4836483648,-33.2863927111055
67593.4793479348,-33.2909757768273
67600.4750475047,-33.2955901276082
67607.4707470747,-33.3002357937428
67614.4664466447,-33.3049128090111
67621.4621462146,-33.3096212103648
67628.4578457846,-33.3143610376514
67635.4535453545,-33.3191323333698
67642.4492449245,-33.3239351424534
67649.4449444944,-33.3287695120779
67656.4406440644,-33.3336354914912
67663.4363436344,-33.3385331318609
67670.4320432043,-33.3434624861412
67677.4277427743,-33.348423608953
67684.4234423442,-33.3534165564775
67691.4191419142,-33.3584413863646
67698.4148414842,-33.3634981576485
67705.4105410541,-33.3685869306752
67712.4062406241,-33.3737077670406
67719.401940194,-33.3788607295344
67726.397639764,-33.3840458820913
67733.3933393339,-33.3892632897528
67740.3890389039,-33.3945130186312
67747.3847384738,-33.3997951358836
67754.3804380438,-33.4051097096879
67761.3761376138,-33.4104568092289
67768.3718371837,-33.4158365046866
67775.3675367537,-33.4212488672298
67782.3632363236,-33.426693969018
67789.3589358936,-33.4321718832037
67796.3546354635,-33.4376826839455
67803.3503350335,-33.4432264464216
67810.3460346035,-33.4488032468517
67817.3417341734,-33.4544131625239
67824.3374337434,-33.4600562718288
67831.3331333133,-33.4657326542965
67838.3288328833,-33.4714423906459
67845.3245324532,-33.4771855628354
67852.3202320232,-33.4829622541285
67859.3159315932,-33.4887725491608
67866.3116311631,-33.494616534023
67873.3073307331,-33.5004942963528
67880.303030303,-33.5064059254361
67887.298729873,-33.5123515123264
67894.2944294429,-33.5183311499764
67901.2901290129,-33.5243449333879
67908.2858285829,-33.5303929597808
67915.2815281528,-33.5364753287843
67922.2772277228,-33.5425921426552
67929.2729272927,-33.5487435065238
67936.2686268627,-33.5549295286728
67943.2643264326,-33.5611503208586
67950.2600260026,-33.5674059986734
67957.2557255726,-33.5736966819635
67964.2514251425,-33.5800224953086
67971.2471247125,-33.5863835685708
67978.2428242824,-33.5927800375332
67985.2385238524,-33.5992120446351
67992.2342234223,-33.6056797398314
67999.2299229923,-33.6121832815914
68006.2256225623,-33.6187228380724
68013.2213221322,-33.6252985884982
68020.2170217022,-33.6319107247923
68027.2127212721,-33.6385594535137
68034.2084208421,-33.6452449981697
68041.204120412,-33.6519676019936
68048.199819982,-33.6587275312946
68055.1955195519,-33.6655250795292
68062.1912191219,-33.6723605722783
68069.1869186919,-33.6792343733721
68076.1826182618,-33.6861468924925
68083.1783178318,-33.693098594674
68090.1740174017,-33.700090012293
68097.1697169717,-33.7071217603284
68104.1654165416,-33.7141945559981
68111.1611161116,-33.7213092442934
68118.1568156816,-33.7284668316025
68125.1525152515,-33.7356685305673
68132.1482148215,-33.7429158208197
68139.1439143914,-33.7502105325612
68146.1396139614,-33.7575549636806
68153.1353135314,-33.7649520472411
68160.1310131013,-33.7724055965567
68167.1267126712,-33.7799206733043
68174.1224122412,-33.7875041573135
68181.1181118112,-33.795165659899
68188.1138113811,-33.8029190493807
68195.1095109511,-33.8107851277349
68202.1052105211,-33.8187966175342
68209.100910091,-33.8270081764824
68216.096609661,-33.8355185470711
68223.0923092309,-33.8445263380173
68230.0880088009,-33.8544991970235
68237.0837083708,-33.8668630522098
68244.0794079408,-33.8890353769978
68251.0751075108,-33.4475899613047
68258.0708070807,-33.8509794870528
68265.0665066506,-33.8713025718471
68272.0622062206,-33.8834928006135
68279.0579057906,-33.8936037191687
68286.0536053605,-33.9028935230688
68293.0493049305,-33.9117884925965
68300.0450045004,-33.9204730681796
68307.0407040704,-33.9290400781805
68314.0364036403,-33.9375413588414
68321.0321032103,-33.9460081506108
68328.0278027803,-33.9544604185833
68335.0235023502,-33.9629115316699
68342.0192019202,-33.9713707902606
68349.0149014902,-33.9798448743804
68356.0106010601,-33.9883387144659
68363.0063006301,-33.9968560365999
68370.0020002,-34.0053997158633
68376.99769977,-34.013972012223
68383.9933993399,-34.0225747321216
68390.9890989099,-34.0312093417115
68397.9847984798,-34.0398770478094
68404.9804980498,-34.0485788568281
68411.9761976198,-34.0573156183596
68418.9718971897,-34.0660880578966
68425.9675967597,-34.0748968017087
68432.9632963296,-34.0837423959939
68439.9589958996,-34.0926253217824
68446.9546954695,-34.101546006653
68453.9503950395,-34.1105048340299
68460.9460946095,-34.1195021506249
68467.9417941794,-34.1285382724441
68474.9374937494,-34.137613489666
68481.9331933193,-34.1467280706408
68488.9288928893,-34.1558822651826
68495.9245924593,-34.165076307299
68502.9202920292,-34.1743104174673
68509.9159915991,-34.1835848045451
68516.9116911691,-34.1928996673772
68523.9073907391,-34.2022551961589
68530.903090309,-34.211651573594
68537.898789879,-34.2210889758866
68544.8944894489,-34.2305675735892
68551.8901890189,-34.240087532337
68558.8858885889,-34.2496490134791
68565.8815881588,-34.2592521746292
68572.8772877288,-34.2688971701445
68579.8729872987,-34.2785841515445
68586.8686868687,-34.2883132678759
68593.8643864386,-34.2980846660377
68600.8600860086,-34.3078984910648
68607.8557855785,-34.3177548863814
68614.8514851485,-34.327653994022
68621.8471847185,-34.3375959548332
68628.8428842884,-34.3475809086497
68635.8385838584,-34.3576089944549
68642.8342834283,-34.3676803505209
68649.8299829983,-34.37779511454
68656.8256825683,-34.3879534237381
68663.8213821382,-34.3981554149799
68670.8170817082,-34.4084012248642
68677.8127812781,-34.4186909898101
68684.8084808481,-34.4290248461342
68691.804180418,-34.4394029301243
68698.799879988,-34.4498253781034
68705.795579558,-34.4602923264903
68712.7912791279,-34.4708039118549
68719.7869786979,-34.4813602709702
68726.7826782678,-34.491961540858
68733.7783778378,-34.5026078588331
68740.7740774077,-34.5132993625442
68747.7697769777,-34.5240361900121
68754.7654765476,-34.5348184796638
68761.7611761176,-34.5456463703657
68768.7568756876,-34.5565200014559
68775.7525752575,-34.5674395127718
68782.7482748275,-34.5784050446775
68789.7439743974,-34.5894167380914
68796.7396739674,-34.6004747345082
68803.7353735373,-34.6115791760248
68810.7310731073,-34.6227302053599
68817.7267726773,-34.6339279658771
68824.7224722472,-34.6451726016039
68831.7181718172,-34.6564642572523
68838.7138713872,-34.6678030782362
68845.7095709571,-34.6791892106889
68852.705270527,-34.6906228014825
68859.700970097,-34.7021039982427
68866.696669667,-34.7136329493656
68873.6923692369,-34.725209804033
68880.6880688069,-34.7368347122278
68887.6837683768,-34.74850782475
68894.6794679468,-34.76022929323
68901.6751675168,-34.7719992701433
68908.6708670867,-34.7838179088239
68915.6665666567,-34.7956853634787
68922.6622662266,-34.8076017892008
68929.6579657966,-34.8195673419824
68936.6536653665,-34.8315821787288
68943.6493649365,-34.8436464572705
68950.6450645064,-34.8557603363759
68957.6407640764,-34.8679239757641
68964.6364636464,-34.880137536119
68971.6321632163,-34.8924011790993
68978.6278627863,-34.9047150673528
68985.6235623562,-34.9170793645277
68992.6192619262,-34.9294942352859
68999.6149614961,-34.9419598453144
69006.6106610661,-34.9544763613384
69013.6063606361,-34.9670439511328
69020.602060206,-34.9796627835354
69027.597759776,-34.9923330284581
69034.5934593459,-35.0050548569008
69041.5891589159,-35.0178284409615
69048.5848584858,-35.0306539538519
69055.5805580558,-35.0435315699062
69062.5762576258,-35.0564614645969
69069.5719571957,-35.0694438145453
69076.5676567657,-35.0824787975354
69083.5633563356,-35.0955665925257
69090.5590559056,-35.1087073796635
69097.5547554755,-35.1219013402956
69104.5504550455,-35.1351486569845
69111.5461546155,-35.1484495135183
69118.5418541854,-35.1618040949272
69125.5375537554,-35.1752125874939
69132.5332533253,-35.1886751787694
69139.5289528953,-35.2021920575869
69146.5246524652,-35.215763414074
69153.5203520352,-35.2293894396682
69160.5160516052,-35.2430703271302
69167.5117511751,-35.2568062705601
69174.5074507451,-35.2705974654094
69181.503150315,-35.2844441084985
69188.498849885,-35.2983463980294
69195.4945494549,-35.3123045336036
69202.4902490249,-35.3263187162349
69209.4859485949,-35.340389148367
69216.4816481648,-35.3545160338884
69223.4773477348,-35.3686995781494
69230.4730473047,-35.3829399879786
69237.4687468747,-35.397237471699
69244.4644464446,-35.4115922391457
69251.4601460146,-35.4260045016834
69258.4558455846,-35.4404744722226
69265.4515451545,-35.4550023652413
69272.4472447245,-35.469588396798
69279.4429442944,-35.484232784556
69286.4386438644,-35.4989357477985
69293.4343434343,-35.5136975074498
69300.4300430043,-35.5285182860958
69307.4257425742,-35.5433983080023
69314.4214421442,-35.5583377991383
69321.4171417142,-35.5733369871951
69328.4128412841,-35.5883961016105
69335.4085408541,-35.6035153735881
69342.404240424,-35.6186950361231
69349.399939994,-35.6339353240233
69356.395639564,-35.6492364739344
69363.3913391339,-35.6645987243653
69370.3870387039,-35.6800223157118
69377.3827382738,-35.6955074902834
69384.3784378438,-35.7110544923301
69391.3741374137,-35.7266635680698
69398.3698369837,-35.7423349657166
69405.3655365536,-35.7580689355089
69412.3612361236,-35.773865729743
69419.3569356936,-35.7897256027988
69426.3526352635,-35.8056488111774
69433.3483348335,-35.8216356135297
69440.3440344034,-35.8376862706933
69447.3397339734,-35.8538010457269
69454.3354335434,-35.8699802039476
69461.3311331133,-35.886224012969
69468.3268326833,-35.9025327427402
69475.3225322532,-35.918906665587
69482.3182318232,-35.9353460562563
69489.3139313931,-35.9518511919574
69496.3096309631,-35.9684223524118
69503.3053305331,-35.9850598198994
69510.301030103,-36.0017638793101
69517.296729673,-36.0185348181961
69524.2924292429,-36.035372926827
69531.2881288129,-36.0522784982491
69538.2838283828,-36.0692518283448
69545.2795279528,-36.0862932158973
69552.2752275228,-36.1034029626572
69559.2709270927,-36.1205813734141
69566.2666266627,-36.1378287560702
69573.2623262326,-36.1551454217204
69580.2580258026,-36.1725316847337
69587.2537253725,-36.1899878628428
69594.2494249425,-36.2075142772376
69601.2451245125,-36.2251112526637
69608.2408240824,-36.2427791175277
69615.2365236523,-36.2605182040099
69622.2322232223,-36.2783288481839
69629.2279227923,-36.2962113901443
69636.2236223622,-36.3141661741439
69643.2193219322,-36.3321935487381
69650.2150215021,-36.3502938669434
69657.2107210721,-36.3684674864074
69664.2064206421,-36.3867147695866
69671.202120212,-36.4050360839451
69678.197819782,-36.4234318021644
69685.1935193519,-36.441902302372
69692.1892189219,-36.4604479683886
69699.1849184919,-36.4790691899974
69706.1806180618,-36.4977663632355
69713.1763176318,-36.5165398907113
69720.1720172017,-36.535390181953
69727.1677167717,-36.5543176537864
69734.1634163416,-36.5733227307523
69741.1591159116,-36.5924058455605
69748.1548154815,-36.6115674395927
69755.1505150515,-36.6308079634561
69762.1462146215,-36.650127877592
69769.1419141914,-36.6695276529525
69776.1376137614,-36.6890077717492
69783.1333133313,-36.7085687282878
69790.1290129013,-36.728211029895
69797.1247124713,-36.747935197954
69804.1204120412,-36.7677417690684
69811.1161116112,-36.7876312963602
69818.1118111811,-36.8076043509413
69825.1075107511,-36.8276615235634
69832.103210321,-36.8478034264924
69839.098909891,-36.8680306956312
69846.094609461,-36.8883439929379
69853.0903090309,-36.9087440091882
69860.0860086009,-36.929231467134
69867.0817081708,-36.9498071251421
69874.0774077408,-36.9704717813817
69881.0731073107,-36.9912262786782
69888.0688068807,-37.0120715101525
69895.0645064506,-37.0330084257984
69902.0602060206,-37.0540380401888
69909.0559055906,-37.0751614415497
69916.0516051605,-37.0963798024814
69923.0473047305,-37.1176943927058
69930.0430043004,-37.1391065942852
69937.0387038704,-37.1606179199072
69944.0344034403,-37.1822300349705
69951.0301030103,-37.203944784438
69958.0258025802,-37.2257642256991
69965.0215021502,-37.2476906690763
69972.0172017202,-37.2697267281328
69979.0129012901,-37.2918753826744
69986.0086008601,-37.3141400583388
69993.00430043,-37.3365247281174
70000,-37.3590340431928
