Frequency_Hz,TargetStrength_dB_re_1m
50,-129.551655287146
56.995699569957,-127.276822006945
63.991399139914,-125.265697954565
70.987098709871,-123.463448315627
77.982798279828,-121.830742519084
84.978497849785,-120.338409416448
91.974197419742,-118.964213979614
98.969896989699,-117.690818912538
105.965596559656,-116.504444085135
112.961296129613,-115.393955398288
119.95699569957,-114.350227898023
126.952695269527,-113.365689680923
133.948394839484,-112.433988300106
140.944094409441,-111.549742194754
147.939793979398,-110.708352395014
154.935493549355,-109.905857771573
161.931193119312,-109.138822278246
168.926892689269,-108.404246059872
175.922592259226,-107.699494609981
182.918291829183,-107.022241750831
189.91399139914,-106.370423320958
196.909690969097,-105.742199244381
203.905390539054,-105.135922224452
210.901090109011,-104.55011172094
217.896789678968,-103.983432175005
224.892489248925,-103.434674676362
231.888188818882,-102.902741439638
238.883888388839,-102.386632588546
245.879587958796,-101.885434848241
252.875287528753,-101.398311824297
259.87098709871,-100.924495608557
266.866686668667,-100.463279500262
273.862386238624,-100.014011669162
280.858085808581,-99.5760896181375
287.853785378538,-99.1489553271319
294.849484948495,-98.7320909802868
301.845184518452,-98.3250151941715
308.840884088409,-97.927279678229
315.836583658366,-97.5384662692602
322.832283228323,-97.1581842908937
329.82798279828,-96.7860681960937
336.823682368237,-96.4217754571638
343.819381938194,-96.0649846726116
350.815081508151,-95.7153938647729
357.810781078108,-95.3727189454925
364.806480648065,-95.03669233038
371.802180218022,-94.7070616847052
378.797879787979,-94.3835887862034
385.793579357936,-94.0660484919185
392.789278927893,-93.7542277979344
399.78497849785,-93.4479249820816
406.780678067807,-93.1469488210201
413.776377637764,-92.8511178740999
420.772077207721,-92.5602598272186
427.767776777678,-92.2742108908337
434.763476347635,-91.9928152467663
441.759175917592,-91.7159245391783
448.754875487549,-91.4433974055518
455.750575057506,-91.175099043921
462.746274627463,-90.9109008131035
469.74197419742,-90.6506798628996
476.737673767377,-90.3943187916377
483.733373337334,-90.1417053286767
490.729072907291,-89.8927320396757
497.724772477248,-89.6472960527577
504.720472047205,-89.4052988037624
511.716171617162,-89.166645799044
518.711871187119,-88.9312463943688
525.707570757076,-88.699013588634
532.703270327033,-88.4698638312097
539.69896989699,-88.2437168418567
546.694669466947,-88.0204954422414
553.690369036904,-87.8001253981593
560.686068606861,-87.5825352716738
567.681768176818,-87.3676562824038
574.677467746775,-87.1554221773314
581.673167316732,-86.945769108463
588.668866886689,-86.7386355178251
595.664566456646,-86.5339620292304
602.660266026603,-86.3316913463871
609.65596559656,-86.1317681568703
616.651665166517,-85.93413904158
623.647364736474,-85.7387523893048
630.643064306431,-85.5455583160492
637.638763876388,-85.3545085888169
644.634463446345,-85.1655565535443
651.630163016301,-84.9786570669285
658.625862586259,-84.7937664318939
665.621562156216,-84.6108423364725
672.617261726173,-84.4298437958679
679.61296129613,-84.2507310975321
686.608660866087,-84.0734657490427
693.604360436044,-83.8980104286271
700.600060006,-83.7243289381718
707.595759575958,-83.552386158557
714.591459145915,-83.3821480072012
721.587158715872,-83.2135813976634
728.582858285829,-83.0466542011995
735.578557855786,-82.8813352101527
742.574257425743,-82.7175941030813
749.569956995699,-82.5554014115157
756.565656565657,-82.394728488263
763.561356135614,-82.2355474771688
770.55705570557,-82.0778312842594
777.552755275528,-81.9215535501892
784.548454845485,-81.7666886239151
791.544154415441,-81.6132115375499
798.539853985399,-81.4610979823135
805.535553555356,-81.3103242855391
812.531253125313,-81.160867388666
819.52695269527,-81.0127048261856
826.522652265226,-80.8658147054739
833.518351835184,-80.7201756874779
840.51405140514,-80.5757669682078
847.509750975098,-80.4325682609994
854.505450545054,-80.2905597794979
861.501150115012,-80.1497222213456
868.496849684968,-80.0100367525208
875.492549254926,-79.8714849923115
882.488248824882,-79.734048998879
889.483948394839,-79.597711255402
896.479647964797,-79.4624546567516
903.475347534753,-79.3282624966975
910.471047104711,-79.195118455594
917.466746674667,-79.0630065885472
924.462446244625,-78.9319113140278
931.458145814581,-78.8018174029135
938.453845384538,-78.6727099679409
945.449544954495,-78.5445744535495
952.445244524452,-78.4173966261009
959.44094409441,-78.2911625644551
966.436643664366,-78.1658586508892
973.432343234323,-78.0414715623428
980.42804280428,-77.9179882619786
987.423742374237,-77.7953959910412
994.419441944195,-77.6736822610063
1001.41514151415,-77.5528348459991
1008.41084108411,-77.4328417754848
1015.40654065407,-77.3136913272041
1022.40224022402,-77.1953720203575
1029.39793979398,-77.0778726090155
1036.39363936394,-76.9611820757592
1043.38933893389,-76.8452896255286
1050.38503850385,-76.7301846796804
1057.38073807381,-76.6158568702402
1064.37643764376,-76.5022960343474
1071.37213721372,-76.38949220888
1078.36783678368,-76.2774356252515
1085.36353635364,-76.1661167043851
1092.35923592359,-76.0555260518376
1099.35493549355,-75.9456544530877
1106.35063506351,-75.8364928689709
1113.34633463346,-75.7280324312571
1120.34203420342,-75.6202644383681
1127.33773377338,-75.5131803512281
1134.33343334333,-75.4067717892436
1141.32913291329,-75.3010305264033
1148.32483248325,-75.1959484875022
1155.32053205321,-75.0915177444767
1162.31623162316,-74.9877305128511
1169.31193119312,-74.8845791482929
1176.30763076308,-74.782056143266
1183.30333033303,-74.6801541237892
1190.29902990299,-74.5788658462855
1197.29472947295,-74.4781841945252
1204.2904290429,-74.3781021766605
1211.28612861286,-74.2786129223401
1218.28182818282,-74.179709679914
1225.27752775278,-74.0813858137129
1232.27322732273,-73.9836348014071
1239.26892689269,-73.8864502314417
1246.26462646265,-73.7898258005395
1253.2603260326,-73.6937553112796
1260.25602560256,-73.5982326697383
1267.25172517252,-73.5032518831988
1274.24742474247,-73.4088070579211
1281.24312431243,-73.3148923969764
1288.23882388239,-73.2215021981372
1295.23452345235,-73.128630851825
1302.2302230223,-73.0362728391167
1309.22592259226,-72.9444227297993
1316.22162216222,-72.8530751804799
1323.21732173217,-72.7622249327452
1330.21302130213,-72.6718668113687
1337.20872087209,-72.5819957225655
1344.20442044204,-72.492606652292
1351.200120012,-72.4036946645919
1358.19581958196,-72.3152548999807
1365.19151915192,-72.2272825738766
1372.18721872187,-72.1397729750678
1379.18291829183,-72.0527214642211
1386.17861786179,-71.9661234724258
1393.17431743174,-71.8799744997776
1400.1700170017,-71.7942701139938
1407.16571657166,-71.7090059490679
1414.16141614161,-71.6241777039529
1421.15711571157,-71.5397811412796
1428.15281528153,-71.4558120861069
1435.14851485149,-71.3722664247003
1442.14421442144,-71.2891401033422
1449.1399139914,-71.20642912717
1456.13561356136,-71.1241295590422
1463.13131313131,-71.0422375184328
1470.12701270127,-70.9607491803496
1477.12271227123,-70.8796607742809
1484.11841184118,-70.7989685831661
1491.11411141114,-70.7186689423892
1498.1098109811,-70.6387582387973
1505.10551055106,-70.5592329097428
1512.10121012101,-70.480089442145
1519.09690969097,-70.4013243715757
1526.09260926093,-70.3229342813658
1533.08830883088,-70.2449158017301
1540.08400840084,-70.1672656089151
1547.0797079708,-70.0899804243634
1554.07540754075,-70.013057013899
1561.07110711071,-69.9364921869291
1568.06680668067,-69.860282795666
1575.06250625063,-69.7844257343632
1582.05820582058,-69.7089179385719
1589.05390539054,-69.6337563844109
1596.0496049605,-69.5589380878553
1603.04530453045,-69.4844601040375
1610.04100410041,-69.4103195265667
1617.03670367037,-69.336513486861
1624.03240324032,-69.2630391534948
1631.02810281028,-69.1898937315598
1638.02380238024,-69.11707446204
1645.0195019502,-69.0445786212001
1652.01520152015,-68.9724035199867
1659.01090109011,-68.9005465034417
1666.00660066007,-68.8290049501289
1673.00230023002,-68.7577762715719
1679.99799979998,-68.6868579117045
1686.99369936994,-68.6162473463315
1693.98939893989,-68.5459420826016
1700.98509850985,-68.4759396584906
1707.98079807981,-68.4062376422951
1714.97649764977,-68.3368336321375
1721.97219721972,-68.26772525548
1728.96789678968,-68.1989101686486
1735.96359635964,-68.1303860563673
1742.95929592959,-68.0621506313012
1749.95499549955,-67.9942016336092
1756.95069506951,-67.9265368305046
1763.94639463946,-67.8591540158258
1770.94209420942,-67.7920510096148
1777.93779377938,-67.7252256577034
1784.93349334933,-67.6586758313088
1791.92919291929,-67.5923994266363
1798.92489248925,-67.5263943644899
1805.92059205921,-67.4606585898904
1812.91629162916,-67.3951900717008
1819.91199119912,-67.3299868022597
1826.90769076908,-67.2650467970206
1833.90339033903,-67.2003680941982
1840.89908990899,-67.1359487544232
1847.89478947895,-67.0717868604006
1854.89048904891,-67.0078805165771
1861.88618861886,-66.944227848814
1868.88188818882,-66.8808270040652
1875.87758775878,-66.8176761500628
1882.87328732873,-66.7547734750074
1889.86898689869,-66.6921171872645
1896.86468646865,-66.6297055150669
1903.8603860386,-66.5675367062219
1910.85608560856,-66.5056090278243
1917.85178517852,-66.4439207659746
1924.84748474847,-66.3824702255023
1931.84318431843,-66.3212557296938
1938.83888388839,-66.2602756200263
1945.83458345835,-66.1995282559053
1952.8302830283,-66.1390120144073
1959.82598259826,-66.0787252900276
1966.82168216822,-66.0186664944313
1973.81738173817,-65.9588340562104
1980.81308130813,-65.8992264206438
1987.80878087809,-65.8398420494622
1994.80448044805,-65.7806794206168
2001.800180018,-65.7217370280526
2008.79587958796,-65.6630133814851
2015.79157915792,-65.6045070061811
2022.78727872787,-65.5462164427431
2029.78297829783,-65.4881402468978
2036.77867786779,-65.4302769892881
2043.77437743774,-65.3726252552683
2050.7700770077,-65.3151836447035
2057.76577657766,-65.2579507717713
2064.76147614761,-65.2009252647689
2071.75717571757,-65.1441057659204
2078.75287528753,-65.0874909311907
2085.74857485749,-65.0310794300999
2092.74427442744,-64.9748699455422
2099.7399739974,-64.9188611736074
2106.73567356736,-64.8630518234054
2113.73137313731,-64.8074406168937
2120.72707270727,-64.7520262887076
2127.72277227723,-64.6968075859934
2134.71847184718,-64.6417832682438
2141.71417141714,-64.5869521071371
2148.7098709871,-64.5323128863775
2155.70557055706,-64.4778644015398
2162.70127012701,-64.4236054599146
2169.69696969697,-64.3695348803579
2176.69266926693,-64.3156514931418
2183.68836883688,-64.261954139808
2190.68406840684,-64.208441673024
2197.6797679768,-64.1551129564412
2204.67546754675,-64.1019668645552
2211.67116711671,-64.0490022825688
2218.66686668667,-63.9962181062561
2225.66256625663,-63.9436132418304
2232.65826582658,-63.8911866058127
2239.65396539654,-63.8389371249028
2246.6496649665,-63.7868637358524
2253.64536453645,-63.7349653853406
2260.64106410641,-63.6832410298502
2267.63676367637,-63.6316896355474
2274.63246324632,-63.5803101781618
2281.62816281628,-63.5291016428696
2288.62386238624,-63.4780630241779
2295.6195619562,-63.4271933258103
2302.61526152615,-63.3764915605959
2309.61096109611,-63.3259567503578
2316.60666066607,-63.2755879258051
2323.60236023602,-63.2253841264255
2330.59805980598,-63.17534440038
2337.59375937594,-63.1254678043987
2344.58945894589,-63.0757534036788
2351.58515851585,-63.0262002717836
2358.58085808581,-62.9768074905431
2365.57655765577,-62.9275741499566
2372.57225722572,-62.8784993480957
2379.56795679568,-62.8295821910097
2386.56365636564,-62.7808217926318
2393.55935593559,-62.732217274687
2400.55505550555,-62.6837677666015
2407.55075507551,-62.6354724054124
2414.54645464546,-62.5873303356803
2421.54215421542,-62.5393407094016
2428.53785378538,-62.4915026859235
2435.53355335534,-62.4438154318587
2442.52925292529,-62.396278121003
2449.52495249525,-62.3488899342525
2456.52065206521,-62.3016500595231
2463.51635163516,-62.2545576916704
2470.51205120512,-62.2076120324115
2477.50775077508,-62.1608122902473
2484.50345034503,-62.1141576803859
2491.49914991499,-62.0676474246674
2498.49484948495,-62.0212807514895
2505.49054905491,-61.9750568957348
2512.48624862486,-61.9289750986974
2519.48194819482,-61.8830346080131
2526.47764776478,-61.837234677588
2533.47334733473,-61.7915745675299
2540.46904690469,-61.7460535440795
2547.46474647465,-61.7006708795437
2554.4604460446,-61.6554258522284
2561.45614561456,-61.6103177463735
2568.45184518452,-61.565345852088
2575.44754475448,-61.5205094652864
2582.44324432443,-61.4758078876256
2589.43894389439,-61.4312404264428
2596.43464346435,-61.3868063946948
2603.4303430343,-61.3425051108971
2610.42604260426,-61.2983358990642
2617.42174217422,-61.2542980886516
2624.41744174417,-61.210391014497
2631.41314131413,-61.1666140167634
2638.40884088409,-61.1229664408826
2645.40454045405,-61.0794476374996
2652.400240024,-61.0360569624175
2659.39593959396,-60.9927937765432
2666.39163916392,-60.949657445834
2673.38733873387,-60.9066473412447
2680.38303830383,-60.8637628386753
2687.37873787379,-60.82100331892
2694.37443744374,-60.7783681676158
2701.3701370137,-60.7358567751927
2708.36583658366,-60.6934685368241
2715.36153615362,-60.6512028523781
2722.35723572357,-60.6090591263692
2729.35293529353,-60.5670367679107
2736.34863486349,-60.5251351906672
2743.34433443344,-60.4833538128094
2750.3400340034,-60.4416920569671
2757.33573357336,-60.4001493501846
2764.33143314331,-60.3587251238758
2771.32713271327,-60.3174188137805
2778.32283228323,-60.2762298599202
2785.31853185319,-60.235157706556
2792.31423142314,-60.1942018021452
2799.3099309931,-60.1533615993
2806.30563056306,-60.1126365547464
2813.30133013301,-60.0720261292823
2820.29702970297,-60.0315297877381
2827.29272927293,-59.9911469989364
2834.28842884288,-59.9508772356528
2841.28412841284,-59.9107199745769
2848.2798279828,-59.8706746962738
2855.27552755276,-59.8307408851466
2862.27122712271,-59.7909180293984
2869.26692669267,-59.7512056209955
2876.26262626263,-59.711603155631
2883.25832583258,-59.6721101326884
2890.25402540254,-59.6327260552064
2897.2497249725,-59.5934504298428
2904.24542454245,-59.5542827668408
2911.24112411241,-59.5152225799933
2918.23682368237,-59.4762693866103
2925.23252325233,-59.4374227074842
2932.22822282228,-59.3986820668572
2939.22392239224,-59.3600469923885
2946.2196219622,-59.3215170151214
2953.21532153215,-59.283091669452
2960.21102110211,-59.2447704930971
2967.20672067207,-59.2065530270631
2974.20242024202,-59.1684388156152
2981.19811981198,-59.1304274062465
2988.19381938194,-59.0925183496483
2995.1895189519,-59.05471119968
3002.18521852185,-59.0170055133399
3009.18091809181,-58.9794008507357
3016.17661766177,-58.9418967750558
3023.17231723172,-58.9044928525412
3030.16801680168,-58.8671886524571
3037.16371637164,-58.829983747065
3044.15941594159,-58.7928777115956
3051.15511551155,-58.7558701242211
3058.15081508151,-58.7189605660288
3065.14651465147,-58.6821486209945
3072.14221422142,-58.6454338759561
3079.13791379138,-58.6088159205876
3086.13361336134,-58.5722943473738
3093.12931293129,-58.5358687515845
3100.12501250125,-58.49953873125
3107.12071207121,-58.4633038871355
3114.11641164116,-58.4271638227175
3121.11211121112,-58.3911181441588
3128.10781078108,-58.3551664602851
3135.10351035104,-58.3193083825609
3142.09920992099,-58.2835435250665
3149.09490949095,-58.2478715044743
3156.09060906091,-58.2122919400264
3163.08630863086,-58.1768044535115
3170.08200820082,-58.141408669243
3177.07770777078,-58.1061042140362
3184.07340734073,-58.070890717187
3191.06910691069,-58.03576781045
3198.06480648065,-58.0007351280168
3205.0605060506,-57.9657923064952
3212.05620562056,-57.9309389848881
3219.05190519052,-57.8961748045725
3226.04760476048,-57.8614994092794
3233.04330433043,-57.8269124450733
3240.03900390039,-57.792413560332
3247.03470347035,-57.7580024057271
3254.0304030403,-57.7236786342038
3261.02610261026,-57.6894419009623
3268.02180218022,-57.6552918634376
3275.01750175018,-57.6212281812811
3282.01320132013,-57.5872505163419
3289.00890089009,-57.5533585326476
3296.00460046005,-57.5195518963864
3303.00030003,-57.4858302758887
3309.99599959996,-57.452193341609
3316.99169916992,-57.4186407661082
3323.98739873987,-57.3851722240358
3330.98309830983,-57.3517873921127
3337.97879787979,-57.3184859491136
3344.97449744975,-57.2852675758501
3351.9701970197,-57.2521319551536
3358.96589658966,-57.219078771859
3365.96159615962,-57.1861077127875
3372.95729572957,-57.1532184667307
3379.95299529953,-57.1204107244342
3386.94869486949,-57.0876841785813
3393.94439443944,-57.0550385237779
3400.9400940094,-57.0224734565356
3407.93579357936,-56.9899886752571
3414.93149314931,-56.9575838802205
3421.92719271927,-56.9252587735636
3428.92289228923,-56.8930130592699
3435.91859185919,-56.8608464431523
3442.91429142914,-56.8287586328394
3449.9099909991,-56.7967493377603
3456.90569056906,-56.7648182691302
3463.90139013901,-56.7329651399364
3470.89708970897,-56.7011896649235
3477.89278927893,-56.66949156058
3484.88848884889,-56.6378705451237
3491.88418841884,-56.6063263384887
3498.8798879888,-56.5748586623112
3505.87558755876,-56.543467239916
3512.87128712871,-56.5121517963035
3519.86698669867,-56.4809120581363
3526.86268626863,-56.4497477537261
3533.85838583858,-56.4186586130206
3540.85408540854,-56.3876443675907
3547.8497849785,-56.3567047506182
3554.84548454846,-56.3258394968827
3561.84118411841,-56.2950483427491
3568.83688368837,-56.264331026156
3575.83258325833,-56.2336872866025
3582.82828282828,-56.2031168651367
3589.82398239824,-56.1726195043438
3596.8196819682,-56.1421949483338
3603.81538153815,-56.1118429427299
3610.81108110811,-56.0815632346573
3617.80678067807,-56.0513555727309
3624.80248024802,-56.0212197070447
3631.79817981798,-55.9911553891599
3638.79387938794,-55.961162372094
3645.7895789579,-55.9312404103096
3652.78527852785,-55.9013892597034
3659.78097809781,-55.8716086775955
3666.77667766777,-55.8418984227187
3673.77237723772,-55.8122582552074
3680.76807680768,-55.7826879365873
3687.76377637764,-55.7531872297652
3694.75947594759,-55.7237558990182
3701.75517551755,-55.6943937099837
3708.75087508751,-55.665100429649
3715.74657465747,-55.6358758263417
3722.74227422742,-55.606719669719
3729.73797379738,-55.5776317307587
3736.73367336734,-55.5486117817484
3743.72937293729,-55.519659596277
3750.72507250725,-55.4907749492237
3757.72077207721,-55.46195761675
3764.71647164716,-55.4332073762888
3771.71217121712,-55.4045240065361
3778.70787078708,-55.3759072874415
3785.70357035704,-55.3473570001988
3792.69926992699,-55.3188729272369
3799.69496949695,-55.2904548522113
3806.69066906691,-55.2621025599944
3813.68636863686,-55.2338158366677
3820.68206820682,-55.2055944695118
3827.67776777678,-55.177438246999
3834.67346734673,-55.1493469587836
3841.66916691669,-55.1213203956941
3848.66486648665,-55.0933583497246
3855.66056605661,-55.0654606140264
3862.65626562656,-55.0376269828994
3869.65196519652,-55.0098572517845
3876.64766476648,-54.9821512172552
3883.64336433643,-54.9545086770092
3890.63906390639,-54.9269294298609
3897.63476347635,-54.8994132757335
3904.6304630463,-54.8719600156505
3911.62616261626,-54.8445694517287
3918.62186218622,-54.8172413871701
3925.61756175618,-54.7899756262545
3932.61326132613,-54.7627719743315
3939.60896089609,-54.7356302378133
3946.60466046605,-54.7085502241676
3953.600360036,-54.6815317419095
3960.59605960596,-54.6545746005947
3967.59175917592,-54.6276786108123
3974.58745874587,-54.6008435841771
3981.58315831583,-54.5740693333234
3988.57885788579,-54.5473556718968
3995.57455745575,-54.5207024145484
4002.5702570257,-54.4941093769269
4009.56595659566,-54.4675763756725
4016.56165616562,-54.4411032284093
4023.55735573557,-54.4146897537394
4030.55305530553,-54.3883357712357
4037.54875487549,-54.3620411014353
4044.54445444544,-54.3358055658331
4051.5401540154,-54.3096289868752
4058.53585358536,-54.2835111879526
4065.53155315532,-54.2574519933944
4072.52725272527,-54.2314512284619
4079.52295229523,-54.2055087193421
4086.51865186519,-54.1796242931414
4093.51435143514,-54.1537977778797
4100.5100510051,-54.1280290024839
4107.50575057506,-54.1023177967821
4114.50145014502,-54.0766639914976
4121.49714971497,-54.0510674182424
4128.49284928493,-54.0255279095122
4135.48854885489,-54.0000452986798
4142.48424842484,-53.9746194199894
4149.4799479948,-53.9492501085511
4156.47564756476,-53.9239372003349
4163.47134713471,-53.8986805321652
4170.46704670467,-53.873479941715
4177.46274627463,-53.8483352675006
4184.45844584458,-53.8232463488757
4191.45414541454,-53.7982130260262
4198.4498449845,-53.7732351399647
4205.44554455445,-53.748312532525
4212.44124412441,-53.7234450463569
4219.43694369437,-53.6986325249207
4226.43264326433,-53.6738748124822
4233.42834283428,-53.6491717541073
4240.42404240424,-53.6245231956567
4247.4197419742,-53.5999289837812
4254.41544154416,-53.5753889659162
4261.41114111411,-53.5509029902768
4268.40684068407,-53.5264709058528
4275.40254025403,-53.5020925624039
4282.39823982398,-53.4777678104543
4289.39393939394,-53.4534965012883
4296.3896389639,-53.4292784869454
4303.38533853385,-53.4051136202152
4310.38103810381,-53.381001754633
4317.37673767377,-53.3569427444746
4324.37243724373,-53.3329364447523
4331.36813681368,-53.3089827112095
4338.36383638364,-53.2850814003168
4345.3595359536,-53.2612323692668
4352.35523552355,-53.2374354759699
4359.35093509351,-53.21369057905
4366.34663466347,-53.1899975378394
4373.34233423342,-53.1663562123749
4380.33803380338,-53.1427664633935
4387.33373337334,-53.1192281523276
4394.32943294329,-53.0957411413008
4401.32513251325,-53.0723052931238
4408.32083208321,-53.0489204712902
4415.31653165317,-53.0255865399719
4422.31223122312,-53.0023033640154
4429.30793079308,-52.979070808937
4436.30363036304,-52.9558887409196
4443.29932993299,-52.9327570268077
4450.29502950295,-52.9096755341038
4457.29072907291,-52.8866441309646
4464.28642864286,-52.8636626861963
4471.28212821282,-52.8407310692515
4478.27782778278,-52.8178491502245
4485.27352735274,-52.795016799848
4492.26922692269,-52.7722338894888
4499.26492649265,-52.7495002911444
4506.26062606261,-52.7268158774386
4513.25632563256,-52.7041805216184
4520.25202520252,-52.6815940975498
4527.24772477248,-52.6590564797141
4534.24342434243,-52.6365675432045
4541.23912391239,-52.6141271637223
4548.23482348235,-52.5917352175729
4555.23052305231,-52.5693915816629
4562.22622262226,-52.547096133496
4569.22192219222,-52.5248487511697
4576.21762176218,-52.5026493133715
4583.21332133213,-52.4804976993759
4590.20902090209,-52.4583937890403
4597.20472047205,-52.4363374628021
4604.200420042,-52.4143286016752
4611.19611961196,-52.3923670872461
4618.19181918192,-52.3704528016713
4625.18751875188,-52.3485856276735
4632.18321832183,-52.3267654485384
4639.17891789179,-52.3049921481113
4646.17461746175,-52.2832656107942
4653.1703170317,-52.261585721542
4660.16601660166,-52.2399523658598
4667.16171617162,-52.2183654297996
4674.15741574157,-52.1968247999568
4681.15311531153,-52.1753303634676
4688.14881488149,-52.1538820080054
4695.14451445145,-52.132479621778
4702.1402140214,-52.1111230935246
4709.13591359136,-52.0898123125123
4716.13161316132,-52.0685471685336
4723.12731273127,-52.0473275519031
4730.12301230123,-52.0261533534548
4737.11871187119,-52.0050244645387
4744.11441144114,-51.9839407770183
4751.1101110111,-51.9629021832674
4758.10581058106,-51.9419085761674
4765.10151015102,-51.9209598491044
4772.09720972097,-51.9000558959662
4779.09290929093,-51.8791966111397
4786.08860886088,-51.858381889508
4793.08430843084,-51.8376116264475
4800.0800080008,-51.8168857178253
4807.07570757076,-51.7962040599964
4814.07140714071,-51.7755665498009
4821.06710671067,-51.7549730845616
4828.06280628063,-51.7344235620809
4835.05850585059,-51.7139178806383
4842.05420542054,-51.6934559389881
4849.0499049905,-51.6730376363559
4856.04560456046,-51.6526628724372
4863.04130413041,-51.6323315473938
4870.03700370037,-51.6120435618517
4877.03270327033,-51.5917988168983
4884.02840284028,-51.5715972140805
4891.02410241024,-51.5514386554011
4898.0198019802,-51.5313230433174
4905.01550155016,-51.5112502807381
4912.01120112011,-51.4912202710209
4919.00690069007,-51.4712329179704
4926.00260026003,-51.4512881258351
4932.99829982998,-51.4313857993058
4939.99399939994,-51.4115258435121
4946.9896989699,-51.3917081640214
4953.98539853985,-51.3719326668353
4960.98109810981,-51.3521992583879
4967.97679767977,-51.3325078455436
4974.97249724973,-51.3128583355942
4981.96819681968,-51.2932506362572
4988.96389638964,-51.2736846556734
4995.9595959596,-51.2541603024044
5002.95529552955,-51.2346774854305
5009.95099509951,-51.2152361141486
5016.94669466947,-51.1958360983697
5023.94239423942,-51.1764773483172
5030.93809380938,-51.1571597746242
5037.93379337934,-51.1378832883316
5044.92949294929,-51.118647800886
5051.92519251925,-51.0994532241374
5058.92089208921,-51.0802994703372
5065.91659165917,-51.0611864521361
5072.91229122912,-51.042114082582
5079.90799079908,-51.0230822751179
5086.90369036904,-51.0040909435798
5093.89938993899,-50.9851400021949
5100.89508950895,-50.9662293655792
5107.89078907891,-50.9473589487358
5114.88648864886,-50.9285286670528
5121.88218821882,-50.9097384363013
5128.87788778878,-50.8909881726332
5135.87358735874,-50.8722777925799
5142.86928692869,-50.8536072130496
5149.86498649865,-50.8349763513258
5156.86068606861,-50.8163851250653
5163.85638563856,-50.7978334522961
5170.85208520852,-50.7793212514161
5177.84778477848,-50.7608484411903
5184.84348434844,-50.7424149407499
5191.83918391839,-50.7240206695896
5198.83488348835,-50.7056655475665
5205.83058305831,-50.6873494948977
5212.82628262826,-50.6690724321588
5219.82198219822,-50.650834280282
5226.81768176818,-50.6326349605543
5233.81338133813,-50.6144743946157
5240.80908090809,-50.5963525044576
5247.80478047805,-50.578269212421
5254.800480048,-50.5602244411943
5261.79617961796,-50.5422181138124
5268.79187918792,-50.5242501536543
5275.78757875788,-50.5063204844417
5282.78327832783,-50.4884290302372
5289.77897789779,-50.4705757154427
5296.77467746775,-50.4527604647977
5303.7703770377,-50.4349832033776
5310.76607660766,-50.4172438565921
5317.76177617762,-50.3995423501835
5324.75747574757,-50.3818786102251
5331.75317531753,-50.3642525631197
5338.74887488749,-50.3466641355977
5345.74457445745,-50.329113254716
5352.7402740274,-50.3115998478558
5359.73597359736,-50.2941238427216
5366.73167316732,-50.2766851673392
5373.72737273727,-50.2592837500544
5380.72307230723,-50.2419195195314
5387.71877187719,-50.2245924047513
5394.71447144714,-50.2073023350104
5401.7101710171,-50.1900492399189
5408.70587058706,-50.1728330493993
5415.70157015702,-50.155653693685
5422.69726972697,-50.1385111033188
5429.69296929693,-50.1214052091511
5436.68866886689,-50.1043359423391
5443.68436843684,-50.0873032343447
5450.6800680068,-50.0703070169335
5457.67576757676,-50.0533472221729
5464.67146714671,-50.0364237824314
5471.66716671667,-50.0195366303764
5478.66286628663,-50.0026856989734
5485.65856585659,-49.9858709214841
5492.65426542654,-49.9690922314654
5499.6499649965,-49.9523495627681
5506.64566456646,-49.9356428495351
5513.64136413641,-49.9189720262001
5520.63706370637,-49.9023370274869
5527.63276327633,-49.885737788407
5534.62846284628,-49.8691742442594
5541.62416241624,-49.8526463306284
5548.6198619862,-49.8361539833826
5555.61556155616,-49.8196971386737
5562.61126112611,-49.8032757329351
5569.60696069607,-49.7868897028807
5576.60266026603,-49.7705389855031
5583.59835983598,-49.7542235180734
5590.59405940594,-49.7379432381387
5597.5897589759,-49.7216980835219
5604.58545854585,-49.7054879923197
5611.58115811581,-49.6893129029017
5618.57685768577,-49.6731727539092
5625.57255725572,-49.6570674842539
5632.56825682568,-49.6409970331165
5639.56395639564,-49.6249613399459
5646.5596559656,-49.6089603444576
5653.55535553555,-49.5929939866326
5660.55105510551,-49.5770622067166
5667.54675467547,-49.5611649452182
5674.54245424542,-49.5453021429082
5681.53815381538,-49.5294737408182
5688.53385338534,-49.5136796802396
5695.5295529553,-49.4979199027223
5702.52525252525,-49.4821943500737
5709.52095209521,-49.4665029643574
5716.51665166517,-49.4508456878922
5723.51235123512,-49.4352224632512
5730.50805080508,-49.4196332332599
5737.50375037504,-49.4040779409962
5744.49944994499,-49.3885565297885
5751.49514951495,-49.3730689432148
5758.49084908491,-49.3576151251017
5765.48654865487,-49.3421950195233
5772.48224822482,-49.3268085708003
5779.47794779478,-49.3114557234984
5786.47364736474,-49.2961364224279
5793.46934693469,-49.2808506126422
5800.46504650465,-49.2655982394369
5807.46074607461,-49.2503792483489
5814.45644564456,-49.2351935851551
5821.45214521452,-49.2200411958716
5828.44784478448,-49.2049220267526
5835.44354435444,-49.1898360242893
5842.43924392439,-49.1747831352091
5849.43494349435,-49.1597633064744
5856.43064306431,-49.1447764852817
5863.42634263426,-49.1298226190607
5870.42204220422,-49.1149016554732
5877.41774177418,-49.100013542412
5884.41344134413,-49.0851582280003
5891.40914091409,-49.0703356605905
5898.40484048405,-49.0555457887631
5905.40054005401,-49.040788561326
5912.39623962396,-49.0260639273137
5919.39193919392,-49.0113718359858
5926.38763876388,-48.9967122368267
5933.38333833383,-48.9820850795442
5940.37903790379,-48.9674903140689
5947.37473747375,-48.952927890553
5954.37043704371,-48.9383977593696
5961.36613661366,-48.923899871112
5968.36183618362,-48.9094341765921
5975.35753575358,-48.8950006268403
5982.35323532353,-48.880599173104
5989.34893489349,-48.8662297668473
5996.34463446345,-48.8518923597496
6003.3403340334,-48.8375869037049
6010.33603360336,-48.8233133508212
6017.33173317332,-48.8090716534191
6024.32743274327,-48.7948617640317
6031.32313231323,-48.7806836354028
6038.31883188319,-48.766537220487
6045.31453145314,-48.7524224724483
6052.3102310231,-48.7383393446593
6059.30593059306,-48.7242877907006
6066.30163016302,-48.7102677643597
6073.29732973297,-48.6962792196307
6080.29302930293,-48.6823221107127
6087.28872887289,-48.6683963920096
6094.28442844284,-48.6545020181292
6101.2801280128,-48.6406389438821
6108.27582758276,-48.6268071242813
6115.27152715271,-48.6130065145413
6122.26722672267,-48.599237070077
6129.26292629263,-48.5854987465033
6136.25862586259,-48.5717914996343
6143.25432543254,-48.5581152854824
6150.2500250025,-48.5444700602574
6157.24572457246,-48.5308557803661
6164.24142414241,-48.5172724024114
6171.23712371237,-48.5037198831912
6178.23282328233,-48.4901981796983
6185.22852285229,-48.4767072491191
6192.22422242224,-48.4632470488333
6199.2199219922,-48.4498175364127
6206.21562156216,-48.4364186696209
6213.21132113211,-48.4230504064124
6220.20702070207,-48.4097127049318
6227.20272027203,-48.3964055235132
6234.19841984198,-48.3831288206794
6241.19411941194,-48.3698825551415
6248.1898189819,-48.3566666857977
6255.18551855186,-48.3434811717329
6262.18121812181,-48.330325972218
6269.17691769177,-48.3172010467093
6276.17261726173,-48.3041063548475
6283.16831683168,-48.2910418564573
6290.16401640164,-48.2780075115467
6297.1597159716,-48.265003280306
6304.15541554155,-48.2520291231078
6311.15111511151,-48.2390850005057
6318.14681468147,-48.2261708732338
6325.14251425143,-48.2132867022064
6332.13821382138,-48.2004324485167
6339.13391339134,-48.1876080734368
6346.1296129613,-48.1748135384167
6353.12531253125,-48.1620488050838
6360.12101210121,-48.149313835242
6367.11671167117,-48.1366085908715
6374.11241124112,-48.1239330341278
6381.10811081108,-48.1112871273413
6388.10381038104,-48.0986708330164
6395.099509951,-48.0860841138315
6402.09520952095,-48.0735269326375
6409.09090909091,-48.0609992524579
6416.08660866087,-48.0485010364879
6423.08230823082,-48.036032248094
6430.07800780078,-48.0235928508129
6437.07370737074,-48.0111828083516
6444.06940694069,-47.9988020845862
6451.06510651065,-47.9864506435619
6458.06080608061,-47.9741284494918
6465.05650565057,-47.9618354667567
6472.05220522052,-47.9495716599044
6479.04790479048,-47.9373369936493
6486.04360436044,-47.9251314328716
6493.03930393039,-47.9129549426167
6500.03500350035,-47.9008074880951
6507.03070307031,-47.8886890346811
6514.02640264026,-47.8765995479129
6521.02210221022,-47.8645389934918
6528.01780178018,-47.8525073372815
6535.01350135014,-47.8405045453078
6542.00920092009,-47.8285305837578
6549.00490049005,-47.8165854189798
6556.00060006001,-47.8046690174822
6562.99629962996,-47.7927813459335
6569.99199919992,-47.7809223711612
6576.98769876988,-47.7690920601518
6583.98339833983,-47.7572903800501
6590.97909790979,-47.7455172981585
6597.97479747975,-47.7337727819367
6604.97049704971,-47.7220567990011
6611.96619661966,-47.7103693171242
6618.96189618962,-47.6987103042344
6625.95759575958,-47.6870797284152
6632.95329532953,-47.6754775579047
6639.94899489949,-47.6639037610951
6646.94469446945,-47.6523583065327
6653.9403940394,-47.6408411629166
6660.93609360936,-47.6293522990987
6667.93179317932,-47.6178916840832
6674.92749274927,-47.6064592870259
6681.92319231923,-47.5950550772341
6688.91889188919,-47.5836790241656
6695.91459145915,-47.5723310974287
6702.9102910291,-47.5610112667813
6709.90599059906,-47.549719502131
6716.90169016902,-47.5384557735339
6723.89738973898,-47.5272200511949
6730.89308930893,-47.5160123054666
6737.88878887889,-47.5048325068492
6744.88448844885,-47.4936806259899
6751.8801880188,-47.4825566336827
6758.87588758876,-47.4714605008674
6765.87158715872,-47.4603921986299
6772.86728672867,-47.4493516982011
6779.86298629863,-47.4383389709567
6786.85868586859,-47.4273539884168
6793.85438543855,-47.4163967222457
6800.8500850085,-47.4054671442508
6807.84578457846,-47.3945652263829
6814.84148414841,-47.3836909407352
6821.83718371837,-47.3728442595433
6828.83288328833,-47.3620251551845
6835.82858285829,-47.3512336001776
6842.82428242824,-47.3404695671821
6849.8199819982,-47.3297330289983
6856.81568156816,-47.3190239585665
6863.81138113811,-47.3083423289668
6870.80708070807,-47.2976881134184
6877.80278027803,-47.2870612852797
6884.79847984799,-47.2764618180474
6891.79417941794,-47.2658896853563
6898.7898789879,-47.255344860979
6905.78557855786,-47.2448273188253
6912.78127812781,-47.2343370329421
6919.77697769777,-47.2238739775124
6926.77267726773,-47.2134381268559
6933.76837683768,-47.2030294554276
6940.76407640764,-47.1926479378179
6947.7597759776,-47.1822935487525
6954.75547554755,-47.1719662630913
6961.75117511751,-47.1616660558287
6968.74687468747,-47.1513929020928
6975.74257425743,-47.1411467771451
6982.73827382738,-47.1309276563805
6989.73397339734,-47.1207355153264
6996.7296729673,-47.1105703296425
7003.72537253725,-47.1004320751207
7010.72107210721,-47.0903207276845
7017.71677167717,-47.0802362633886
7024.71247124712,-47.0701786584186
7031.70817081708,-47.0601478890908
7038.70387038704,-47.0501439318517
7045.699569957,-47.0401667632776
7052.69526952695,-47.0302163600743
7059.69096909691,-47.0202926990769
7066.68666866687,-47.0103957572492
7073.68236823682,-47.0005255116835
7080.67806780678,-46.9906819396004
7087.67376737674,-46.9808650183482
7094.6694669467,-46.9710747254026
7101.66516651665,-46.9613110383665
7108.66086608661,-46.9515739349697
7115.65656565657,-46.9418633930684
7122.65226522652,-46.9321793906449
7129.64796479648,-46.9225219058075
7136.64366436644,-46.9128909167898
7143.63936393639,-46.9032864019507
7150.63506350635,-46.893708339774
7157.63076307631,-46.8841567088679
7164.62646264626,-46.874631487965
7171.62216221622,-46.8651326559218
7178.61786178618,-46.8556601917181
7185.61356135613,-46.8462140744575
7192.60926092609,-46.8367942833661
7199.60496049605,-46.8274007977931
7206.60066006601,-46.8180335972099
7213.59635963596,-46.8086926612098
7220.59205920592,-46.7993779695081
7227.58775877588,-46.7900895019416
7234.58345834584,-46.7808272384681
7241.57915791579,-46.7715911591665
7248.57485748575,-46.7623812442362
7255.57055705571,-46.7531974739967
7262.56625662566,-46.7440398288879
7269.56195619562,-46.7349082894691
7276.55765576558,-46.7258028364193
7283.55335533553,-46.7167234505365
7290.54905490549,-46.7076701127375
7297.54475447545,-46.6986428040578
7304.5404540454,-46.6896415056514
7311.53615361536,-46.6806661987901
7318.53185318532,-46.6717168648634
7325.52755275528,-46.6627934853785
7332.52325232523,-46.6538960419597
7339.51895189519,-46.6450245163485
7346.51465146515,-46.6361788904026
7353.5103510351,-46.6273591460965
7360.50605060506,-46.6185652655208
7367.50175017502,-46.6097972308818
7374.49744974497,-46.6010550245017
7381.49314931493,-46.5923386288179
7388.48884888489,-46.5836480263829
7395.48454845485,-46.5749831998641
7402.4802480248,-46.5663441320435
7409.47594759476,-46.5577308058174
7416.47164716472,-46.5491432041963
7423.46734673467,-46.5405813103043
7430.46304630463,-46.5320451073795
7437.45874587459,-46.523534578773
7444.45444544454,-46.5150497079491
7451.4501450145,-46.506590478485
7458.44584458446,-46.4981568740704
7465.44154415442,-46.4897488785076
7472.43724372437,-46.4813664757108
7479.43294329433,-46.4730096497062
7486.42864286429,-46.4646783846317
7493.42434243424,-46.4563726647366
7500.4200420042,-46.4480924743814
7507.41574157416,-46.4398377980374
7514.41144114412,-46.4316086202869
7521.40714071407,-46.4234049258225
7528.40284028403,-46.4152266994473
7535.39853985398,-46.4070739260741
7542.39423942394,-46.3989465907258
7549.3899389939,-46.3908446785349
7556.38563856386,-46.3827681747432
7563.38133813381,-46.3747170647015
7570.37703770377,-46.3666913338699
7577.37273727373,-46.358690967817
7584.36843684368,-46.3507159522199
7591.36413641364,-46.342766272864
7598.3598359836,-46.3348419156429
7605.35553555356,-46.3269428665579
7612.35123512351,-46.3190691117182
7619.34693469347,-46.31122063734
7626.34263426343,-46.3033974297473
7633.33833383338,-46.2955994753708
7640.33403340334,-46.287826760748
7647.3297329733,-46.2800792725231
7654.32543254326,-46.2723569974469
7661.32113211321,-46.2646599223761
7668.31683168317,-46.2569880342736
7675.31253125313,-46.2493413202081
7682.30823082308,-46.2417197673539
7689.30393039304,-46.2341233629909
7696.299629963,-46.2265520945039
7703.29532953295,-46.2190059493829
7710.29102910291,-46.2114849152229
7717.28672867287,-46.2039889797234
7724.28242824282,-46.1965181306882
7731.27812781278,-46.1890723560258
7738.27382738274,-46.1816516437483
7745.2695269527,-46.1742559819721
7752.26522652265,-46.1668853589171
7759.26092609261,-46.1595397629068
7766.25662566257,-46.152219182368
7773.25232523252,-46.1449236058308
7780.24802480248,-46.1376530219281
7787.24372437244,-46.1304074193956
7794.23942394239,-46.1231867870719
7801.23512351235,-46.1159911138978
7808.23082308231,-46.1088203889163
7815.22652265226,-46.1016746012729
7822.22222222222,-46.0945537402145
7829.21792179218,-46.0874577950902
7836.21362136214,-46.0803867553504
7843.20932093209,-46.073340610547
7850.20502050205,-46.0663193503332
7857.20072007201,-46.0593229644632
7864.19641964196,-46.052351442792
7871.19211921192,-46.0454047752755
7878.18781878188,-46.0384829519702
7885.18351835184,-46.0315859630328
7892.17921792179,-46.0247137987205
7899.17491749175,-46.0178664493902
7906.17061706171,-46.0110439054992
7913.16631663166,-46.0042461576043
7920.16201620162,-45.9974731963618
7927.15771577158,-45.9907250125275
7934.15341534153,-45.9840015969568
7941.14911491149,-45.9773029406037
7948.14481448145,-45.9706290345215
7955.14051405141,-45.9639798698623
7962.13621362136,-45.9573554378767
7969.13191319132,-45.9507557299141
7976.12761276128,-45.9441807374218
7983.12331233123,-45.9376304519458
7990.11901190119,-45.9311048651298
7997.11471147115,-45.9246039687156
8004.1104110411,-45.9181277545426
8011.10611061106,-45.911676214548
8018.10181018102,-45.9052493407663
8025.09750975098,-45.8988471253293
8032.09320932093,-45.8924695604661
8039.08890889089,-45.8861166385029
8046.08460846085,-45.8797883518624
8053.0803080308,-45.8734846930645
8060.07600760076,-45.8672056547254
8067.07170717072,-45.8609512295579
8074.06740674067,-45.8547214103711
8081.06310631063,-45.8485161900701
8088.05880588059,-45.8423355616563
8095.05450545055,-45.8361795182269
8102.0502050205,-45.8300480529748
8109.04590459046,-45.8239411591886
8116.04160416042,-45.8178588302525
8123.03730373037,-45.8118010596457
8130.03300330033,-45.8057678409431
8137.02870287029,-45.7997591678144
8144.02440244024,-45.7937750340242
8151.0201020102,-45.7878154334321
8158.01580158016,-45.7818803599923
8165.01150115012,-45.7759698077537
8172.00720072007,-45.7700837708595
8179.00290029003,-45.7642222435472
8185.99859985999,-45.7583852201485
8192.99429942994,-45.7525726950893
8199.9899989999,-45.7467846628891
8206.98569856986,-45.7410211181614
8213.98139813981,-45.7352820556135
8220.97709770977,-45.729567470046
8227.97279727973,-45.723877356353
8234.96849684968,-45.7182117095219
8241.96419641964,-45.7125705246333
8248.9598959896,-45.7069537968608
8255.95559555956,-45.7013615214709
8262.95129512951,-45.695793693823
8269.94699469947,-45.6902503093691
8276.94269426943,-45.6847313636538
8283.93839383938,-45.6792368523141
8290.93409340934,-45.6737667710793
8297.9297929793,-45.6683211157709
8304.92549254926,-45.6628998823026
8311.92119211921,-45.65750306668
8318.91689168917,-45.6521306650004
8325.91259125913,-45.646782673453
8332.90829082908,-45.6414590883185
8339.90399039904,-45.6361599059691
8346.899689969,-45.6308851228685
8353.89538953895,-45.6256347355715
8360.89108910891,-45.6204087407241
8367.88678867887,-45.6152071350634
8374.88248824882,-45.6100299154173
8381.87818781878,-45.6048770787044
8388.87388738874,-45.5997486219343
8395.8695869587,-45.5946445422069
8402.86528652865,-45.5895648367127
8409.86098609861,-45.5845095027324
8416.85668566857,-45.5794785376371
8423.85238523852,-45.5744719388878
8430.84808480848,-45.5694897040357
8437.84378437844,-45.5645318307218
8444.8394839484,-45.5595983166769
8451.83518351835,-45.5546891597215
8458.83088308831,-45.5498043577656
8465.82658265827,-45.5449439088086
8472.82228222822,-45.5401078109394
8479.81798179818,-45.5352960623359
8486.81368136814,-45.5305086612654
8493.80938093809,-45.5257456060839
8500.80508050805,-45.5210068952365
8507.80078007801,-45.5162925272569
8514.79647964796,-45.5116025007677
8521.79217921792,-45.5069368144799
8528.78787878788,-45.502295467193
8535.78357835784,-45.4976784577948
8542.77927792779,-45.4930857852614
8549.77497749775,-45.488517448657
8556.77067706771,-45.4839734471338
8563.76637663766,-45.479453779932
8570.76207620762,-45.4749584463793
8577.75777577758,-45.4704874458914
8584.75347534754,-45.4660407779715
8591.74917491749,-45.4616184422103
8598.74487448745,-45.4572204382856
8605.74057405741,-45.4528467659627
8612.73627362736,-45.4484974250941
8619.73197319732,-45.4441724156191
8626.72767276728,-45.4398717375641
8633.72337233723,-45.4355953910421
8640.71907190719,-45.4313433762531
8647.71477147715,-45.4271156934834
8654.7104710471,-45.4229123431059
8661.70617061706,-45.41873332558
8668.70187018702,-45.4145786414511
8675.69756975698,-45.4104482913509
8682.69326932693,-45.4063422759972
8689.68896889689,-45.4022605961935
8696.68466846685,-45.3982032528294
8703.6803680368,-45.3941702468799
8710.67606760676,-45.3901615794059
8717.67176717672,-45.3861772515535
8724.66746674668,-45.3822172645544
8731.66316631663,-45.3782816197253
8738.65886588659,-45.3743703184684
8745.65456545655,-45.3704833622704
8752.6502650265,-45.3666207527035
8759.64596459646,-45.3627824914243
8766.64166416642,-45.3589685801742
8773.63736373637,-45.3551790207792
8780.63306330633,-45.3514138151497
8787.62876287629,-45.3476729652804
8794.62446244625,-45.3439564732504
8801.6201620162,-45.3402643412226
8808.61586158616,-45.3365965714442
8815.61156115612,-45.3329531662462
8822.60726072607,-45.3293341280431
8829.60296029603,-45.3257394593332
8836.59865986599,-45.3221691626985
8843.59435943594,-45.3186232408041
8850.5900590059,-45.3151016963984
8857.58575857586,-45.3116045323131
8864.58145814581,-45.3081317514628
8871.57715771577,-45.304683356845
8878.57285728573,-45.3012593515402
8885.56855685569,-45.2978597387111
8892.56425642564,-45.2944845216034
8899.5599559956,-45.2911337035448
8906.55565556555,-45.2878072879456
8913.55135513551,-45.2845052782981
8920.54705470547,-45.2812276781765
8927.54275427543,-45.2779744912372
8934.53845384539,-45.274745721218
8941.53415341534,-45.2715413719385
8948.5298529853,-45.2683614472998
8955.52555255526,-45.2652059512844
8962.52125212521,-45.2620748879559
8969.51695169517,-45.2589682614591
8976.51265126513,-45.2558860760196
8983.50835083508,-45.252828335944
8990.50405040504,-45.2497950456195
8997.499749975,-45.2467862095138
9004.49544954495,-45.243801832175
9011.49114911491,-45.2408419182316
9018.48684868487,-45.2379064723919
9025.48254825483,-45.2349954994445
9032.47824782478,-45.2321090042577
9039.47394739474,-45.2292469917794
9046.4696469647,-45.2264094670371
9053.46534653465,-45.2235964351377
9060.46104610461,-45.2208079012672
9067.45674567457,-45.2180438706908
9074.45244524452,-45.2153043487526
9081.44814481448,-45.2125893408755
9088.44384438444,-45.2098988525608
9095.4395439544,-45.2072328893886
9102.43524352435,-45.2045914570169
9109.43094309431,-45.2019745611823
9116.42664266426,-45.1993822076988
9123.42234223422,-45.1968144024587
9130.41804180418,-45.1942711514317
9137.41374137414,-45.191752460665
9144.40944094409,-45.1892583362831
9151.40514051405,-45.1867887844877
9158.40084008401,-45.1843438115573
9165.39653965396,-45.1819234238474
9172.39223922392,-45.1795276277899
9179.38793879388,-45.1771564298932
9186.38363836384,-45.1748098367421
9193.37933793379,-45.1724878549972
9200.37503750375,-45.1701904913952
9207.37073707371,-45.1679177527484
9214.36643664367,-45.1656696459446
9221.36213621362,-45.163446177947
9228.35783578358,-45.1612473557938
9235.35353535354,-45.1590731865981
9242.34923492349,-45.156923677548
9249.34493449345,-45.1547988359059
9256.3406340634,-45.1526986690086
9263.33633363336,-45.1506231842671
9270.33203320332,-45.1485723891661
9277.32773277328,-45.1465462912643
9284.32343234323,-45.1445448981937
9291.31913191319,-45.1425682176597
9298.31483148315,-45.1406162574408
9305.3105310531,-45.1386890253883
9312.30623062306,-45.1367865294262
9319.30193019302,-45.1349087775507
9326.29762976298,-45.1330557778305
9333.29332933293,-45.1312275384062
9340.28902890289,-45.1294240674898
9347.28472847285,-45.1276453733653
9354.28042804281,-45.1258914643875
9361.27612761276,-45.1241623489827
9368.27182718272,-45.1224580356474
9375.26752675267,-45.1207785329492
9382.26322632263,-45.1191238495256
9389.25892589259,-45.1174939940843
9396.25462546254,-45.1158889754028
9403.2503250325,-45.1143088023279
9410.24602460246,-45.1127534837758
9417.24172417242,-45.1112230287319
9424.23742374237,-45.10971744625
9431.23312331233,-45.1082367454525
9438.22882288229,-45.1067809355299
9445.22452245225,-45.1053500257408
9452.2202220222,-45.1039440254112
9459.21592159216,-45.1025629439345
9466.21162116212,-45.1012067907713
9473.20732073207,-45.0998755754486
9480.20302030203,-45.0985693075603
9487.19871987199,-45.0972879967661
9494.19441944194,-45.0960316527918
9501.1901190119,-45.0948002854285
9508.18581858186,-45.0935939045328
9515.18151815181,-45.092412520026
9522.17721772177,-45.0912561418942
9529.17291729173,-45.0901247801876
9536.16861686169,-45.0890184450205
9543.16431643164,-45.0879371465706
9550.1600160016,-45.0868808950792
9557.15571557156,-45.0858497008502
9564.15141514151,-45.0848435742503
9571.14711471147,-45.0838625257085
9578.14281428143,-45.0829065657155
9585.13851385139,-45.0819757048236
9592.13421342134,-45.0810699536464
9599.1299129913,-45.0801893228581
9606.12561256126,-45.0793338231935
9613.12131213121,-45.0785034654473
9620.11701170117,-45.077698260474
9627.11271127112,-45.0769182191873
9634.10841084108,-45.0761633525597
9641.10411041104,-45.0754336716224
9648.09980998099,-45.0747291874646
9655.09550955095,-45.0740499112331
9662.09120912091,-45.073395854132
9669.08690869087,-45.0727670274222
9676.08260826083,-45.0721634424212
9683.07830783078,-45.0715851105023
9690.07400740074,-45.0710320430944
9697.0697069707,-45.0705042516815
9704.06540654065,-45.0700017478022
9711.06110611061,-45.0695245430496
9718.05680568057,-45.0690726490701
9725.05250525052,-45.0686460775637
9732.04820482048,-45.068244840283
9739.04390439044,-45.0678689490332
9746.0396039604,-45.0675184156712
9753.03530353035,-45.0671932521051
9760.03100310031,-45.066893470294
9767.02670267027,-45.0666190822474
9774.02240224022,-45.0663701000246
9781.01810181018,-45.0661465357342
9788.01380138014,-45.0659484015335
9795.00950095009,-45.0657757096284
9802.00520052005,-45.065628472272
9809.00090009001,-45.0655067017651
9815.99659965997,-45.0654104104549
9822.99229922992,-45.0653396107346
9829.98799879988,-45.0652943150429
9836.98369836984,-45.0652745358637
9843.97939793979,-45.065280285725
9850.97509750975,-45.0653115771984
9857.97079707971,-45.0653684228991
9864.96649664967,-45.0654508354845
9871.96219621962,-45.065558827654
9878.95789578958,-45.0656924121484
9885.95359535954,-45.065851601749
9892.94929492949,-45.0660364092774
9899.94499449945,-45.0662468475944
9906.94069406941,-45.0664829295996
9913.93639363936,-45.0667446682306
9920.93209320932,-45.0670320764625
9927.92779277928,-45.067345167307
9934.92349234923,-45.067683953812
9941.91919191919,-45.0680484490605
9948.91489148915,-45.0684386661702
9955.9105910591,-45.0688546182928
9962.90629062906,-45.0692963186129
9969.90199019902,-45.0697637803479
9976.89768976898,-45.0702570167465
9983.89338933893,-45.0707760410885
9990.88908890889,-45.0713208666839
9997.88478847885,-45.0718915068719
10004.8804880488,-45.0724879750204
10011.8761876188,-45.073110284525
10018.8718871887,-45.0737584488082
10025.8675867587,-45.074432481319
10032.8632863286,-45.0751323955313
10039.8589858986,-45.0758582049437
10046.8546854685,-45.0766099230783
10053.8503850385,-45.07738756348
10060.8460846085,-45.0781911397156
10067.8417841784,-45.079020665373
10074.8374837484,-45.0798761540599
10081.8331833183,-45.0807576194033
10088.8288828883,-45.0816650750487
10095.8245824582,-45.0825985346585
10102.8202820282,-45.0835580119118
10109.8159815982,-45.0845435205029
10116.8116811681,-45.0855550741407
10123.8073807381,-45.0865926865474
10130.803080308,-45.0876563714578
10137.798779878,-45.0887461426179
10144.7944794479,-45.0898620137845
10151.7901790179,-45.0910039987233
10158.7858785879,-45.0921721112088
10165.7815781578,-45.0933663650223
10172.7772777278,-45.0945867739517
10179.7729772977,-45.0958333517896
10186.7686768677,-45.0971061123328
10193.7643764376,-45.0984050693809
10200.7600760076,-45.0997302367352
10207.7557755776,-45.1010816281976
10214.7514751475,-45.1024592575693
10221.7471747175,-45.1038631386498
10228.7428742874,-45.1052932852355
10235.7385738574,-45.1067497111188
10242.7342734273,-45.1082324300863
10249.7299729973,-45.1097414559184
10256.7256725673,-45.111276802387
10263.7213721372,-45.1128384832553
10270.7170717072,-45.1144265122757
10277.7127712771,-45.1160409031888
10284.7084708471,-45.117681669722
10291.704170417,-45.1193488255883
10298.699869987,-45.1210423844848
10305.695569557,-45.1227623600913
10312.6912691269,-45.124508766069
10319.6869686969,-45.126281616059
10326.6826682668,-45.1280809236809
10333.6783678368,-45.1299067025313
10340.6740674067,-45.1317589661824
10347.6697669767,-45.1336377281804
10354.6654665467,-45.1355430020443
10361.6611661166,-45.1374748012638
10368.6568656866,-45.1394331392983
10375.6525652565,-45.1414180295749
10382.6482648265,-45.1434294854874
10389.6439643964,-45.1454675203938
10396.6396639664,-45.1475321476155
10403.6353635364,-45.1496233804353
10410.6310631063,-45.1517412320955
10417.6267626763,-45.1538857157967
10424.6224622462,-45.1560568446957
10431.6181618162,-45.1582546319039
10438.6138613861,-45.1604790904855
10445.6095609561,-45.1627302334557
10452.6052605261,-45.165008073779
10459.600960096,-45.1673126243673
10466.596659666,-45.1696438980779
10473.5923592359,-45.1720019077118
10480.5880588059,-45.174386666012
10487.5837583758,-45.1767981856608
10494.5794579458,-45.1792364792789
10501.5751575158,-45.1817015594227
10508.5708570857,-45.1841934385822
10515.5665566557,-45.1867121291797
10522.5622562256,-45.1892576435671
10529.5579557956,-45.1918299940239
10536.5536553655,-45.1944291927556
10543.5493549355,-45.1970552518907
10550.5450545055,-45.1997081834793
10557.5407540754,-45.2023879994907
10564.5364536454,-45.205094711811
10571.5321532153,-45.2078283322408
10578.5278527853,-45.2105888724934
10585.5235523552,-45.2133763441921
10592.5192519252,-45.2161907588678
10599.5149514951,-45.219032127957
10606.5106510651,-45.2219004627991
10613.5063506351,-45.2247957746342
10620.502050205,-45.2277180746003
10627.497749775,-45.2306673737314
10634.4934493449,-45.2336436829544
10641.4891489149,-45.2366470130867
10648.4848484848,-45.2396773748341
10655.4805480548,-45.2427347787874
10662.4762476248,-45.2458192354203
10669.4719471947,-45.2489307550866
10676.4676467647,-45.2520693480176
10683.4633463346,-45.255235024319
10690.4590459046,-45.2584277939684
10697.4547454745,-45.2616476668125
10704.4504450445,-45.2648946525641
10711.4461446145,-45.2681687607994
10718.4418441844,-45.2714700009548
10725.4375437544,-45.2747983823243
10732.4332433243,-45.2781539140562
10739.4289428943,-45.2815366051503
10746.4246424642,-45.2849464644544
10753.4203420342,-45.2883835006618
10760.4160416042,-45.2918477223077
10767.4117411741,-45.2953391377664
10774.4074407441,-45.2988577552474
10781.403140314,-45.302403582793
10788.398839884,-45.3059766282742
10795.3945394539,-45.309576899388
10802.3902390239,-45.3132044036535
10809.3859385939,-45.3168591484087
10816.3816381638,-45.320541140807
10823.3773377338,-45.3242503878138
10830.3730373037,-45.3279868962026
10837.3687368737,-45.3317506725518
10844.3644364436,-45.3355417232406
10851.3601360136,-45.3393600544459
10858.3558355836,-45.3432056721379
10865.3515351535,-45.3470785820767
10872.3472347235,-45.3509787898083
10879.3429342934,-45.354906300661
10886.3386338634,-45.358861119741
10893.3343334333,-45.3628432519288
10900.3300330033,-45.366852701875
10907.3257325733,-45.3708894739961
10914.3214321432,-45.374953572471
10921.3171317132,-45.3790450012357
10928.3128312831,-45.3831637639801
10935.3085308531,-45.3873098641433
10942.304230423,-45.3914833049091
10949.299929993,-45.3956840892019
10956.295629563,-45.3999122196822
10963.2913291329,-45.4041676987418
10970.2870287029,-45.4084505284998
10977.2827282728,-45.4127607107973
10984.2784278428,-45.4170982471934
10991.2741274127,-45.42146313896
10998.2698269827,-45.4258553870774
11005.2655265527,-45.4302749922289
11012.2612261226,-45.4347219547965
11019.2569256926,-45.4391962748557
11026.2526252625,-45.4436979521703
11033.2483248325,-45.4482269861876
11040.2440244024,-45.4527833760331
11047.2397239724,-45.4573671205053
11054.2354235424,-45.4619782180705
11061.2311231123,-45.4666166668574
11068.2268226823,-45.4712824646519
11075.2225222522,-45.4759756088911
11082.2182218222,-45.4806960966585
11089.2139213921,-45.4854439246778
11096.2096209621,-45.4902190893076
11103.2053205321,-45.4950215865356
11110.201020102,-45.4998514119724
11117.196719672,-45.5047085608464
11124.1924192419,-45.5095930279973
11131.1881188119,-45.51450480787
11138.1838183818,-45.5194438945089
11145.1795179518,-45.5244102815517
11152.1752175217,-45.5294039622227
11159.1709170917,-45.5344249293273
11166.1666166617,-45.5394731752446
11173.1623162316,-45.5445486919219
11180.1580158016,-45.5496514708677
11187.1537153715,-45.5547815031449
11194.1494149415,-45.5599387793647
11201.1451145114,-45.5651232896792
11208.1408140814,-45.5703350237749
11215.1365136514,-45.5755739708658
11222.1322132213,-45.5808401196861
11229.1279127913,-45.5861334584835
11236.1236123612,-45.5914539750116
11243.1193119312,-45.5968016565229
11250.1150115011,-45.6021764897614
11257.1107110711,-45.6075784609552
11264.1064106411,-45.6130075558087
11271.102110211,-45.6184637594954
11278.097809781,-45.6239470566499
11285.0935093509,-45.6294574313601
11292.0892089209,-45.6349948671597
11299.0849084908,-45.6405593470196
11306.0806080608,-45.6461508533404
11313.0763076308,-45.6517693679437
11320.0720072007,-45.6574148720645
11327.0677067707,-45.6630873463423
11334.0634063406,-45.6687867708126
11341.0591059106,-45.6745131248989
11348.0548054805,-45.6802663874035
11355.0505050505,-45.6860465364991
11362.0462046205,-45.6918535497197
11369.0419041904,-45.6976874039518
11376.0376037604,-45.7035480754252
11383.0333033303,-45.7094355397041
11390.0290029003,-45.7153497716775
11397.0247024702,-45.7212907455501
11404.0204020402,-45.7272584348328
11411.0161016102,-45.7332528123326
11418.0118011801,-45.7392738501439
11425.0075007501,-45.7453215196376
11432.00320032,-45.751395791452
11438.99889989,-45.7574966354825
11445.9945994599,-45.7636240208711
11452.9902990299,-45.7697779159967
11459.9859985999,-45.7759582884644
11466.9816981698,-45.782165105095
11473.9773977398,-45.7883983319147
11480.9730973097,-45.794657934144
11487.9687968797,-45.8009438761868
11494.9644964496,-45.80725612162
11501.9601960196,-45.8135946331816
11508.9558955896,-45.8199593727602
11515.9515951595,-45.8263503013832
11522.9472947295,-45.8327673792055
11529.9429942994,-45.839210565498
11536.9386938694,-45.8456798186356
11543.9343934393,-45.8521750960856
11550.9300930093,-45.8586963543956
11557.9257925793,-45.8652435491815
11564.9214921492,-45.871816635115
11571.9171917192,-45.8784155659115
11578.9128912891,-45.8850402943174
11585.9085908591,-45.8916907720975
11592.904290429,-45.8983669500224
11599.899989999,-45.905068777855
11606.895689569,-45.9117962043382
11613.8913891389,-45.9185491771811
11620.8870887089,-45.9253276430461
11627.8827882788,-45.9321315475349
11634.8784878488,-45.9389608351751
11641.8741874187,-45.9458154494069
11648.8698869887,-45.9526953325682
11655.8655865587,-45.9596004258813
11662.8612861286,-45.9665306694384
11669.8569856986,-45.9734860021872
11676.8526852685,-45.9804663619164
11683.8483848385,-45.9874716852412
11690.8440844084,-45.9945019075882
11697.8397839784,-46.0015569631804
11704.8354835484,-46.0086367850224
11711.8311831183,-46.0157413048847
11718.8268826883,-46.0228704532886
11725.8225822582,-46.0300241594904
11732.8182818282,-46.0372023514656
11739.8139813981,-46.0444049558929
11746.8096809681,-46.0516318981384
11753.8053805381,-46.0588831022392
11760.801080108,-46.0661584908868
11767.796779678,-46.0734579854106
11774.7924792479,-46.0807815057614
11781.7881788179,-46.0881289704942
11788.7838783878,-46.0955002967512
11795.7795779578,-46.1028954002444
11802.7752775278,-46.1103141952386
11809.7709770977,-46.1177565945332
11816.7666766677,-46.125222509445
11823.7623762376,-46.13271184979
11830.7580758076,-46.140224523865
11837.7537753775,-46.14776043843
11844.7494749475,-46.155319498689
11851.7451745175,-46.162901608272
11858.7408740874,-46.1705066692155
11865.7365736574,-46.1781345819444
11872.7322732273,-46.1857852452518
11879.7279727973,-46.1934585562805
11886.7236723672,-46.2011544105031
11893.7193719372,-46.2088727017021
11900.7150715071,-46.2166133219504
11907.7107710771,-46.224376161591
11914.7064706471,-46.2321611092169
11921.702170217,-46.2399680516504
11928.697869787,-46.2477968739227
11935.6935693569,-46.2556474592529
11942.6892689269,-46.2635196890273
11949.6849684968,-46.2714134427779
11956.6806680668,-46.2793285981614
11963.6763676368,-46.2872650309371
11970.6720672067,-46.2952226149458
11977.6677667767,-46.3032012220873
11984.6634663466,-46.3112007222989
11991.6591659166,-46.3192209835326
11998.6548654865,-46.3272618717327
12005.6505650565,-46.3353232508134
12012.6462646265,-46.3434049826357
12019.6419641964,-46.3515069269845
12026.6376637664,-46.3596289415452
12033.6333633363,-46.3677708818805
12040.6290629063,-46.3759326014066
12047.6247624762,-46.3841139513697
12054.6204620462,-46.3923147808215
12061.6161616162,-46.4005349365958
12068.6118611861,-46.4087742632833
12075.6075607561,-46.4170326032079
12082.603260326,-46.4253097964014
12089.598959896,-46.4336056805788
12096.5946594659,-46.4419200911133
12103.5903590359,-46.450252861011
12110.5860586059,-46.4586038208853
12117.5817581758,-46.4669727989315
12124.5774577458,-46.475359620901
12131.5731573157,-46.483764110075
12138.5688568857,-46.4921860872389
12145.5645564556,-46.5006253706554
12152.5602560256,-46.5090817760384
12159.5559555956,-46.5175551165262
12166.5516551655,-46.5260452026545
12173.5473547355,-46.5345518423296
12180.5430543054,-46.5430748408013
12187.5387538754,-46.5516140006351
12194.5344534453,-46.5601691216852
12201.5301530153,-46.5687400010666
12208.5258525853,-46.5773264331271
12215.5215521552,-46.5859282094198
12222.5172517252,-46.5945451186744
12229.5129512951,-46.6031769467693
12236.5086508651,-46.6118234767027
12243.504350435,-46.6204844885648
12250.500050005,-46.6291597595082
12257.495749575,-46.6378490637196
12264.4914491449,-46.6465521723904
12271.4871487149,-46.655268853688
12278.4828482848,-46.663998872726
12285.4785478548,-46.6727419915352
12292.4742474247,-46.6814979690338
12299.4699469947,-46.6902665609981
12306.4656465647,-46.6990475200322
12313.4613461346,-46.7078405955386
12320.4570457046,-46.7166455336882
12327.4527452745,-46.7254620773897
12334.4484448445,-46.73428996626
12341.4441444144,-46.7431289365938
12348.4398439844,-46.7519787213327
12355.4355435544,-46.7608390500358
12362.4312431243,-46.7697096488481
12369.4269426943,-46.7785902404704
12376.4226422642,-46.7874805441289
12383.4183418342,-46.7963802755439
12390.4140414041,-46.8052891468994
12397.4097409741,-46.8142068668122
12404.4054405441,-46.823133140301
12411.401140114,-46.8320676687555
12418.396839684,-46.8410101499055
12425.3925392539,-46.84996027779
12432.3882388239,-46.8589177427263
12439.3839383938,-46.8678822312785
12446.3796379638,-46.8768534262276
12453.3753375338,-46.8858310065393
12460.3710371037,-46.8948146473342
12467.3667366737,-46.9038040198561
12474.3624362436,-46.9127987914416
12481.3581358136,-46.9217986254889
12488.3538353835,-46.9308031814275
12495.3495349535,-46.939812114687
12502.3452345235,-46.9488250766671
12509.3409340934,-46.9578417147062
12516.3366336634,-46.9668616720518
12523.3323332333,-46.9758845878297
12530.3280328033,-46.9849100970138
12537.3237323732,-46.9939378303963
12544.3194319432,-47.0029674145572
12551.3151315131,-47.0119984718351
12558.3108310831,-47.0210306202971
12565.3065306531,-47.0300634737097
12572.302230223,-47.039096641509
12579.297929793,-47.0481297287722
12586.2936293629,-47.0571623361885
12593.2893289329,-47.0661940600301
12600.2850285028,-47.0752244921243
12607.2807280728,-47.0842532198254
12614.2764276428,-47.0932798259862
12621.2721272127,-47.1023038889309
12628.2678267827,-47.1113249824279
12635.2635263526,-47.1203426756622
12642.2592259226,-47.1293565332096
12649.2549254925,-47.1383661150095
12656.2506250625,-47.1473709763396
12663.2463246325,-47.1563706677901
12670.2420242024,-47.1653647352385
12677.2377237724,-47.1743527198248
12684.2334233423,-47.1833341579272
12691.2291229123,-47.1923085811383
12698.2248224822,-47.2012755162416
12705.2205220522,-47.2102344851883
12712.2162216222,-47.2191850050756
12719.2119211921,-47.2281265881238
12726.2076207621,-47.2370587416556
12733.203320332,-47.2459809680751
12740.199019902,-47.2548927648477
12747.1947194719,-47.26379362448
12754.1904190419,-47.2726830345015
12761.1861186119,-47.2815604774454
12768.1818181818,-47.2904254308318
12775.1775177518,-47.2992773671499
12782.1732173217,-47.3081157538421
12789.1689168917,-47.3169400532885
12796.1646164616,-47.3257497227918
12803.1603160316,-47.3345442145633
12810.1560156016,-47.34332297571
12817.1517151715,-47.3520854482215
12824.1474147415,-47.3608310689594
12831.1431143114,-47.3695592696456
12838.1388138814,-47.3782694768531
12845.1345134513,-47.3869611119971
12852.1302130213,-47.3956335913268
12859.1259125913,-47.4042863259187
12866.1216121612,-47.4129187216703
12873.1173117312,-47.4215301792956
12880.1130113011,-47.4301200943211
12887.1087108711,-47.4386878570826
12894.104410441,-47.447232852724
12901.100110011,-47.4557544611965
12908.095809581,-47.4642520572591
12915.0915091509,-47.4727250104805
12922.0872087209,-47.4811726852421
12929.0829082908,-47.4895944407422
12936.0786078608,-47.4979896310012
12943.0743074307,-47.506357604869
12950.0700070007,-47.5146977060325
12957.0657065707,-47.5230092730254
12964.0614061406,-47.5312916392388
12971.0571057106,-47.5395441329337
12978.0528052805,-47.5477660772547
12985.0485048505,-47.5559567902448
12992.0442044204,-47.5641155848623
12999.0399039904,-47.5722417689992
13006.0356035604,-47.5803346455004
13013.0313031303,-47.5883935121854
13020.0270027003,-47.5964176618711
13027.0227022702,-47.6044063823964
13034.0184018402,-47.6123589566484
13041.0141014101,-47.6202746625901
13048.0098009801,-47.6281527732906
13055.0055005501,-47.6359925569559
13062.00120012,-47.6437932769624
13068.99689969,-47.6515541918919
13075.9925992599,-47.6592745555684
13082.9882988299,-47.6669536170966
13089.9839983998,-47.6745906209027
13096.9796979698,-47.6821848067771
13103.9753975398,-47.6897354099182
13110.9710971097,-47.6972416609796
13117.9667966797,-47.7047027861179
13124.9624962496,-47.7121180070437
13131.9581958196,-47.7194865410737
13138.9538953895,-47.7268076011854
13145.9495949595,-47.7340803960737
13152.9452945295,-47.7413041302101
13159.9409940994,-47.748478003903
13166.9366936694,-47.7556012133615
13173.9323932393,-47.7626729507601
13180.9280928093,-47.7696924043068
13187.9237923792,-47.7766587583124
13194.9194919492,-47.7835711932629
13201.9151915192,-47.7904288858933
13208.9108910891,-47.7972310092649
13215.9065906591,-47.8039767328436
13222.902290229,-47.8106652225812
13229.897989799,-47.8172956409995
13236.8936893689,-47.8238671472755
13243.8893889389,-47.8303788973301
13250.8850885089,-47.8368300439191
13257.8807880788,-47.8432197367257
13264.8764876488,-47.8495471224562
13271.8721872187,-47.8558113449382
13278.8678867887,-47.8620115452208
13285.8635863586,-47.8681468616772
13292.8592859286,-47.8742164301103
13299.8549854985,-47.8802193838602
13306.8506850685,-47.8861548539144
13313.8463846385,-47.8920219690202
13320.8420842084,-47.8978198558004
13327.8377837784,-47.9035476388699
13334.8334833483,-47.9092044409565
13341.8291829183,-47.914789383023
13348.8248824882,-47.9203015843919
13355.8205820582,-47.9257401628732
13362.8162816282,-47.9311042348936
13369.8119811981,-47.9363929156294
13376.8076807681,-47.9416053191403
13383.803380338,-47.9467405585071
13390.799079908,-47.9517977459707
13397.7947794779,-47.956775993074
13404.7904790479,-47.961674410806
13411.7861786179,-47.9664921097483
13418.7818781878,-47.9712282002238
13425.7775777578,-47.975881792448
13432.7732773277,-47.980451996682
13439.7689768977,-47.9849379233882
13446.7646764676,-47.989338683388
13453.7603760376,-47.9936533880222
13460.7560756076,-47.9978811493124
13467.7517751775,-48.0020210801256
13474.7474747475,-48.0060722943406
13481.7431743174,-48.0100339070161
13488.7388738874,-48.0139050345608
13495.7345734573,-48.0176847949062
13502.7302730273,-48.0213723076803
13509.7259725973,-48.0249666943839
13516.7216721672,-48.0284670785682
13523.7173717372,-48.0318725860144
13530.7130713071,-48.0351823449152
13537.7087708771,-48.0383954860575
13544.704470447,-48.041511143007
13551.700170017,-48.0445284522942
13558.695869587,-48.047446553602
13565.6915691569,-48.0502645899546
13572.6872687269,-48.0529817079076
13579.6829682968,-48.0555970577397
13586.6786678668,-48.0581097936453
13593.6743674367,-48.0605190739285
13600.6700670067,-48.0628240611977
13607.6657665767,-48.065023922562
13614.6614661466,-48.0671178298275
13621.6571657166,-48.0691049596949
13628.6528652865,-48.0709844939584
13635.6485648565,-48.072755619704
13642.6442644264,-48.0744175295095
13649.6399639964,-48.0759694216445
13656.6356635664,-48.0774105002708
13663.6313631363,-48.0787399756429
13670.6270627063,-48.0799570643097
13677.6227622762,-48.0810609893146
13684.6184618462,-48.0820509803976
13691.6141614161,-48.0829262741956
13698.6098609861,-48.0836861144438
13705.6055605561,-48.084329752176
13712.601260126,-48.0848564459252
13719.596959696,-48.0852654619228
13726.5926592659,-48.0855560742987
13733.5883588359,-48.0857275652791
13740.5840584058,-48.0857792253846
13747.5797579758,-48.0857103536271
13754.5754575458,-48.085520257706
13761.5711571157,-48.0852082542023
13768.5668566857,-48.0847736687732
13775.5625562556,-48.0842158363437
13782.5582558256,-48.0835341012978
13789.5539553955,-48.0827278176681
13796.5496549655,-48.0817963493233
13803.5453545355,-48.0807390701544
13810.5410541054,-48.079555364259
13817.5367536754,-48.0782446261234
13824.5324532453,-48.0768062608031
13831.5281528153,-48.0752396841002
13838.5238523852,-48.0735443227403
13845.5195519552,-48.0717196145446
13852.5152515252,-48.069765008602
13859.5109510951,-48.0676799654365
13866.5066506651,-48.0654639571736
13873.502350235,-48.0631164677025
13880.498049805,-48.0606369928365
13887.4937493749,-48.0580250404698
13894.4894489449,-48.0552801307312
13901.4851485149,-48.0524017961351
13908.4808480848,-48.0493895817285
13915.4765476548,-48.046243045235
13922.4722472247,-48.0429617571957
13929.4679467947,-48.0395453011055
13936.4636463646,-48.0359932735467
13943.4593459346,-48.0323052843184
13950.4550455045,-48.0284809565621
13957.4507450745,-48.0245199268836
13964.4464446445,-48.0204218454702
13971.4421442144,-48.0161863762049
13978.4378437844,-48.0118131967755
13985.4335433543,-48.0073019987799
13992.4292429243,-48.002652487827
13999.4249424942,-47.9978643836332
14006.4206420642,-47.9929374201144
14013.4163416342,-47.9878713454736
14020.4120412041,-47.9826659222841
14027.4077407741,-47.9773209275672
14034.403440344,-47.9718361528668
14041.399139914,-47.9662114043174
14048.3948394839,-47.9604465027091
14055.3905390539,-47.9545412835462
14062.3862386239,-47.9484955971019
14069.3819381938,-47.9423093084681
14076.3776377638,-47.9359822975995
14083.3733373337,-47.9295144593537
14090.3690369037,-47.9229057035255
14097.3647364736,-47.9161559548764
14104.3604360436,-47.9092651531595
14111.3561356136,-47.9022332531386
14118.3518351835,-47.8950602246027
14125.3475347535,-47.8877460523754
14132.3432343234,-47.8802907363189
14139.3389338934,-47.8726942913333
14146.3346334633,-47.8649567473504
14153.3303330333,-47.8570781493225
14160.3260326033,-47.8490585572067
14167.3217321732,-47.8408980459429
14174.3174317432,-47.832596705428
14181.3131313131,-47.8241546404846
14188.3088308831,-47.8155719708238
14195.304530453,-47.806848831005
14202.300230023,-47.7979853703884
14209.295929593,-47.7889817530844
14216.2916291629,-47.7798381578972
14223.2873287329,-47.7705547782639
14230.2830283028,-47.7611318221883
14237.2787278728,-47.7515695121704
14244.2744274427,-47.7418680851314
14251.2701270127,-47.7320277923333
14258.2658265827,-47.7220488992943
14265.2615261526,-47.7119316856997
14272.2572257226,-47.7016764453084
14279.2529252925,-47.6912834858546
14286.2486248625,-47.6807531289452
14293.2443244324,-47.6700857099538
14300.2400240024,-47.6592815779086
14307.2357235724,-47.6483410953785
14314.2314231423,-47.6372646383531
14321.2271227123,-47.6260525961199
14328.2228222822,-47.6147053711376
14335.2185218522,-47.6032233789046
14342.2142214221,-47.5916070478248
14349.2099209921,-47.5798568190696
14356.2056205621,-47.567973146436
14363.201320132,-47.555956496201
14370.197019702,-47.5438073469739
14377.1927192719,-47.5315261895437
14384.1884188419,-47.5191135267246
14391.1841184118,-47.5065698731979
14398.1798179818,-47.4938957553507
14405.1755175518,-47.4810917111125
14412.1712171217,-47.4681582897884
14419.1669166917,-47.4550960518894
14426.1626162616,-47.4419055689615
14433.1583158316,-47.4285874234105
14440.1540154015,-47.415142208326
14447.1497149715,-47.4015705273023
14454.1454145415,-47.3878729942574
14461.1411141114,-47.3740502332502
14468.1368136814,-47.3601028782956
14475.1325132513,-47.3460315731775
14482.1282128213,-47.3318369712608
14489.1239123912,-47.3175197353013
14496.1196119612,-47.303080537254
14503.1153115312,-47.2885200580807
14510.1110111011,-47.2738389875555
14517.1067106711,-47.25903802407
14524.102410241,-47.2441178744364
14531.098109811,-47.229079253691
14538.0938093809,-47.2139228848955
14545.0895089509,-47.1986494989385
14552.0852085209,-47.183259834336
14559.0809080908,-47.1677546370313
14566.0766076608,-47.1521346601949
14573.0723072307,-47.1364006640233
14580.0680068007,-47.1205534155386
14587.0637063706,-47.1045936883869
14594.0594059406,-47.0885222626375
14601.0551055105,-47.0723399245818
14608.0508050805,-47.0560474665321
14615.0465046505,-47.0396456866215
14622.0422042204,-47.0231353886031
14629.0379037904,-47.0065173816502
14636.0336033603,-46.989792480157
14643.0293029303,-46.97296150354
14650.0250025002,-46.9560252760395
14657.0207020702,-46.9389846265228
14664.0164016402,-46.9218403882872
14671.0121012101,-46.9045933988649
14678.0078007801,-46.8872444998281
14685.00350035,-46.869794536596
14691.99919992,-46.8522443582421
14698.9948994899,-46.8345948173032
14705.9905990599,-46.8168467695897
14712.9862986299,-46.7990010739974
14719.9819981998,-46.7810585923201
14726.9776977698,-46.7630201890643
14733.9733973397,-46.7448867312652
14740.9690969097,-46.7266590883046
14747.9647964796,-46.7083381317298
14754.9604960496,-46.6899247350751
14761.9561956196,-46.671419773684
14768.9518951895,-46.6528241245348
14775.9475947595,-46.6341386660662
14782.9432943294,-46.6153642780062
14789.9389938994,-46.5965018412024
14796.9346934693,-46.5775522374545
14803.9303930393,-46.5585163493486
14810.9260926093,-46.539395060094
14817.9217921792,-46.5201892533615
14824.9174917492,-46.5008998131246
14831.9131913191,-46.4815276235023
14838.9088908891,-46.4620735686043
14845.904590459,-46.4425385323788
14852.900290029,-46.4229233984617
14859.895989599,-46.4032290500293
14866.8916891689,-46.383456369652
14873.8873887389,-46.3636062391517
14880.8830883088,-46.3436795394604
14887.8787878788,-46.3236771504817
14894.8744874487,-46.3035999509549
14901.8701870187,-46.2834488183211
14908.8658865887,-46.2632246285917
14915.8615861586,-46.24292825622
14922.8572857286,-46.2225605739741
14929.8529852985,-46.2021224528134
14936.8486848685,-46.181614761767
14943.8443844384,-46.1610383678142
14950.8400840084,-46.1403941357683
14957.8357835784,-46.1196829281621
14964.8314831483,-46.0989056051365
14971.8271827183,-46.0780630243308
14978.8228822882,-46.0571560407763
14985.8185818582,-46.0361855067917
14992.8142814281,-46.015152271881
14999.8099809981,-45.9940571826346
15006.8056805681,-45.9729010826315
15013.801380138,-45.9516848123453
15020.797079708,-45.9304092090515
15027.7927792779,-45.9090751067378
15034.7884788479,-45.8876833360167
15041.7841784178,-45.8662347240406
15048.7798779878,-45.8447300944186
15055.7755775578,-45.8231702671363
15062.7712771277,-45.8015560584779
15069.7669766977,-45.7798882809504
15076.7626762676,-45.7581677432098
15083.7583758376,-45.7363952499903
15090.7540754075,-45.7145716020351
15097.7497749775,-45.6926975960297
15104.7454745475,-45.6707740245374
15111.7411741174,-45.6488016759368
15118.7368736874,-45.6267813343621
15125.7325732573,-45.6047137796444
15132.7282728273,-45.5825997872563
15139.7239723972,-45.5604401282576
15146.7196719672,-45.5382355692442
15153.7153715372,-45.5159868722975
15160.7110711071,-45.4936947949374
15167.7067706771,-45.4713600900764
15174.702470247,-45.4489835059757
15181.698169817,-45.4265657862032
15188.6938693869,-45.4041076695943
15195.6895689569,-45.3816098902131
15202.6852685269,-45.3590731773166
15209.6809680968,-45.3364982553204
15216.6766676668,-45.313885843766
15223.6723672367,-45.29123665729
15230.6680668067,-45.2685514055954
15237.6637663766,-45.2458307934237
15244.6594659466,-45.22307552053
15251.6551655165,-45.2002862816584
15258.6508650865,-45.1774637665199
15265.6465646565,-45.1546086597718
15272.6422642264,-45.1317216409984
15279.6379637964,-45.1088033846933
15286.6336633663,-45.0858545602433
15293.6293629363,-45.062875831914
15300.6250625063,-45.0398678588362
15307.6207620762,-45.0168312949948
15314.6164616462,-44.9937667892176
15321.6121612161,-44.9706749851673
15328.6078607861,-44.9475565213328
15335.603560356,-44.924412031024
15342.599259926,-44.9012421423657
15349.5949594959,-44.8780474782947
15356.5906590659,-44.8548286565568
15363.5863586359,-44.8315862897053
15370.5820582058,-44.8083209851014
15377.5777577758,-44.7850333449147
15384.5734573457,-44.7617239661253
15391.5691569157,-44.7383934405275
15398.5648564856,-44.7150423547333
15405.5605560556,-44.6916712901783
15412.5562556256,-44.6682808231279
15419.5519551955,-44.6448715246844
15426.5476547655,-44.6214439607954
15433.5433543354,-44.5979986922629
15440.5390539054,-44.5745362747537
15447.5347534753,-44.55105725881
15454.5304530453,-44.5275621898618
15461.5261526153,-44.5040516082389
15468.5218521852,-44.4805260491852
15475.5175517552,-44.4569860428723
15482.5132513251,-44.4334321144152
15489.5089508951,-44.4098647838878
15496.504650465,-44.3862845663393
15503.500350035,-44.3626919718119
15510.496049605,-44.3390875053585
15517.4917491749,-44.3154716670613
15524.4874487449,-44.2918449520508
15531.4831483148,-44.2682078505262
15538.4788478848,-44.2445608477752
15545.4745474547,-44.2209044241957
15552.4702470247,-44.1972390553166
15559.4659465947,-44.1735652118205
15566.4616461646,-44.1498833595661
15573.4573457346,-44.1261939596113
15580.4530453045,-44.1024974682367
15587.4487448745,-44.0787943369698
15594.4444444444,-44.0550850126096
15601.4401440144,-44.031369937251
15608.4358435844,-44.0076495483109
15615.4315431543,-43.9839242785529
15622.4272427243,-43.9601945561145
15629.4229422942,-43.9364608045326
15636.4186418642,-43.9127234427707
15643.4143414341,-43.8889828852459
15650.4100410041,-43.8652395418565
15657.4057405741,-43.8414938180092
15664.401440144,-43.8177461146476
15671.397139714,-43.7939968282803
15678.3928392839,-43.7702463510089
15685.3885388539,-43.7464950705575
15692.3842384238,-43.7227433703011
15699.3799379938,-43.6989916292948
15706.3756375638,-43.6752402223033
15713.3713371337,-43.6514895198304
15720.3670367037,-43.6277398881485
15727.3627362736,-43.6039916893289
15734.3584358436,-43.5802452812712
15741.3541354135,-43.5565010177338
15748.3498349835,-43.5327592483641
15755.3455345535,-43.5090203187289
15762.3412341234,-43.4852845703446
15769.3369336934,-43.4615523407083
15776.3326332633,-43.4378239633278
15783.3283328333,-43.4140997677528
15790.3240324032,-43.3903800796055
15797.3197319732,-43.3666652206112
15804.3154315432,-43.3429555086298
15811.3111311131,-43.3192512576857
15818.3068306831,-43.2955527779998
15825.302530253,-43.2718603760197
15832.298229823,-43.2481743544509
15839.2939293929,-43.2244950122878
15846.2896289629,-43.2008226448445
15853.2853285329,-43.1771575437858
15860.2810281028,-43.1534999971582
15867.2767276728,-43.1298502894205
15874.2724272427,-43.1062087014749
15881.2681268127,-43.0825755106976
15888.2638263826,-43.0589509909699
15895.2595259526,-43.0353354127083
15902.2552255225,-43.0117290428956
15909.2509250925,-42.9881321451113
15916.2466246625,-42.964544979562
15923.2423242324,-42.9409678031119
15930.2380238024,-42.9174008693133
15937.2337233723,-42.8938444284363
15944.2294229423,-42.8702987274993
15951.2251225122,-42.8467640102995
15958.2208220822,-42.8232405174415
15965.2165216522,-42.7997284863686
15972.2122212221,-42.7762281513915
15979.2079207921,-42.7527397437185
15986.203620362,-42.7292634914844
15993.199319932,-42.7057996197803
16000.1950195019,-42.6823483506828
16007.1907190719,-42.6589099032827
16014.1864186419,-42.6354844937143
16021.1821182118,-42.6120723351842
16028.1778177818,-42.5886736379997
16035.1735173517,-42.5652886095976
16042.1692169217,-42.5419174545724
16049.1649164916,-42.5185603747046
16056.1606160616,-42.4952175689888
16063.1563156316,-42.4718892336615
16070.1520152015,-42.4485755622289
16077.1477147715,-42.4252767454947
16084.1434143414,-42.4019929715871
16091.1391139114,-42.3787244259866
16098.1348134814,-42.3554712915524
16105.1305130513,-42.3322337485502
16112.1262126213,-42.3090119746783
16119.1219121912,-42.2858061450944
16126.1176117612,-42.2626164324421
16133.1133113311,-42.2394430068769
16140.1090109011,-42.2162860360926
16147.104710471,-42.1931456853471
16154.100410041,-42.1700221174877
16161.096109611,-42.1469154929773
16168.0918091809,-42.1238259699194
16175.0875087509,-42.100753704083
16182.0832083208,-42.0776988489282
16189.0789078908,-42.0546615556306
16196.0746074607,-42.0316419731058
16203.0703070307,-42.0086402480343
16210.0660066007,-41.9856565248855
16217.0617061706,-41.9626909459415
16224.0574057406,-41.9397436513214
16231.0531053105,-41.9168147790051
16238.0488048805,-41.893904464856
16245.0445044504,-41.8710128426453
16252.0402040204,-41.8481400440746
16259.0359035904,-41.825286198799
16266.0316031603,-41.8024514344496
16273.0273027303,-41.7796358766564
16280.0230023002,-41.7568396490708
16287.0187018702,-41.7340628733872
16294.0144014401,-41.7113056693658
16301.0101010101,-41.6885681548536
16308.0058005801,-41.6658504458068
16315.00150015,-41.6431526563118
16321.99719972,-41.6204748986065
16328.9928992899,-41.5978172831016
16335.9885988599,-41.5751799184014
16342.9842984298,-41.5525629113243
16349.9799979998,-41.5299663669236
16356.9756975698,-41.5073903885079
16363.9713971397,-41.484835077661
16370.9670967097,-41.462300534262
16377.9627962796,-41.4397868565052
16384.9584958496,-41.4172941409196
16391.9541954195,-41.3948224823882
16398.9498949895,-41.3723719741678
16405.9455945595,-41.3499427079075
16412.9412941294,-41.3275347736676
16419.9369936994,-41.3051482599389
16426.9326932693,-41.2827832536606
16433.9283928393,-41.2604398402393
16440.9240924092,-41.2381181035664
16447.9197919792,-41.215818126037
16454.9154915492,-41.1935399885669
16461.9111911191,-41.1712837706112
16468.9068906891,-41.1490495501808
16475.902590259,-41.1268374038605
16482.898289829,-41.1046474068259
16489.8939893989,-41.0824796328603
16496.8896889689,-41.0603341543717
16503.8853885389,-41.0382110424094
16510.8810881088,-41.0161103666804
16517.8767876788,-40.9940321955657
16524.8724872487,-40.9719765961369
16531.8681868187,-40.9499436341716
16538.8638863886,-40.9279333741696
16545.8595859586,-40.9059458793686
16552.8552855286,-40.8839812117594
16559.8509850985,-40.8620394321018
16566.8466846685,-40.8401205999391
16573.8423842384,-40.8182247736138
16580.8380838084,-40.7963520102824
16587.8337833783,-40.7745023659296
16594.8294829483,-40.7526758953834
16601.8251825183,-40.7308726523296
16608.8208820882,-40.7090926893256
16615.8165816582,-40.6873360578151
16622.8122812281,-40.6656028081416
16629.8079807981,-40.6438929895625
16636.803680368,-40.6222066502628
16643.799379938,-40.6005438373686
16650.7950795079,-40.5789045969604
16657.7907790779,-40.5572889740866
16664.7864786479,-40.5356970127764
16671.7821782178,-40.5141287560529
16678.7778777878,-40.4925842459459
16685.7735773577,-40.4710635235045
16692.7692769277,-40.4495666288099
16699.7649764976,-40.4280936009878
16706.7606760676,-40.4066444782203
16713.7563756376,-40.3852192977586
16720.7520752075,-40.3638180959347
16727.7477747775,-40.3424409081735
16734.7434743474,-40.3210877690042
16741.7391739174,-40.2997587120725
16748.7348734873,-40.2784537701516
16755.7305730573,-40.2571729751538
16762.7262726273,-40.2359163581418
16769.7219721972,-40.2146839493398
16776.7176717672,-40.1934757781444
16783.7133713371,-40.1722918731357
16790.7090709071,-40.1511322620879
16797.704770477,-40.1299969719798
16804.700470047,-40.1088860290059
16811.696169617,-40.0877994585861
16818.6918691869,-40.0667372853764
16825.6875687569,-40.0456995332791
16832.6832683268,-40.0246862254526
16839.6789678968,-40.0036973843217
16846.6746674667,-39.9827330315872
16853.6703670367,-39.9617931882354
16860.6660666067,-39.9408778745485
16867.6617661766,-39.919987110113
16874.6574657466,-39.8991209138302
16881.6531653165,-39.8782793039248
16888.6488648865,-39.8574622979541
16895.6445644564,-39.8366699128175
16902.6402640264,-39.815902164765
16909.6359635964,-39.7951590694065
16916.6316631663,-39.7744406417203
16923.6273627363,-39.7537468960617
16930.6230623062,-39.7330778461718
16937.6187618762,-39.712433505186
16944.6144614461,-39.691813885642
16951.6101610161,-39.6712189994885
16958.6058605861,-39.6506488580932
16965.601560156,-39.6301034722507
16972.597259726,-39.6095828521909
16979.5929592959,-39.5890870075867
16986.5886588659,-39.5686159475615
16993.5843584358,-39.5481696806973
17000.5800580058,-39.5277482150425
17007.5757575758,-39.5073515581188
17014.5714571457,-39.486979716929
17021.5671567157,-39.4666326979648
17028.5628562856,-39.446310507213
17035.5585558556,-39.4260131501638
17042.5542554255,-39.4057406318172
17049.5499549955,-39.3854929566902
17056.5456545655,-39.3652701288239
17063.5413541354,-39.3450721517902
17070.5370537054,-39.3248990286986
17077.5327532753,-39.3047507622026
17084.5284528453,-39.2846273545071
17091.5241524152,-39.264528807374
17098.5198519852,-39.2444551221293
17105.5155515552,-39.2244062996692
17112.5112511251,-39.2043823404664
17119.5069506951,-39.1843832445765
17126.502650265,-39.164409011644
17133.498349835,-39.1444596409083
17140.4940494049,-39.1245351312101
17147.4897489749,-39.1046354809968
17154.4854485449,-39.0847606883286
17161.4811481148,-39.0649107508845
17168.4768476848,-39.0450856659677
17175.4725472547,-39.0252854305113
17182.4682468247,-39.0055100410843
17189.4639463946,-38.9857594938963
17196.4596459646,-38.9660337848038
17203.4553455345,-38.9463329093152
17210.4510451045,-38.9266568625957
17217.4467446745,-38.9070056394735
17224.4424442444,-38.8873792344443
17231.4381438144,-38.8677776416764
17238.4338433843,-38.8482008550162
17245.4295429543,-38.8286488679928
17252.4252425243,-38.8091216738234
17259.4209420942,-38.7896192654174
17266.4166416642,-38.770141635382
17273.4123412341,-38.7506887760267
17280.4080408041,-38.7312606793679
17287.403740374,-38.7118573371335
17294.399439944,-38.6924787407677
17301.395139514,-38.6731248814355
17308.3908390839,-38.6537957500269
17315.3865386539,-38.6344913371617
17322.3822382238,-38.6152116331937
17329.3779377938,-38.5959566282148
17336.3736373637,-38.5767263120596
17343.3693369337,-38.5575206743096
17350.3650365036,-38.5383397042968
17357.3607360736,-38.5191833911088
17364.3564356436,-38.5000517235917
17371.3521352135,-38.4809446903549
17378.3478347835,-38.4618622797751
17385.3435343534,-38.4428044799994
17392.3392339234,-38.42377127895
17399.3349334934,-38.4047626643277
17406.3306330633,-38.3857786236153
17413.3263326333,-38.3668191440821
17420.3220322032,-38.3478842127867
17427.3177317732,-38.3289738165814
17434.3134313431,-38.310087942115
17441.3091309131,-38.2912265758369
17448.304830483,-38.2723897040005
17455.300530053,-38.2535773126665
17462.296229623,-38.2347893877061
17469.2919291929,-38.2160259148049
17476.2876287629,-38.1972868794656
17483.2833283328,-38.1785722670119
17490.2790279028,-38.159882062591
17497.2747274727,-38.1412162511776
17504.2704270427,-38.1225748175763
17511.2661266127,-38.1039577464251
17518.2618261826,-38.0853650221983
17525.2575257526,-38.0667966292099
17532.2532253225,-38.048252551616
17539.2489248925,-38.0297327734183
17546.2446244624,-38.0112372784664
17553.2403240324,-37.9927660504615
17560.2360236024,-37.9743190729584
17567.2317231723,-37.9558963293689
17574.2274227423,-37.9374978029641
17581.2231223122,-37.9191234768777
17588.2188218822,-37.9007733341081
17595.2145214521,-37.8824473575214
17602.2102210221,-37.8641455298539
17609.2059205921,-37.8458678337149
17616.201620162,-37.827614251589
17623.197319732,-37.8093847658386
17630.1930193019,-37.7911793587067
17637.1887188719,-37.772998012319
17644.1844184418,-37.7548407086868
17651.1801180118,-37.7367074297086
17658.1758175818,-37.7185981571735
17665.1715171517,-37.7005128727626
17672.1672167217,-37.6824515580519
17679.1629162916,-37.6644141945144
17686.1586158616,-37.646400763522
17693.1543154315,-37.6284112463485
17700.1500150015,-37.6104456241709
17707.1457145715,-37.5925038780721
17714.1414141414,-37.5745859890431
17721.1371137114,-37.5566919379846
17728.1328132813,-37.5388217057096
17735.1285128513,-37.520975272945
17742.1242124212,-37.503152620334
17749.1199119912,-37.4853537284379
17756.1156115612,-37.4675785777379
17763.1113111311,-37.4498271486375
17770.1070107011,-37.4320994214639
17777.102710271,-37.4143953764703
17784.098409841,-37.3967149938374
17791.0941094109,-37.3790582536757
17798.0898089809,-37.3614251360266
17805.0855085509,-37.3438156208651
17812.0812081208,-37.3262296881008
17819.0769076908,-37.30866731758
17826.0726072607,-37.2911284890872
17833.0683068307,-37.2736131823472
17840.0640064006,-37.2561213770262
17847.0597059706,-37.2386530527341
17854.0554055406,-37.2212081890255
17861.0511051105,-37.2037867654016
17868.0468046805,-37.186388761312
17875.0425042504,-37.1690141561557
17882.0382038204,-37.1516629292831
17889.0339033903,-37.1343350599975
17896.0296029603,-37.1170305275564
17903.0253025303,-37.0997493111729
17910.0210021002,-37.0824913900175
17917.0167016702,-37.0652567432193
17924.0124012401,-37.0480453498673
17931.0081008101,-37.0308571890123
17938.00380038,-37.0136922396675
17944.99949995,-36.9965504808107
17951.99519952,-36.979431891385
17958.9908990899,-36.9623364503004
17965.9865986599,-36.945264136435
17972.9822982298,-36.9282149286366
17979.9779977998,-36.9111888057233
17986.9736973697,-36.8941857464855
17993.9693969397,-36.8772057296865
18000.9650965096,-36.8602487340643
18007.9607960796,-36.8433147383323
18014.9564956496,-36.8264037211806
18021.9521952195,-36.8095156612776
18028.9478947895,-36.7926505372703
18035.9435943594,-36.7758083277863
18042.9392939294,-36.7589890114343
18049.9349934994,-36.7421925668055
18056.9306930693,-36.7254189724747
18063.9263926393,-36.7086682070011
18070.9220922092,-36.6919402489296
18077.9177917792,-36.6752350767919
18084.9134913491,-36.6585526691071
18091.9091909191,-36.6418930043833
18098.904890489,-36.625256061118
18105.900590059,-36.6086418177996
18112.896289629,-36.5920502529079
18119.8919891989,-36.5754813449154
18126.8876887689,-36.5589350722881
18133.8833883388,-36.5424114134864
18140.8790879088,-36.5259103469661
18147.8747874787,-36.5094318511791
18154.8704870487,-36.4929759045745
18161.8661866187,-36.4765424855994
18168.8618861886,-36.4601315726996
18175.8575857586,-36.4437431443208
18182.8532853285,-36.4273771789089
18189.8489848985,-36.4110336549115
18196.8446844684,-36.3947125507779
18203.8403840384,-36.3784138449607
18210.8360836084,-36.362137515916
18217.8317831783,-36.3458835421045
18224.8274827483,-36.3296519019918
18231.8231823182,-36.3134425740499
18238.8188818882,-36.2972555367573
18245.8145814581,-36.2810907685998
18252.8102810281,-36.2649482480716
18259.8059805981,-36.2488279536756
18266.801680168,-36.2327298639243
18273.797379738,-36.2166539573403
18280.7930793079,-36.2006002124571
18287.7887788779,-36.1845686078199
18294.7844784478,-36.1685591219859
18301.7801780178,-36.1525717335251
18308.7758775878,-36.1366064210211
18315.7715771577,-36.1206631630715
18322.7672767277,-36.1047419382886
18329.7629762976,-36.0888427252998
18336.7586758676,-36.0729655027486
18343.7543754375,-36.0571102492949
18350.7500750075,-36.0412769436153
18357.7457745775,-36.0254655644045
18364.7414741474,-36.0096760903747
18371.7371737174,-35.9939085002574
18378.7328732873,-35.9781627728027
18385.7285728573,-35.9624388867808
18392.7242724272,-35.9467368209819
18399.7199719972,-35.9310565542172
18406.7156715672,-35.915398065319
18413.7113711371,-35.8997613331411
18420.7070707071,-35.8841463365599
18427.702770277,-35.8685530544742
18434.698469847,-35.8529814658061
18441.6941694169,-35.8374315495011
18448.6898689869,-35.821903284529
18455.6855685569,-35.8063966498839
18462.6812681268,-35.790911624585
18469.6769676968,-35.7754481876767
18476.6726672667,-35.7600063182293
18483.6683668367,-35.7445859953391
18490.6640664066,-35.7291871981291
18497.6597659766,-35.7138099057494
18504.6554655466,-35.6984540973772
18511.6511651165,-35.6831197522177
18518.6468646865,-35.6678068495041
18525.6425642564,-35.6525153684982
18532.6382638264,-35.6372452884906
18539.6339633963,-35.6219965888011
18546.6296629663,-35.606769248779
18553.6253625363,-35.5915632478038
18560.6210621062,-35.5763785652848
18567.6167616762,-35.5612151806623
18574.6124612461,-35.5460730734073
18581.6081608161,-35.5309522230219
18588.603860386,-35.51585260904
18595.599559956,-35.5007742110272
18602.595259526,-35.4857170085811
18609.5909590959,-35.4706809813319
18616.5866586659,-35.4556661089425
18623.5823582358,-35.4406723711086
18630.5780578058,-35.4256997475594
18637.5737573757,-35.4107482180576
18644.5694569457,-35.3958177623995
18651.5651565157,-35.3809083604157
18658.5608560856,-35.366019991971
18665.5565556556,-35.3511526369648
18672.5522552255,-35.3363062753313
18679.5479547955,-35.3214808870397
18686.5436543654,-35.3066764520944
18693.5393539354,-35.2918929505357
18700.5350535053,-35.277130362439
18707.5307530753,-35.2623886679163
18714.5264526453,-35.2476678471152
18721.5221522152,-35.23296788022
18728.5178517852,-35.2182887474515
18735.5135513551,-35.2036304290671
18742.5092509251,-35.1889929053616
18749.5049504951,-35.1743761566664
18756.500650065,-35.1597801633506
18763.496349635,-35.1452049058207
18770.4920492049,-35.130650364521
18777.4877487749,-35.1161165199334
18784.4834483448,-35.1016033525782
18791.4791479148,-35.0871108430135
18798.4748474847,-35.0726389718361
18805.4705470547,-35.0581877196812
18812.4662466247,-35.0437570672226
18819.4619461946,-35.029346995173
18826.4576457646,-35.0149574842838
18833.4533453345,-35.0005885153459
18840.4490449045,-34.9862400691892
18847.4447444744,-34.9719121266829
18854.4404440444,-34.9576046687358
18861.4361436144,-34.9433176762963
18868.4318431843,-34.9290511303525
18875.4275427543,-34.9148050119323
18882.4232423242,-34.9005793021038
18889.4189418942,-34.8863739819747
18896.4146414641,-34.8721890326935
18903.4103410341,-34.8580244354484
18910.4060406041,-34.8438801714684
18917.401740174,-34.8297562220227
18924.397439744,-34.8156525684212
18931.3931393139,-34.8015691920145
18938.3888388839,-34.7875060741938
18945.3845384538,-34.7734631963913
18952.3802380238,-34.75944054008
18959.3759375938,-34.7454380867739
18966.3716371637,-34.7314558180281
18973.3673367337,-34.7174937154387
18980.3630363036,-34.7035517606432
18987.3587358736,-34.6896299353203
18994.3544354435,-34.6757282211899
19001.3501350135,-34.6618466000135
19008.3458345835,-34.6479850535939
19015.3415341534,-34.6341435637754
19022.3372337234,-34.6203221124439
19029.3329332933,-34.606520681527
19036.3286328633,-34.5927392529936
19043.3243324332,-34.5789778088546
19050.3200320032,-34.5652363311627
19057.3157315732,-34.551514802012
19064.3114311431,-34.5378132035388
19071.3071307131,-34.5241315179209
19078.302830283,-34.5104697273782
19085.298529853,-34.4968278141724
19092.2942294229,-34.4832057606072
19099.2899289929,-34.4696035490282
19106.2856285629,-34.4560211618228
19113.2813281328,-34.4424585814207
19120.2770277028,-34.4289157902934
19127.2727272727,-34.4153927709545
19134.2684268427,-34.4018895059595
19141.2641264126,-34.3884059779061
19148.2598259826,-34.3749421694341
19155.2555255526,-34.3614980632251
19162.2512251225,-34.348073642003
19169.2469246925,-34.3346688885337
19176.2426242624,-34.321283785625
19183.2383238324,-34.307918316127
19190.2340234023,-34.2945724629318
19197.2297229723,-34.2812462089735
19204.2254225423,-34.2679395372282
19211.2211221122,-34.2546524307142
19218.2168216822,-34.2413848724916
19225.2125212521,-34.2281368456627
19232.2082208221,-34.2149083333718
19239.203920392,-34.2016993188051
19246.199619962,-34.1885097851906
19253.195319532,-34.1753397157986
19260.1910191019,-34.1621890939412
19267.1867186719,-34.1490579029721
19274.1824182418,-34.1359461262874
19281.1781178118,-34.1228537473245
19288.1738173817,-34.1097807495632
19295.1695169517,-34.0967271165244
19302.1652165217,-34.0836928317715
19309.1609160916,-34.070677878909
19316.1566156616,-34.0576822415835
19323.1523152315,-34.0447059034831
19330.1480148015,-34.0317488483374
19337.1437143714,-34.0188110599179
19344.1394139414,-34.0058925220374
19351.1351135114,-33.9929932185502
19358.1308130813,-33.9801131333521
19365.1265126513,-33.9672522503804
19372.1222122212,-33.9544105536137
19379.1179117912,-33.941588027072
19386.1136113611,-33.9287846548163
19393.1093109311,-33.9160004209492
19400.1050105011,-33.9032353096142
19407.100710071,-33.8904893049961
19414.096409641,-33.8777623913207
19421.0921092109,-33.8650545528548
19428.0878087809,-33.8523657739062
19435.0835083508,-33.8396960388237
19442.0792079208,-33.8270453319966
19449.0749074907,-33.8144136378555
19456.0706070607,-33.8018009408714
19463.0663066307,-33.789207225556
19470.0620062006,-33.7766324764616
19477.0577057706,-33.7640766781813
19484.0534053405,-33.7515398153485
19491.0491049105,-33.7390218726368
19498.0448044804,-33.7265228347606
19505.0405040504,-33.7140426864743
19512.0362036204,-33.7015814125727
19519.0319031903,-33.6891389978904
19526.0276027603,-33.6767154273026
19533.0233023302,-33.6643106857242
19540.0190019002,-33.6519247581101
19547.0147014702,-33.639557629455
19554.0104010401,-33.6272092847936
19561.0061006101,-33.6148797092002
19568.00180018,-33.6025688877887
19574.99749975,-33.5902768057127
19581.9931993199,-33.5780034481652
19588.9888988899,-33.5657488003788
19595.9845984598,-33.5535128476253
19602.9802980298,-33.5412955752158
19609.9759975998,-33.5290969685005
19616.9716971697,-33.516917012869
19623.9673967397,-33.5047556937495
19630.9630963096,-33.4926129966097
19637.9587958796,-33.4804889069558
19644.9544954495,-33.4683834103327
19651.9501950195,-33.4562964923244
19658.9458945895,-33.4442281385532
19665.9415941594,-33.43217833468
19672.9372937294,-33.4201470664043
19679.9329932993,-33.4081343194639
19686.9286928693,-33.3961400796347
19693.9243924393,-33.3841643327311
19700.9200920092,-33.3722070646055
19707.9157915792,-33.3602682611482
19714.9114911491,-33.3483479082876
19721.9071907191,-33.3364459919898
19728.902890289,-33.3245624982588
19735.898589859,-33.3126974131363
19742.8942894289,-33.3008507227014
19749.8899889989,-33.2890224130708
19756.8856885689,-33.2772124703986
19763.8813881388,-33.2654208808762
19770.8770877088,-33.2536476307322
19777.8727872787,-33.2418927062324
19784.8684868487,-33.2301560936794
19791.8641864186,-33.2184377794131
19798.8598859886,-33.20673774981
19805.8555855586,-33.1950559912833
19812.8512851285,-33.1833924902831
19819.8469846985,-33.1717472332959
19826.8426842684,-33.1601202068446
19833.8383838384,-33.1485113974886
19840.8340834083,-33.1369207918237
19847.8297829783,-33.1253483764815
19854.8254825483,-33.11379413813
19861.8211821182,-33.1022580634732
19868.8168816882,-33.0907401392508
19875.8125812581,-33.0792403522383
19882.8082808281,-33.0677586892472
19889.803980398,-33.0562951371242
19896.799679968,-33.0448496827518
19903.795379538,-33.0334223130478
19910.7910791079,-33.0220130149652
19917.7867786779,-33.0106217754923
19924.7824782478,-32.9992485816527
19931.7781778178,-32.9878934205046
19938.7738773877,-32.9765562791414
19945.7695769577,-32.9652371446914
19952.7652765277,-32.9539360043172
19959.7609760976,-32.9426528452164
19966.7566756676,-32.931387654621
19973.7523752375,-32.9201404197973
19980.7480748075,-32.9089111280461
19987.7437743774,-32.8976997667022
19994.7394739474,-32.8865063231347
20001.7351735174,-32.8753307847465
20008.7308730873,-32.8641731389746
20015.7265726573,-32.8530333732898
20022.7222722272,-32.8419114751964
20029.7179717972,-32.8308074322325
20036.7136713671,-32.8197212319697
20043.7093709371,-32.8086528620129
20050.7050705071,-32.7976023100003
20057.700770077,-32.7865695636033
20064.696469647,-32.7755546105266
20071.6921692169,-32.7645574385075
20078.6878687869,-32.7535780353166
20085.6835683568,-32.742616388757
20092.6792679268,-32.7316724866646
20099.6749674968,-32.7207463169079
20106.6706670667,-32.7098378673878
20113.6663666367,-32.6989471260378
20120.6620662066,-32.6880740808233
20127.6577657766,-32.6772187197422
20134.6534653465,-32.6663810308243
20141.6491649165,-32.6555610021316
20148.6448644865,-32.6447586217576
20155.6405640564,-32.6339738778278
20162.6362636264,-32.6232067584995
20169.6319631963,-32.6124572519612
20176.6276627663,-32.6017253464332
20183.6233623362,-32.5910110301669
20190.6190619062,-32.5803142914451
20197.6147614762,-32.5696351185818
20204.6104610461,-32.5589734999219
20211.6061606161,-32.5483294238414
20218.601860186,-32.5377028787469
20225.597559756,-32.5270938530761
20232.5932593259,-32.5165023352971
20239.5889588959,-32.5059283139085
20246.5846584658,-32.4953717774396
20253.5803580358,-32.4848327144498
20260.5760576058,-32.4743111135288
20267.5717571757,-32.4638069632965
20274.5674567457,-32.4533202524028
20281.5631563156,-32.4428509695274
20288.5588558856,-32.4323991033801
20295.5545554555,-32.4219646427001
20302.5502550255,-32.4115475762566
20309.5459545955,-32.401147892848
20316.5416541654,-32.3907655813023
20323.5373537354,-32.3804006304768
20330.5330533053,-32.3700530292581
20337.5287528753,-32.3597227665617
20344.5244524452,-32.3494098313323
20351.5201520152,-32.3391142125435
20358.5158515852,-32.3288358991978
20365.5115511551,-32.3185748803262
20372.5072507251,-32.3083311449886
20379.502950295,-32.2981046822733
20386.498649865,-32.287895481297
20393.4943494349,-32.2777035312046
20400.4900490049,-32.2675288211697
20407.4857485749,-32.2573713403934
20414.4814481448,-32.2472310781053
20421.4771477148,-32.2371080235628
20428.4728472847,-32.227002166051
20435.4685468547,-32.216913494883
20442.4642464246,-32.2068419993993
20449.4599459946,-32.196787668968
20456.4556455646,-32.1867504929848
20463.4513451345,-32.1767304608726
20470.4470447045,-32.1667275620814
20477.4427442744,-32.1567417860887
20484.4384438444,-32.1467731223988
20491.4341434143,-32.1368215605431
20498.4298429843,-32.1268870900798
20505.4255425543,-32.1169697005939
20512.4212421242,-32.1070693816969
20519.4169416942,-32.0971861230272
20526.4126412641,-32.0873199142493
20533.4083408341,-32.0774707450545
20540.404040404,-32.0676386051601
20547.399739974,-32.0578234843096
20554.395439544,-32.0480253722727
20561.3911391139,-32.0382442588452
20568.3868386839,-32.0284801338486
20575.3825382538,-32.0187329871303
20582.3782378238,-32.0090028085635
20589.3739373937,-31.999289588047
20596.3696369637,-31.989593315505
20603.3653365337,-31.9799139808874
20610.3610361036,-31.9702515741692
20617.3567356736,-31.9606060853509
20624.3524352435,-31.9509775044581
20631.3481348135,-31.9413658215413
20638.3438343834,-31.9317710266762
20645.3395339534,-31.9221931099633
20652.3352335234,-31.912632061528
20659.3309330933,-31.9030878715204
20666.3266326633,-31.893560530115
20673.3223322332,-31.8840500275112
20680.3180318032,-31.8745563539326
20687.3137313731,-31.8650794996273
20694.3094309431,-31.8556194548675
20701.3051305131,-31.8461762099498
20708.300830083,-31.8367497551947
20715.296529653,-31.8273400809468
20722.2922292229,-31.8179471775745
20729.2879287929,-31.8085710354704
20736.2836283628,-31.7992116450503
20743.2793279328,-31.7898689967542
20750.2750275028,-31.7805430810451
20757.2707270727,-31.7712338884101
20764.2664266427,-31.7619414093592
20771.2621262126,-31.7526656344259
20778.2578257826,-31.7434065541671
20785.2535253525,-31.7341641591625
20792.2492249225,-31.7249384400151
20799.2449244925,-31.7157293873508
20806.2406240624,-31.7065369918184
20813.2363236324,-31.6973612440895
20820.2320232023,-31.6882021348585
20827.2277227723,-31.6790596548424
20834.2234223422,-31.6699337947806
20841.2191219122,-31.6608245454351
20848.2148214821,-31.6517318975905
20855.2105210521,-31.6426558420534
20862.2062206221,-31.6335963696528
20869.201920192,-31.6245534712398
20876.197619762,-31.6155271376875
20883.1933193319,-31.6065173598911
20890.1890189019,-31.5975241287678
20897.1847184718,-31.5885474352565
20904.1804180418,-31.5795872703177
20911.1761176118,-31.5706436249339
20918.1718171817,-31.561716490109
20925.1675167517,-31.5528058568685
20932.1632163216,-31.5439117162593
20939.1589158916,-31.5350340593497
20946.1546154615,-31.5261728772291
20953.1503150315,-31.5173281610085
20960.1460146015,-31.5084999018197
20967.1417141714,-31.4996880908156
20974.1374137414,-31.4908927191702
20981.1331133113,-31.4821137780785
20988.1288128813,-31.473351258756
20995.1245124512,-31.4646051524393
21002.1202120212,-31.4558754503855
21009.1159115912,-31.4471621438723
21016.1116111611,-31.438465224198
21023.1073107311,-31.4297846826816
21030.103010301,-31.421120510662
21037.098709871,-31.4124726994987
21044.0944094409,-31.4038412405716
21051.0901090109,-31.3952261252806
21058.0858085809,-31.3866273450456
21065.0815081508,-31.3780448913069
21072.0772077208,-31.3694787555243
21079.0729072907,-31.3609289291778
21086.0686068607,-31.3523954037674
21093.0643064306,-31.3438781708123
21100.0600060006,-31.3353772218521
21107.0557055706,-31.3268925484453
21114.0514051405,-31.3184241421706
21121.0471047105,-31.3099719946258
21128.0428042804,-31.3015360974283
21135.0385038504,-31.2931164422147
21142.0342034203,-31.2847130206411
21149.0299029903,-31.2763258243826
21156.0256025603,-31.2679548451337
21163.0213021302,-31.2596000746078
21170.0170017002,-31.2512615045374
21177.0127012701,-31.2429391266741
21184.0084008401,-31.2346329327882
21191.00410041,-31.2263429146688
21197.99979998,-31.2180690641241
21204.99549955,-31.2098113729808
21211.9911991199,-31.2015698330842
21218.9868986899,-31.1933444362983
21225.9825982598,-31.1851351745057
21232.9782978298,-31.1769420396072
21239.9739973997,-31.1687650235222
21246.9696969697,-31.1606041181886
21253.9653965397,-31.1524593155623
21260.9610961096,-31.1443306076176
21267.9567956796,-31.1362179863469
21274.9524952495,-31.1281214437608
21281.9481948195,-31.1200409718879
21288.9438943894,-31.1119765627749
21295.9395939594,-31.1039282084861
21302.9352935294,-31.0958959011042
21309.9309930993,-31.0878796327293
21316.9266926693,-31.0798793954796
21323.9223922392,-31.0718951814907
21330.9180918092,-31.0639269829162
21337.9137913791,-31.055974791927
21344.9094909491,-31.0480386007118
21351.905190519,-31.0401184014766
21358.900890089,-31.032214186445
21365.896589659,-31.024325947858
21372.8922892289,-31.0164536779738
21379.8879887989,-31.0085973690681
21386.8836883688,-31.0007570134336
21393.8793879388,-30.9929326033803
21400.8750875087,-30.9851241312355
21407.8707870787,-30.9773315893433
21414.8664866487,-30.969554970065
21421.8621862186,-30.9617942657789
21428.8578857886,-30.9540494688802
21435.8535853585,-30.946320571781
21442.8492849285,-30.9386075669103
21449.8449844984,-30.9309104467137
21456.8406840684,-30.9232292036538
21463.8363836384,-30.9155638302097
21470.8320832083,-30.9079143188774
21477.8277827783,-30.9002806621691
21484.8234823482,-30.8926628526141
21491.8191819182,-30.8850608827577
21498.8148814881,-30.877474745162
21505.8105810581,-30.8699044324054
21512.8062806281,-30.8623499370828
21519.801980198,-30.8548112518053
21526.797679768,-30.8472883692004
21533.7933793379,-30.8397812819118
21540.7890789079,-30.8322899825993
21547.7847784778,-30.8248144639392
21554.7804780478,-30.8173547186237
21561.7761776178,-30.809910739361
21568.7718771877,-30.8024825188755
21575.7675767577,-30.7950700499077
21582.7632763276,-30.7876733252139
21589.7589758976,-30.7802923375663
21596.7546754675,-30.7729270797531
21603.7503750375,-30.7655775445784
21610.7460746075,-30.758243724862
21617.7417741774,-30.7509256134395
21624.7374737474,-30.7436232031623
21631.7331733173,-30.7363364868974
21638.7288728873,-30.7290654575276
21645.7245724572,-30.7218101079512
21652.7202720272,-30.7145704310822
21659.7159715972,-30.7073464198501
21666.7116711671,-30.7001380672
21673.7073707371,-30.6929453660924
21680.703070307,-30.6857683095033
21687.698769877,-30.6786068904242
21694.6944694469,-30.6714611018618
21701.6901690169,-30.6643309368384
21708.6858685869,-30.6572163883915
21715.6815681568,-30.6501174495739
21722.6772677268,-30.6430341134536
21729.6729672967,-30.635966373114
21736.6686668667,-30.6289142216537
21743.6643664366,-30.6218776521862
21750.6600660066,-30.6148566578405
21757.6557655766,-30.6078512317606
21764.6514651465,-30.6008613671054
21771.6471647165,-30.5938870570491
21778.6428642864,-30.5869282947808
21785.6385638564,-30.5799850735048
21792.6342634263,-30.5730573864401
21799.6299629963,-30.5661452268209
21806.6256625663,-30.5592485878961
21813.6213621362,-30.5523674629297
21820.6170617062,-30.5455018452004
21827.6127612761,-30.538651728002
21834.6084608461,-30.5318171046429
21841.604160416,-30.5249979684464
21848.599859986,-30.5181943127505
21855.595559556,-30.5114061309081
21862.5912591259,-30.5046334162868
21869.5869586959,-30.4978761622687
21876.5826582658,-30.4911343622509
21883.5783578358,-30.484408009645
21890.5740574057,-30.4776970978773
21897.5697569757,-30.4710016203887
21904.5654565457,-30.4643215706347
21911.5611561156,-30.4576569420854
21918.5568556856,-30.4510077282255
21925.5525552555,-30.4443739225542
21932.5482548255,-30.4377555185853
21939.5439543954,-30.4311525098471
21946.5396539654,-30.4245648898824
21953.5353535354,-30.4179926522484
21960.5310531053,-30.4114357905167
21967.5267526753,-30.4048942982737
21974.5224522452,-30.3983681691199
21981.5181518152,-30.3918573966703
21988.5138513851,-30.3853619745544
21995.5095509551,-30.3788818964158
22002.5052505251,-30.3724171559129
22009.500950095,-30.3659677467181
22016.496649665,-30.3595336625184
22023.4923492349,-30.3531148970149
22030.4880488049,-30.3467114439232
22037.4837483748,-30.3403232969731
22044.4794479448,-30.3339504499088
22051.4751475148,-30.3275928964886
22058.4708470847,-30.3212506304854
22065.4665466547,-30.314923645686
22072.4622462246,-30.3086119358916
22079.4579457946,-30.3023154949178
22086.4536453645,-30.2960343165942
22093.4493449345,-30.2897683947646
22100.4450445045,-30.2835177232874
22107.4407440744,-30.2772822960348
22114.4364436444,-30.2710621068933
22121.4321432143,-30.2648571497637
22128.4278427843,-30.2586674185609
22135.4235423542,-30.2524929072141
22142.4192419242,-30.2463336096665
22149.4149414941,-30.2401895198756
22156.4106410641,-30.2340606318129
22163.4063406341,-30.2279469394644
22170.402040204,-30.2218484368298
22177.397739774,-30.2157651179234
22184.3934393439,-30.2096969767733
22191.3891389139,-30.2036440074219
22198.3848384838,-30.1976062039257
22205.3805380538,-30.1915835603554
22212.3762376238,-30.1855760707958
22219.3719371937,-30.1795837293459
22226.3676367637,-30.1736065301186
22233.3633363336,-30.1676444672412
22240.3590359036,-30.1616975348551
22247.3547354735,-30.1557657271156
22254.3504350435,-30.1498490381924
22261.3461346135,-30.1439474622693
22268.3418341834,-30.1380609935441
22275.3375337534,-30.1321896262288
22282.3332333233,-30.1263333545496
22289.3289328933,-30.1204921727467
22296.3246324632,-30.1146660750746
22303.3203320332,-30.1088550558019
22310.3160316032,-30.1030591092113
22317.3117311731,-30.0972782295997
22324.3074307431,-30.0915124112781
22331.303130313,-30.0857616485718
22338.298829883,-30.0800259358201
22345.2945294529,-30.0743052673766
22352.2902290229,-30.068599637609
22359.2859285929,-30.0629090408992
22366.2816281628,-30.0572334716434
22373.2773277328,-30.0515729242519
22380.2730273027,-30.045927393149
22387.2687268727,-30.0402968727737
22394.2644264426,-30.0346813575789
22401.2601260126,-30.0290808420317
22408.2558255826,-30.0234953206135
22415.2515251525,-30.0179247878201
22422.2472247225,-30.0123692381613
22429.2429242924,-30.0068286661615
22436.2386238624,-30.0013030663589
22443.2343234323,-29.9957924333065
22450.2300230023,-29.9902967615713
22457.2257225723,-29.9848160457347
22464.2214221422,-29.9793502803923
22471.2171217122,-29.9738994601543
22478.2128212821,-29.968463579645
22485.2085208521,-29.9630426335031
22492.204220422,-29.9576366163818
22499.199919992,-29.9522455229486
22506.195619562,-29.9468693478855
22513.1913191319,-29.9415080858887
22520.1870187019,-29.936161731669
22527.1827182718,-29.9308302799517
22534.1784178418,-29.9255137254763
22541.1741174117,-29.9202120629972
22548.1698169817,-29.9149252872828
22555.1655165517,-29.9096533931164
22562.1612161216,-29.9043963752956
22569.1569156916,-29.8991542286328
22576.1526152615,-29.8939269479545
22583.1483148315,-29.8887145281023
22590.1440144014,-29.8835169639321
22597.1397139714,-29.8783342503145
22604.1354135414,-29.8731663821347
22611.1311131113,-29.8680133542925
22618.1268126813,-29.8628751617026
22625.1225122512,-29.8577517992942
22632.1182118212,-29.8526432620112
22639.1139113911,-29.8475495448123
22646.1096109611,-29.8424706426711
22653.105310531,-29.8374065505756
22660.101010101,-29.8323572635291
22667.096709671,-29.8273227765492
22674.0924092409,-29.8223030846687
22681.0881088109,-29.8172981829353
22688.0838083808,-29.8123080664112
22695.0795079508,-29.807332730174
22702.0752075208,-29.8023721693159
22709.0709070907,-29.7974263789442
22716.0666066607,-29.7924953541812
22723.0623062306,-29.7875790901641
22730.0580058006,-29.7826775820453
22737.0537053705,-29.777790824992
22744.0494049405,-29.7729188141869
22751.0451045104,-29.7680615448273
22758.0408040804,-29.7632190121262
22765.0365036504,-29.7583912113113
22772.0322032203,-29.7535781376257
22779.0279027903,-29.7487797863276
22786.0236023602,-29.7439961526908
22793.0193019302,-29.7392272320039
22800.0150015001,-29.7344730195711
22807.0107010701,-29.7297335107119
22814.0064006401,-29.7250087007611
22821.00210021,-29.7202985850689
22827.99779978,-29.715603159001
22834.9934993499,-29.7109224179384
22841.9891989199,-29.7062563572778
22848.9848984899,-29.7016049724312
22855.9805980598,-29.6969682588263
22862.9762976298,-29.6923462119062
22869.9719971997,-29.6877388271299
22876.9676967697,-29.6831460999718
22883.9633963396,-29.6785680259219
22890.9590959096,-29.6740046004862
22897.9547954796,-29.6694558191862
22904.9504950495,-29.6649216775593
22911.9461946195,-29.6604021711586
22918.9418941894,-29.655897295553
22925.9375937594,-29.6514070463276
22932.9332933293,-29.646931419083
22939.9289928993,-29.6424704094359
22946.9246924692,-29.6380240130189
22953.9203920392,-29.6335922254809
22960.9160916092,-29.6291750424865
22967.9117911791,-29.6247724597166
22974.9074907491,-29.620384472868
22981.903190319,-29.6160110776539
22988.898889889,-29.6116522698036
22995.8945894589,-29.6073080450625
23002.8902890289,-29.6029783991925
23009.8859885989,-29.5986633279716
23016.8816881688,-29.5943628271942
23023.8773877388,-29.5900768926711
23030.8730873087,-29.5858055202297
23037.8687868787,-29.5815487057134
23044.8644864486,-29.5773064449826
23051.8601860186,-29.5730787339138
23058.8558855886,-29.5688655684004
23065.8515851585,-29.5646669443523
23072.8472847285,-29.560482857696
23079.8429842984,-29.5563133043748
23086.8386838684,-29.5521582803486
23093.8343834383,-29.5480177815942
23100.8300830083,-29.5438918041052
23107.8257825783,-29.5397803438919
23114.8214821482,-29.5356833969818
23121.8171817182,-29.5316009594191
23128.8128812881,-29.5275330272651
23135.8085808581,-29.523479596598
23142.804280428,-29.5194406635133
23149.799979998,-29.5154162241234
23156.795679568,-29.5114062745579
23163.7913791379,-29.5074108109636
23170.7870787079,-29.5034298295047
23177.7827782778,-29.4994633263626
23184.7784778478,-29.4955112977358
23191.7741774177,-29.4915737398406
23198.7698769877,-29.4876506489104
23205.7655765577,-29.4837420211963
23212.7612761276,-29.4798478529666
23219.7569756976,-29.4759681405075
23226.7526752675,-29.4721028801226
23233.7483748375,-29.4682520681333
23240.7440744074,-29.4644157008785
23247.7397739774,-29.460593774715
23254.7354735474,-29.4567862860174
23261.7311731173,-29.452993231178
23268.7268726873,-29.4492146066072
23275.7225722572,-29.4454504087333
23282.7182718272,-29.4417006340022
23289.7139713971,-29.4379652788784
23296.7096709671,-29.4342443398442
23303.7053705371,-29.4305378133999
23310.701070107,-29.4268456960643
23317.696769677,-29.4231679843742
23324.6924692469,-29.4195046748847
23331.6881688169,-29.4158557641693
23338.6838683868,-29.4122212488198
23345.6795679568,-29.4086011254465
23352.6752675268,-29.4049953906782
23359.6709670967,-29.4014040411621
23366.6666666667,-29.3978270735641
23373.6623662366,-29.3942644845687
23380.6580658066,-29.390716270879
23387.6537653765,-29.387182429217
23394.6494649465,-29.3836629563234
23401.6451645165,-29.3801578489576
23408.6408640864,-29.3766671038982
23415.6365636564,-29.3731907179425
23422.6322632263,-29.3697286879068
23429.6279627963,-29.3662810106265
23436.6236623662,-29.3628476829562
23443.6193619362,-29.3594287017696
23450.6150615061,-29.3560240639594
23457.6107610761,-29.3526337664379
23464.6064606461,-29.3492578061366
23471.602160216,-29.3458961800061
23478.597859786,-29.3425488850169
23485.5935593559,-29.3392159181586
23492.5892589259,-29.3358972764405
23499.5849584959,-29.3325929568915
23506.5806580658,-29.3293029565601
23513.5763576358,-29.3260272725144
23520.5720572057,-29.3227659018425
23527.5677567757,-29.3195188416522
23534.5634563456,-29.3162860890711
23541.5591559156,-29.3130676412467
23548.5548554855,-29.3098634953467
23555.5505550555,-29.3066736485586
23562.5462546255,-29.3034980980902
23569.5419541954,-29.3003368411692
23576.5376537654,-29.2971898750438
23583.5333533353,-29.2940571969823
23590.5290529053,-29.2909388042733
23597.5247524752,-29.2878346942259
23604.5204520452,-29.2847448641696
23611.5161516152,-29.2816693114543
23618.5118511851,-29.2786080334506
23625.5075507551,-29.2755610275497
23632.503250325,-29.2725282911634
23639.498949895,-29.2695098217243
23646.4946494649,-29.2665056166857
23653.4903490349,-29.2635156735219
23660.4860486049,-29.2605399897281
23667.4817481748,-29.2575785628203
23674.4774477448,-29.2546313903357
23681.4731473147,-29.2516984698326
23688.4688468847,-29.2487797988903
23695.4645464546,-29.2458753751096
23702.4602460246,-29.2429851961122
23709.4559455946,-29.2401092595414
23716.4516451645,-29.2372475630619
23723.4473447345,-29.2344001043598
23730.4430443044,-29.2315668811426
23737.4387438744,-29.2287478911397
23744.4344434443,-29.2259431321017
23751.4301430143,-29.2231526018013
23758.4258425843,-29.2203762980328
23765.4215421542,-29.2176142186124
23772.4172417242,-29.2148663613781
23779.4129412941,-29.21213272419
23786.4086408641,-29.20941330493
23793.404340434,-29.2067081015022
23800.400040004,-29.204017111833
23807.395739574,-29.2013403338707
23814.3914391439,-29.1986777655862
23821.3871387139,-29.1960294049725
23828.3828382838,-29.193395250045
23835.3785378538,-29.1907752988418
23842.3742374237,-29.1881695494233
23849.3699369937,-29.1855779998725
23856.3656365637,-29.1830006482951
23863.3613361336,-29.1804374928197
23870.3570357036,-29.1778885315974
23877.3527352735,-29.1753537628024
23884.3484348435,-29.1728331846315
23891.3441344134,-29.1703267953048
23898.3398339834,-29.1678345930653
23905.3355335534,-29.1653565761791
23912.3312331233,-29.1628927429356
23919.3269326933,-29.1604430916472
23926.3226322632,-29.1580076206499
23933.3183318332,-29.1555863283029
23940.3140314031,-29.1531792129889
23947.3097309731,-29.150786273114
23954.3054305431,-29.148407507108
23961.301130113,-29.1460429134244
23968.296829683,-29.1436924905402
23975.2925292529,-29.1413562369562
23982.2882288229,-29.1390341511974
23989.2839283928,-29.1367262318121
23996.2796279628,-29.1344324773732
24003.2753275328,-29.1321528864771
24010.2710271027,-29.1298874577447
24017.2667266727,-29.127636189821
24024.2624262426,-29.125399081375
24031.2581258126,-29.1231761311003
24038.2538253825,-29.1209673377148
24045.2495249525,-29.1187726999607
24052.2452245225,-29.116592216605
24059.2409240924,-29.1144258864391
24066.2366236624,-29.1122737082789
24073.2323232323,-29.1101356809655
24080.2280228023,-29.1080118033642
24087.2237223722,-29.1059020743657
24094.2194219422,-29.1038064928852
24101.2151215122,-29.1017250578633
24108.2108210821,-29.0996577682652
24115.2065206521,-29.0976046230816
24122.202220222,-29.0955656213284
24129.197919792,-29.0935407620465
24136.1936193619,-29.0915300443024
24143.1893189319,-29.0895334671879
24150.1850185019,-29.0875510298203
24157.1807180718,-29.0855827313426
24164.1764176418,-29.0836285709231
24171.1721172117,-29.081688547756
24178.1678167817,-29.0797626610614
24185.1635163516,-29.077850910085
24192.1592159216,-29.0759532940985
24199.1549154916,-29.0740698123995
24206.1506150615,-29.0722004643118
24213.1463146315,-29.0703452491852
24220.1420142014,-29.0685041663956
24227.1377137714,-29.0666772153455
24234.1334133413,-29.0648643954633
24241.1291129113,-29.0630657062041
24248.1248124812,-29.0612811470494
24255.1205120512,-29.0595107175071
24262.1162116212,-29.0577544171119
24269.1119111911,-29.0560122454251
24276.1076107611,-29.0542842020348
24283.103310331,-29.0525702865558
24290.099009901,-29.0508704986301
24297.0947094709,-29.0491848379262
24304.0904090409,-29.0475133041402
24311.0861086109,-29.0458558969947
24318.0818081808,-29.0442126162401
24325.0775077508,-29.0425834616536
24332.0732073207,-29.04096843304
24339.0689068907,-29.0393675302314
24346.0646064606,-29.0377807530873
24353.0603060306,-29.0362081014948
24360.0560056006,-29.0346495753688
24367.0517051705,-29.0331051746517
24374.0474047405,-29.0315748993136
24381.0431043104,-29.0300587493525
24388.0388038804,-29.0285567247946
24395.0345034503,-29.0270688256936
24402.0302030203,-29.0255950521316
24409.0259025903,-29.0241354042186
24416.0216021602,-29.022689882093
24423.0173017302,-29.0212584859215
24430.0130013001,-29.0198412158988
24437.0087008701,-29.0184380722484
24444.00440044,-29.0170490552221
24451.00010001,-29.0156741651003
24457.99579958,-29.0143134021921
24464.9914991499,-29.0129667668352
24471.9871987199,-29.0116342593962
24478.9828982898,-29.0103158802705
24485.9785978598,-29.0090116298823
24492.9742974297,-29.0077215086852
24499.9699969997,-29.0064455171614
24506.9656965697,-29.0051836558226
24513.9613961396,-29.0039359252095
24520.9570957096,-29.0027023258923
24527.9527952795,-29.0014828584704
24534.9484948495,-29.0002775235727
24541.9441944194,-28.9990863218576
24548.9398939894,-28.9979092540133
24555.9355935594,-28.9967463207573
24562.9312931293,-28.9955975228372
24569.9269926993,-28.9944628610302
24576.9226922692,-28.9933423361434
24583.9183918392,-28.9922359490138
24590.9140914091,-28.9911437005088
24597.9097909791,-28.9900655915255
24604.9054905491,-28.9890016229913
24611.901190119,-28.987951795864
24618.896889689,-28.9869161111315
24625.8925892589,-28.9858945698123
24632.8882888289,-28.9848871729554
24639.8839883988,-28.9838939216401
24646.8796879688,-28.9829148169766
24653.8753875388,-28.9819498601056
24660.8710871087,-28.9809990521988
24667.8667866787,-28.9800623944586
24674.8624862486,-28.9791398881183
24681.8581858186,-28.9782315344422
24688.8538853885,-28.9773373347259
24695.8495849585,-28.9764572902958
24702.8452845285,-28.9755914025097
24709.8409840984,-28.9747396727567
24716.8366836684,-28.9739021024574
24723.8323832383,-28.9730786930635
24730.8280828083,-28.9722694460585
24737.8237823782,-28.9714743629574
24744.8194819482,-28.9706934453068
24751.8151815182,-28.9699266946853
24758.8108810881,-28.9691741127029
24765.8065806581,-28.9684357010019
24772.802280228,-28.9677114612563
24779.797979798,-28.9670013951722
24786.7936793679,-28.9663055044879
24793.7893789379,-28.9656237909737
24800.7850785078,-28.9649562564323
24807.7807780778,-28.9643029026988
24814.7764776478,-28.9636637316405
24821.7721772177,-28.9630387451573
24828.7678767877,-28.9624279451817
24835.7635763576,-28.9618313336788
24842.7592759276,-28.9612489126462
24849.7549754976,-28.9606806841146
24856.7506750675,-28.9601266501475
24863.7463746375,-28.959586812841
24870.7420742074,-28.9590611743245
24877.7377737774,-28.9585497367605
24884.7334733473,-28.9580525023444
24891.7291729173,-28.9575694733051
24898.7248724873,-28.9571006519046
24905.7205720572,-28.9566460404383
24912.7162716272,-28.956205641235
24919.7119711971,-28.9557794566573
24926.7076707671,-28.955367489101
24933.703370337,-28.9549697409958
24940.699069907,-28.9545862148049
24947.6947694769,-28.9542169130257
24954.6904690469,-28.9538618381891
24961.6861686169,-28.9535209928603
24968.6818681868,-28.953194379638
24975.6775677568,-28.9528820011557
24982.6732673267,-28.9525838600805
24989.6689668967,-28.952299959114
24996.6646664667,-28.9520303009921
25003.6603660366,-28.9517748884851
25010.6560656066,-28.9515337243977
25017.6517651765,-28.9513068115692
25024.6474647465,-28.9510941528736
25031.6431643164,-28.9508957512192
25038.6388638864,-28.9507116095496
25045.6345634563,-28.9505417308429
25052.6302630263,-28.9503861181122
25059.6259625963,-28.9502447744054
25066.6216621662,-28.9501177028058
25073.6173617362,-28.9500049064314
25080.6130613061,-28.9499063884358
25087.6087608761,-28.9498221520076
25094.604460446,-28.9497522003709
25101.600160016,-28.9496965367849
25108.595859586,-28.9496551645447
25115.5915591559,-28.9496280869807
25122.5872587259,-28.9496153074589
25129.5829582958,-28.9496168293812
25136.5786578658,-28.9496326561851
25143.5743574357,-28.9496627913439
25150.5700570057,-28.949707238367
25157.5657565757,-28.9497660007996
25164.5614561456,-28.9498390822231
25171.5571557156,-28.9499264862548
25178.5528552855,-28.9500282165486
25185.5485548555,-28.9501442767941
25192.5442544254,-28.9502746707178
25199.5399539954,-28.9504194020823
25206.5356535654,-28.9505784746867
25213.5313531353,-28.9507518923666
25220.5270527053,-28.9509396589945
25227.5227522752,-28.9511417784792
25234.5184518452,-28.9513582547666
25241.5141514151,-28.9515890918392
25248.5098509851,-28.9518342937164
25255.5055505551,-28.9520938644548
25262.501250125,-28.9523678081479
25269.496949695,-28.9526561289261
25276.4926492649,-28.9529588309574
25283.4883488349,-28.9532759184466
25290.4840484048,-28.9536073956362
25297.4797479748,-28.9539532668059
25304.4754475448,-28.9543135362727
25311.4711471147,-28.9546882083915
25318.4668466847,-28.9550772875546
25325.4625462546,-28.9554807781918
25332.4582458246,-28.9558986847708
25339.4539453945,-28.9563310117971
25346.4496449645,-28.9567777638141
25353.4453445345,-28.957238945403
25360.4410441044,-28.957714561183
25367.4367436744,-28.9582046158115
25374.4324432443,-28.958709113984
25381.4281428143,-28.9592280604341
25388.4238423842,-28.9597614599337
25395.4195419542,-28.9603093172931
25402.4152415242,-28.9608716373611
25409.4109410941,-28.9614484250246
25416.4066406641,-28.9620396852095
25423.402340234,-28.9626454228799
25430.398039804,-28.9632656430389
25437.3937393739,-28.963900350728
25444.3894389439,-28.9645495510278
25451.3851385139,-28.9652132490575
25458.3808380838,-28.9658914499756
25465.3765376538,-28.9665841589791
25472.3722372237,-28.9672913813045
25479.3679367937,-28.9680131222272
25486.3636363636,-28.9687493870617
25493.3593359336,-28.9695001811621
25500.3550355036,-28.9702655099215
25507.3507350735,-28.9710453787724
25514.3464346435,-28.9718397931869
25521.3421342134,-28.9726487586766
25528.3378337834,-28.9734722807925
25535.3335333533,-28.9743103651254
25542.3292329233,-28.9751630173057
25549.3249324933,-28.9760302430036
25556.3206320632,-28.9769120479292
25563.3163316332,-28.9778084378323
25570.3120312031,-28.9787194185028
25577.3077307731,-28.9796449957705
25584.303430343,-28.9805851755055
25591.299129913,-28.9815399636177
25598.2948294829,-28.9825093660573
25605.2905290529,-28.9834933888151
25612.2862286229,-28.9844920379216
25619.2819281928,-28.9855053194482
25626.2776277628,-28.9865332395064
25633.2733273327,-28.9875758042484
25640.2690269027,-28.9886330198669
25647.2647264726,-28.9897048925951
25654.2604260426,-28.9907914287071
25661.2561256126,-28.9918926345175
25668.2518251825,-28.9930085163818
25675.2475247525,-28.9941390806964
25682.2432243224,-28.9952843338984
25689.2389238924,-28.9964442824661
25696.2346234623,-28.9976189329187
25703.2303230323,-28.9988082918166
25710.2260226023,-29.0000123657611
25717.2217221722,-29.001231161395
25724.2174217422,-29.002464685402
25731.2131213121,-29.0037129445074
25738.2088208821,-29.0049759454776
25745.204520452,-29.0062536951209
25752.200220022,-29.0075462002863
25759.195919592,-29.0088534678651
25766.1916191619,-29.0101755047898
25773.1873187319,-29.0115123180344
25780.1830183018,-29.0128639146149
25787.1787178718,-29.014230301589
25794.1744174417,-29.0156114860559
25801.1701170117,-29.017007475157
25808.1658165817,-29.0184182760754
25815.1615161516,-29.0198438960362
25822.1572157216,-29.0212843423067
25829.1529152915,-29.0227396221959
25836.1486148615,-29.0242097430551
25843.1443144314,-29.0256947122778
25850.1400140014,-29.0271945372997
25857.1357135714,-29.0287092255987
25864.1314131413,-29.0302387846949
25871.1271127113,-29.0317832221512
25878.1228122812,-29.0333425455723
25885.1185118512,-29.034916762606
25892.1142114211,-29.036505880942
25899.1099109911,-29.0381099083129
25906.1056105611,-29.039728852494
25913.101310131,-29.0413627213029
25920.097009701,-29.0430115226002
25927.0927092709,-29.0446752642892
25934.0884088409,-29.0463539543159
25941.0841084108,-29.0480476006691
25948.0798079808,-29.0497562113806
25955.0755075508,-29.0514797945251
25962.0712071207,-29.0532183582203
25969.0669066907,-29.0549719106269
25976.0626062606,-29.0567404599486
25983.0583058306,-29.0585240144323
25990.0540054005,-29.060322582368
25997.0497049705,-29.0621361720888
26004.0454045405,-29.0639647919713
26011.0411041104,-29.0658084504351
26018.0368036804,-29.0676671559433
26025.0325032503,-29.0695409170022
26032.0282028203,-29.0714297421617
26039.0239023902,-29.073333640015
26046.0196019602,-29.0752526191988
26053.0153015302,-29.0771866883933
26060.0110011001,-29.0791358563223
26067.0067006701,-29.0811001317532
26074.00240024,-29.0830795234971
26080.99809981,-29.0850740404086
26087.9937993799,-29.0870836913862
26094.9894989499,-29.0891084853719
26101.9851985199,-29.0911484313518
26108.9808980898,-29.0932035383556
26115.9765976598,-29.0952738154568
26122.9722972297,-29.0973592717731
26129.9679967997,-29.0994599164657
26136.9636963696,-29.1015757587401
26143.9593959396,-29.1037068078457
26150.9550955096,-29.1058530730758
26157.9507950795,-29.1080145637678
26164.9464946495,-29.1101912893033
26171.9421942194,-29.1123832591079
26178.9378937894,-29.1145904826515
26185.9335933593,-29.1168129694479
26192.9292929293,-29.1190507290553
26199.9249924993,-29.1213037710761
26206.9206920692,-29.1235721051571
26213.9163916392,-29.1258557409891
26220.9120912091,-29.1281546883075
26227.9077907791,-29.1304689568918
26234.903490349,-29.1327985565661
26241.899189919,-29.1351434971987
26248.894889489,-29.1375037887026
26255.8905890589,-29.1398794410349
26262.8862886289,-29.1422704641973
26269.8819881988,-29.1446768682362
26276.8776877688,-29.1470986632423
26283.8733873387,-29.1495358593508
26290.8690869087,-29.1519884667417
26297.8647864786,-29.1544564956393
26304.8604860486,-29.1569399563128
26311.8561856186,-29.1594388590757
26318.8518851885,-29.1619532142864
26325.8475847585,-29.1644830323479
26332.8432843284,-29.1670283237077
26339.8389838984,-29.1695890988583
26346.8346834684,-29.1721653683367
26353.8303830383,-29.1747571427247
26360.8260826083,-29.1773644326488
26367.8217821782,-29.1799872487803
26374.8174817482,-29.1826256018353
26381.8131813181,-29.1852795025746
26388.8088808881,-29.1879489618039
26395.804580458,-29.1906339903736
26402.800280028,-29.1933345991791
26409.795979598,-29.1960507991604
26416.7916791679,-29.1987826013025
26423.7873787379,-29.2015300166353
26430.7830783078,-29.2042930562334
26437.7787778778,-29.2070717312163
26444.7744774477,-29.2098660527485
26451.7701770177,-29.2126760320393
26458.7658765877,-29.2155016803429
26465.7615761576,-29.2183430089585
26472.7572757276,-29.2212000292299
26479.7529752975,-29.2240727525461
26486.7486748675,-29.2269611903409
26493.7443744374,-29.229865354093
26500.7400740074,-29.232785255326
26507.7357735774,-29.2357209056084
26514.7314731473,-29.2386723165538
26521.7271727173,-29.2416394998204
26528.7228722872,-29.2446224671115
26535.7185718572,-29.2476212301752
26542.7142714271,-29.2506358008047
26549.7099709971,-29.2536661908378
26556.7056705671,-29.2567124121575
26563.701370137,-29.2597744766914
26570.697069707,-29.2628523964122
26577.6927692769,-29.2659461833373
26584.6884688469,-29.2690558495291
26591.6841684168,-29.2721814070949
26598.6798679868,-29.2753228681867
26605.6755675568,-29.2784802450013
26612.6712671267,-29.2816535497805
26619.6669666967,-29.2848427948108
26626.6626662666,-29.2880479924236
26633.6583658366,-29.2912691549948
26640.6540654065,-29.2945062949455
26647.6497649765,-29.2977594247412
26654.6454645465,-29.3010285568924
26661.6411641164,-29.3043137039539
26668.6368636864,-29.3076148785258
26675.6325632563,-29.3109320932524
26682.6282628263,-29.3142653608229
26689.6239623962,-29.3176146939709
26696.6196619662,-29.3209801054749
26703.6153615362,-29.324361608158
26710.6110611061,-29.3277592148875
26717.6067606761,-29.3311729385756
26724.602460246,-29.3346027921788
26731.598159816,-29.3380487886984
26738.5938593859,-29.3415109411797
26745.5895589559,-29.344989262713
26752.5852585259,-29.3484837664324
26759.5809580958,-29.3519944655168
26766.5766576658,-29.3555213731893
26773.5723572357,-29.3590645027173
26780.5680568057,-29.3626238674125
26787.5637563756,-29.3661994806308
26794.5594559456,-29.3697913557724
26801.5551555156,-29.3733995062815
26808.5508550855,-29.3770239456466
26815.5465546555,-29.3806646874003
26822.5422542254,-29.3843217451189
26829.5379537954,-29.3879951324232
26836.5336533653,-29.3916848629777
26843.5293529353,-29.3953909504908
26850.5250525053,-29.3991134087148
26857.5207520752,-29.402852251446
26864.5164516452,-29.4066074925243
26871.5121512151,-29.4103791458332
26878.5078507851,-29.4141672253004
26885.503550355,-29.4179717448966
26892.499249925,-29.4217927186367
26899.4949494949,-29.4256301605785
26906.4906490649,-29.4294840848239
26913.4863486349,-29.4333545055178
26920.4820482048,-29.4372414368486
26927.4777477748,-29.441144893048
26934.4734473447,-29.4450648883911
26941.4691469147,-29.4490014371959
26948.4648464846,-29.4529545538239
26955.4605460546,-29.4569242526793
26962.4562456246,-29.4609105482096
26969.4519451945,-29.4649134549051
26976.4476447645,-29.4689329872989
26983.4433443344,-29.4729691599672
26990.4390439044,-29.4770219875287
26997.4347434743,-29.4810914846448
27004.4304430443,-29.4851776660196
27011.4261426143,-29.4892805463997
27018.4218421842,-29.493400140574
27025.4175417542,-29.4975364633741
27032.4132413241,-29.5016895296737
27039.4089408941,-29.5058593543887
27046.4046404641,-29.5100459524772
27053.400340034,-29.5142493389395
27060.396039604,-29.5184695288178
27067.3917391739,-29.5227065371962
27074.3874387439,-29.5269603792005
27081.3831383138,-29.5312310699985
27088.3788378838,-29.5355186247995
27095.3745374537,-29.5398230588544
27102.3702370237,-29.5441443874555
27109.3659365937,-29.5484826259367
27116.3616361636,-29.552837789673
27123.3573357336,-29.5572098940806
27130.3530353035,-29.561598954617
27137.3487348735,-29.5660049867805
27144.3444344435,-29.5704280061103
27151.3401340134,-29.5748680281867
27158.3358335834,-29.5793250686304
27165.3315331533,-29.5837991431029
27172.3272327233,-29.5882902673061
27179.3229322932,-29.5927984569823
27186.3186318632,-29.5973237279142
27193.3143314331,-29.6018660959246
27200.3100310031,-29.6064255768764
27207.3057305731,-29.6110021866725
27214.301430143,-29.6155959412555
27221.297129713,-29.620206856608
27228.2928292829,-29.6248349487519
27235.2885288529,-29.629480233749
27242.2842284228,-29.6341427277001
27249.2799279928,-29.6388224467454
27256.2756275628,-29.6435194070644
27263.2713271327,-29.6482336248754
27270.2670267027,-29.6529651164357
27277.2627262726,-29.6577138980414
27284.2584258426,-29.6624799860271
27291.2541254125,-29.667263396766
27298.2498249825,-29.6720641466696
27305.2455245525,-29.6768822521877
27312.2412241224,-29.6817177298083
27319.2369236924,-29.6865705960572
27326.2326232623,-29.691440867498
27333.2283228323,-29.6963285607322
27340.2240224022,-29.7012336923986
27347.2197219722,-29.7061562791735
27354.2154215422,-29.7110963377705
27361.2111211121,-29.7160538849402
27368.2068206821,-29.7210289374703
27375.202520252,-29.7260215121851
27382.198219822,-29.7310316259457
27389.1939193919,-29.7360592956496
27396.1896189619,-29.7411045382308
27403.1853185319,-29.7461673706593
27410.1810181018,-29.7512478099411
27417.1767176718,-29.7563458731181
27424.1724172417,-29.7614615772681
27431.1681168117,-29.7665949395041
27438.1638163816,-29.7717459769745
27445.1595159516,-29.7769147068631
27452.1552155216,-29.7821011463886
27459.1509150915,-29.7873053128044
27466.1466146615,-29.7925272233987
27473.1423142314,-29.7977668954941
27480.1380138014,-29.8030243464477
27487.1337133713,-29.8082995936505
27494.1294129413,-29.8135926545274
27501.1251125113,-29.8189035465372
27508.1208120812,-29.8242322871723
27515.1165116512,-29.8295788939583
27522.1122112211,-29.834943384454
27529.1079107911,-29.8403257762513
27536.103610361,-29.8457260869749
27543.099309931,-29.8511443342819
27550.095009501,-29.8565805358619
27557.0907090709,-29.8620347094367
27564.0864086409,-29.86750687276
27571.0821082108,-29.8729970436174
27578.0778077808,-29.878505239826
27585.0735073507,-29.8840314792341
27592.0692069207,-29.8895757797214
27599.0649064907,-29.8951381591984
27606.0606060606,-29.9007186356062
27613.0563056306,-29.9063172269164
27620.0520052005,-29.9119339511311
27627.0477047705,-29.9175688262822
27634.0434043404,-29.9232218704314
27641.0391039104,-29.9288931016701
27648.0348034804,-29.934582538119
27655.0305030503,-29.9402901979278
27662.0262026203,-29.9460160992752
27669.0219021902,-29.9517602603685
27676.0176017602,-29.9575226994434
27683.0133013301,-29.9633034347637
27690.0090009001,-29.9691024846212
27697.0047004701,-29.9749198673351
27704.00040004,-29.9807556012524
27710.99609961,-29.986609704747
27717.9917991799,-29.9924821962196
27724.9874987499,-29.9983730940977
27731.9831983198,-30.0042824168351
27738.9788978898,-30.0102101829119
27745.9745974597,-30.0161564108337
27752.9702970297,-30.0221211191319
27759.9659965997,-30.0281043263632
27766.9616961696,-30.0341060511092
27773.9573957396,-30.0401263119763
27780.9530953095,-30.0461651275956
27787.9487948795,-30.052222516622
27794.9444944494,-30.0582984977345
27801.9401940194,-30.0643930896359
27808.9358935894,-30.0705063110519
27815.9315931593,-30.0766381807317
27822.9272927293,-30.0827887174468
27829.9229922992,-30.0889579399916
27836.9186918692,-30.0951458671823
27843.9143914391,-30.101352517857
27850.9100910091,-30.1075779108755
27857.9057905791,-30.1138220651186
27864.901490149,-30.1200849994881
27871.897189719,-30.1263667329066
27878.8928892889,-30.1326672843166
27885.8885888589,-30.1389866726808
27892.8842884288,-30.1453249169815
27899.8799879988,-30.1516820362204
27906.8756875688,-30.1580580494179
27913.8713871387,-30.1644529756133
27920.8670867087,-30.1708668338642
27927.8627862786,-30.177299643246
27934.8584858486,-30.1837514228519
27941.8541854185,-30.1902221917924
27948.8498849885,-30.1967119691948
27955.8455845585,-30.203220774203
27962.8412841284,-30.2097486259773
27969.8369836984,-30.2162955436938
27976.8326832683,-30.222861546544
27983.8283828383,-30.2294466537348
27990.8240824082,-30.2360508844876
27997.8197819782,-30.2426742580385
28004.8154815482,-30.2493167936375
28011.8111811181,-30.2559785105482
28018.8068806881,-30.2626594280477
28025.802580258,-30.2693595654259
28032.798279828,-30.2760789419852
28039.7939793979,-30.2828175770402
28046.7896789679,-30.2895754899171
28053.7853785379,-30.2963526999537
28060.7810781078,-30.3031492264986
28067.7767776778,-30.309965088911
28074.7724772477,-30.3168003065601
28081.7681768177,-30.323654898825
28088.7638763876,-30.3305288850941
28095.7595759576,-30.3374222847646
28102.7552755276,-30.3443351172422
28109.7509750975,-30.3512674019409
28116.7466746675,-30.358219158282
28123.7423742374,-30.3651904056941
28130.7380738074,-30.3721811636128
28137.7337733773,-30.3791914514797
28144.7294729473,-30.3862212887424
28151.7251725173,-30.3932706948541
28158.7208720872,-30.4003396892728
28165.7165716572,-30.4074282914612
28172.7122712271,-30.4145365208859
28179.7079707971,-30.4216643970172
28186.703670367,-30.4288119393287
28193.699369937,-30.4359791672965
28200.6950695069,-30.4431661003991
28207.6907690769,-30.4503727581165
28214.6864686469,-30.4575991599303
28221.6821682168,-30.4648453253225
28228.6778677868,-30.4721112737757
28235.6735673567,-30.4793970247722
28242.6692669267,-30.4867025977935
28249.6649664966,-30.4940280123202
28256.6606660666,-30.5013732878309
28263.6563656366,-30.5087384438021
28270.6520652065,-30.5161234997076
28277.6477647765,-30.5235284750179
28284.6434643464,-30.5309533892
28291.6391639164,-30.5383982617163
28298.6348634864,-30.5458631120246
28305.6305630563,-30.5533479595773
28312.6262626263,-30.5608528238208
28319.6219621962,-30.5683777241954
28326.6176617662,-30.575922680134
28333.6133613361,-30.5834877110625
28340.6090609061,-30.5910728363983
28347.604760476,-30.5986780755503
28354.600460046,-30.6063034479183
28361.596159616,-30.6139489728923
28368.5918591859,-30.6216146698519
28375.5875587559,-30.6293005581659
28382.5832583258,-30.6370066571915
28389.5789578958,-30.6447329862739
28396.5746574657,-30.6524795647457
28403.5703570357,-30.6602464119259
28410.5660566057,-30.66803354712
28417.5617561756,-30.6758409896189
28424.5574557456,-30.6836687586985
28431.5531553155,-30.6915168736187
28438.5488548855,-30.6993853536235
28445.5445544554,-30.7072742179397
28452.5402540254,-30.7151834857765
28459.5359535954,-30.7231131763251
28466.5316531653,-30.7310633087578
28473.5273527353,-30.7390339022271
28480.5230523052,-30.7470249758658
28487.5187518752,-30.7550365487856
28494.5144514451,-30.7630686400769
28501.5101510151,-30.7711212688079
28508.5058505851,-30.779194454024
28515.501550155,-30.7872882147473
28522.497249725,-30.7954025699756
28529.4929492949,-30.8035375386817
28536.4886488649,-30.8116931398132
28543.4843484348,-30.8198693922914
28550.4800480048,-30.8280663150105
28557.4757475748,-30.8362839268372
28564.4714471447,-30.8445222466097
28571.4671467147,-30.8527812931375
28578.4628462846,-30.8610610852
28585.4585458546,-30.869361641546
28592.4542454245,-30.8776829808933
28599.4499449945,-30.8860251219276
28606.4456445645,-30.8943880833018
28613.4413441344,-30.9027718836354
28620.4370437044,-30.9111765415135
28627.4327432743,-30.9196020754863
28634.4284428443,-30.9280485040682
28641.4241424142,-30.9365158457369
28648.4198419842,-30.9450041189329
28655.4155415542,-30.9535133420586
28662.4112411241,-30.9620435334772
28669.4069406941,-30.9705947115125
28676.402640264,-30.9791668944474
28683.398339834,-30.9877601005237
28690.3940394039,-30.9963743479409
28697.3897389739,-31.0050096548557
28704.3854385439,-31.0136660393806
28711.3811381138,-31.0223435195838
28718.3768376838,-31.0310421134877
28725.3725372537,-31.0397618390684
28732.3682368237,-31.048502714255
28739.3639363936,-31.0572647569282
28746.3596359636,-31.0660479849198
28753.3553355336,-31.074852416012
28760.3510351035,-31.0836780679359
28767.3467346735,-31.0925249583712
28774.3424342434,-31.1013931049452
28781.3381338134,-31.1102825252315
28788.3338333833,-31.1191932367495
28795.3295329533,-31.1281252569634
28802.3252325233,-31.1370786032811
28809.3209320932,-31.1460532930536
28816.3166316632,-31.1550493435736
28823.3123312331,-31.164066772075
28830.3080308031,-31.1731055957316
28837.303730373,-31.1821658316563
28844.299429943,-31.1912474969002
28851.2951295129,-31.2003506084517
28858.2908290829,-31.2094751832349
28865.2865286529,-31.2186212381094
28872.2822282228,-31.227788789869
28879.2779277928,-31.2369778552405
28886.2736273627,-31.2461884508829
28893.2693269327,-31.2554205933864
28900.2650265026,-31.2646742992711
28907.2607260726,-31.2739495849865
28914.2564256426,-31.2832464669097
28921.2521252125,-31.292564961345
28928.2478247825,-31.3019050845227
28935.2435243524,-31.3112668525977
28942.2392239224,-31.3206502816487
28949.2349234924,-31.3300553876773
28956.2306230623,-31.3394821866062
28963.2263226323,-31.3489306942792
28970.2220222022,-31.3584009264589
28977.2177217722,-31.3678928988264
28984.2134213421,-31.37740662698
28991.2091209121,-31.3869421264338
28998.2048204821,-31.3964994126167
29005.200520052,-31.4060785008716
29012.196219622,-31.4156794064536
29019.1919191919,-31.4253021445293
29026.1876187619,-31.4349467301754
29033.1833183318,-31.4446131783777
29040.1790179018,-31.4543015040296
29047.1747174717,-31.4640117219313
29054.1704170417,-31.4737438467882
29061.1661166117,-31.4834978932099
29068.1618161816,-31.493273875709
29075.1575157516,-31.5030718086996
29082.1532153215,-31.5128917064964
29089.1489148915,-31.522733583313
29096.1446144614,-31.5325974532611
29103.1403140314,-31.542483330349
29110.1360136014,-31.5523912284801
29117.1317131713,-31.562321161452
29124.1274127413,-31.572273142955
29131.1231123112,-31.5822471865706
29138.1188118812,-31.5922433057706
29145.1145114511,-31.6022615139152
29152.1102110211,-31.6123018242524
29159.1059105911,-31.6223642499158
29166.101610161,-31.6324488039237
29173.097309731,-31.6425554991778
29180.0930093009,-31.6526843484615
29187.0887088709,-31.6628353644389
29194.0844084408,-31.6730085596527
29201.0801080108,-31.6832039465237
29208.0758075808,-31.6934215373486
29215.0715071507,-31.703661344299
29222.0672067207,-31.7139233794195
29229.0629062906,-31.7242076546269
29236.0586058606,-31.7345141817082
29243.0543054305,-31.744842972319
29250.0500050005,-31.7551940379827
29257.0457045705,-31.7655673900882
29264.0414041404,-31.7759630398889
29271.0371037104,-31.7863809985009
29278.0328032803,-31.7968212769016
29285.0285028503,-31.8072838859281
29292.0242024202,-31.8177688362756
29299.0199019902,-31.8282761384957
29306.0156015602,-31.8388058029952
29313.0113011301,-31.8493578400341
29320.0070007001,-31.8599322597241
29327.00270027,-31.8705290720271
29333.99839984,-31.8811482867534
29340.9940994099,-31.8917899135601
29347.9897989799,-31.9024539619494
29354.9854985499,-31.9131404412671
29361.9811981198,-31.9238493607007
29368.9768976898,-31.9345807292777
29375.9725972597,-31.9453345558641
29382.9682968297,-31.9561108491623
29389.9639963996,-31.9669096177099
29396.9596959696,-31.9777308698775
29403.9553955396,-31.9885746138668
29410.9510951095,-31.9994408577095
29417.9467946795,-32.0103296092648
29424.9424942494,-32.0212408762182
29431.9381938194,-32.0321746660789
29438.9338933893,-32.0431309861789
29445.9295929593,-32.0541098436703
29452.9252925293,-32.065111245524
29459.9209920992,-32.0761351985277
29466.9166916692,-32.0871817092838
29473.9123912391,-32.0982507842078
29480.9080908091,-32.109342429526
29487.903790379,-32.1204566512741
29494.899489949,-32.1315934552947
29501.895189519,-32.1427528472358
29508.8908890889,-32.1539348325484
29515.8865886589,-32.1651394164848
29522.8822882288,-32.1763666040965
29529.8779877988,-32.1876164002324
29536.8736873687,-32.1988888095363
29543.8693869387,-32.2101838364452
29550.8650865087,-32.2215014851871
29557.8607860786,-32.232841759779
29564.8564856486,-32.2442046640248
29571.8521852185,-32.2555902015132
29578.8478847885,-32.2669983756154
29585.8435843584,-32.2784291894831
29592.8392839284,-32.2898826460464
29599.8349834983,-32.3013587480114
29606.8306830683,-32.3128574978584
29613.8263826383,-32.3243788978392
29620.8220822082,-32.3359229499753
29627.8177817782,-32.3474896560554
29634.8134813481,-32.3590790176331
29641.8091809181,-32.3706910360251
29648.8048804881,-32.3823257123081
29655.800580058,-32.3939830473174
29662.796279628,-32.4056630416439
29669.7919791979,-32.4173656956319
29676.7876787679,-32.4290910093771
29683.7833783378,-32.4408389827236
29690.7790779078,-32.4526096152622
29697.7747774777,-32.4644029063274
29704.7704770477,-32.4762188549954
29711.7661766177,-32.4880574600814
29718.7618761876,-32.4999187201371
29725.7575757576,-32.5118026334485
29732.7532753275,-32.5237091980331
29739.7489748975,-32.5356384116376
29746.7446744674,-32.5475902717351
29753.7403740374,-32.559564775523
29760.7360736074,-32.5715619199197
29767.7317731773,-32.583581701563
29774.7274727473,-32.5956241168064
29781.7231723172,-32.6076891617173
29788.7188718872,-32.6197768320741
29795.7145714571,-32.6318871233632
29802.7102710271,-32.6440200307768
29809.7059705971,-32.65617554921
29816.701670167,-32.6683536732579
29823.697369737,-32.6805543972131
29830.6930693069,-32.6927777150629
29837.6887688769,-32.7050236204864
29844.6844684468,-32.7172921068516
29851.6801680168,-32.7295831672129
29858.6758675868,-32.7418967943081
29865.6715671567,-32.7542329805554
29872.6672667267,-32.7665917180505
29879.6629662966,-32.7789729985641
29886.6586658666,-32.7913768135384
29893.6543654365,-32.8038031540846
29900.6500650065,-32.8162520109796
29907.6457645765,-32.8287233746632
29914.6414641464,-32.8412172352351
29921.6371637164,-32.8537335824519
29928.6328632863,-32.8662724057236
29935.6285628563,-32.8788336941113
29942.6242624262,-32.8914174363232
29949.6199619962,-32.9040236207125
29956.6156615662,-32.9166522352732
29963.6113611361,-32.9293032676376
29970.6070607061,-32.941976705073
29977.602760276,-32.9546725344785
29984.598459846,-32.9673907423816
29991.5941594159,-32.9801313149348
29998.5898589859,-32.9928942379131
30005.5855585559,-33.0056794967097
30012.5812581258,-33.0184870763332
30019.5769576958,-33.0313169614045
30026.5726572657,-33.0441691361528
30033.5683568357,-33.0570435844125
30040.5640564056,-33.0699402896201
30047.5597559756,-33.0828592348102
30054.5554555456,-33.0958004026124
30061.5511551155,-33.1087637752476
30068.5468546855,-33.1217493345247
30075.5425542554,-33.134757061837
30082.5382538254,-33.1477869381585
30089.5339533953,-33.1608389440405
30096.5296529653,-33.1739130596078
30103.5253525353,-33.1870092645551
30110.5210521052,-33.2001275381438
30117.5167516752,-33.2132678591975
30124.5124512451,-33.2264302060989
30131.5081508151,-33.239614556786
30138.503850385,-33.2528208887479
30145.499549955,-33.2660491790218
30152.495249525,-33.2792994041884
30159.4909490949,-33.2925715403686
30166.4866486649,-33.3058655632193
30173.4823482348,-33.3191814479299
30180.4780478048,-33.3325191692179
30187.4737473747,-33.3458787013254
30194.4694469447,-33.3592600180151
30201.4651465146,-33.3726630925658
30208.4608460846,-33.3860878977691
30215.4565456546,-33.3995344059249
30222.4522452245,-33.4130025888377
30229.4479447945,-33.4264924178119
30236.4436443644,-33.4400038636484
30243.4393439344,-33.45353689664
30250.4350435043,-33.4670914865674
30257.4307430743,-33.4806676026949
30264.4264426443,-33.4942652137663
30271.4221422142,-33.5078842880008
30278.4178417842,-33.5215247930881
30285.4135413541,-33.5351866961849
30292.4092409241,-33.54886996391
30299.4049404941,-33.5625745623404
30306.400640064,-33.5763004570063
30313.396339634,-33.5900476128873
30320.3920392039,-33.6038159944078
30327.3877387739,-33.6176055654322
30334.3834383438,-33.631416289261
30341.3791379138,-33.6452481286257
30348.3748374837,-33.6591010456846
30355.3705370537,-33.6729750020183
30362.3662366237,-33.6868699586247
30369.3619361936,-33.7007858759149
30376.3576357636,-33.714722713708
30383.3533353335,-33.728680431227
30390.3490349035,-33.7426589870935
30397.3447344734,-33.7566583393236
30404.3404340434,-33.7706784453225
30411.3361336134,-33.7847192618802
30418.3318331833,-33.7987807451665
30425.3275327533,-33.812862850726
30432.3232323232,-33.8269655334737
30439.3189318932,-33.8410887476894
30446.3146314631,-33.8552324470136
30453.3103310331,-33.8693965844417
30460.3060306031,-33.88358111232
30467.301730173,-33.8977859823395
30474.297429743,-33.9120111455321
30481.2931293129,-33.9262565522644
30488.2888288829,-33.9405221522337
30495.2845284528,-33.954807894462
30502.2802280228,-33.9691137272914
30509.2759275928,-33.9834395983786
30516.2716271627,-33.99778545469
30523.2673267327,-34.0121512424961
30530.2630263026,-34.0265369073669
30537.2587258726,-34.0409423941659
30544.2544254425,-34.0553676470452
30551.2501250125,-34.06981260944
30558.2458245825,-34.0842772240634
30565.2415241524,-34.0987614329011
30572.2372237224,-34.1132651772057
30579.2329232923,-34.1277883974914
30586.2286228623,-34.1423310335287
30593.2243224323,-34.1568930243386
30600.2200220022,-34.1714743081875
30607.2157215722,-34.1860748225814
30614.2114211421,-34.2006945042601
30621.2071207121,-34.2153332891923
30628.202820282,-34.2299911125693
30635.198519852,-34.2446679087999
30642.1942194219,-34.2593636115043
30649.1899189919,-34.2740781535088
30656.1856185619,-34.2888114668398
30663.1813181318,-34.3035634827181
30670.1770177018,-34.3183341315536
30677.1727172717,-34.3331233429386
30684.1684168417,-34.3479310456432
30691.1641164116,-34.3627571676082
30698.1598159816,-34.3776016359405
30705.1555155516,-34.3924643769061
30712.1512151215,-34.407345315925
30719.1469146915,-34.422244377565
30726.1426142614,-34.4371614855358
30733.1383138314,-34.452096562683
30740.1340134013,-34.467049530982
30747.1297129713,-34.4820203115325
30754.1254125413,-34.4970088245519
30761.1211121112,-34.5120149893695
30768.1168116812,-34.5270387244204
30775.1125112511,-34.5420799472399
30782.1082108211,-34.5571385744564
30789.103910391,-34.5722145217862
30796.099609961,-34.5873077040269
30803.095309531,-34.6024180350517
30810.0910091009,-34.6175454278024
30817.0867086709,-34.6326897942841
30824.0824082408,-34.6478510455587
30831.0781078108,-34.6630290917384
30838.0738073807,-34.6782238419797
30845.0695069507,-34.6934352044773
30852.0652065207,-34.7086630864577
30859.0609060906,-34.7239073941728
30866.0566056606,-34.7391680328939
30873.0523052305,-34.754444906905
30880.0480048005,-34.769737919497
30887.0437043704,-34.7850469729608
30894.0394039404,-34.8003719685816
30901.0351035103,-34.815712806632
30908.0308030803,-34.831069386366
30915.0265026503,-34.8464416060124
30922.0222022202,-34.8618293627687
30929.0179017902,-34.8772325527944
30936.0136013601,-34.8926510712048
30943.0093009301,-34.9080848120647
30950.0050005001,-34.9235336683818
30957.00070007,-34.9389975321004
30963.99639964,-34.954476294095
30970.9920992099,-34.9699698441637
30977.9877987799,-34.9854780710223
30984.9834983498,-35.0010008622971
30991.9791979198,-35.0165381045194
30998.9748974898,-35.0320896831182
31005.9705970597,-35.0476554824144
31012.9662966297,-35.0632353856141
31019.9619961996,-35.0788292748022
31026.9576957696,-35.0944370309363
31033.9533953395,-35.1100585338397
31040.9490949095,-35.1256936621956
31047.9447944795,-35.1413422935405
31054.9404940494,-35.1570043042575
31061.9361936194,-35.1726795695704
31068.9318931893,-35.188367963537
31075.9275927593,-35.2040693590432
31082.9232923292,-35.2197836277958
31089.9189918992,-35.235510640317
31096.9146914692,-35.2512502659377
31103.9103910391,-35.2670023727914
31110.9060906091,-35.2827668278075
31117.901790179,-35.2985434967055
31124.897489749,-35.3143322439884
31131.8931893189,-35.3301329329367
31138.8888888889,-35.3459454256021
31145.8845884588,-35.3617695828011
31152.8802880288,-35.3776052641093
31159.8759875988,-35.3934523278548
31166.8716871687,-35.4093106311123
31173.8673867387,-35.425180029697
31180.8630863086,-35.4410603781583
31187.8587858786,-35.4569515297743
31194.8544854485,-35.4728533365453
31201.8501850185,-35.4887656491878
31208.8458845885,-35.5046883171291
31215.8415841584,-35.5206211885008
31222.8372837284,-35.5365641101333
31229.8329832983,-35.5525169275499
31236.8286828683,-35.5684794849608
31243.8243824382,-35.5844516252579
31250.8200820082,-35.6004331900083
31257.8157815782,-35.6164240194494
31264.8114811481,-35.632423952483
31271.8071807181,-35.6484328266695
31278.802880288,-35.6644504782229
31285.798579858,-35.6804767420048
31292.7942794279,-35.6965114515196
31299.7899789979,-35.7125544389085
31306.7856785679,-35.7286055349447
31313.7813781378,-35.744664569028
31320.7770777078,-35.7607313691797
31327.7727772777,-35.7768057620373
31334.7684768477,-35.7928875728499
31341.7641764176,-35.8089766254725
31348.7598759876,-35.825072742362
31355.7555755576,-35.8411757445715
31362.7512751275,-35.8572854517463
31369.7469746975,-35.8734016821187
31376.7426742674,-35.8895242525034
31383.7383738374,-35.9056529782935
31390.7340734073,-35.9217876734555
31397.7297729773,-35.9379281505252
31404.7254725473,-35.9540742206032
31411.7211721172,-35.970225693351
31418.7168716872,-35.986382376987
31425.7125712571,-36.002544078282
31432.7082708271,-36.0187106025556
31439.703970397,-36.0348817536724
31446.699669967,-36.0510573340385
31453.695369537,-36.0672371445973
31460.6910691069,-36.0834209848265
31467.6867686769,-36.0996086527347
31474.6824682468,-36.1157999448577
31481.6781678168,-36.131994656256
31488.6738673867,-36.1481925805108
31495.6695669567,-36.1643935097221
31502.6652665267,-36.180597234505
31509.6609660966,-36.1968035439877
31516.6566656666,-36.2130122258084
31523.6523652365,-36.2292230661131
31530.6480648065,-36.2454358495533
31537.6437643764,-36.2616503592835
31544.6394639464,-36.2778663769599
31551.6351635164,-36.2940836827377
31558.6308630863,-36.3103020552694
31565.6265626563,-36.3265212717038
31572.6222622262,-36.3427411076839
31579.6179617962,-36.358961337346
31586.6136613661,-36.3751817333181
31593.6093609361,-36.3914020667192
31600.605060506,-36.4076221071584
31607.600760076,-36.4238416227339
31614.596459646,-36.4400603800331
31621.5921592159,-36.4562781441314
31628.5878587859,-36.4724946785928
31635.5835583558,-36.4887097454692
31642.5792579258,-36.5049231053011
31649.5749574958,-36.5211345171174
31656.5706570657,-36.5373437384366
31663.5663566357,-36.5535505252667
31670.5620562056,-36.5697546321066
31677.5577557756,-36.5859558119472
31684.5534553455,-36.6021538162723
31691.5491549155,-36.6183483950603
31698.5448544855,-36.634539296786
31705.5405540554,-36.6507262684223
31712.5362536254,-36.6669090554421
31719.5319531953,-36.6830874018211
31726.5276527653,-36.6992610500397
31733.5233523352,-36.715429741086
31740.5190519052,-36.7315932144592
31747.5147514752,-36.7477512081718
31754.5104510451,-36.7639034587536
31761.5061506151,-36.7800497012555
31768.501850185,-36.7961896692528
31775.497549755,-36.8123230948497
31782.4932493249,-36.8284497086832
31789.4889488949,-36.8445692399282
31796.4846484648,-36.8606814163021
31803.4803480348,-36.8767859640695
31810.4760476048,-36.8928826080481
31817.4717471747,-36.908971071614
31824.4674467447,-36.9250510767073
31831.4631463146,-36.9411223438384
31838.4588458846,-36.9571845920947
31845.4545454545,-36.9732375391464
31852.4502450245,-36.9892809012541
31859.4459445945,-37.0053143932759
31866.4416441644,-37.0213377286741
31873.4373437344,-37.0373506195241
31880.4330433043,-37.0533527765213
31887.4287428743,-37.0693439089902
31894.4244424442,-37.0853237248925
31901.4201420142,-37.101291930836
31908.4158415842,-37.1172482320841
31915.4115411541,-37.133192332565
31922.4072407241,-37.1491239348812
31929.402940294,-37.1650427403205
31936.398639864,-37.1809484488651
31943.3943394339,-37.1968407592034
31950.3900390039,-37.2127193687404
31957.3857385739,-37.228583973609
31964.3814381438,-37.2444342686821
31971.3771377138,-37.260269947584
31978.3728372837,-37.276090702703
31985.3685368537,-37.291896225204
31992.3642364237,-37.3076862050412
31999.3599359936,-37.3234603309717
32006.3556355636,-37.3392182905689
32013.3513351335,-37.3549597702363
32020.3470347035,-37.3706844552222
32027.3427342734,-37.3863920296337
32034.3384338434,-37.4020821764523
32041.3341334133,-37.4177545775489
32048.3298329833,-37.4334089136993
32055.3255325533,-37.4490448646004
32062.3212321232,-37.4646621088865
32069.3169316932,-37.4802603241462
32076.3126312631,-37.4958391869392
32083.3083308331,-37.5113983728135
32090.304030403,-37.5269375563241
32097.299729973,-37.5424564110498
32104.295429543,-37.557954609613
32111.2911291129,-37.5734318236977
32118.2868286829,-37.5888877240691
32125.2825282528,-37.604321980593
32132.2782278228,-37.6197342622562
32139.2739273927,-37.6351242371861
32146.2696269627,-37.6504915726721
32153.2653265327,-37.6658359351864
32160.2610261026,-37.6811569904051
32167.2567256726,-37.6964544032308
32174.2524252425,-37.7117278378142
32181.2481248125,-37.7269769575767
32188.2438243824,-37.7422014252335
32195.2395239524,-37.7574009028171
32202.2352235224,-37.7725750517005
32209.2309230923,-37.7877235326217
32216.2266226623,-37.8028460057079
32223.2223222322,-37.8179421305004
32230.2180218022,-37.8330115659798
32237.2137213721,-37.8480539705916
32244.2094209421,-37.8630690022722
32251.2051205121,-37.8780563184746
32258.200820082,-37.8930155761962
32265.196519652,-37.9079464320049
32272.1922192219,-37.922848542067
32279.1879187919,-37.937721562175
32286.1836183618,-37.9525651477752
32293.1793179318,-37.9673789539971
32300.1750175017,-37.9821626356817
32307.1707170717,-37.996915847411
32314.1664166417,-38.0116382435375
32321.1621162116,-38.0263294782143
32328.1578157816,-38.0409892054252
32335.1535153515,-38.055617079016
32342.1492149215,-38.0702127527247
32349.1449144915,-38.0847758802135
32356.1406140614,-38.0993061151005
32363.1363136314,-38.1138031109916
32370.1320132013,-38.1282665215128
32377.1277127713,-38.1426960003438
32384.1234123412,-38.15709120125
32391.1191119112,-38.1714517781164
32398.1148114811,-38.1857773849819
32405.1105110511,-38.2000676760726
32412.1062106211,-38.2143223058366
32419.101910191,-38.2285409289788
32426.097609761,-38.2427232004957
32433.0933093309,-38.2568687757109
32440.0890089009,-38.2709773103109
32447.0847084708,-38.2850484603808
32454.0804080408,-38.2990818824407
32461.0761076108,-38.3130772334822
32468.0718071807,-38.3270341710051
32475.0675067507,-38.3409523530549
32482.0632063206,-38.3548314382596
32489.0589058906,-38.3686710858679
32496.0546054606,-38.3824709557866
32503.0503050305,-38.3962307086191
32510.0460046005,-38.4099500057037
32517.0417041704,-38.4236285091521
32524.0374037404,-38.4372658818887
32531.0331033103,-38.4508617876889
32538.0288028803,-38.4644158912194
32545.0245024502,-38.477927858077
32552.0202020202,-38.4913973548288
32559.0159015902,-38.5048240490516
32566.0116011601,-38.5182076093726
32573.0073007301,-38.5315477055095
32580.0030003,-38.544844008311
32586.99869987,-38.5580961897972
32593.9943994399,-38.5713039232009
32600.9900990099,-38.5844668830081
32607.9857985799,-38.5975847449996
32614.9814981498,-38.6106571862916
32621.9771977198,-38.6236838853776
32628.9728972897,-38.6366645221697
32635.9685968597,-38.6495987780402
32642.9642964296,-38.6624863358631
32649.9599959996,-38.675326880056
32656.9556955696,-38.6881200966223
32663.9513951395,-38.7008656731924
32670.9470947095,-38.7135632990661
32677.9427942794,-38.7262126652546
32684.9384938494,-38.7388134645227
32691.9341934193,-38.7513653914302
32698.9298929893,-38.7638681423749
32705.9255925593,-38.776321415634
32712.9212921292,-38.7887249114066
32719.9169916992,-38.8010783318555
32726.9126912691,-38.8133813811496
32733.9083908391,-38.8256337655054
32740.904090409,-38.8378351932295
32747.899789979,-38.8499853747601
32754.895489549,-38.8620840227093
32761.8911891189,-38.8741308519042
32768.8868886889,-38.8861255794289
32775.8825882588,-38.8980679246664
32782.8782878288,-38.9099576093394
32789.8739873987,-38.9217943575521
32796.8696869687,-38.9335778958309
32803.8653865387,-38.9453079531659
32810.8610861086,-38.9569842610516
32817.8567856786,-38.968606553527
32824.8524852485,-38.9801745672173
32831.8481848185,-38.9916880413729
32838.8438843884,-39.0031467179102
32845.8395839584,-39.0145503414515
32852.8352835284,-39.0258986593641
32859.8309830983,-39.0371914218001
32866.8266826683,-39.0484283817354
32873.8223822382,-39.0596092950085
32880.8180818082,-39.070733920359
32887.8137813781,-39.0818020194659
32894.8094809481,-39.0928133569856
32901.8051805181,-39.1037677005895
32908.800880088,-39.1146648210011
32915.796579658,-39.1255044920336
32922.7922792279,-39.1362864906252
32929.7879787979,-39.1470105968769
32936.7836783678,-39.1576765940871
32943.7793779378,-39.168284268788
32950.7750775078,-39.1788334107794
32957.7707770777,-39.189323813165
32964.7664766477,-39.1997552723851
32971.7621762176,-39.2101275882513
32978.7578757876,-39.2204405639794
32985.7535753575,-39.2306940062223
32992.7492749275,-39.2408877251027
32999.7449744975,-39.2510215342445
33006.7406740674,-39.2610952508047
33013.7363736374,-39.2711086955038
33020.7320732073,-39.2810616926569
33027.7277727773,-39.2909540702028
33034.7234723472,-39.3007856597338
33041.7191719172,-39.3105562965243
33048.7148714872,-39.3202658195593
33055.7105710571,-39.3299140715614
33062.7062706271,-39.3395008990188
33069.701970197,-39.349026152211
33076.697669767,-39.3584896852352
33083.6933693369,-39.3678913560315
33090.6890689069,-39.3772310264072
33097.6847684769,-39.3865085620613
33104.6804680468,-39.395723832608
33111.6761676168,-39.404876711599
33118.6718671867,-39.413967076546
33125.6675667567,-39.4229948089423
33132.6632663266,-39.431959794283
33139.6589658966,-39.4408619220858
33146.6546654665,-39.4497010859105
33153.6503650365,-39.4584771833769
33160.6460646065,-39.467190116184
33167.6417641764,-39.4758397901267
33174.6374637464,-39.4844261151126
33181.6331633163,-39.492949005178
33188.6288628863,-39.5014083785033
33195.6245624563,-39.5098041574272
33202.6202620262,-39.518136268461
33209.6159615962,-39.5264046423009
33216.6116611661,-39.5346092138409
33223.6073607361,-39.5427499221844
33230.603060306,-39.5508267106547
33237.598759876,-39.5588395268051
33244.5944594459,-39.5667883224284
33251.5901590159,-39.5746730535653
33258.5858585859,-39.5824936805124
33265.5815581558,-39.5902501678288
33272.5772577258,-39.5979424843429
33279.5729572957,-39.6055706031572
33286.5686568657,-39.6131345016537
33293.5643564356,-39.6206341614974
33300.5600560056,-39.6280695686394
33307.5557555756,-39.6354407133197
33314.5514551455,-39.6427475900683
33321.5471547155,-39.6499901977061
33328.5428542854,-39.6571685393455
33335.5385538554,-39.6642826223886
33342.5342534253,-39.6713324585267
33349.5299529953,-39.6783180637373
33356.5256525653,-39.6852394582813
33363.5213521352,-39.6920966666992
33370.5170517052,-39.6988897178061
33377.5127512751,-39.7056186446866
33384.5084508451,-39.7122834846886
33391.504150415,-39.7188842794162
33398.499849985,-39.7254210747219
33405.495549555,-39.7318939206983
33412.4912491249,-39.7383028716689
33419.4869486949,-39.7446479861777
33426.4826482648,-39.7509293269787
33433.4783478348,-39.7571469610246
33440.4740474047,-39.7633009594539
33447.4697469747,-39.7693913975786
33454.4654465447,-39.77541835487
33461.4611461146,-39.7813819149442
33468.4568456846,-39.7872821655473
33475.4525452545,-39.7931191985392
33482.4482448245,-39.7988931098766
33489.4439443944,-39.8046039995966
33496.4396439644,-39.8102519717977
33503.4353435344,-39.8158371346215
33510.4310431043,-39.8213596002334
33517.4267426743,-39.8268194848022
33524.4224422442,-39.8322169084792
33531.4181418142,-39.8375519953773
33538.4138413841,-39.8428248735483
33545.4095409541,-39.8480356749606
33552.4052405241,-39.8531845354753
33559.400940094,-39.8582715948228
33566.396639664,-39.8632969965774
33573.3923392339,-39.8682608881329
33580.3880388039,-39.8731634206756
33587.3837383738,-39.8780047491589
33594.3794379438,-39.8827850322756
33601.3751375138,-39.8875044324306
33608.3708370837,-39.8921631157121
33615.3665366537,-39.8967612518636
33622.3622362236,-39.9012990142539
33629.3579357936,-39.9057765798479
33636.3536353635,-39.9101941291753
33643.3493349335,-39.9145518463007
33650.3450345035,-39.9188499187916
33657.3407340734,-39.9230885376863
33664.3364336434,-39.927267897462
33671.3321332133,-39.9313881960018
33678.3278327833,-39.9354496345611
33685.3235323532,-39.9394524177339
33692.3192319232,-39.943396753419
33699.3149314932,-39.9472828527847
33706.3106310631,-39.9511109302339
33713.3063306331,-39.9548812033692
33720.302030203,-39.958593892956
33727.297729773,-39.9622492228872
33734.2934293429,-39.9658474201459
33741.2891289129,-39.9693887147689
33748.2848284828,-39.9728733398088
33755.2805280528,-39.976301531297
33762.2762276228,-39.9796735282052
33769.2719271927,-39.9829895724072
33776.2676267627,-39.9862499086404
33783.2633263326,-39.989454784467
33790.2590259026,-39.9926044502343
33797.2547254725,-39.9956991590361
33804.2504250425,-39.9987391666723
33811.2461246125,-40.0017247316092
33818.2418241824,-40.0046561149397
33825.2375237524,-40.0075335803424
33832.2332233223,-40.0103573940411
33839.2289228923,-40.0131278247645
33846.2246224623,-40.015845143705
33853.2203220322,-40.0185096244773
33860.2160216022,-40.0211215430777
33867.2117211721,-40.023681177842
33874.2074207421,-40.0261888094048
33881.203120312,-40.0286447206571
33888.198819882,-40.031049196705
33895.194519452,-40.0334025248276
33902.1902190219,-40.0357049944352
33909.1859185919,-40.037956897027
33916.1816181618,-40.0401585261495
33923.1773177318,-40.0423101773539
33930.1730173017,-40.0444121481542
33937.1687168717,-40.0464647379848
33944.1644164417,-40.0484682481583
33951.1601160116,-40.0504229818236
33958.1558155816,-40.0523292439229
33965.1515151515,-40.0541873411505
33972.1472147215,-40.0559975819097
33979.1429142914,-40.0577602762711
33986.1386138614,-40.0594757359304
33993.1343134313,-40.0611442741662
34000.1300130013,-40.0627662057983
34007.1257125713,-40.0643418471454
34014.1214121412,-40.0658715159833
34021.1171117112,-40.0673555315036
34028.1128112811,-40.0687942142714
34035.1085108511,-40.0701878861841
34042.104210421,-40.0715368704302
34049.099909991,-40.0728414914474
34056.095609561,-40.074102074882
34063.0913091309,-40.0753189475476
34070.0870087009,-40.0764924373843
34077.0827082708,-40.077622873418
34084.0784078408,-40.07871058572
34091.0741074107,-40.0797559053667
34098.0698069807,-40.080759164399
34105.0655065507,-40.0817206957827
34112.0612061206,-40.0826408333691
34119.0569056906,-40.0835199118546
34126.0526052605,-40.084358266742
34133.0483048305,-40.0851562343012
34140.0440044004,-40.0859141515304
34147.0397039704,-40.0866323561173
34154.0354035404,-40.0873111864009
34161.0311031103,-40.0879509813333
34168.0268026803,-40.0885520804418
34175.0225022502,-40.0891148237911
34182.0182018202,-40.0896395519462
34189.0139013901,-40.0901266059353
34196.0096009601,-40.0905763272127
34203.0053005301,-40.0909890576228
34210.0010001,-40.0913651393635
34216.99669967,-40.0917049149501
34223.9923992399,-40.0920087271802
34230.9880988099,-40.0922769190978
34237.9837983798,-40.0925098339589
34244.9794979498,-40.0927078151962
34251.9751975198,-40.092871206385
34258.9708970897,-40.0930003512091
34265.9665966597,-40.0930955934271
34272.9622962296,-40.0931572768389
34279.9579957996,-40.0931857452525
34286.9536953695,-40.0931813424517
34293.9493949395,-40.0931444121631
34300.9450945095,-40.0930752980246
34307.9407940794,-40.092974343553
34314.9364936494,-40.0928418921133
34321.9321932193,-40.0926782868875
34328.9278927893,-40.0924838708434
34335.9235923592,-40.0922589867051
34342.9192919292,-40.0920039769225
34349.9149914992,-40.0917191836416
34356.9106910691,-40.091404948676
34363.9063906391,-40.0910616134768
34370.902090209,-40.0906895191053
34377.897789779,-40.0902890062042
34384.8934893489,-40.0898604149698
34391.8891889189,-40.0894040851249
34398.8848884889,-40.0889203558913
34405.8805880588,-40.0884095659635
34412.8762876288,-40.0878720534823
34419.8719871987,-40.0873081560087
34426.8676867687,-40.0867182104985
34433.8633863386,-40.0861025532769
34440.8590859086,-40.0854615200139
34447.8547854786,-40.0847954456997
34454.8504850485,-40.0841046646206
34461.8461846185,-40.0833895103353
34468.8418841884,-40.0826503156516
34475.8375837584,-40.0818874126032
34482.8332833283,-40.0811011324277
34489.8289828983,-40.0802918055435
34496.8246824683,-40.0794597615284
34503.8203820382,-40.0786053290984
34510.8160816082,-40.0777288360859
34517.8117811781,-40.0768306094193
34524.8074807481,-40.0759109751025
34531.803180318,-40.0749702581952
34538.798879888,-40.0740087827925
34545.794579458,-40.0730268720064
34552.7902790279,-40.072024847946
34559.7859785979,-40.0710030316999
34566.7816781678,-40.0699617433168
34573.7773777378,-40.0689013017888
34580.7730773077,-40.0678220250328
34587.7687768777,-40.066724229874
34594.7644764476,-40.0656082320289
34601.7601760176,-40.0644743460887
34608.7558755876,-40.0633228855033
34615.7515751575,-40.0621541625654
34622.7472747275,-40.0609684883949
34629.7429742974,-40.0597661729243
34636.7386738674,-40.0585475248833
34643.7343734373,-40.0573128517847
34650.7300730073,-40.0560624599103
34657.7257725773,-40.0547966542968
34664.7214721472,-40.053515738723
34671.7171717172,-40.0522200156958
34678.7128712871,-40.050909786438
34685.7085708571,-40.0495853508755
34692.704270427,-40.0482470076254
34699.699969997,-40.0468950539841
34706.695669567,-40.0455297859152
34713.6913691369,-40.0441514980391
34720.6870687069,-40.0427604836213
34727.6827682768,-40.0413570345626
34734.6784678468,-40.0399414413877
34741.6741674167,-40.038513993236
34748.6698669867,-40.0370749778517
34755.6655665567,-40.0356246815739
34762.6612661266,-40.0341633893281
34769.6569656966,-40.0326913846165
34776.6526652665,-40.0312089495105
34783.6483648365,-40.0297163646411
34790.6440644064,-40.0282139091918
34797.6397639764,-40.0267018608904
34804.6354635464,-40.0251804960017
34811.6311631163,-40.02365008932
34818.6268626863,-40.0221109141623
34825.6225622562,-40.0205632423616
34832.6182618262,-40.0190073442602
34839.6139613961,-40.0174434887039
34846.6096609661,-40.0158719430354
34853.6053605361,-40.0142929730894
34860.601060106,-40.0127068431863
34867.596759676,-40.0111138161275
34874.5924592459,-40.0095141531905
34881.5881588159,-40.0079081141233
34888.5838583858,-40.0062959571411
34895.5795579558,-40.0046779389207
34902.5752575258,-40.0030543145977
34909.5709570957,-40.0014253377613
34916.5666566657,-39.9997912604519
34923.5623562356,-39.9981523331567
34930.5580558056,-39.9965088048073
34937.5537553755,-39.9948609227757
34944.5494549455,-39.9932089328725
34951.5451545155,-39.9915530793436
34958.5408540854,-39.989893604868
34965.5365536554,-39.988230750556
34972.5322532253,-39.9865647559462
34979.5279527953,-39.9848958590045
34986.5236523652,-39.9832242961223
34993.5193519352,-39.9815503021147
35000.5150515052,-39.9798741102196
35007.5107510751,-39.9781959520962
35014.5064506451,-39.9765160578243
35021.502150215,-39.9748346559038
35028.497849785,-39.9731519732533
35035.4935493549,-39.9714682352104
35042.4892489249,-39.9697836655311
35049.4849484948,-39.9680984863898
35056.4806480648,-39.966412918379
35063.4763476348,-39.96472718051
35070.4720472047,-39.963041490213
35077.4677467747,-39.9613560633373
35084.4634463446,-39.9596711141522
35091.4591459146,-39.9579868553478
35098.4548454845,-39.9563034980359
35105.4505450545,-39.9546212517507
35112.4462446245,-39.9529403244505
35119.4419441944,-39.9512609225182
35126.4376437644,-39.9495832507639
35133.4333433343,-39.9479075124251
35140.4290429043,-39.9462339091694
35147.4247424742,-39.9445626410957
35154.4204420442,-39.9428939067365
35161.4161416142,-39.9412279030595
35168.4118411841,-39.9395648254698
35175.4075407541,-39.9379048678124
35182.403240324,-39.9362482223743
35189.398939894,-39.9345950798869
35196.3946394639,-39.932945629529
35203.3903390339,-39.9313000589284
35210.3860386039,-39.9296585541657
35217.3817381738,-39.9280212997767
35224.3774377438,-39.9263884787549
35231.3731373137,-39.9247602725552
35238.3688368837,-39.9231368610965
35245.3645364536,-39.9215184227652
35252.3602360236,-39.919905134418
35259.3559355936,-39.9182971713854
35266.3516351635,-39.9166947074756
35273.3473347335,-39.9150979149771
35280.3430343034,-39.9135069646628
35287.3387338734,-39.9119220257936
35294.3344334433,-39.9103432661217
35301.3301330133,-39.9087708518947
35308.3258325833,-39.9072049478596
35315.3215321532,-39.9056457172658
35322.3172317232,-39.9040933218701
35329.3129312931,-39.9025479219398
35336.3086308631,-39.9010096762574
35343.304330433,-39.8994787421244
35350.300030003,-39.8979552753651
35357.295729573,-39.8964394303315
35364.2914291429,-39.894931359907
35371.2871287129,-39.893431215511
35378.2828282828,-39.8919391471029
35385.2785278528,-39.8904553031868
35392.2742274227,-39.8889798308157
35399.2699269927,-39.8875128755961
35406.2656265627,-39.8860545816923
35413.2613261326,-39.8846050918311
35420.2570257026,-39.8831645473063
35427.2527252725,-39.8817330879831
35434.2484248425,-39.8803108523032
35441.2441244124,-39.8788979772887
35448.2398239824,-39.8774945985476
35455.2355235524,-39.8761008502779
35462.2312231223,-39.8747168652725
35469.2269226923,-39.873342774924
35476.2226222622,-39.8719787092296
35483.2183218322,-39.8706247967954
35490.2140214021,-39.8692811648418
35497.2097209721,-39.8679479392076
35504.2054205421,-39.8666252443558
35511.201120112,-39.8653132033778
35518.196819682,-39.864011937998
35525.1925192519,-39.8627215685794
35532.1882188219,-39.8614422141282
35539.1839183918,-39.8601739922984
35546.1796179618,-39.8589170193969
35553.1753175317,-39.8576714103889
35560.1710171017,-39.8564372789017
35567.1667166717,-39.8552147372307
35574.1624162416,-39.8540038963436
35581.1581158116,-39.8528048658861
35588.1538153815,-39.8516177541857
35595.1495149515,-39.8504426682577
35602.1452145214,-39.8492797138096
35609.1409140914,-39.8481289952459
35616.1366136614,-39.8469906156732
35623.1323132313,-39.8458646769056
35630.1280128013,-39.8447512794684
35637.1237123712,-39.8436505226043
35644.1194119412,-39.8425625042775
35651.1151115111,-39.8414873211787
35658.1108110811,-39.8404250687303
35665.1065106511,-39.8393758410906
35672.102210221,-39.8383397311597
35679.097909791,-39.8373168305834
35686.0936093609,-39.8363072297583
35693.0893089309,-39.8353110178367
35700.0850085009,-39.8343282827316
35707.0807080708,-39.833359111121
35714.0764076408,-39.8324035884532
35721.0721072107,-39.8314617989509
35728.0678067807,-39.8305338256169
35735.0635063506,-39.8296197502378
35742.0592059206,-39.8287196533892
35749.0549054905,-39.8278336144407
35756.0506050605,-39.8269617115598
35763.0463046305,-39.8261040217171
35770.0420042004,-39.825260620691
35777.0377037704,-39.8244315830717
35784.0334033403,-39.8236169822663
35791.0291029103,-39.8228168905035
35798.0248024802,-39.8220313788373
35805.0205020502,-39.8212605171524
35812.0162016202,-39.8205043741685
35819.0119011901,-39.8197630174442
35826.0076007601,-39.8190365133821
35833.00330033,-39.8183249272328
35839.9989999,-39.8176283230997
35846.9946994699,-39.8169467639427
35853.9903990399,-39.8162803115831
35860.9860986099,-39.8156290267079
35867.9817981798,-39.8149929688736
35874.9774977498,-39.8143721965108
35881.9731973197,-39.8137667669284
35888.9688968897,-39.8131767363178
35895.9645964596,-39.8126021597569
35902.9602960296,-39.8120430912142
35909.9559955996,-39.8114995835533
35916.9516951695,-39.8109716885365
35923.9473947395,-39.8104594568291
35930.9430943094,-39.8099629380031
35937.9387938794,-39.8094821805417
35944.9344934493,-39.8090172318429
35951.9301930193,-39.8085681382229
35958.9258925893,-39.8081349449215
35965.9215921592,-39.807717696104
35972.9172917292,-39.8073164348667
35979.9129912991,-39.8069312032394
35986.9086908691,-39.8065620421899
35993.904390439,-39.8062089916276
36000.900090009,-39.8058720904072
36007.895789579,-39.8055513763317
36014.8914891489,-39.805246886157
36021.8871887189,-39.8049586555949
36028.8828882888,-39.8046867193167
36035.8785878588,-39.8044311109567
36042.8742874287,-39.8041918631159
36049.8699869987,-39.8039690073649
36056.8656865686,-39.8037625742481
36063.8613861386,-39.8035725932863
36070.8570857086,-39.8033990929806
36077.8527852785,-39.8032421008152
36084.8484848485,-39.8031016432611
36091.8441844184,-39.8029777457789
36098.8398839884,-39.8028704328226
36105.8355835584,-39.8027797278421
36112.8312831283,-39.8027056532866
36119.8269826983,-39.8026482306078
36126.8226822682,-39.8026074802626
36133.8183818382,-39.8025834217167
36140.8140814081,-39.8025760734467
36147.8097809781,-39.8025854529443
36154.8054805481,-39.8026115767173
36161.801180118,-39.8026544602949
36168.796879688,-39.8027141182286
36175.7925792579,-39.8027905640953
36182.7882788279,-39.8028838105012
36189.7839783978,-39.8029938690829
36196.7796779678,-39.8031207505118
36203.7753775378,-39.803264464495
36210.7710771077,-39.8034250197794
36217.7667766777,-39.8036024241534
36224.7624762476,-39.8037966844498
36231.7581758176,-39.804007806548
36238.7538753875,-39.8042357953771
36245.7495749575,-39.8044806549177
36252.7452745275,-39.8047423882045
36259.7409740974,-39.8050209973287
36266.7366736674,-39.8053164834406
36273.7323732373,-39.8056288467512
36280.7280728073,-39.8059580865355
36287.7237723772,-39.8063042011336
36294.7194719472,-39.8066671879537
36301.7151715171,-39.8070470434741
36308.7108710871,-39.8074437632448
36315.7065706571,-39.8078573418905
36322.702270227,-39.8082877731121
36329.697969797,-39.8087350496884
36336.6936693669,-39.8091991634789
36343.6893689369,-39.8096801054251
36350.6850685068,-39.8101778655532
36357.6807680768,-39.8106924329746
36364.6764676468,-39.8112237958894
36371.6721672167,-39.8117719415871
36378.6678667867,-39.8123368564487
36385.6635663566,-39.8129185259488
36392.6592659266,-39.8135169346566
36399.6549654965,-39.8141320662385
36406.6506650665,-39.8147639034591
36413.6463646365,-39.8154124281829
36420.6420642064,-39.8160776213761
36427.6377637764,-39.8167594631083
36434.6334633463,-39.8174579325536
36441.6291629163,-39.8181730079925
36448.6248624862,-39.8189046668132
36455.6205620562,-39.8196528855131
36462.6162616262,-39.8204176397002
36469.6119611961,-39.8211989040943
36476.6076607661,-39.8219966525289
36483.603360336,-39.8228108579521
36490.599059906,-39.8236414924277
36497.5947594759,-39.824488527137
36504.5904590459,-39.8253519323799
36511.5861586159,-39.8262316775758
36518.5818581858,-39.8271277312652
36525.5775577558,-39.8280400611106
36532.5732573257,-39.8289686338977
36539.5689568957,-39.8299134155366
36546.5646564656,-39.8308743710627
36553.5603560356,-39.831851464638
36560.5560556056,-39.8328446595517
36567.5517551755,-39.8338539182221
36574.5474547455,-39.8348792021964
36581.5431543154,-39.8359204721525
36588.5388538854,-39.8369776878996
36595.5345534553,-39.8380508083794
36602.5302530253,-39.8391397916664
36609.5259525953,-39.8402445949694
36616.5216521652,-39.841365174632
36623.5173517352,-39.8425014861334
36630.5130513051,-39.8436534840894
36637.5087508751,-39.8448211222529
36644.504450445,-39.846004353515
36651.500150015,-39.8472031299054
36658.495849585,-39.8484174025931
36665.4915491549,-39.8496471218875
36672.4872487249,-39.8508922372386
36679.4829482948,-39.8521526972379
36686.4786478648,-39.853428449619
36693.4743474347,-39.854719441258
36700.4700470047,-39.8560256181745
36707.4657465747,-39.8573469255319
36714.4614461446,-39.8586833076378
36721.4571457146,-39.8600347079451
36728.4528452845,-39.8614010690518
36735.4485448545,-39.8627823327021
36742.4442444244,-39.8641784397867
36749.4399439944,-39.865589330343
36756.4356435644,-39.8670149435561
36763.4313431343,-39.8684552177588
36770.4270427043,-39.8699100904324
36777.4227422742,-39.8713794982065
36784.4184418442,-39.8728633768601
36791.4141414141,-39.8743616613219
36798.4098409841,-39.8758742856702
36805.4055405541,-39.8774011831337
36812.401240124,-39.8789422860918
36819.396939694,-39.8804975260747
36826.3926392639,-39.8820668337643
36833.3883388339,-39.8836501389938
36840.3840384038,-39.8852473707487
36847.3797379738,-39.8868584571666
36854.3754375438,-39.8884833255378
36861.3711371137,-39.8901219023057
36868.3668366837,-39.8917741130667
36875.3625362536,-39.8934398825709
36882.3582358236,-39.8951191347219
36889.3539353935,-39.8968117925778
36896.3496349635,-39.8985177783508
36903.3453345335,-39.9002370134077
36910.3410341034,-39.9019694182704
36917.3367336734,-39.9037149126157
36924.3324332433,-39.9054734152762
36931.3281328133,-39.9072448442398
36938.3238323832,-39.9090291166506
36945.3195319532,-39.9108261488088
36952.3152315231,-39.9126358561711
36959.3109310931,-39.914458153351
36966.3066306631,-39.916292954119
36973.302330233,-39.9181401714028
36980.298029803,-39.9199997172874
36987.2937293729,-39.9218715030163
36994.2894289429,-39.9237554389905
37001.2851285128,-39.9256514347694
37008.2808280828,-39.9275593990713
37015.2765276528,-39.9294792397734
37022.2722272227,-39.931410863912
37029.2679267927,-39.9333541776831
37036.2636263626,-39.9353090864426
37043.2593259326,-39.9372754947063
37050.2550255026,-39.9392533061509
37057.2507250725,-39.941242423614
37064.2464246425,-39.9432427490939
37071.2421242124,-39.9452541837511
37078.2378237824,-39.9472766279078
37085.2335233523,-39.9493099810483
37092.2292229223,-39.9513541418204
37099.2249224922,-39.9534090080342
37106.2206220622,-39.9554744766642
37113.2163216322,-39.9575504438484
37120.2120212021,-39.9596368048898
37127.2077207721,-39.9617334542559
37134.203420342,-39.96384028558
37141.199119912,-39.9659571916616
37148.1948194819,-39.9680840644664
37155.1905190519,-39.9702207951276
37162.1862186219,-39.9723672739459
37169.1819181918,-39.9745233903904
37176.1776177618,-39.9766890330989
37183.1733173317,-39.9788640898791
37190.1690169017,-39.981048447709
37197.1647164716,-39.9832419927372
37204.1604160416,-39.9854446102842
37211.1561156116,-39.9876561848429
37218.1518151815,-39.9898766000794
37225.1475147515,-39.9921057388338
37232.1432143214,-39.9943434831212
37239.1389138914,-39.9965897141319
37246.1346134613,-39.9988443122334
37253.1303130313,-40.0011071569702
37260.1260126013,-40.0033781270657
37267.1217121712,-40.0056571004223
37274.1174117412,-40.0079439541232
37281.1131113111,-40.0102385644332
37288.1088108811,-40.0125408067993
37295.104510451,-40.0148505558527
37302.100210021,-40.0171676854093
37309.095909591,-40.0194920684709
37316.0916091609,-40.0218235772272
37323.0873087309,-40.0241620830561
37330.0830083008,-40.0265074565255
37337.0787078708,-40.0288595673948
37344.0744074407,-40.0312182846161
37351.0701070107,-40.0335834763353
37358.0658065807,-40.0359550098947
37365.0615061506,-40.0383327518329
37372.0572057206,-40.040716567888
37379.0529052905,-40.0431063229982
37386.0486048605,-40.0455018813038
37393.0443044304,-40.047903106149
37400.0400040004,-40.0503098600834
37407.0357035704,-40.0527220048642
37414.0314031403,-40.0551394014577
37421.0271027103,-40.0575619100415
37428.0228022802,-40.0599893900066
37435.0185018502,-40.0624216999586
37442.0142014201,-40.0648586977211
37449.0099009901,-40.0673002403367
37456.0056005601,-40.0697461840698
37463.00130013,-40.0721963844086
37469.9969997,-40.0746506960675
37476.9926992699,-40.0771089729897
37483.9883988399,-40.0795710683492
37490.9840984098,-40.0820368345534
37497.9797979798,-40.0845061232461
37504.9754975498,-40.0869787853096
37511.9711971197,-40.0894546708674
37518.9668966897,-40.0919336292873
37525.9625962596,-40.0944155091838
37532.9582958296,-40.0969001584216
37539.9539953995,-40.0993874241177
37546.9496949695,-40.1018771526451
37553.9453945395,-40.1043691896354
37560.9410941094,-40.1068633799823
37567.9367936794,-40.1093595678447
37574.9324932493,-40.1118575966502
37581.9281928193,-40.1143573090976
37588.9238923892,-40.1168585471617
37595.9195919592,-40.1193611520957
37602.9152915292,-40.1218649644352
37609.9109910991,-40.124369824002
37616.9066906691,-40.1268755699076
37623.902390239,-40.1293820405569
37630.898089809,-40.1318890736527
37637.8937893789,-40.1343965061989
37644.8894889489,-40.1369041745053
37651.8851885188,-40.1394119141909
37658.8808880888,-40.1419195601888
37665.8765876588,-40.1444269467506
37672.8722872287,-40.1469339074497
37679.8679867987,-40.1494402751873
37686.8636863686,-40.1519458821957
37693.8593859386,-40.1544505600437
37700.8550855085,-40.1569541396407
37707.8507850785,-40.1594564512422
37714.8464846485,-40.1619573244542
37721.8421842184,-40.1644565882385
37728.8378837884,-40.1669540709174
37735.8335833583,-40.1694496001792
37742.8292829283,-40.1719430030835
37749.8249824982,-40.1744341060662
37756.8206820682,-40.1769227349453
37763.8163816382,-40.1794087149263
37770.8120812081,-40.1818918706079
37777.8077807781,-40.1843720259874
37784.803480348,-40.1868490044673
37791.799179918,-40.1893226288602
37798.794879488,-40.1917927213957
37805.7905790579,-40.1942591037261
37812.7862786279,-40.1967215969326
37819.7819781978,-40.1991800215317
37826.7776777678,-40.2016341974817
37833.7733773377,-40.2040839441891
37840.7690769077,-40.2065290805151
37847.7647764777,-40.2089694247829
37854.7604760476,-40.2114047947833
37861.7561756176,-40.2138350077833
37868.7518751875,-40.2162598805316
37875.7475747575,-40.2186792292667
37882.7432743274,-40.2210928697237
37889.7389738974,-40.2235006171416
37896.7346734673,-40.225902286271
37903.7303730373,-40.2282976913817
37910.7260726073,-40.2306866462699
37917.7217721772,-40.2330689642662
37924.7174717472,-40.2354444582439
37931.7131713171,-40.2378129406263
37938.7088708871,-40.2401742233951
37945.704570457,-40.2425281180986
37952.700270027,-40.2448744358601
37959.695969597,-40.2472129873859
37966.6916691669,-40.2495435829743
37973.6873687369,-40.251866032524
37980.6830683068,-40.2541801455429
37987.6787678768,-40.2564857311567
37994.6744674467,-40.2587825981183
38001.6701670167,-40.2610705548166
38008.6658665867,-40.2633494092854
38015.6615661566,-40.2656189692136
38022.6572657266,-40.2678790419533
38029.6529652965,-40.2701294345306
38036.6486648665,-40.2723699536542
38043.6443644364,-40.2746004057257
38050.6400640064,-40.2768205968496
38057.6357635764,-40.2790303328422
38064.6314631463,-40.2812294192432
38071.6271627163,-40.2834176613247
38078.6228622862,-40.2855948641018
38085.6185618562,-40.2877608323432
38092.6142614261,-40.2899153705816
38099.6099609961,-40.2920582831243
38106.6056605661,-40.2941893740636
38113.601360136,-40.2963084472885
38120.597059706,-40.2984153064946
38127.5927592759,-40.3005097551957
38134.5884588459,-40.3025915967352
38141.5841584158,-40.3046606342968
38148.5798579858,-40.3067166709164
38155.5755575558,-40.308759509493
38162.5712571257,-40.310788952801
38169.5669566957,-40.3128048035013
38176.5626562656,-40.3148068641535
38183.5583558356,-40.3167949372278
38190.5540554055,-40.3187688251165
38197.5497549755,-40.3207283301468
38204.5454545454,-40.3226732545927
38211.5411541154,-40.3246034006875
38218.5368536854,-40.3265185706358
38225.5325532553,-40.3284185666266
38232.5282528253,-40.330303190846
38239.5239523952,-40.332172245489
38246.5196519652,-40.3340255327734
38253.5153515351,-40.3358628549522
38260.5110511051,-40.337684014327
38267.5067506751,-40.3394888132605
38274.502450245,-40.3412770541906
38281.498149815,-40.3430485396429
38288.4938493849,-40.3448030722447
38295.4895489549,-40.3465404547382
38302.4852485248,-40.3482604899943
38309.4809480948,-40.3499629810264
38316.4766476648,-40.3516477310037
38323.4723472347,-40.3533145432654
38330.4680468047,-40.3549632213351
38337.4637463746,-40.3565935689337
38344.4594459446,-40.3582053899951
38351.4551455145,-40.359798488679
38358.4508450845,-40.3613726693858
38365.4465446545,-40.3629277367713
38372.4422442244,-40.3644634957607
38379.4379437944,-40.3659797515632
38386.4336433643,-40.3674763096868
38393.4293429343,-40.3689529759529
38400.4250425043,-40.3704095565111
38407.4207420742,-40.3718458578539
38414.4164416442,-40.3732616868318
38421.4121412141,-40.3746568506685
38428.4078407841,-40.3760311569752
38435.403540354,-40.3773844137665
38442.399239924,-40.3787164294751
38449.394939494,-40.3800270129672
38456.3906390639,-40.381315973558
38463.3863386339,-40.3825831210267
38470.3820382038,-40.3838282656321
38477.3777377738,-40.3850512181278
38484.3734373437,-40.3862517897785
38491.3691369137,-40.3874297923746
38498.3648364836,-40.3885850382482
38505.3605360536,-40.3897173402891
38512.3562356236,-40.39082651196
38519.3519351935,-40.3919123673125
38526.3476347635,-40.392974721003
38533.3433343334,-40.3940133883082
38540.3390339034,-40.395028185141
38547.3347334733,-40.396018928067
38554.3304330433,-40.3969854343196
38561.3261326133,-40.3979275218162
38568.3218321832,-40.3988450091745
38575.3175317532,-40.3997377157283
38582.3132313231,-40.4006054615434
38589.3089308931,-40.4014480674338
38596.304630463,-40.4022653549775
38603.300330033,-40.4030571465331
38610.296029603,-40.4038232652554
38617.2917291729,-40.4045635351114
38624.2874287429,-40.405277780897
38631.2831283128,-40.4059658282525
38638.2788278828,-40.406627503679
38645.2745274527,-40.4072626345544
38652.2702270227,-40.4078710491496
38659.2659265927,-40.4084525766441
38666.2616261626,-40.409007047143
38673.2573257326,-40.4095342916922
38680.2530253025,-40.4100341422947
38687.2487248725,-40.4105064319272
38694.2444244424,-40.4109509945548
38701.2401240124,-40.4113676651484
38708.2358235824,-40.4117562796997
38715.2315231523,-40.4121166752378
38722.2272227223,-40.4124486898443
38729.2229222922,-40.4127521626698
38736.2186218622,-40.4130269339494
38743.2143214321,-40.4132728450188
38750.2100210021,-40.4134897383296
38757.205720572,-40.4136774574652
38764.201420142,-40.4138358471565
38771.197119712,-40.4139647532973
38778.1928192819,-40.41406402296
38785.1885188519,-40.4141335044108
38792.1842184218,-40.4141730471256
38799.1799179918,-40.4141825018046
38806.1756175618,-40.4141617203881
38813.1713171317,-40.4141105560719
38820.1670167017,-40.4140288633215
38827.1627162716,-40.4139164978882
38834.1584158416,-40.4137733168232
38841.1541154115,-40.4135991784931
38848.1498149815,-40.4133939425946
38855.1455145515,-40.4131574701686
38862.1412141214,-40.4128896236155
38869.1369136914,-40.4125902667095
38876.1326132613,-40.4122592646129
38883.1283128313,-40.4118964838906
38890.1240124012,-40.411501792524
38897.1197119712,-40.4110750599254
38904.1154115411,-40.4106161569522
38911.1111111111,-40.4101249559198
38918.1068106811,-40.4096013306165
38925.102510251,-40.4090451563167
38932.098209821,-40.408456309794
38939.0939093909,-40.4078346693354
38946.0896089609,-40.4071801147538
38953.0853085308,-40.4064925274017
38960.0810081008,-40.4057717901837
38967.0767076708,-40.4050177875699
38974.0724072407,-40.4042304056083
38981.0681068107,-40.4034095319371
38988.0638063806,-40.4025550557979
38995.0595059506,-40.4016668680472
39002.0552055205,-40.400744861169
39009.0509050905,-40.3997889292869
39016.0466046605,-40.3987989681751
39023.0423042304,-40.3977748752713
39030.0380038004,-40.3967165496869
39037.0337033703,-40.3956238922196
39044.0294029403,-40.3944968053635
39051.0251025102,-40.3933351933207
39058.0208020802,-40.3921389620121
39065.0165016502,-40.3909080190878
39072.0122012201,-40.3896422739378
39079.0079007901,-40.3883416377021
39086.00360036,-40.3870060232812
39092.99929993,-40.3856353453455
39099.9949994999,-40.3842295203454
39106.9906990699,-40.3827884665208
39113.9863986399,-40.3813121039105
39120.9820982098,-40.3798003543613
39127.9777977798,-40.378253141537
39134.9734973497,-40.376670390927
39141.9691969197,-40.3750520298553
39148.9648964896,-40.3733979874886
39155.9605960596,-40.3717081948445
39162.9562956296,-40.3699825847994
39169.9519951995,-40.3682210920965
39176.9476947695,-40.3664236533532
39183.9433943394,-40.3645902070683
39190.9390939094,-40.3627206936296
39197.9347934793,-40.3608150553202
39204.9304930493,-40.3588732363257
39211.9261926193,-40.3568951827403
39218.9218921892,-40.3548808425736
39225.9175917592,-40.3528301657559
39232.9132913291,-40.3507431041449
39239.9089908991,-40.3486196115303
39246.904690469,-40.3464596436403
39253.900390039,-40.3442631581455
39260.896089609,-40.3420301146651
39267.8917891789,-40.3397604747705
39274.8874887489,-40.3374542019906
39281.8831883188,-40.3351112618153
39288.8788878888,-40.3327316217002
39295.8745874587,-40.3303152510697
39302.8702870287,-40.3278621213214
39309.8659865987,-40.3253722058285
39316.8616861686,-40.3228454799433
39323.8573857386,-40.3202819209998
39330.8530853085,-40.317681508317
39337.8487848785,-40.3150442232003
39344.8444844484,-40.3123700489441
39351.8401840184,-40.3096589708341
39358.8358835884,-40.3069109761478
39365.8315831583,-40.3041260541571
39372.8272827283,-40.3013041961289
39379.8229822982,-40.298445395326
39386.8186818682,-40.295549647008
39393.8143814381,-40.2926169484317
39400.8100810081,-40.289647298851
39407.8057805781,-40.2866406995177
39414.801480148,-40.28359715368
39421.797179718,-40.2805166665834
39428.7928792879,-40.2773992454687
39435.7885788579,-40.2742448995718
39442.7842784278,-40.2710536401225
39449.7799779978,-40.2678254803422
39456.7756775678,-40.2645604354436
39463.7713771377,-40.2612585226273
39470.7670767077,-40.2579197610809
39477.7627762776,-40.2545441719756
39484.7584758476,-40.2511317784643
39491.7541754175,-40.2476826056784
39498.7498749875,-40.2441966807246
39505.7455745575,-40.2406740326821
39512.7412741274,-40.2371146925983
39519.7369736974,-40.2335186934854
39526.7326732673,-40.2298860703168
39533.7283728373,-40.2262168600219
39540.7240724072,-40.2225111014824
39547.7197719772,-40.2187688355276
39554.7154715471,-40.2149901049287
39561.7111711171,-40.2111749543947
39568.7068706871,-40.2073234305661
39575.702570257,-40.2034355820103
39582.698269827,-40.1995114592149
39589.6939693969,-40.1955511145819
39596.6896689669,-40.1915546024221
39603.6853685369,-40.1875219789477
39610.6810681068,-40.1834533022663
39617.6767676768,-40.1793486323739
39624.6724672467,-40.1752080311478
39631.6681668167,-40.171031562339
39638.6638663866,-40.1668192915654
39645.6595659566,-40.1625712863035
39652.6552655266,-40.1582876158808
39659.6509650965,-40.1539683514676
39666.6466646665,-40.1496135660689
39673.6423642364,-40.1452233345156
39680.6380638064,-40.1407977334563
39687.6337633763,-40.1363368413481
39694.6294629463,-40.1318407384475
39701.6251625162,-40.1273095068014
39708.6208620862,-40.1227432302378
39715.6165616562,-40.1181419943556
39722.6122612261,-40.1135058865158
39729.6079607961,-40.1088349958307
39736.603660366,-40.1041294131541
39743.599359936,-40.0993892310711
39750.5950595059,-40.0946145438877
39757.5907590759,-40.0898054476197
39764.5864586459,-40.0849620399828
39771.5821582158,-40.0800844203806
39778.5778577858,-40.0751726898945
39785.5735573557,-40.0702269512717
39792.5692569257,-40.0652473089143
39799.5649564956,-40.0602338688677
39806.5606560656,-40.0551867388083
39813.5563556356,-40.0501060280325
39820.5520552055,-40.0449918474444
39827.5477547755,-40.0398443095435
39834.5434543454,-40.0346635284125
39841.5391539154,-40.0294496197051
39848.5348534853,-40.0242027006337
39855.5305530553,-40.018922889956
39862.5262526253,-40.013610307963
39869.5219521952,-40.0082650764661
39876.5176517652,-40.0028873187831
39883.5133513351,-39.9974771597268
39890.5090509051,-39.9920347255899
39897.504750475,-39.9865601441334
39904.500450045,-39.9810535445719
39911.496149615,-39.9755150575609
39918.4918491849,-39.9699448151824
39925.4875487549,-39.9643429509321
39932.4832483248,-39.9587095997047
39939.4789478948,-39.9530448977806
39946.4746474647,-39.9473489828115
39953.4703470347,-39.9416219938069
39960.4660466047,-39.9358640711192
39967.4617461746,-39.9300753564299
39974.4574457446,-39.9242559927354
39981.4531453145,-39.9184061243322
39988.4488448845,-39.9125258968032
39995.4445444544,-39.9066154570021
40002.4402440244,-39.9006749530399
40009.4359435944,-39.8947045342696
40016.4316431643,-39.8887043512718
40023.4273427343,-39.8826745558398
40030.4230423042,-39.8766153009652
40037.4187418742,-39.8705267408224
40044.4144414441,-39.8644090307544
40051.4101410141,-39.8582623272574
40058.405840584,-39.8520867879664
40065.401540154,-39.8458825716393
40072.397239724,-39.8396498381428
40079.3929392939,-39.8333887484372
40086.3886388639,-39.8270994645608
40093.3843384338,-39.8207821496152
40100.3800380038,-39.8144369677502
40107.3757375738,-39.8080640841485
40114.3714371437,-39.8016636650109
40121.3671367137,-39.7952358775407
40128.3628362836,-39.7887808899287
40135.3585358536,-39.7822988713384
40142.3542354235,-39.7757899918902
40149.3499349935,-39.7692544226466
40156.3456345635,-39.7626923355972
40163.3413341334,-39.7561039036431
40170.3370337034,-39.7494893005822
40177.3327332733,-39.7428487010936
40184.3284328433,-39.7361822807228
40191.3241324132,-39.7294902158667
40198.3198319832,-39.722772683758
40205.3155315532,-39.7160298624509
40212.3112311231,-39.7092619308053
40219.3069306931,-39.702469068472
40226.302630263,-39.6956514558782
40233.298329833,-39.6888092742119
40240.2940294029,-39.6819427054074
40247.2897289729,-39.6750519321301
40254.2854285429,-39.6681371377619
40261.2811281128,-39.6611985063866
40268.2768276828,-39.6542362227745
40275.2725272527,-39.6472504723683
40282.2682268227,-39.640241441268
40289.2639263926,-39.6332093162167
40296.2596259626,-39.6261542845858
40303.2553255326,-39.6190765343603
40310.2510251025,-39.611976254125
40317.2467246725,-39.6048536330494
40324.2424242424,-39.5977088608738
40331.2381238124,-39.5905421278948
40338.2338233823,-39.5833536249514
40345.2295229523,-39.5761435434108
40352.2252225222,-39.5689120751538
40359.2209220922,-39.5616594125617
40366.2166216622,-39.5543857485016
40373.2123212321,-39.5470912763133
40380.2080208021,-39.5397761897949
40387.203720372,-39.5324406831892
40394.199419942,-39.5250849511707
40401.1951195119,-39.5177091888313
40408.1908190819,-39.5103135916673
40415.1865186519,-39.5028983555661
40422.1822182218,-39.4954636767926
40429.1779177918,-39.4880097519764
40436.1736173617,-39.4805367780983
40443.1693169317,-39.4730449524779
40450.1650165017,-39.46553447276
40457.1607160716,-39.4580055369023
40464.1564156416,-39.4504583431629
40471.1521152115,-39.4428930900865
40478.1478147815,-39.4353099764936
40485.1435143514,-39.4277092014667
40492.1392139214,-39.4200909643386
40499.1349134913,-39.4124554646801
40506.1306130613,-39.404802902288
40513.1263126313,-39.3971334771728
40520.1220122012,-39.3894473895474
40527.1177117712,-39.3817448398142
40534.1134113411,-39.3740260285548
40541.1091109111,-39.3662911565175
40548.104810481,-39.3585404246061
40555.100510051,-39.3507740338688
40562.096209621,-39.3429921854864
40569.0919091909,-39.3351950807616
40576.0876087609,-39.3273829211082
40583.0833083308,-39.3195559080395
40590.0790079008,-39.3117142431582
40597.0747074707,-39.3038581281455
40604.0704070407,-39.2959877647504
40611.0661066107,-39.2881033547794
40618.0618061806,-39.2802051000864
40625.0575057506,-39.2722932025621
40632.0532053205,-39.2643678641242
40639.0489048905,-39.2564292867077
40646.0446044604,-39.2484776722543
40653.0403040304,-39.2405132227035
40660.0360036004,-39.2325361399827
40667.0317031703,-39.2245466259975
40674.0274027403,-39.2165448826229
40681.0231023102,-39.2085311116935
40688.0188018802,-39.2005055149951
40695.0145014501,-39.1924682942549
40702.0102010201,-39.1844196511332
40709.0059005901,-39.1763597872148
40716.00160016,-39.1682889040001
40722.99729973,-39.1602072028967
40729.9929992999,-39.1521148852109
40736.9886988699,-39.14401215214
40743.9843984398,-39.1358992047637
40750.9800980098,-39.1277762440364
40757.9757975798,-39.1196434707793
40764.9714971497,-39.1115010856727
40771.9671967197,-39.1033492892483
40778.9628962896,-39.0951882818821
40785.9585958596,-39.0870182637868
40792.9542954295,-39.0788394350042
40799.9499949995,-39.0706519953992
40806.9456945694,-39.0624561446518
40813.9413941394,-39.0542520822509
40820.9370937094,-39.0460400074873
40827.9327932793,-39.0378201194475
40834.9284928493,-39.0295926170066
40841.9241924192,-39.0213576988229
40848.9198919892,-39.0131155633309
40855.9155915592,-39.0048664087356
40862.9112911291,-38.9966104330066
40869.9069906991,-38.9883478338723
40876.902690269,-38.9800788088141
40883.898389839,-38.9718035550609
40890.8940894089,-38.9635222695839
40897.8897889789,-38.9552351490907
40904.8854885489,-38.9469423900208
40911.8811881188,-38.9386441885403
40918.8768876888,-38.9303407405367
40925.8725872587,-38.9220322416146
40932.8682868287,-38.9137188870907
40939.8639863986,-38.9054008719893
40946.8596859686,-38.8970783910379
40953.8553855386,-38.8887516386628
40960.8510851085,-38.8804208089852
40967.8467846785,-38.872086095817
40974.8424842484,-38.8637476926564
40981.8381838184,-38.8554057926851
40988.8338833883,-38.8470605887635
40995.8295829583,-38.838712273428
41002.8252825282,-38.8303610388871
41009.8209820982,-38.822007077018
41016.8166816682,-38.8136505793639
41023.8123812381,-38.8052917371303
41030.8080808081,-38.7969307411824
41037.803780378,-38.7885677820422
41044.799479948,-38.7802030498857
41051.7951795179,-38.7718367345403
41058.7908790879,-38.7634690254823
41065.7865786579,-38.7551001118346
41072.7822782278,-38.7467301823644
41079.7779777978,-38.7383594254808
41086.7736773677,-38.7299880292335
41093.7693769377,-38.7216161813098
41100.7650765077,-38.7132440690338
41107.7607760776,-38.7048718793641
41114.7564756476,-38.6964997988928
41121.7521752175,-38.6881280138431
41128.7478747875,-38.679756710069
41135.7435743574,-38.6713860730535
41142.7392739274,-38.6630162879075
41149.7349734973,-38.6546475393689
41156.7306730673,-38.6462800118017
41163.7263726373,-38.6379138891952
41170.7220722072,-38.6295493551635
41177.7177717772,-38.6211865929445
41184.7134713471,-38.6128257853998
41191.7091709171,-38.6044671150143
41198.704870487,-38.5961107638959
41205.700570057,-38.5877569137754
41212.696269627,-38.5794057460064
41219.6919691969,-38.5710574415655
41226.6876687669,-38.5627121810524
41233.6833683368,-38.5543701446904
41240.6790679068,-38.5460315123265
41247.6747674768,-38.5376964634319
41254.6704670467,-38.5293651771031
41261.6661666167,-38.5210378320621
41268.6618661866,-38.5127146066573
41275.6575657566,-38.5043956788647
41282.6532653265,-38.4960812262887
41289.6489648965,-38.4877714261631
41296.6446644664,-38.4794664553527
41303.6403640364,-38.4711664903547
41310.6360636064,-38.4628717072992
41317.6317631763,-38.4545822819521
41324.6274627463,-38.4462983897155
41331.6231623162,-38.4380202056304
41338.6188618862,-38.429747904378
41345.6145614561,-38.4214816602817
41352.6102610261,-38.4132216473092
41359.6059605961,-38.4049680390747
41366.601660166,-38.3967210088413
41373.597359736,-38.3884807295225
41380.5930593059,-38.3802473736859
41387.5887588759,-38.3720211135545
41394.5844584458,-38.3638021210103
41401.5801580158,-38.3555905675965
41408.5758575857,-38.3473866245203
41415.5715571557,-38.3391904626561
41422.5672567257,-38.3310022525482
41429.5629562956,-38.3228221644142
41436.5586558656,-38.314650368148
41443.5543554355,-38.3064870333232
41450.5500550055,-38.2983323291965
41457.5457545755,-38.2901864247111
41464.5414541454,-38.2820494885003
41471.5371537154,-38.2739216888914
41478.5328532853,-38.265803193909
41485.5285528553,-38.2576941712793
41492.5242524252,-38.2495947884342
41499.5199519952,-38.2415052125146
41506.5156515652,-38.2334256103754
41513.5113511351,-38.2253561485893
41520.5070507051,-38.2172969934512
41527.502750275,-38.2092483109826
41534.498449845,-38.2012102669364
41541.4941494149,-38.1931830268012
41548.4898489849,-38.1851667558061
41555.4855485549,-38.1771616189255
41562.4812481248,-38.1691677808844
41569.4769476948,-38.1611854061625
41576.4726472647,-38.1532146590005
41583.4683468347,-38.1452557034041
41590.4640464046,-38.1373087031502
41597.4597459746,-38.1293738217917
41604.4554455445,-38.1214512226632
41611.4511451145,-38.1135410688868
41618.4468446845,-38.1056435233771
41625.4425442544,-38.0977587488478
41632.4382438244,-38.0898869078168
41639.4339433943,-38.0820281626128
41646.4296429643,-38.0741826753808
41653.4253425342,-38.0663506080884
41660.4210421042,-38.0585321225325
41667.4167416742,-38.0507273803448
41674.4124412441,-38.0429365429991
41681.4081408141,-38.035159771817
41688.403840384,-38.0273972279753
41695.399539954,-38.0196490725123
41702.3952395239,-38.0119154663347
41709.3909390939,-38.0041965702244
41716.3866386639,-37.9964925448458
41723.3823382338,-37.9888035507528
41730.3780378038,-37.981129748396
41737.3737373737,-37.97347129813
41744.3694369437,-37.9658283602211
41751.3651365136,-37.9582010948542
41758.3608360836,-37.9505896621414
41765.3565356536,-37.9429942221289
41772.3522352235,-37.935414934805
41779.3479347935,-37.9278519601086
41786.3436343634,-37.9203054579365
41793.3393339334,-37.9127755881523
41800.3350335034,-37.905262510594
41807.3307330733,-37.8977663850829
41814.3264326433,-37.8902873714317
41821.3221322132,-37.8828256294535
41828.3178317832,-37.8753813189702
41835.3135313531,-37.8679545998214
41842.3092309231,-37.8605456318735
41849.3049304931,-37.8531545750284
41856.300630063,-37.8457815892333
41863.296329633,-37.8384268344891
41870.2920292029,-37.8310904708607
41877.2877287729,-37.8237726584858
41884.2834283428,-37.8164735575852
41891.2791279128,-37.809193328472
41898.2748274827,-37.8019321315617
41905.2705270527,-37.7946901273823
41912.2662266227,-37.7874674765843
41919.2619261926,-37.7802643399513
41926.2576257626,-37.7730808784096
41933.2533253325,-37.7659172530396
41940.2490249025,-37.7587736250861
41947.2447244724,-37.7516501559688
41954.2404240424,-37.7445470072937
41961.2361236124,-37.737464340864
41968.2318231823,-37.730402318691
41975.2275227523,-37.7233611030058
41982.2232223222,-37.7163408562707
41989.2189218922,-37.7093417411904
41996.2146214621,-37.7023639207244
42003.2103210321,-37.6954075580986
42010.2060206021,-37.6884728168173
42017.201720172,-37.6815598606753
42024.197419742,-37.6746688537705
42031.1931193119,-37.6677999605164
42038.1888188819,-37.6609533456546
42045.1845184518,-37.6541291742676
42052.1802180218,-37.647327611792
42059.1759175918,-37.6405488240315
42066.1716171617,-37.6337929771702
42073.1673167317,-37.6270602377861
42080.1630163016,-37.6203507728649
42087.1587158716,-37.6136647498135
42094.1544154415,-37.6070023364743
42101.1501150115,-37.6003637011391
42108.1458145815,-37.5937490125639
42115.1415141514,-37.5871584399829
42122.1372137214,-37.5805921531237
42129.1329132913,-37.5740503222218
42136.1286128613,-37.5675331180359
42143.1243124312,-37.5610407118635
42150.1200120012,-37.5545732755559
42157.1157115712,-37.5481309815341
42164.1114111411,-37.5417140028047
42171.1071107111,-37.5353225129762
42178.102810281,-37.5289566862751
42185.098509851,-37.5226166975624
42192.0942094209,-37.5163027223506
42199.0899089909,-37.5100149368207
42206.0856085608,-37.503753517839
42213.0813081308,-37.497518642975
42220.0770077008,-37.4913104905188
42227.0727072707,-37.4851292394989
42234.0684068407,-37.4789750697011
42241.0641064106,-37.4728481616856
42248.0598059806,-37.4667486968071
42255.0555055506,-37.4606768572325
42262.0512051205,-37.4546328259609
42269.0469046905,-37.4486167868423
42276.0426042604,-37.442628924598
42283.0383038304,-37.4366694248402
42290.0340034003,-37.4307384740921
42297.0297029703,-37.4248362598086
42304.0254025403,-37.4189629703975
42311.0211021102,-37.4131187952397
42318.0168016802,-37.4073039247115
42325.0125012501,-37.4015185502058
42332.0082008201,-37.3957628641541
42339.00390039,-37.3900370600493
42345.99959996,-37.3843413324679
42352.9952995299,-37.3786758770929
42359.9909990999,-37.3730408907374
42366.9866986699,-37.3674365713685
42373.9823982398,-37.3618631181306
42380.9780978098,-37.35632073137
42387.9737973797,-37.3508096126599
42394.9694969497,-37.3453299648256
42401.9651965196,-37.3398819919689
42408.9608960896,-37.334465899495
42415.9565956596,-37.3290818941385
42422.9522952295,-37.3237301839892
42429.9479947995,-37.3184109785205
42436.9436943694,-37.3131244886155
42443.9393939394,-37.3078709265953
42450.9350935094,-37.3026505062476
42457.9307930793,-37.2974634428548
42464.9264926493,-37.2923099532234
42471.9221922192,-37.2871902557136
42478.9178917892,-37.2821045702693
42485.9135913591,-37.2770531184484
42492.9092909291,-37.2720361234541
42499.904990499,-37.2670538101661
42506.900690069,-37.2621064051724
42513.896389639,-37.2571941368024
42520.8920892089,-37.2523172351591
42527.8877887789,-37.2474759321531
42534.8834883488,-37.2426704615366
42541.8791879188,-37.2379010589376
42548.8748874887,-37.2331679618955
42555.8705870587,-37.2284714098964
42562.8662866287,-37.2238116444097
42569.8619861986,-37.2191889089251
42576.8576857686,-37.2146034489894
42583.8533853385,-37.2100555122453
42590.8490849085,-37.20554534847
42597.8447844784,-37.2010732096143
42604.8404840484,-37.1966393498428
42611.8361836184,-37.1922440255746
42618.8318831883,-37.1878874955247
42625.8275827583,-37.1835700207461
42632.8232823282,-37.1792918646725
42639.8189818982,-37.1750532931617
42646.8146814681,-37.1708545745405
42653.8103810381,-37.1666959796486
42660.8060806081,-37.1625777818855
42667.801780178,-37.1585002572565
42674.797479748,-37.1544636844201
42681.7931793179,-37.1504683447365
42688.7888788879,-37.1465145223162
42695.7845784578,-37.1426025040705
42702.7802780278,-37.1387325797617
42709.7759775978,-37.1349050420552
42716.7716771677,-37.1311201865719
42723.7673767377,-37.1273783119417
42730.7630763076,-37.1236797198583
42737.7587758776,-37.1200247151342
42744.7544754475,-37.1164136057575
42751.7501750175,-37.1128467029493
42758.7458745875,-37.1093243212222
42765.7415741574,-37.10584677844
42772.7372737274,-37.1024143958779
42779.7329732973,-37.099027498285
42786.7286728673,-37.0956864139468
42793.7243724372,-37.0923914747493
42800.7200720072,-37.0891430162443
42807.7157715772,-37.0859413777158
42814.7114711471,-37.0827869022479
42821.7071707171,-37.0796799367939
42828.702870287,-37.0766208322458
42835.698569857,-37.0736099435069
42842.6942694269,-37.0706476295643
42849.6899689969,-37.067734253563
42856.6856685669,-37.0648701828823
42863.6813681368,-37.0620557892121
42870.6770677068,-37.0592914486326
42877.6727672767,-37.0565775416937
42884.6684668467,-37.0539144534972
42891.6641664166,-37.0513025737798
42898.6598659866,-37.0487422969984
42905.6555655566,-37.0462340224164
42912.6512651265,-37.0437781541923
42919.6469646965,-37.0413751014695
42926.6426642664,-37.039025278468
42933.6383638364,-37.0367291045786
42940.6340634063,-37.0344870044579
42947.6297629763,-37.0322994081255
42954.6254625463,-37.0301667510641
42961.6211621162,-37.0280894743202
42968.6168616862,-37.0260680246077
42975.6125612561,-37.0241028544132
42982.6082608261,-37.0221944221039
42989.603960396,-37.0203431920371
42996.599659966,-37.0185496346723
43003.5953595359,-37.0168142266859
43010.5910591059,-37.0151374510869
43017.5867586759,-37.0135197973371
43024.5824582458,-37.011961761472
43031.5781578158,-37.0104638462248
43038.5738573857,-37.0090265611535
43045.5695569557,-37.0076504227696
43052.5652565256,-37.0063359546706
43059.5609560956,-37.0050836876744
43066.5566556656,-37.0038941599572
43073.5523552355,-37.0027679171937
43080.5480548055,-37.0017055127007
43087.5437543754,-37.000707507584
43094.5394539454,-36.9997744708878
43101.5351535154,-36.9989069797473
43108.5308530853,-36.9981056195456
43115.5265526553,-36.9973709840725
43122.5222522252,-36.9967036756882
43129.5179517952,-36.9961043054894
43136.5136513651,-36.9955734934795
43143.5093509351,-36.9951118687427
43150.505050505,-36.994720069622
43157.500750075,-36.9943987438998
43164.496449645,-36.994148548985
43171.4921492149,-36.9939701521011
43178.4878487849,-36.9938642304819
43185.4835483548,-36.9938314715685
43192.4792479248,-36.9938725732124
43199.4749474947,-36.9939882438831
43206.4706470647,-36.9941792028797
43213.4663466347,-36.9944461805476
43220.4620462046,-36.9947899185002
43227.4577457746,-36.9952111698459
43234.4534453445,-36.9957106994194
43241.4491449145,-36.9962892840191
43248.4448444844,-36.9969477126498
43255.4405440544,-36.9976867867706
43262.4362436244,-36.9985073205488
43269.4319431943,-36.99941014112
43276.4276427643,-37.0003960888536
43283.4233423342,-37.0014660176246
43290.4190419042,-37.0026207950925
43297.4147414741,-37.0038613029858
43304.4104410441,-37.0051884373933
43311.4061406141,-37.0066031090635
43318.401840184,-37.0081062437088
43325.397539754,-37.0096987823194
43332.3932393239,-37.011381681483
43339.3889388939,-37.0131559137126
43346.3846384638,-37.0150224677823
43353.3803380338,-37.0169823490713
43360.3760376038,-37.0190365799152
43367.3717371737,-37.0211861999679
43374.3674367437,-37.0234322665692
43381.3631363136,-37.0257758551248
43388.3588358836,-37.0282180594921
43395.3545354535,-37.0307599923796
43402.3502350235,-37.0334027857505
43409.3459345935,-37.0361475912419
43416.3416341634,-37.0389955805908
43423.3373337334,-37.0419479460718
43430.3330333033,-37.0450059009457
43437.3287328733,-37.0481706799191
43444.3244324432,-37.0514435396151
43451.3201320132,-37.0548257590571
43458.3158315832,-37.0583186401625
43465.3115311531,-37.0619235082516
43472.3072307231,-37.0656417125665
43479.302930293,-37.0694746268057
43486.298629863,-37.0734236496704
43493.2943294329,-37.0774902054257
43500.2900290029,-37.0816757444759
43507.2857285728,-37.0859817439541
43514.2814281428,-37.0904097083279
43521.2771277128,-37.0949611700196
43528.2728272827,-37.099637690043
43535.2685268527,-37.1044408586566
43542.2642264226,-37.109372296034
43549.2599259926,-37.1144336529508
43556.2556255626,-37.1196266114906
43563.2513251325,-37.1249528857687
43570.2470247025,-37.1304142226747
43577.2427242724,-37.1360124026354
43584.2384238424,-37.1417492403966
43591.2341234123,-37.1476265858265
43598.2298229823,-37.1536463247398
43605.2255225523,-37.1598103797442
43612.2212221222,-37.1661207111083
43619.2169216922,-37.172579317654
43626.2126212621,-37.1791882376714
43633.2083208321,-37.1859495498595
43640.204020402,-37.1928653742902
43647.199719972,-37.1999378734005
43654.195419542,-37.2071692530091
43661.1911191119,-37.2145617633623
43668.1868186819,-37.2221177002066
43675.1825182518,-37.2298394058915
43682.1782178218,-37.2377292705007
43689.1739173917,-37.2457897330157
43696.1696169617,-37.2540232825097
43703.1653165317,-37.2624324593742
43710.1610161016,-37.2710198565794
43717.1567156716,-37.2797881209684
43724.1524152415,-37.2887399545871
43731.1481148115,-37.2978781160503
43738.1438143814,-37.3072054219445
43745.1395139514,-37.3167247482702
43752.1352135214,-37.3264390319232
43759.1309130913,-37.3363512722155
43766.1266126613,-37.3464645324388
43773.1223122312,-37.3567819414714
43780.1180118012,-37.3673066954271
43787.1137113711,-37.3780420593515
43794.1094109411,-37.3889913689625
43801.105110511,-37.4001580324407
43808.100810081,-37.4115455322664
43815.096509651,-37.4231574271087
43822.0922092209,-37.4349973537647
43829.0879087909,-37.4470690291522
43836.0836083608,-37.4593762523567
43843.0793079308,-37.4719229067328
43850.0750075007,-37.4847129620641
43857.0707070707,-37.4977504767798
43864.0664066407,-37.5110396002322
43871.0621062106,-37.524584575034
43878.0578057806,-37.5383897394593
43885.0535053505,-37.5524595299076
43892.0492049205,-37.5667984834332
43899.0449044905,-37.5814112403408
43906.0406040604,-37.5963025468506
43913.0363036304,-37.6114772578302
43920.0320032003,-37.6269403395995
43927.0277027703,-37.6426968728059
43934.0234023402,-37.6587520553728
43941.0191019102,-37.6751112055228
43948.0148014801,-37.691779764876
43955.0105010501,-37.708763301624
43962.0062006201,-37.7260675137818
43969.00190019,-37.7436982325172
43975.99759976,-37.7616614255588
43982.9932993299,-37.7799632006837
43989.9889988999,-37.7986098092831
43996.9846984698,-37.8176076500092
44003.9803980398,-37.8369632725004
44010.9760976098,-37.8566833811858
44017.9717971797,-37.876774839168
44024.9674967497,-37.8972446721839
44031.9631963196,-37.9181000726409
44038.9588958896,-37.9393484037272
44045.9545954595,-37.9609972035963
44052.9502950295,-37.9830541896176
44059.9459945995,-38.0055272626965
44066.9416941694,-38.0284245116543
44073.9373937394,-38.0517542176669
44080.9330933093,-38.0755248587555
44087.9287928793,-38.0997451143226
44094.9244924492,-38.1244238697276
44101.9201920192,-38.1495702208906
44108.9158915892,-38.1751934789189
44115.9115911591,-38.2013031747414
44122.9072907291,-38.2279090637405
44129.902990299,-38.2550211303668
44136.898689869,-38.2826495927205
44143.8943894389,-38.3108049070818
44150.8900890089,-38.33949777237
44157.8857885789,-38.3687391345056
44164.8814881488,-38.3985401906565
44171.8771877188,-38.4289123933316
44178.8728872887,-38.4598674542946
44185.8685868587,-38.4914173482611
44192.8642864286,-38.5235743163363
44199.8599859986,-38.5563508691521
44206.8556855686,-38.5897597896521
44213.8513851385,-38.6238141354651
44220.8470847085,-38.6585272408117
44227.8427842784,-38.6939127178692
44234.8384838484,-38.72998445752
44241.8341834183,-38.7667566293977
44248.8298829883,-38.8042436811368
44255.8255825583,-38.8424603367179
44262.8212821282,-38.8814215937937
44269.8169816982,-38.9211427198631
44276.8126812681,-38.9616392471527
44283.8083808381,-39.0029269660406
44290.804080408,-39.0450219168486
44297.799779978,-39.0879403798042
44304.795479548,-39.131698862953
44311.7911791179,-39.1763140877833
44318.7868786879,-39.2218029722903
44325.7825782578,-39.2681826111852
44332.7782778278,-39.3154702529212
44339.7739773977,-39.3636832731728
44346.7696769677,-39.4128391443637
44353.7653765377,-39.4629554008016
44360.7610761076,-39.5140495989269
44367.7567756776,-39.5661392721319
44374.7524752475,-39.6192418795476
44381.7481748175,-39.6733747481466
44388.7438743874,-39.7285550074137
44395.7395739574,-39.7847995157991
44402.7352735273,-39.8421247780544
44409.7309730973,-39.9005468524815
44416.7266726673,-39.9600812470219
44423.7223722372,-40.0207428030131
44430.7180718072,-40.0825455653206
44437.7137713771,-40.1455026374381
44444.7094709471,-40.2096260200123
44451.705170517,-40.2749264311229
44458.700870087,-40.3414131064834
44465.696569657,-40.4090935775974
44472.6922692269,-40.4779734257242
44479.6879687969,-40.5480560093692
44486.6836683668,-40.6193421628251
44493.6793679368,-40.6918298631537
44500.6750675068,-40.7655138628276
44507.6707670767,-40.8403852851191
44514.6664666467,-40.9164311792068
44521.6621662166,-40.9936340318808
44528.6578657866,-41.071971232688
44535.6535653565,-41.1514144893802
44542.6492649265,-41.2319291906315
44549.6449644965,-41.3134737131834
44556.6406640664,-41.3959986709234
44563.6363636364,-41.4794461039044
44570.6320632063,-41.5637486060034
44577.6277627763,-41.6488283908938
44584.6234623462,-41.7345962972424
44591.6191619162,-41.820950735678
44598.6148614861,-41.9077765820882
44605.6105610561,-41.9949440243443
44612.6062606261,-42.0823073726055
44619.601960196,-42.169703847052
44626.597659766,-42.2569523612185
44633.5933593359,-42.3438523241556
44640.5890589059,-42.4301824903742
44647.5847584758,-42.515699892916
44654.5804580458,-42.6001389018578
44661.5761576158,-42.6832104578735
44668.5718571857,-42.764601537939
44675.5675567557,-42.8439749174108
44682.5632563256,-42.9209692990586
44689.5589558956,-42.9951998845139
44696.5546554655,-43.0662594661755
44703.5503550355,-43.1337201169828
44710.5460546055,-43.1971355506319
44717.5417541754,-43.2560442147333
44724.5374537454,-43.3099731632356
44731.5331533153,-43.3584427314943
44738.5288528853,-43.4009720074452
44745.5245524552,-43.437085055777
44752.5202520252,-43.4663178099266
44759.5159515952,-43.4882255010901
44766.5116511651,-43.5023904470945
44773.5073507351,-43.5084299805183
44780.503050305,-43.5060042590148
44787.498749875,-43.4948236756314
44794.4944494449,-43.4746555768608
44801.4901490149,-43.4453300041209
44808.4858485849,-43.4067442017001
44815.4815481548,-43.358865680423
44822.4772477248,-43.3017336888648
44829.4729472947,-43.2354590184381
44836.4686468647,-43.1602221492111
44843.4643464346,-43.0762698233076
44850.4600460046,-42.9839102056109
44857.4557455745,-42.8835068515892
44864.4514451445,-42.7754717452595
44871.4471447145,-42.6602576943814
44878.4428442844,-42.5383503747858
44885.4385438544,-42.4102603029452
44892.4342434243,-42.2765149885741
44899.4299429943,-42.1376514811549
44906.4256425643,-41.9942094800937
44913.4213421342,-41.8467251317845
44920.4170417042,-41.6957255916519
44927.4127412741,-41.5417243880324
44934.4084408441,-41.3852175892509
44941.404140414,-41.2266807465264
44948.399839984,-41.06656656357
44955.395539554,-40.9053032286478
44962.3912391239,-40.7432933357821
44969.3869386939,-40.580913317682
44976.3826382638,-40.4185133129942
44983.3783378338,-40.2564173934774
44990.3740374037,-40.094924081873
44997.3697369737,-39.9343070977547
45004.3654365437,-39.7748162758628
45011.3611361136,-39.6166786088397
45018.3568356836,-39.460099373547
45025.3525352535,-39.3052633069722
45032.3482348235,-39.1523358039839
45039.3439343934,-39.0014641147594
45046.3396339634,-38.8527785245939
45053.3353335333,-38.7063935029651
45060.3310331033,-38.5624088122633
45067.3267326733,-38.4209105694988
45074.3224322432,-38.2819722567032
45081.3181318132,-38.1456556776084
45088.3138313831,-38.0120118597396
45095.3095309531,-37.8810819021501
45102.305230523,-37.7528977699387
45109.300930093,-37.6274830372808
45116.296629663,-37.5048535811544
45123.2923292329,-37.3850182282086
45130.2880288029,-37.2679793573733
45137.2837283728,-37.1537334608802
45144.2794279428,-37.042271666339
45151.2751275127,-36.9335802224544
45158.2708270827,-36.8276409508741
45165.2665266527,-36.7244316665183
45172.2622262226,-36.6239265686168
45179.2579257926,-36.5260966045155
45186.2536253625,-36.4309098081743
45193.2493249325,-36.3383316151296
45200.2450245024,-36.2483251555446
45207.2407240724,-36.1608515268485
45214.2364236424,-36.0758700473279
45221.2321232123,-35.9933384919263
45228.2278227823,-35.9132133113964
45235.2235223522,-35.8354498358609
45242.2192219222,-35.7600024637388
45249.2149214922,-35.6868248369342
45256.2106210621,-35.6158700030964
45263.2063206321,-35.5470905657146
45270.202020202,-35.4804388227527
45277.197719772,-35.4158668944716
45284.1934193419,-35.3533268410604
45291.1891189119,-35.292770770648
45298.1848184819,-35.2341509382413
45305.1805180518,-35.1774198360993
45312.1762176218,-35.1225302760331
45319.1719171917,-35.0694354640954
45326.1676167617,-35.0180890680976
45333.1633163316,-34.9684452783807
45340.1590159016,-34.9204588622383
45347.1547154715,-34.8740852123826
45354.1504150415,-34.8292803898198
45361.1461146115,-34.7860011614906
45368.1418141814,-34.7442050330157
45375.1375137514,-34.7038502768719
45382.1332133213,-34.6648959563086
45389.1289128913,-34.6273019453046
45396.1246124612,-34.5910289448498
45403.1203120312,-34.5560384958222
45410.1160116012,-34.5222929887204
45417.1117111711,-34.4897556704997
45424.1074107411,-34.4583906487417
45431.103110311,-34.4281628933855
45438.098809881,-34.3990382362275
45445.0945094509,-34.3709833683893
45452.0902090209,-34.3439658359438
45459.0859085909,-34.3179540338748
45466.0816081608,-34.2929171985356
45473.0773077308,-34.2688253987678
45480.0730073007,-34.2456495258202
45487.0687068707,-34.2233612822091
45494.0644064406,-34.2019331696471
45501.0601060106,-34.1813384761559
45508.0558055806,-34.1615512624798
45515.0515051505,-34.1425463478945
45522.0472047205,-34.1242992955115
45529.0429042904,-34.1067863971637
45536.0386038604,-34.0899846579507
45543.0343034303,-34.0738717805201
45550.0300030003,-34.0584261491509
45557.0257025703,-34.0436268137004
45564.0214021402,-34.0294534734705
45571.0171017102,-34.0158864610469
45578.0128012801,-34.0029067261528
45585.0085008501,-33.9904958195617
45592.00420042,-33.978635877107
45598.99989999,-33.9673096038181
45605.99559956,-33.956500258217
45612.9912991299,-33.9461916367991
45619.9869986999,-33.9363680587207
45626.9826982698,-33.9270143507155
45633.9783978398,-33.9181158322561
45640.9740974097,-33.9096583009756
45647.9697969797,-33.9016280183627
45654.9654965496,-33.8940116957388
45661.9611961196,-33.8867964805301
45668.9568956896,-33.8799699428365
45675.9525952595,-33.8735200623061
45682.9482948295,-33.867435215319
45689.9439943994,-33.8617041624805
45696.9396939694,-33.8563160364291
45703.9353935393,-33.8512603299567
45710.9310931093,-33.8465268844405
45717.9267926793,-33.8421058785882
45724.9224922492,-33.8379878174907
45731.9181918192,-33.8341635219815
45738.9138913891,-33.8306241182996
45745.9095909591,-33.8273610280509
45752.9052905291,-33.8243659584645
45759.900990099,-33.8216308929392
45766.896689669,-33.8191480818743
45773.8923892389,-33.8169100337812
45780.8880888089,-33.8149095066676
45787.8837883788,-33.8131394996911
45794.8794879488,-33.8115932450746
45801.8751875187,-33.8102642002782
45808.8708870887,-33.8091460404212
45815.8665866587,-33.8082326509482
45822.8622862286,-33.807518120533
45829.8579857986,-33.8069967342142
45836.8536853685,-33.8066629667559
45843.8493849385,-33.8065114762277
45850.8450845085,-33.8065370977979
45857.8407840784,-33.8067348377334
45864.8364836484,-33.8070998676008
45871.8321832183,-33.8076275186621
45878.8278827883,-33.80831327646
45885.8235823582,-33.8091527755864
45892.8192819282,-33.8101417946281
45899.8149814982,-33.8112762512859
45906.8106810681,-33.8125521976592
45913.8063806381,-33.8139658156928
45920.802080208,-33.81551341278
45927.797779778,-33.8171914175162
45934.7934793479,-33.8189963755994
45941.7891789179,-33.8209249458725
45948.7848784878,-33.8229738965009
45955.7805780578,-33.8251401012842
45962.7762776278,-33.8274205360941
45969.7719771977,-33.8298122754362
45976.7676767677,-33.8323124891318
45983.7633763376,-33.8349184391138
45990.7590759076,-33.8376274763344
45997.7547754775,-33.8404370377803
46004.7504750475,-33.8433446435911
46011.7461746175,-33.8463478942785
46018.7418741874,-33.8494444680421
46025.7375737574,-33.8526321181773
46032.7332733273,-33.8559086705748
46039.7289728973,-33.8592720213063
46046.7246724672,-33.8627201342936
46053.7203720372,-33.8662510390592
46060.7160716072,-33.8698628285548
46067.7117711771,-33.8735536570647
46074.7074707471,-33.8773217381824
46081.703170317,-33.8811653428563
46088.698869887,-33.8850827975045
46095.6945694569,-33.889072482193
46102.6902690269,-33.8931328288776
46109.6859685969,-33.8972623197074
46116.6816681668,-33.9014594853843
46123.6773677368,-33.9057229035817
46130.6730673067,-33.9100511974152
46137.6687668767,-33.9144430339675
46144.6644664467,-33.9188971228628
46151.6601660166,-33.9234122148904
46158.6558655866,-33.9279871006756
46165.6515651565,-33.9326206093952
46172.6472647265,-33.9373116075377
46179.6429642964,-33.9420589977049
46186.6386638664,-33.9468617174549
46193.6343634363,-33.9517187381839
46200.6300630063,-33.9566290640459
46207.6257625763,-33.9615917309093
46214.6214621462,-33.9666058053482
46221.6171617162,-33.9716703836682
46228.6128612861,-33.9767845909649
46235.6085608561,-33.9819475802133
46242.604260426,-33.9871585313891
46249.599959996,-33.9924166506181
46256.595659566,-33.9977211693546
46263.5913591359,-34.0030713435877
46270.5870587059,-34.0084664530726
46277.5827582758,-34.0139058005892
46284.5784578458,-34.0193887112238
46291.5741574157,-34.0249145316756
46298.5698569857,-34.0304826295854
46305.5655565557,-34.0360923928872
46312.5612561256,-34.0417432291803
46319.5569556956,-34.0474345651222
46326.5526552655,-34.0531658458425
46333.5483548355,-34.0589365343742
46340.5440544054,-34.0647461111052
46347.5397539754,-34.0705940732462
46354.5354535454,-34.0764799343174
46361.5311531153,-34.0824032236507
46368.5268526853,-34.0883634859086
46375.5225522552,-34.0943602806184
46382.5182518252,-34.1003931817217
46389.5139513951,-34.1064617771382
46396.5096509651,-34.1125656683435
46403.5053505351,-34.1187044699605
46410.501050105,-34.124877809364
46417.496749675,-34.1310853262976
46424.4924492449,-34.1373266725033
46431.4881488149,-34.1436015113626
46438.4838483848,-34.1499095175485
46445.4795479548,-34.1562503766897
46452.4752475247,-34.1626237850445
46459.4709470947,-34.1690294491848
46466.4666466647,-34.1754670856912
46473.4623462346,-34.1819364208564
46480.4580458046,-34.1884371903988
46487.4537453745,-34.1949691391845
46494.4494449445,-34.2015320209583
46501.4451445144,-34.2081255980831
46508.4408440844,-34.214749641287
46515.4365436544,-34.2214039294187
46522.4322432243,-34.2280882492104
46529.4279427943,-34.2348023950479
46536.4236423642,-34.2415461687476
46543.4193419342,-34.2483193793412
46550.4150415042,-34.2551218428657
46557.4107410741,-34.2619533821609
46564.4064406441,-34.2688138266727
46571.402140214,-34.2757030122627
46578.397839784,-34.282620781023
46585.3935393539,-34.2895669810971
46592.3892389239,-34.2965414665063
46599.3849384938,-34.303544096981
46606.3806380638,-34.3105747377974
46613.3763376338,-34.3176332596188
46620.3720372037,-34.3247195383422
46627.3677367737,-34.3318334549493
46634.3634363436,-34.3389748953612
46641.3591359136,-34.346143750299
46648.3548354835,-34.353339915147
46655.3505350535,-34.3605632898213
46662.3462346235,-34.3678137786407
46669.3419341934,-34.3750912902038
46676.3376337634,-34.3823957372671
46683.3333333333,-34.3897270366288
46690.3290329033,-34.3970851090147
46697.3247324732,-34.4044698789682
46704.3204320432,-34.4118812747434
46711.3161316132,-34.4193192282009
46718.3118311831,-34.4267836747074
46725.3075307531,-34.4342745530374
46732.303230323,-34.4417918052787
46739.298929893,-34.4493353767398
46746.2946294629,-34.4569052158605
46753.2903290329,-34.4645012741249
46760.2860286029,-34.4721235059768
46767.2817281728,-34.4797718687383
46774.2774277428,-34.4874463225294
46781.2731273127,-34.4951468301913
46788.2688268827,-34.502873357211
46795.2645264526,-34.5106258716483
46802.2602260226,-34.5184043440655
46809.2559255926,-34.5262087474578
46816.2516251625,-34.5340390571867
46823.2473247325,-34.5418952509157
46830.2430243024,-34.549777308546
46837.2387238724,-34.5576852121566
46844.2344234423,-34.5656189459433
46851.2301230123,-34.5735784961618
46858.2258225823,-34.5815638510715
46865.2215221522,-34.5895750008799
46872.2172217222,-34.5976119376907
46879.2129212921,-34.6056746554511
46886.2086208621,-34.6137631499024
46893.204320432,-34.6218774185309
46900.200020002,-34.6300174605204
46907.195719572,-34.6381832767064
46914.1914191419,-34.646374869531
46921.1871187119,-34.6545922429997
46928.1828182818,-34.6628354026387
46935.1785178518,-34.6711043554539
46942.1742174217,-34.6793991098909
46949.1699169917,-34.6877196757961
46956.1656165617,-34.6960660643786
46963.1613161316,-34.7044382881738
46970.1570157016,-34.7128363610072
46977.1527152715,-34.7212602979599
46984.1484148415,-34.7297101153346
46991.1441144114,-34.7381858306223
46998.1398139814,-34.7466874624713
47005.1355135514,-34.7552150306546
47012.1312131213,-34.7637685560408
47019.1269126913,-34.7723480605641
47026.1226122612,-34.7809535671954
47033.1183118312,-34.7895850999147
47040.1140114011,-34.7982426836841
47047.1097109711,-34.8069263444205
47054.1054105411,-34.8156361089708
47061.101110111,-34.8243720050867
47068.096809681,-34.8331340613998
47075.0925092509,-34.8419223073981
47082.0882088209,-34.8507367734033
47089.0839083908,-34.859577490548
47096.0796079608,-34.8684444907537
47103.0753075308,-34.8773378067096
47110.0710071007,-34.8862574718521
47117.0667066707,-34.8952035203444
47124.0624062406,-34.9041759870563
47131.0581058106,-34.9131749075462
47138.0538053805,-34.9222003180417
47145.0495049505,-34.9312522554211
47152.0452045205,-34.9403307571968
47159.0409040904,-34.9494358614971
47166.0366036604,-34.9585676070494
47173.0323032303,-34.9677260331648
47180.0280028003,-34.9769111797211
47187.0237023702,-34.9861230871478
47194.0194019402,-34.9953617964109
47201.0151015102,-35.0046273489981
47208.0108010801,-35.0139197869045
47215.0065006501,-35.0232391526182
47222.00220022,-35.0325854891075
47228.99789979,-35.0419588398067
47235.9935993599,-35.0513592486035
47242.9892989299,-35.0607867598262
47249.9849984998,-35.0702414182318
47256.9806980698,-35.0797232689932
47263.9763976398,-35.0892323576883
47270.9720972097,-35.0987687302878
47277.9677967797,-35.1083324331443
47284.9634963496,-35.1179235129817
47291.9591959196,-35.1275420168841
47298.9548954895,-35.1371879922854
47305.9505950595,-35.1468614869598
47312.9462946295,-35.1565625490112
47319.9419941994,-35.1662912268636
47326.9376937694,-35.1760475692521
47333.9333933393,-35.1858316252133
47340.9290929093,-35.1956434440765
47347.9247924792,-35.2054830754546
47354.9204920492,-35.2153505692359
47361.9161916192,-35.2252459755754
47368.9118911891,-35.2351693448868
47375.9075907591,-35.2451207278341
47382.903290329,-35.2551001753244
47389.898989899,-35.2651077384995
47396.8946894689,-35.2751434687285
47403.8903890389,-35.2852074176012
47410.8860886089,-35.2952996369201
47417.8817881788,-35.3054201786933
47424.8774877488,-35.3155690951282
47431.8731873187,-35.3257464386246
47438.8688868887,-35.3359522617675
47445.8645864586,-35.3461866173213
47452.8602860286,-35.3564495582232
47459.8559855986,-35.3667411375768
47466.8516851685,-35.3770614086463
47473.8473847385,-35.3874104248501
47480.8430843084,-35.3977882397554
47487.8387838784,-35.4081949070722
47494.8344834483,-35.4186304806474
47501.8301830183,-35.4290950144597
47508.8258825882,-35.4395885626137
47515.8215821582,-35.4501111793348
47522.8172817282,-35.4606629189638
47529.8129812981,-35.4712438359517
47536.8086808681,-35.4818539848547
47543.804380438,-35.4924934203292
47550.800080008,-35.5031621971263
47557.795779578,-35.5138603700878
47564.7914791479,-35.5245879941408
47571.7871787179,-35.5353451242932
47578.7828782878,-35.5461318156288
47585.7785778578,-35.5569481233029
47592.7742774277,-35.5677941025377
47599.7699769977,-35.578669808618
47606.7656765677,-35.589575296886
47613.7613761376,-35.6005106227382
47620.7570757076,-35.6114758416199
47627.7527752775,-35.6224710090216
47634.7484748475,-35.6334961804743
47641.7441744174,-35.6445514115458
47648.7398739874,-35.6556367578361
47655.7355735574,-35.6667522749737
47662.7312731273,-35.6778980186109
47669.7269726973,-35.6890740444205
47676.7226722672,-35.7002804080913
47683.7183718372,-35.7115171653241
47690.7140714071,-35.7227843718281
47697.7097709771,-35.7340820833166
47704.7054705471,-35.7454103555033
47711.701170117,-35.7567692440982
47718.696869687,-35.7681588048041
47725.6925692569,-35.7795790933121
47732.6882688269,-35.7910301652986
47739.6839683968,-35.8025120764208
47746.6796679668,-35.8140248823129
47753.6753675368,-35.8255686385832
47760.6710671067,-35.8371434008089
47767.6667666767,-35.8487492245332
47774.6624662466,-35.8603861652616
47781.6581658166,-35.8720542784574
47788.6538653865,-35.8837536195386
47795.6495649565,-35.8954842438739
47802.6452645265,-35.9072462067785
47809.6409640964,-35.9190395635112
47816.6366636664,-35.9308643692697
47823.6323632363,-35.9427206791871
47830.6280628063,-35.9546085483281
47837.6237623762,-35.9665280316854
47844.6194619462,-35.9784791841755
47851.6151615161,-35.9904620606349
47858.6108610861,-36.0024767158165
47865.6065606561,-36.0145232043853
47872.602260226,-36.0266015809147
47879.597959796,-36.0387118998824
47886.5936593659,-36.050854215667
47893.5893589359,-36.0630285825432
47900.5850585059,-36.0752350546782
47907.5807580758,-36.0874736861279
47914.5764576458,-36.0997445308325
47921.5721572157,-36.1120476426122
47928.5678567857,-36.1243830751638
47935.5635563556,-36.1367508820556
47942.5592559256,-36.1491511167242
47949.5549554956,-36.1615838324695
47956.5506550655,-36.1740490824505
47963.5463546355,-36.1865469196817
47970.5420542054,-36.1990773970278
47977.5377537754,-36.2116405671998
47984.5334533453,-36.2242364827508
47991.5291529153,-36.2368651960708
47998.5248524853,-36.2495267593832
48005.5205520552,-36.2622212247388
48012.5162516252,-36.2749486440127
48019.5119511951,-36.2877090688986
48026.5076507651,-36.3005025509045
48033.503350335,-36.3133291413477
48040.499049905,-36.3261888913502
48047.4947494749,-36.3390818518335
48054.4904490449,-36.3520080735141
48061.4861486149,-36.3649676068977
48068.4818481848,-36.3779605022752
48075.4775477548,-36.3909868097165
48082.4732473247,-36.4040465790662
48089.4689468947,-36.4171398599376
48096.4646464646,-36.4302667017075
48103.4603460346,-36.4434271535116
48110.4560456046,-36.4566212642375
48117.4517451745,-36.4698490825209
48124.4474447445,-36.4831106567384
48131.4431443144,-36.4964060350028
48138.4388438844,-36.509735265157
48145.4345434543,-36.523098394768
48152.4302430243,-36.5364954711213
48159.4259425943,-36.5499265412146
48166.4216421642,-36.5633916517516
48173.4173417342,-36.5768908491362
48180.4130413041,-36.590424179466
48187.4087408741,-36.6039916885259
48194.404440444,-36.6175934217815
48201.400140014,-36.631229424373
48208.395839584,-36.644899741108
48215.3915391539,-36.6586044164554
48222.3872387239,-36.6723434945378
48229.3829382938,-36.6861170191252
48236.3786378638,-36.6999250336278
48243.3743374337,-36.7137675810885
48250.3700370037,-36.7276447041761
48257.3657365737,-36.7415564451778
48264.3614361436,-36.7555028459917
48271.3571357136,-36.7694839481192
48278.3528352835,-36.7834997926575
48285.3485348535,-36.7975504202915
48292.3442344234,-36.8116358712862
48299.3399339934,-36.8257561854783
48306.3356335634,-36.8399114022685
48313.3313331333,-36.8541015606132
48320.3270327033,-36.8683266990153
48327.3227322732,-36.8825868555167
48334.3184318432,-36.8968820676893
48341.3141314131,-36.9112123726258
48348.3098309831,-36.9255778069316
48355.3055305531,-36.9399784067149
48362.301230123,-36.954414207578
48369.296929693,-36.9688852446082
48376.2926292629,-36.9833915523677
48383.2883288329,-36.9979331648845
48390.2840284028,-37.0125101156424
48397.2797279728,-37.0271224375712
48404.2754275428,-37.0417701630367
48411.2711271127,-37.0564533238304
48418.2668266827,-37.0711719511594
48425.2625262526,-37.0859260756355
48432.2582258226,-37.1007157272647
48439.2539253925,-37.1155409354365
48446.2496249625,-37.130401728913
48453.2453245325,-37.1452981358173
48460.2410241024,-37.1602301836225
48467.2367236724,-37.1751978991403
48474.2324232423,-37.1902013085092
48481.2281228123,-37.2052404371824
48488.2238223822,-37.2203153099163
48495.2195219522,-37.2354259507579
48502.2152215221,-37.2505723830326
48509.2109210921,-37.2657546293316
48516.2066206621,-37.280972711499
48523.202320232,-37.2962266506192
48530.198019802,-37.3115164670033
48537.1937193719,-37.3268421801761
48544.1894189419,-37.3422038088624
48551.1851185119,-37.3576013709734
48558.1808180818,-37.3730348835925
48565.1765176518,-37.3885043629614
48572.1722172217,-37.4040098244655
48579.1679167917,-37.4195512826197
48586.1636163616,-37.4351287510531
48593.1593159316,-37.4507422424943
48600.1550155016,-37.466391768756
48607.1507150715,-37.4820773407199
48614.1464146415,-37.4977989683203
48621.1421142114,-37.5135566605289
48628.1378137814,-37.5293504253381
48635.1335133513,-37.5451802697449
48642.1292129213,-37.5610461997341
48649.1249124913,-37.5769482202616
48656.1206120612,-37.5928863352369
48663.1163116312,-37.6088605475062
48670.1120112011,-37.6248708588341
48677.1077107711,-37.6409172698863
48684.103410341,-37.6569997802114
48691.099109911,-37.6731183882217
48698.094809481,-37.6892730911755
48705.0905090509,-37.7054638851577
48712.0862086209,-37.7216907650601
48719.0819081908,-37.7379537245627
48726.0776077608,-37.7542527561133
48733.0733073307,-37.7705878509075
48740.0690069007,-37.7869589988684
48747.0647064706,-37.8033661886261
48754.0604060406,-37.819809407496
48761.0561056106,-37.8362886414586
48768.0518051805,-37.8528038751369
48775.0475047505,-37.8693550917749
48782.0432043204,-37.8859422732156
48789.0389038904,-37.9025653998781
48796.0346034603,-37.919224450735
48803.0303030303,-37.9359194032888
48810.0260026003,-37.9526502335493
48817.0217021702,-37.9694169160083
48824.0174017402,-37.9862194236171
48831.0131013101,-38.0030577277608
48838.0088008801,-38.0199317982336
48845.00450045,-38.036841603214
48852.00020002,-38.0537871092391
48858.99589959,-38.0707682811782
48865.9915991599,-38.0877850822071
48872.9872987299,-38.1048374737813
48879.9829982998,-38.1219254156087
48886.9786978698,-38.1390488656227
48893.9743974397,-38.1562077799535
48900.9700970097,-38.1734021129013
48907.9657965797,-38.1906318169063
48914.9614961496,-38.207896842521
48921.9571957196,-38.2251971383801
48928.9528952895,-38.2425326511709
48935.9485948595,-38.2599033256032
48942.9442944294,-38.277309104379
48949.9399939994,-38.294749928161
48956.9356935694,-38.3122257355419
48963.9313931393,-38.3297364630116
48970.9270927093,-38.3472820449263
48977.9227922792,-38.3648624134747
48984.9184918492,-38.3824774986451
48991.9141914191,-38.4001272281925
48998.9098909891,-38.4178115276039
49005.9055905591,-38.4355303200642
49012.901290129,-38.4532835264213
49019.896989699,-38.4710710651503
49026.8926892689,-38.4888928523187
49033.8883888389,-38.5067488015488
49040.8840884088,-38.5246388239824
49047.8797879788,-38.5425628282419
49054.8754875488,-38.5605207203945
49061.8711871187,-38.578512403912
49068.8668866887,-38.5965377796339
49075.8625862586,-38.6145967457269
49082.8582858286,-38.6326891976461
49089.8539853985,-38.6508150280945
49096.8496849685,-38.6689741269822
49103.8453845384,-38.6871663813851
49110.8410841084,-38.705391675504
49117.8367836784,-38.7236498906211
49124.8324832483,-38.7419409050585
49131.8281828183,-38.7602645941341
49138.8238823882,-38.7786208301181
49145.8195819582,-38.7970094821886
49152.8152815281,-38.8154304163868
49159.8109810981,-38.8338834955714
49166.8066806681,-38.8523685793731
49173.802380238,-38.8708855241473
49180.798079808,-38.8894341829277
49187.7937793779,-38.9080144053785
49194.7894789479,-38.9266260377462
49201.7851785178,-38.9452689228105
49208.7808780878,-38.9639428998356
49215.7765776578,-38.9826478045202
49222.7722772277,-39.0013834689464
49229.7679767977,-39.0201497215295
49236.7636763676,-39.0389463869658
49243.7593759376,-39.0577732861808
49250.7550755075,-39.0766302362765
49257.7507750775,-39.0955170504773
49264.7464746475,-39.1144335380771
49271.7421742174,-39.1333795043841
49278.7378737874,-39.1523547506655
49285.7335733573,-39.1713590740926
49292.7292729273,-39.1903922676839
49299.7249724972,-39.2094541202482
49306.7206720672,-39.2285444163273
49313.7163716372,-39.2476629361379
49320.7120712071,-39.2668094555128
49327.7077707771,-39.2859837458414
49334.703470347,-39.3051855740107
49341.699169917,-39.3244147023434
49348.6948694869,-39.3436708885383
49355.6905690569,-39.3629538856075
49362.6862686269,-39.3822634418147
49369.6819681968,-39.4015993006121
49376.6776677668,-39.4209612005771
49383.6733673367,-39.4403488753483
49390.6690669067,-39.4597620535605
49397.6647664766,-39.4792004587797
49404.6604660466,-39.4986638094373
49411.6561656166,-39.5181518187638
49418.6518651865,-39.5376641947216
49425.6475647565,-39.5572006399376
49432.6432643264,-39.576760851635
49439.6389638964,-39.5963445215644
49446.6346634663,-39.6159513359352
49453.6303630363,-39.6355809753456
49460.6260626063,-39.6552331147111
49467.6217621762,-39.6749074231955
49474.6174617462,-39.6946035641381
49481.6131613161,-39.7143211949822
49488.6088608861,-39.7340599672028
49495.604560456,-39.7538195262331
49502.600260026,-39.7735995113915
49509.595959596,-39.7933995558073
49516.5916591659,-39.8132192863465
49523.5873587359,-39.8330583235366
49530.5830583058,-39.8529162814912
49537.5787578758,-39.8727927678346
49544.5744574457,-39.8926873836246
49551.5701570157,-39.9125997232767
49558.5658565857,-39.9325293744863
49565.5615561556,-39.9524759181518
49572.5572557256,-39.9724389282958
49579.5529552955,-39.9924179719877
49586.5486548655,-40.0124126092646
49593.5443544354,-40.0324223930525
49600.5400540054,-40.052446869087
49607.5357535754,-40.0724855758333
49614.5314531453,-40.0925380444071
49621.5271527153,-40.1126037984939
49628.5228522852,-40.132682354269
49635.5185518552,-40.1527732203168
49642.5142514251,-40.17287589755
49649.5099509951,-40.1929898791289
49656.5056505651,-40.2131146503798
49663.501350135,-40.2332496887149
49670.497049705,-40.2533944635498
49677.4927492749,-40.2735484362232
49684.4884488449,-40.2937110599149
49691.4841484148,-40.3138817795652
49698.4798479848,-40.3340600317922
49705.4755475548,-40.3542452448123
49712.4712471247,-40.3744368383581
49719.4669466947,-40.3946342235974
49726.4626462646,-40.4148368030524
49733.4583458346,-40.4350439705194
49740.4540454045,-40.4552551109879
49747.4497449745,-40.475469600561
49754.4454445444,-40.4956868063751
49761.4411441144,-40.5159060865211
49768.4368436844,-40.5361267899646
49775.4325432543,-40.5563482564678
49782.4282428243,-40.5765698165119
49789.4239423942,-40.5967907912181
49796.4196419642,-40.6170104922727
49803.4153415341,-40.6372282218486
49810.4110411041,-40.6574432725317
49817.4067406741,-40.6776549272447
49824.402440244,-40.697862459174
49831.398139814,-40.7180651316954
49838.3938393839,-40.7382621983025
49845.3895389539,-40.7584529025357
49852.3852385238,-40.7786364779115
49859.3809380938,-40.7988121478529
49866.3766376638,-40.8189791256223
49873.3723372337,-40.8391366142537
49880.3680368037,-40.8592838064881
49887.3637363736,-40.8794198847085
49894.3594359436,-40.8995440208775
49901.3551355135,-40.9196553764765
49908.3508350835,-40.9397531024448
49915.3465346535,-40.959836339123
49922.3422342234,-40.9799042161951
49929.3379337934,-40.9999558526353
49936.3336333633,-41.0199903566546
49943.3293329333,-41.0400068256499
49950.3250325032,-41.0600043461558
49957.3207320732,-41.0799819937975
49964.3164316432,-41.0999388332469
49971.3121312131,-41.1198739181799
49978.3078307831,-41.1397862912372
49985.303530353,-41.1596749839859
49992.299229923,-41.1795390168868
49999.294929493,-41.1993773992598
50006.2906290629,-41.2191891292563
50013.2863286329,-41.2389731938319
50020.2820282028,-41.2587285687231
50027.2777277728,-41.2784542184261
50034.2734273427,-41.2981490961804
50041.2691269127,-41.317812143953
50048.2648264826,-41.3374422924286
50055.2605260526,-41.3570384610019
50062.2562256226,-41.3765995577736
50069.2519251925,-41.3961244795492
50076.2476247625,-41.4156121118435
50083.2433243324,-41.4350613288872
50090.2390239024,-41.4544709936384
50097.2347234723,-41.4738399577971
50104.2304230423,-41.4931670618258
50111.2261226123,-41.5124511349716
50118.2218221822,-41.5316909952955
50125.2175217522,-41.5508854497046
50132.2132213221,-41.5700332939889
50139.2089208921,-41.5891333128636
50146.204620462,-41.6081842800153
50153.200320032,-41.6271849581543
50160.196019602,-41.6461340990704
50167.1917191719,-41.6650304436962
50174.1874187419,-41.6838727221722
50181.1831183118,-41.7026596539213
50188.1788178818,-41.7213899477257
50195.1745174517,-41.7400623018103
50202.1702170217,-41.7586754039333
50209.1659165917,-41.7772279314799
50216.1616161616,-41.7957185515648
50223.1573157316,-41.8141459211383
50230.1530153015,-41.8325086870996
50237.1487148715,-41.8508054864176
50244.1444144414,-41.8690349462552
50251.1401140114,-41.8871956841025
50258.1358135814,-41.9052863079158
50265.1315131513,-41.9233054162629
50272.1272127213,-41.941251598475
50279.1229122912,-41.9591234348074
50286.1186118612,-41.9769194966029
50293.1143114311,-41.9946383464674
50300.1100110011,-42.0122785384489
50307.1057105711,-42.0298386182254
50314.101410141,-42.0473171232978
50321.097109711,-42.0647125831947
50328.0928092809,-42.0820235196792
50335.0885088509,-42.0992484469672
50342.0842084208,-42.1163858719499
50349.0799079908,-42.1334342944285
50356.0756075607,-42.1503922073509
50363.0713071307,-42.1672580970604
50370.0670067007,-42.1840304435506
50377.0627062706,-42.2007077207268
50384.0584058406,-42.2172883966781
50391.0541054105,-42.2337709339543
50398.0498049805,-42.2501537898533
50405.0455045504,-42.2664354167133
50412.0412041204,-42.2826142622168
50419.0369036904,-42.2986887696979
50426.0326032603,-42.3146573784616
50433.0283028303,-42.330518524108
50440.0240024002,-42.3462706388662
50447.0197019702,-42.3619121519352
50454.0154015401,-42.3774414898315
50461.0111011101,-42.3928570767471
50468.0068006801,-42.4081573349123
50475.00250025,-42.4233406849681
50481.99819982,-42.4384055463449
50488.9938993899,-42.4533503376496
50495.9895989599,-42.4681734770595
50502.9852985298,-42.482873382723
50509.9809980998,-42.4974484731692
50516.9766976698,-42.5118971677223
50523.9723972397,-42.5262178869251
50530.9680968097,-42.5404090529673
50537.9637963796,-42.5544690901224
50544.9594959496,-42.56839642519
50551.9551955195,-42.5821894879444
50558.9508950895,-42.595846711589
50565.9465946595,-42.6093665332197
50572.9422942294,-42.622747394289
50579.9379937994,-42.6359877410808
50586.9336933693,-42.6490860251872
50593.9293929393,-42.6620407039922
50600.9250925092,-42.6748502411598
50607.9207920792,-42.687513107127
50614.9164916492,-42.7000277796013
50621.9121912191,-42.7123927440624
50628.9078907891,-42.7246064942677
50635.903590359,-42.7366675327626
50642.899289929,-42.7485743713922
50649.894989499,-42.7603255318178
50656.8906890689,-42.7719195460358
50663.8863886389,-42.7833549568996
50670.8820882088,-42.794630318642
50677.8777877788,-42.8057441974012
50684.8734873487,-42.8166951717477
50691.8691869187,-42.8274818332133
50698.8648864886,-42.8381027868187
50705.8605860586,-42.8485566516042
50712.8562856286,-42.8588420611581
50719.8519851985,-42.8689576641476
50726.8476847685,-42.8789021248468
50733.8433843384,-42.888674123664
50740.8390839084,-42.898272357669
50747.8347834783,-42.9076955411169
50754.8304830483,-42.9169424059711
50761.8261826183,-42.9260117024223
50768.8218821882,-42.9349021994059
50775.8175817582,-42.9436126851159
50782.8132813281,-42.952141967513
50789.8089808981,-42.9604888748307
50796.804680468,-42.9686522560765
50803.800380038,-42.9766309815263
50810.796079608,-42.9844239432152
50817.7917791779,-42.992030055422
50824.7874787479,-42.999448255146
50831.7831783178,-43.0066775025787
50838.7788778878,-43.0137167815682
50845.7745774577,-43.0205651000746
50852.7702770277,-43.0272214906193
50859.7659765977,-43.0336850107237
50866.7616761676,-43.039954743342
50873.7573757376,-43.0460297972813
50880.7530753075,-43.051909307617
50887.7487748775,-43.0575924360907
50894.7444744474,-43.0630783715066
50901.7401740174,-43.0683663301106
50908.7358735874,-43.0734555559611
50915.7315731573,-43.0783453212867
50922.7272727273,-43.0830349268358
50929.7229722972,-43.0875237022082
50936.7186718672,-43.0918110061798
50943.7143714371,-43.0958962270112
50950.7100710071,-43.0997787827447
50957.7057705771,-43.1034581214868
50964.701470147,-43.1069337216775
50971.697169717,-43.1102050923466
50978.6928692869,-43.1132717733541
50985.6885688569,-43.116133335617
50992.6842684268,-43.1187893813223
50999.6799679968,-43.1212395441228
51006.6756675668,-43.1234834893207
51013.6713671367,-43.1255209140324
51020.6670667067,-43.1273515473418
51027.6627662766,-43.1289751504343
51034.6584658466,-43.1303915167182
51041.6541654165,-43.1316004719272
51048.6498649865,-43.1326018742098
51055.6455645565,-43.1333956141997
51062.6412641264,-43.1339816150731
51069.6369636964,-43.1343598325868
51076.6326632663,-43.1345302551019
51083.6283628363,-43.1344929035922
51090.6240624062,-43.1342478316313
51097.6197619762,-43.1337951253706
51104.6154615462,-43.1331349034954
51111.6111611161,-43.1322673171676
51118.6068606861,-43.1311925499502
51125.602560256,-43.1299108177182
51132.598259826,-43.1284223685516
51139.5939593959,-43.126727482613
51146.5896589659,-43.1248264720108
51153.5853585358,-43.1227196806424
51160.5810581058,-43.12040748403
51167.5767576758,-43.1178902891314
51174.5724572457,-43.1151685341442
51181.5681568157,-43.1122426882892
51188.5638563856,-43.1091132515829
51195.5595559556,-43.1057807545933
51202.5552555255,-43.1022457581822
51209.5509550955,-43.098508853235
51216.5466546655,-43.0945706603749
51223.5423542354,-43.0904318296627
51230.5380538054,-43.0860930402886
51237.5337533753,-43.0815550002459
51244.5294529453,-43.0768184459946
51251.5251525152,-43.0718841421125
51258.5208520852,-43.0667528809357
51265.5165516552,-43.0614254821854
51272.5122512251,-43.0559027925861
51279.5079507951,-43.0501856854704
51286.503650365,-43.044275060378
51293.499349935,-43.0381718426383
51300.4950495049,-43.0318769829496
51307.4907490749,-43.0253914569459
51314.4864486449,-43.0187162647555
51321.4821482148,-43.0118524305515
51328.4778477848,-43.004801002094
51335.4735473547,-42.9975630502665
51342.4692469247,-42.9901396686024
51349.4649464946,-42.9825319728062
51356.4606460646,-42.9747411002701
51363.4563456346,-42.9667682095806
51370.4520452045,-42.9586144800251
51377.4477447745,-42.9502811110884
51384.4434443444,-42.9417693219475
51391.4391439144,-42.9330803509615
51398.4348434843,-42.9242154551585
51405.4305430543,-42.9151759097171
51412.4262426242,-42.9059630074474
51419.4219421942,-42.8965780582675
51426.4176417642,-42.8870223886798
51433.4133413341,-42.8772973412431
51440.4090409041,-42.8674042740466
51447.404740474,-42.8573445601786
51454.400440044,-42.8471195872
51461.396139614,-42.8367307566123
51468.3918391839,-42.8261794833303
51475.3875387539,-42.8154671951511
51482.3832383238,-42.8045953322284
51489.3789378938,-42.7935653465448
51496.3746374637,-42.7823787013861
51503.3703370337,-42.7710368708192
51510.3660366037,-42.7595413391711
51517.3617361736,-42.7478936005104
51524.3574357436,-42.7360951581314
51531.3531353135,-42.7241475240428
51538.3488348835,-42.7120522184583
51545.3445344534,-42.699810769292
51552.3402340234,-42.6874247116568
51559.3359335934,-42.6748955873684
51566.3316331633,-42.662224944453
51573.3273327333,-42.6494143366595
51580.3230323032,-42.6364653229776
51587.3187318732,-42.6233794671613
51594.3144314431,-42.6101583372557
51601.3101310131,-42.5968035051329
51608.3058305831,-42.5833165460303
51615.301530153,-42.5696990380976
51622.297229723,-42.5559525619497
51629.2929292929,-42.5420787002226
51636.2886288629,-42.5280790371418
51643.2843284328,-42.5139551580929
51650.2800280028,-42.4997086491982
51657.2757275728,-42.4853410969063
51664.2714271427,-42.4708540875823
51671.2671267127,-42.4562492071081
51678.2628262826,-42.4415280404894
51685.2585258526,-42.4266921714716
51692.2542254225,-42.4117431821608
51699.2499249925,-42.3966826526535
51706.2456245624,-42.3815121606742
51713.2413241324,-42.3662332812201
51720.2370237024,-42.3508475862142
51727.2327232723,-42.3353566441645
51734.2284228423,-42.3197620198345
51741.2241224122,-42.3040652739161
51748.2198219822,-42.2882679627162
51755.2155215521,-42.2723716378468
51762.2112211221,-42.2563778459251
51769.2069206921,-42.2402881282818
51776.202620262,-42.2241040206741
51783.198319832,-42.2078270530108
51790.1940194019,-42.1914587490825
51797.1897189719,-42.1750006263009
51804.1854185418,-42.1584541954435
51811.1811181118,-42.1418209604097
51818.1768176818,-42.1251024179819
51825.1725172517,-42.1083000575949
51832.1682168217,-42.0914153611124
51839.1639163916,-42.0744498026125
51846.1596159616,-42.0574048481793
51853.1553155316,-42.0402819557023
51860.1510151015,-42.0230825746822
51867.1467146715,-42.0058081460459
51874.1424142414,-41.988460101968
51881.1381138114,-41.9710398656969
51888.1338133813,-41.9535488513927
51895.1295129513,-41.9359884639665
51902.1252125213,-41.9183600989317
51909.1209120912,-41.9006651422578
51916.1166116612,-41.8829049702338
51923.1123112311,-41.8650809493357
51930.1080108011,-41.8471944361039
51937.103710371,-41.8292467770226
51944.099409941,-41.8112393084092
51951.0951095109,-41.7931733563064
51958.0908090809,-41.7750502363839
51965.0865086509,-41.7568712538442
51972.0822082208,-41.7386377033324
51979.0779077908,-41.7203508688556
51986.0736073607,-41.7020120237057
51993.0693069307,-41.6836224303861
52000.0650065006,-41.6651833405478
52007.0607060706,-41.646695994927
52014.0564056406,-41.6281616232899
52021.0521052105,-41.6095814443815
52028.0478047805,-41.5909566658812
52035.0435043504,-41.5722884843596
52042.0392039204,-41.5535780852444
52049.0349034903,-41.5348266427865
52056.0306030603,-41.5160353200353
52063.0263026303,-41.4972052688138
52070.0220022002,-41.4783376297014
52077.0177017702,-41.4594335320178
52084.0134013401,-41.4404940938147
52091.0091009101,-41.421520421868
52098.00480048,-41.4025136116749
52105.00050005,-41.3834747474562
52111.99619962,-41.3644049021599
52118.9918991899,-41.3453051374704
52125.9875987599,-41.3261765038196
52132.9832983298,-41.3070200404007
52139.9789978998,-41.2878367751885
52146.9746974697,-41.2686277249595
52153.9703970397,-41.2493938953156
52160.9660966097,-41.2301362807126
52167.9617961796,-41.2108558644888
52174.9574957496,-41.1915536188983
52181.9531953195,-41.172230505147
52188.9488948895,-41.1528874734289
52195.9445944594,-41.1335254629682
52202.9402940294,-41.1141454020596
52209.9359935994,-41.0947482081156
52216.9316931693,-41.0753347877129
52223.9273927393,-41.0559060366403
52230.9230923092,-41.0364628399512
52237.9187918792,-41.0170060720168
52244.9144914491,-40.9975365965802
52251.9101910191,-40.9780552668141
52258.9058905891,-40.9585629253789
52265.901590159,-40.9390604044825
52272.897289729,-40.9195485259425
52279.8929892989,-40.9000281012488
52286.8886888689,-40.8804999316285
52293.8843884388,-40.8609648081119
52300.8800880088,-40.8414235115997
52307.8757875788,-40.8218768129303
52314.8714871487,-40.8023254729505
52321.8671867187,-40.7827702425867
52328.8628862886,-40.7632118629143
52335.8585858586,-40.7436510652323
52342.8542854285,-40.7240885711358
52349.8499849985,-40.7045250925906
52356.8456845685,-40.6849613320088
52363.8413841384,-40.6653979823233
52370.8370837084,-40.645835727066
52377.8327832783,-40.6262752404437
52384.8284828483,-40.6067171874169
52391.8241824182,-40.587162223777
52398.8198819882,-40.5676109962264
52405.8155815582,-40.5480641424565
52412.8112811281,-40.5285222912276
52419.8069806981,-40.5089860624503
52426.802680268,-40.4894560672636
52433.798379838,-40.4699329081173
52440.7940794079,-40.4504171788516
52447.7897789779,-40.4309094647787
52454.7854785478,-40.4114103427648
52461.7811781178,-40.3919203813093
52468.7768776878,-40.3724401406284
52475.7725772577,-40.3529701727351
52482.7682768277,-40.3335110215219
52489.7639763976,-40.3140632228409
52496.7596759676,-40.2946273045865
52503.7553755375,-40.2752037867762
52510.7510751075,-40.2557931816319
52517.7467746775,-40.2363959936615
52524.7424742474,-40.2170127197391
52531.7381738174,-40.1976438491875
52538.7338733873,-40.1782898638567
52545.7295729573,-40.1589512382061
52552.7252725272,-40.1396284393842
52559.7209720972,-40.1203219273078
52566.7166716672,-40.1010321547439
52573.7123712371,-40.0817595673864
52580.7080708071,-40.0625046039365
52587.703770377,-40.0432676961824
52594.699469947,-40.0240492690755
52601.6951695169,-40.0048497408102
52608.6908690869,-39.9856695229006
52615.6865686569,-39.9665090202588
52622.6822682268,-39.9473686312705
52629.6779677968,-39.9282487478722
52636.6736673667,-39.9091497556265
52643.6693669367,-39.8900720337983
52650.6650665066,-39.8710159554301
52657.6607660766,-39.8519818874152
52664.6564656466,-39.8329701905731
52671.6521652165,-39.813981219723
52678.6478647865,-39.7950153237556
52685.6435643564,-39.7760728457075
52692.6392639264,-39.7571541228321
52699.6349634964,-39.7382594866714
52706.6306630663,-39.7193892631269
52713.6263626363,-39.7005437725302
52720.6220622062,-39.681723329713
52727.6177617762,-39.662928244076
52734.6134613461,-39.6441588196585
52741.6091609161,-39.6254153552054
52748.604860486,-39.6066981442364
52755.600560056,-39.5880074751112
52762.596259626,-39.5693436310977
52769.5919591959,-39.5507068904374
52776.5876587659,-39.5320975264101
52783.5833583358,-39.5135158073988
52790.5790579058,-39.4949619969553
52797.5747574757,-39.4764363538614
52804.5704570457,-39.4579391321939
52811.5661566157,-39.4394705813858
52818.5618561856,-39.4210309462886
52825.5575557556,-39.4026204672331
52832.5532553255,-39.3842393800905
52839.5489548955,-39.3658879163321
52846.5446544654,-39.3475663030884
52853.5403540354,-39.3292747632083
52860.5360536054,-39.3110135153178
52867.5317531753,-39.2927827738759
52874.5274527453,-39.2745827492335
52881.5231523152,-39.256413647689
52888.5188518852,-39.2382756715437
52895.5145514551,-39.2201690191576
52902.5102510251,-39.2020938850045
52909.5059505951,-39.1840504597244
52916.501650165,-39.1660389301794
52923.497349735,-39.1480594795036
52930.4930493049,-39.1301122871584
52937.4887488749,-39.1121975289821
52944.4844484448,-39.0943153772422
52951.4801480148,-39.0764660006852
52958.4758475848,-39.0586495645869
52965.4715471547,-39.0408662308026
52972.4672467247,-39.0231161578143
52979.4629462946,-39.0053995007808
52986.4586458646,-38.987716411584
52993.4543454345,-38.9700670388773
53000.4500450045,-38.952451528131
53007.4457445744,-38.9348700216794
53014.4414441444,-38.9173226587665
53021.4371437144,-38.8998095755895
53028.4328432843,-38.8823309053451
53035.4285428543,-38.8648867782718
53042.4242424242,-38.8474773216952
53049.4199419942,-38.8301026600691
53056.4156415641,-38.8127629150189
53063.4113411341,-38.7954582053826
53070.4070407041,-38.7781886472533
53077.402740274,-38.760954354019
53084.398439844,-38.7437554364034
53091.3941394139,-38.7265920025058
53098.3898389839,-38.7094641578398
53105.3855385539,-38.692372005373
53112.3812381238,-38.6753156455646
53119.3769376938,-38.6582951764039
53126.3726372637,-38.641310693447
53133.3683368337,-38.6243622898541
53140.3640364036,-38.6074500564264
53147.3597359736,-38.5905740816405
53154.3554355436,-38.5737344516863
53161.3511351135,-38.5569312504994
53168.3468346835,-38.5401645597981
53175.3425342534,-38.5234344591156
53182.3382338234,-38.5067410258353
53189.3339333933,-38.4900843352228
53196.3296329633,-38.4734644604592
53203.3253325333,-38.4568814726743
53210.3210321032,-38.440335440977
53217.3167316732,-38.423826432488
53224.3124312431,-38.4073545123708
53231.3081308131,-38.390919743862
53238.303830383,-38.374522188302
53245.299529953,-38.3581619051648
53252.295229523,-38.3418389520876
53259.2909290929,-38.3255533848992
53266.2866286629,-38.3093052576501
53273.2823282328,-38.2930946226397
53280.2780278028,-38.2769215304447
53287.2737273727,-38.2607860299468
53294.2694269427,-38.2446881683591
53301.2651265127,-38.228627991254
53308.2608260826,-38.2126055425896
53315.2565256526,-38.1966208647345
53322.2522252225,-38.1806739984955
53329.2479247925,-38.1647649831413
53336.2436243624,-38.1488938564283
53343.2393239324,-38.1330606546255
53350.2350235023,-38.1172654125386
53357.2307230723,-38.1015081635336
53364.2264226423,-38.0857889395616
53371.2221222122,-38.0701077711811
53378.2178217822,-38.0544646875815
53385.2135213521,-38.0388597166057
53392.2092209221,-38.023292884773
53399.204920492,-38.0077642173003
53406.200620062,-37.9922737381245
53413.196319632,-37.9768214699241
53420.1920192019,-37.96140743414
53427.1877187719,-37.946031650996
53434.1834183418,-37.9306941395208
53441.1791179118,-37.9153949175668
53448.1748174817,-37.9001340018308
53455.1705170517,-37.8849114078738
53462.1662166217,-37.8697271501401
53469.1619161916,-37.8545812419767
53476.1576157616,-37.8394736956521
53483.1533153315,-37.8244045223754
53490.1490149015,-37.8093737323137
53497.1447144714,-37.7943813346108
53504.1404140414,-37.7794273374055
53511.1361136114,-37.7645117478483
53518.1318131813,-37.7496345721189
53525.1275127513,-37.7347958154442
53532.1232123212,-37.7199954821136
53539.1189118912,-37.7052335754975
53546.1146114611,-37.6905100980615
53553.1103110311,-37.6758250513843
53560.1060106011,-37.6611784361729
53567.101710171,-37.646570252278
53574.097409741,-37.6320004987103
53581.0931093109,-37.6174691736544
53588.0888088809,-37.602976274485
53595.0845084508,-37.588521797781
53602.0802080208,-37.5741057393405
53609.0759075908,-37.5597280941947
53616.0716071607,-37.5453888566222
53623.0673067307,-37.531088020163
53630.0630063006,-37.5168255776324
53637.0587058706,-37.5026015211342
53644.0544054405,-37.488415842074
53651.0501050105,-37.4742685311725
53658.0458045805,-37.4601595784787
53665.0415041504,-37.446088973382
53672.0372037204,-37.4320567046253
53679.0329032903,-37.418062760317
53686.0286028603,-37.4041071279438
53693.0243024302,-37.3901897943818
53700.0200020002,-37.3763107459091
53707.0157015702,-37.3624699682173
53714.0114011401,-37.3486674464225
53721.0071007101,-37.3349031650774
53728.00280028,-37.3211771081816
53734.99849985,-37.3074892591933
53741.9941994199,-37.2938396010399
53748.9898989899,-37.2802281161283
53755.9855985599,-37.266654786356
53762.9812981298,-37.253119593121
53769.9769976998,-37.2396225173318
53776.9726972697,-37.2261635394183
53783.9683968397,-37.2127426393408
53790.9640964096,-37.1993597966001
53797.9597959796,-37.1860149902471
53804.9554955495,-37.172708198892
53811.9511951195,-37.1594394007143
53818.9468946895,-37.146208573471
53825.9425942594,-37.1330156945063
53832.9382938294,-37.1198607407602
53839.9339933993,-37.1067436887772
53846.9296929693,-37.0936645147155
53853.9253925392,-37.0806231943545
53860.9210921092,-37.0676197031041
53867.9167916792,-37.0546540160125
53874.9124912491,-37.0417261077741
53881.9081908191,-37.0288359527381
53888.903890389,-37.0159835249158
53895.899589959,-37.0031687979886
53902.8952895289,-36.9903917453156
53909.8909890989,-36.9776523399411
53916.8866886689,-36.9649505546019
53923.8823882388,-36.952286361735
53930.8780878088,-36.9396597334841
53937.8737873787,-36.9270706417072
53944.8694869487,-36.9145190579835
53951.8651865186,-36.9020049536198
53958.8608860886,-36.8895282996579
53965.8565856586,-36.8770890668807
53972.8522852285,-36.864687225819
53979.8479847985,-36.8523227467579
53986.8436843684,-36.8399955997433
53993.8393839384,-36.8277057545877
54000.8350835083,-36.8154531808767
54007.8307830783,-36.8032378479749
54014.8264826483,-36.7910597250321
54021.8221822182,-36.778918780989
54028.8178817882,-36.7668149845826
54035.8135813581,-36.7547483043524
54042.8092809281,-36.7427187086459
54049.8049804981,-36.730726165624
54056.800680068,-36.7187706432667
54063.796379638,-36.7068521093776
54070.7920792079,-36.6949705315903
54077.7877787779,-36.6831258773727
54084.7834783478,-36.6713181140326
54091.7791779178,-36.6595472087223
54098.7748774878,-36.6478131284439
54105.7705770577,-36.6361158400541
54112.7662766277,-36.6244553102687
54119.7619761976,-36.6128315056674
54126.7576757676,-36.6012443926988
54133.7533753375,-36.5896939376845
54140.7490749075,-36.5781801068237
54147.7447744774,-36.5667028661978
54154.7404740474,-36.5552621817747
54161.7361736174,-36.5438580194126
54168.7318731873,-36.5324903448651
54175.7275727573,-36.5211591237845
54182.7232723272,-36.5098643217262
54189.7189718972,-36.4986059041529
54196.7146714671,-36.4873838364383
54203.7103710371,-36.476198083871
54210.7060706071,-36.4650486116585
54217.701770177,-36.4539353849307
54224.697469747,-36.4428583687438
54231.6931693169,-36.4318175280839
54238.6888688869,-36.4208128278703
54245.6845684568,-36.4098442329599
54252.6802680268,-36.3989117081493
54259.6759675968,-36.3880152181795
54266.6716671667,-36.3771547277386
54273.6673667367,-36.366330201465
54280.6630663066,-36.3555416039511
54287.6587658766,-36.3447888997464
54294.6544654465,-36.3340720533601
54301.6501650165,-36.3233910292651
54308.6458645865,-36.3127457919001
54315.6415641564,-36.3021363056734
54322.6372637264,-36.2915625349654
54329.6329632963,-36.2810244441315
54336.6286628663,-36.2705219975052
54343.6243624362,-36.2600551594008
54350.6200620062,-36.2496238941157
54357.6157615761,-36.239228165934
54364.6114611461,-36.2288679391286
54371.6071607161,-36.2185431779639
54378.602860286,-36.2082538466981
54385.598559856,-36.1979999095866
54392.5942594259,-36.1877813308834
54399.5899589959,-36.1775980748446
54406.5856585658,-36.1674501057298
54413.5813581358,-36.1573373878053
54420.5770577058,-36.1472598853463
54427.5727572757,-36.1372175626385
54434.5684568457,-36.1272103839813
54441.5641564156,-36.1172383136894
54448.5598559856,-36.1073013160955
54455.5555555556,-36.0973993555516
54462.5512551255,-36.0875323964322
54469.5469546955,-36.0777004031354
54476.5426542654,-36.0679033400855
54483.5383538354,-36.0581411717351
54490.5340534053,-36.0484138625666
54497.5297529753,-36.0387213770943
54504.5254525453,-36.0290636798666
54511.5211521152,-36.0194407354677
54518.5168516852,-36.0098525085192
54525.5125512551,-36.0002989636822
54532.5082508251,-35.9907800656592
54539.503950395,-35.9812957791952
54546.499649965,-35.9718460690805
54553.495349535,-35.9624309001512
54560.4910491049,-35.9530502372918
54567.4867486749,-35.9437040454363
54574.4824482448,-35.93439228957
54581.4781478148,-35.9251149347309
54588.4738473847,-35.9158719460117
54595.4695469547,-35.9066632885609
54602.4652465246,-35.8974889275842
54609.4609460946,-35.8883488283465
54616.4566456646,-35.8792429561731
54623.4523452345,-35.8701712764505
54630.4480448045,-35.8611337546289
54637.4437443744,-35.8521303562228
54644.4394439444,-35.8431610468129
54651.4351435143,-35.8342257920465
54658.4308430843,-35.8253245576399
54665.4265426543,-35.8164573093789
54672.4222422242,-35.8076240131206
54679.4179417942,-35.7988246347941
54686.4136413641,-35.7900591404021
54693.4093409341,-35.7813274960221
54700.405040504,-35.7726296678071
54707.400740074,-35.7639656219875
54714.396439644,-35.7553353248714
54721.3921392139,-35.7467387428465
54728.3878387839,-35.7381758423805
54735.3835383538,-35.7296465900227
54742.3792379238,-35.7211509524046
54749.3749374937,-35.7126888962416
54756.3706370637,-35.7042603883329
54763.3663366337,-35.6958653955638
54770.3620362036,-35.6875038849056
54777.3577357736,-35.6791758234173
54784.3534353435,-35.6708811782459
54791.3491349135,-35.6626199166281
54798.3448344834,-35.6543920058902
54805.3405340534,-35.6461974134501
54812.3362336234,-35.6380361068174
54819.3319331933,-35.6299080535944
54826.3276327633,-35.6218132214771
54833.3233323332,-35.6137515782559
54840.3190319032,-35.6057230918164
54847.3147314731,-35.5977277301407
54854.3104310431,-35.5897654613072
54861.3061306131,-35.5818362534921
54868.301830183,-35.5739400749699
54875.297529753,-35.5660768941143
54882.2932293229,-35.5582466793988
54889.2889288929,-35.5504493993974
54896.2846284628,-35.5426850227852
54903.2803280328,-35.5349535183395
54910.2760276028,-35.5272548549398
54917.2717271727,-35.5195890015691
54924.2674267427,-35.5119559273142
54931.2631263126,-35.5043556013666
54938.2588258826,-35.4967879930224
54945.2545254525,-35.4892530716842
54952.2502250225,-35.4817508068602
54959.2459245925,-35.4742811681662
54966.2416241624,-35.466844125325
54973.2373237324,-35.4594396481676
54980.2330233023,-35.4520677066337
54987.2287228723,-35.4447282707723
54994.2244224422,-35.4374213107417
55001.2201220122,-35.4301467968109
55008.2158215822,-35.4229046993593
55015.2115211521,-35.4156949888774
55022.2072207221,-35.4085176359678
55029.202920292,-35.4013726113451
55036.198619862,-35.3942598858366
55043.1943194319,-35.3871794303828
55050.1900190019,-35.3801312160376
55057.1857185719,-35.3731152139692
55064.1814181418,-35.3661313954601
55071.1771177118,-35.3591797319076
55078.1728172817,-35.3522601948247
55085.1685168517,-35.3453727558397
55092.1642164216,-35.3385173866975
55099.1599159916,-35.3316940592589
55106.1556155616,-35.3249027455021
55113.1513151315,-35.3181434175226
55120.1470147015,-35.3114160475333
55127.1427142714,-35.3047206078652
55134.1384138414,-35.2980570709679
55141.1341134113,-35.2914254094095
55148.1298129813,-35.2848255958772
55155.1255125513,-35.2782576031778
55162.1212121212,-35.2717214042375
55169.1169116912,-35.2652169721029
55176.1126112611,-35.2587442799409
55183.1083108311,-35.2523033010388
55190.104010401,-35.2458940088054
55197.099709971,-35.2395163767703
55204.095409541,-35.2331703785851
55211.0911091109,-35.2268559880228
55218.0868086809,-35.2205731789788
55225.0825082508,-35.2143219254712
55232.0782078208,-35.2081022016401
55239.0739073907,-35.2019139817491
55246.0696069607,-35.1957572401849
55253.0653065306,-35.1896319514574
55260.0610061006,-35.1835380902005
55267.0567056706,-35.1774756311719
55274.0524052405,-35.1714445492535
55281.0481048105,-35.1654448194514
55288.0438043804,-35.1594764168968
55295.0395039504,-35.1535393168453
55302.0352035203,-35.1476334946779
55309.0309030903,-35.1417589259007
55316.0266026603,-35.1359155861452
55323.0223022302,-35.130103451169
55330.0180018002,-35.1243224968552
55337.0137013701,-35.1185726992132
55344.0094009401,-35.1128540343786
55351.00510051,-35.1071664786136
55358.00080008,-35.1015100083068
55364.99649965,-35.0958845999742
55371.9921992199,-35.0902902302582
55378.9878987899,-35.0847268759288
55385.9835983598,-35.079194513883
55392.9792979298,-35.073693121146
55399.9749974998,-35.0682226748699
55406.9706970697,-35.0627831523353
55413.9663966397,-35.0573745309504
55420.9620962096,-35.0519967882518
55427.9577957796,-35.0466499019045
55434.9534953495,-35.0413338497017
55441.9491949195,-35.0360486095656
55448.9448944894,-35.0307941595468
55455.9405940594,-35.0255704778249
55462.9362936294,-35.0203775427087
55469.9319931993,-35.0152153326362
55476.9276927693,-35.0100838261745
55483.9233923392,-35.0049830020203
55490.9190919092,-34.999912839
55497.9147914791,-34.9948733160694
55504.9104910491,-34.9898644123142
55511.9061906191,-34.9848861069504
55518.901890189,-34.9799383793236
55525.897589759,-34.97502120891
55532.8932893289,-34.9701345753156
55539.8889888989,-34.9652784582775
55546.8846884688,-34.9604528376628
55553.8803880388,-34.9556576934695
55560.8760876088,-34.9508930058261
55567.8717871787,-34.9461587549924
55574.8674867487,-34.9414549213587
55581.8631863186,-34.9367814854467
55588.8588858886,-34.9321384279091
55595.8545854585,-34.9275257295299
55602.8502850285,-34.9229433712248
55609.8459845985,-34.9183913340404
55616.8416841684,-34.9138695991552
55623.8373837384,-34.9093781478797
55630.8330833083,-34.9049169616554
55637.8287828783,-34.9004860220563
55644.8244824482,-34.8960853107883
55651.8201820182,-34.891714809689
55658.8158815881,-34.8873745007285
55665.8115811581,-34.8830643660089
55672.8072807281,-34.8787843877646
55679.802980298,-34.8745345483629
55686.798679868,-34.870314830303
55693.7943794379,-34.8661252162169
55700.7900790079,-34.8619656888695
55707.7857785778,-34.8578362311581
55714.7814781478,-34.8537368261131
55721.7771777178,-34.8496674568979
55728.7728772877,-34.8456281068086
55735.7685768577,-34.8416187592748
55742.7642764276,-34.8376393978588
55749.7599759976,-34.8336900062569
55756.7556755675,-34.8297705682979
55763.7513751375,-34.8258810679449
55770.7470747075,-34.8220214892938
55777.7427742774,-34.8181918165747
55784.7384738474,-34.814392034151
55791.7341734173,-34.8106221265199
55798.7298729873,-34.8068820783127
55805.7255725573,-34.8031718742945
55812.7212721272,-34.7994914993645
55819.7169716972,-34.7958409385559
55826.7126712671,-34.7922201770361
55833.7083708371,-34.7886292001068
55840.704070407,-34.7850679932042
55847.699769977,-34.7815365418988
55854.695469547,-34.7780348318957
55861.6911691169,-34.7745628490345
55868.6868686869,-34.7711205792895
55875.6825682568,-34.7677080087701
55882.6782678268,-34.7643251237202
55889.6739673967,-34.7609719105188
55896.6696669667,-34.7576483556799
55903.6653665367,-34.7543544458527
55910.6610661066,-34.7510901678214
55917.6567656766,-34.7478555085058
55924.6524652465,-34.7446504549611
55931.6481648165,-34.7414749943776
55938.6438643864,-34.7383291140816
55945.6395639564,-34.7352128015346
55952.6352635264,-34.7321260443344
55959.6309630963,-34.7290688302142
55966.6266626663,-34.7260411470433
55973.6223622362,-34.723042982827
55980.6180618062,-34.7200743257067
55987.6137613761,-34.7171351639603
55994.6094609461,-34.7142254860014
56001.605160516,-34.7113452803806
56008.600860086,-34.7084945357847
56015.596559656,-34.7056732410372
56022.5922592259,-34.7028813850983
56029.5879587959,-34.7001189570648
56036.5836583658,-34.6973859461708
56043.5793579358,-34.694682341787
56050.5750575057,-34.6920081334215
56057.5707570757,-34.6893633107196
56064.5664566457,-34.6867478634637
56071.5621562156,-34.6841617815736
56078.5578557856,-34.6816050551071
56085.5535553555,-34.6790776742591
56092.5492549255,-34.6765796293626
56099.5449544954,-34.6741109108883
56106.5406540654,-34.6716715094449
56113.5363536354,-34.6692614157792
56120.5320532053,-34.6668806207763
56127.5277527753,-34.6645291154596
56134.5234523452,-34.6622068909907
56141.5191519152,-34.65991393867
56148.5148514852,-34.6576502499366
56155.5105510551,-34.6554158163683
56162.5062506251,-34.6532106296819
56169.501950195,-34.6510346817332
56176.497649765,-34.6488879645172
56183.4933493349,-34.6467704701682
56190.4890489049,-34.6446821909599
56197.4847484748,-34.6426231193057
56204.4804480448,-34.6405932477586
56211.4761476148,-34.6385925690115
56218.4718471847,-34.6366210758971
56225.4675467547,-34.6346787613885
56232.4632463246,-34.6327656185989
56239.4589458946,-34.6308816407817
56246.4546454645,-34.6290268213313
56253.4503450345,-34.6272011537821
56260.4460446045,-34.6254046318103
56267.4417441744,-34.6236372492322
56274.4374437444,-34.6218990000056
56281.4331433143,-34.6201898782295
56288.4288428843,-34.6185098781444
56295.4245424542,-34.6168589941323
56302.4202420242,-34.6152372207169
56309.4159415942,-34.613644552564
56316.4116411641,-34.6120809844813
56323.4073407341,-34.6105465114189
56330.403040304,-34.6090411284691
56337.398739874,-34.6075648308667
56344.394439444,-34.6061176139895
56351.3901390139,-34.604699473358
56358.3858385839,-34.6033104046359
56365.3815381538,-34.60195040363
56372.3772377238,-34.6006194662907
56379.3729372937,-34.5993175887119
56386.3686368637,-34.5980447671312
56393.3643364336,-34.5968009979304
56400.3600360036,-34.5955862776353
56407.3557355736,-34.5944006029159
56414.3514351435,-34.5932439705872
56421.3471347135,-34.5921163776083
56428.3428342834,-34.5910178210838
56435.3385338534,-34.589948298263
56442.3342334233,-34.5889078065408
56449.3299329933,-34.5878963434574
56456.3256325632,-34.5869139066988
56463.3213321332,-34.5859604940971
56470.3170317032,-34.58503610363
56477.3127312731,-34.5841407334223
56484.3084308431,-34.5832743817448
56491.304130413,-34.5824370470152
56498.299829983,-34.5816287277982
56505.2955295529,-34.5808494228059
56512.2912291229,-34.5800991308975
56519.2869286929,-34.5793778510801
56526.2826282628,-34.5786855825084
56533.2783278328,-34.5780223244857
56540.2740274027,-34.5773880764632
56547.2697269727,-34.5767828380408
56554.2654265426,-34.5762066089674
56561.2611261126,-34.5756593891405
56568.2568256826,-34.5751411786075
56575.2525252525,-34.5746519775649
56582.2482248225,-34.5741917863591
56589.2439243924,-34.5737606054866
56596.2396239624,-34.5733584355942
56603.2353235323,-34.5729852774792
56610.2310231023,-34.5726411320897
56617.2267226723,-34.5723260005248
56624.2224222422,-34.5720398840352
56631.2181218122,-34.5717827840228
56638.2138213821,-34.5715547020418
56645.2095209521,-34.571355639798
56652.205220522,-34.5711855991502
56659.200920092,-34.5710445821095
56666.196619662,-34.57093259084
56673.1923192319,-34.5708496276593
56680.1880188019,-34.5707956950383
56687.1837183718,-34.5707707956018
56694.1794179418,-34.5707749321287
56701.1751175117,-34.5708081075524
56708.1708170817,-34.5708703249608
56715.1665166517,-34.5709615875971
56722.1622162216,-34.5710818988596
56729.1579157916,-34.5712312623023
56736.1536153615,-34.5714096816351
56743.1493149315,-34.5716171607242
56750.1450145015,-34.5718537035922
56757.1407140714,-34.5721193144189
56764.1364136414,-34.572413997541
56771.1321132113,-34.5727377574528
56778.1278127813,-34.5730905988064
56785.1235123512,-34.5734725264123
56792.1192119212,-34.5738835452393
56799.1149114911,-34.5743236604151
56806.1106110611,-34.5747928772266
56813.1063106311,-34.5752912011204
56820.102010201,-34.5758186377027
56827.097709771,-34.5763751927401
56834.0934093409,-34.5769608721597
56841.0891089109,-34.5775756820498
56848.0848084808,-34.5782196286597
56855.0805080508,-34.5788927184004
56862.0762076208,-34.5795949578452
56869.0719071907,-34.5803263537295
56876.0676067607,-34.5810869129517
56883.0633063306,-34.5818766425731
56890.0590059006,-34.582695549819
56897.0547054705,-34.583543642078
56904.0504050405,-34.5844209269035
56911.0461046105,-34.5853274120136
56918.0418041804,-34.586263105291
56925.0375037504,-34.5872280147844
56932.0332033203,-34.5882221487082
56939.0289028903,-34.5892455154432
56946.0246024603,-34.5902981235367
56953.0203020302,-34.5913799817034
56960.0160016002,-34.5924910988252
56967.0117011701,-34.5936314839523
56974.0074007401,-34.5948011463031
56981.00310031,-34.5960000952648
56987.99879988,-34.5972283403939
56994.9944994499,-34.5984858914166
57001.9901990199,-34.5997727582291
57008.9858985899,-34.6010889508982
57015.9815981598,-34.6024344796617
57022.9772977298,-34.603809354929
57029.9729972997,-34.6052135872812
57036.9686968697,-34.6066471874719
57043.9643964396,-34.6081101664274
57050.9600960096,-34.6096025352474
57057.9557955796,-34.6111243052053
57064.9514951495,-34.6126754877487
57071.9471947195,-34.6142560945002
57078.9428942894,-34.6158661372572
57085.9385938594,-34.6175056279929
57092.9342934293,-34.6191745788569
57099.9299929993,-34.6208730021751
57106.9256925692,-34.6226009104509
57113.9213921392,-34.6243583163651
57120.9170917092,-34.6261452327769
57127.9127912791,-34.627961672724
57134.9084908491,-34.6298076494235
57141.904190419,-34.631683176272
57148.899889989,-34.6335882668465
57155.895589559,-34.6355229349046
57162.8912891289,-34.6374871943855
57169.8869886989,-34.6394810594101
57176.8826882688,-34.6415045442814
57183.8783878388,-34.6435576634858
57190.8740874087,-34.645640431693
57197.8697869787,-34.6477528637566
57204.8654865487,-34.6498949747148
57211.8611861186,-34.6520667797914
57218.8568856886,-34.6542682943952
57225.8525852585,-34.656499534122
57232.8482848285,-34.6587605147541
57239.8439843984,-34.6610512522612
57246.8396839684,-34.6633717628014
57253.8353835384,-34.6657220627212
57260.8310831083,-34.6681021685563
57267.8267826783,-34.6705120970323
57274.8224822482,-34.6729518650654
57281.8181818182,-34.6754214897627
57288.8138813881,-34.677920988423
57295.8095809581,-34.6804503785374
57302.8052805281,-34.6830096777901
57309.800980098,-34.6855989040584
57316.796679668,-34.6882180754144
57323.7923792379,-34.6908672101246
57330.7880788079,-34.6935463266512
57337.7837783778,-34.6962554436524
57344.7794779478,-34.6989945799833
57351.7751775177,-34.7017637546964
57358.7708770877,-34.7045629870422
57365.7665766577,-34.7073922964703
57372.7622762276,-34.7102517026297
57379.7579757976,-34.7131412253693
57386.7536753675,-34.7160608847391
57393.7493749375,-34.7190107009906
57400.7450745074,-34.7219906945774
57407.7407740774,-34.7250008861562
57414.7364736474,-34.7280412965873
57421.7321732173,-34.7311119469354
57428.7278727873,-34.7342128584704
57435.7235723572,-34.7373440526677
57442.7192719272,-34.7405055512097
57449.7149714971,-34.7436973759858
57456.7106710671,-34.7469195490935
57463.7063706371,-34.7501720928391
57470.702070207,-34.7534550297386
57477.697769777,-34.7567683825181
57484.6934693469,-34.7601121741149
57491.6891689169,-34.7634864276782
57498.6848684868,-34.7668911665696
57505.6805680568,-34.7703264143645
57512.6762676268,-34.7737921948523
57519.6719671967,-34.7772885320374
57526.6676667667,-34.7808154501402
57533.6633663366,-34.7843729735975
57540.6590659066,-34.7879611270637
57547.6547654765,-34.7915799354114
57554.6504650465,-34.7952294237326
57561.6461646165,-34.7989096173387
57568.6418641864,-34.8026205417624
57575.6375637564,-34.8063622227579
57582.6332633263,-34.8101346863016
57589.6289628963,-34.8139379585938
57596.6246624662,-34.8177720660586
57603.6203620362,-34.8216370353453
57610.6160616062,-34.8255328933293
57617.6117611761,-34.8294596671129
57624.6074607461,-34.8334173840261
57631.603160316,-34.8374060716275
57638.598859886,-34.8414257577056
57645.5945594559,-34.8454764702789
57652.5902590259,-34.8495582375979
57659.5859585959,-34.8536710881451
57666.5816581658,-34.8578150506364
57673.5773577358,-34.8619901540222
57680.5730573057,-34.8661964274876
57687.5687568757,-34.8704339004544
57694.5644564456,-34.8747026025813
57701.5601560156,-34.879002563765
57708.5558555856,-34.8833338141416
57715.5515551555,-34.8876963840872
57722.5472547255,-34.8920903042187
57729.5429542954,-34.8965156053955
57736.5386538654,-34.9009723187199
57743.5343534353,-34.9054604755385
57750.5300530053,-34.9099801074428
57757.5257525753,-34.9145312462707
57764.5214521452,-34.9191139241074
57771.5171517152,-34.9237281732863
57778.5128512851,-34.9283740263901
57785.5085508551,-34.9330515162522
57792.504250425,-34.9377606759573
57799.499949995,-34.9425015388426
57806.495649565,-34.9472741384995
57813.4913491349,-34.9520785087736
57820.4870487049,-34.9569146837667
57827.4827482748,-34.9617826978378
57834.4784478448,-34.9666825856037
57841.4741474147,-34.9716143819408
57848.4698469847,-34.976578121986
57855.4655465547,-34.9815738411373
57862.4612461246,-34.9866015750563
57869.4569456946,-34.9916613596677
57876.4526452645,-34.996753231162
57883.4483448345,-35.0018772259956
57890.4440444044,-35.0070333808927
57897.4397439744,-35.012221732846
57904.4354435443,-35.0174423191183
57911.4311431143,-35.0226951772436
57918.4268426843,-35.0279803450283
57925.4225422542,-35.0332978605523
57932.4182418242,-35.0386477621709
57939.4139413941,-35.0440300885151
57946.4096409641,-35.0494448784936
57953.4053405341,-35.0548921712938
57960.401040104,-35.0603720063833
57967.396739674,-35.0658844235109
57974.3924392439,-35.0714294627081
57981.3881388139,-35.0770071642907
57988.3838383838,-35.0826175688595
57995.3795379538,-35.0882607173022
58002.3752375238,-35.0939366507944
58009.3709370937,-35.0996454108015
58016.3666366637,-35.1053870390793
58023.3623362336,-35.111161577676
58030.3580358036,-35.1169690689334
58037.3537353735,-35.1228095554883
58044.3494349435,-35.1286830802741
58051.3451345134,-35.1345896865217
58058.3408340834,-35.1405294177619
58065.3365336534,-35.1465023178257
58072.3322332233,-35.1525084308469
58079.3279327933,-35.1585478012626
58086.3236323632,-35.1646204738153
58093.3193319332,-35.1707264935544
58100.3150315032,-35.1768659058373
58107.3107310731,-35.1830387563315
58114.3064306431,-35.1892450910153
58121.302130213,-35.1954849561805
58128.297829783,-35.2017583984329
58135.2935293529,-35.2080654646945
58142.2892289229,-35.2144062022049
58149.2849284929,-35.2207806585228
58156.2806280628,-35.227188881528
58163.2763276328,-35.2336309194223
58170.2720272027,-35.2401068207321
58177.2677267727,-35.2466166343093
58184.2634263426,-35.2531604093331
58191.2591259126,-35.2597381953121
58198.2548254826,-35.2663500420853
58205.2505250525,-35.2729959998246
58212.2462246225,-35.2796761190359
58219.2419241924,-35.2863904505611
58226.2376237624,-35.2931390455798
58233.2333233323,-35.299921955611
58240.2290229023,-35.3067392325149
58247.2247224722,-35.313590928495
58254.2204220422,-35.3204770960994
58261.2161216122,-35.3273977882229
58268.2118211821,-35.3343530581088
58275.2075207521,-35.3413429593506
58282.203220322,-35.3483675458944
58289.198919892,-35.3554268720399
58296.1946194619,-35.3625209924431
58303.1903190319,-35.3696499621177
58310.1860186019,-35.3768138364373
58317.1817181718,-35.3840126711372
58324.1774177418,-35.3912465223165
58331.1731173117,-35.3985154464398
58338.1688168817,-35.4058195003395
58345.1645164516,-35.4131587412177
58352.1602160216,-35.4205332266481
58359.1559155915,-35.427943014578
58366.1516151615,-35.4353881633307
58373.1473147315,-35.4428687316074
58380.1430143014,-35.4503847784889
58387.1387138714,-35.4579363634383
58394.1344134413,-35.465523546303
58401.1301130113,-35.4731463873162
58408.1258125812,-35.4808049471001
58415.1215121512,-35.4884992866671
58422.1172117212,-35.4962294674227
58429.1129112911,-35.5039955511674
58436.1086108611,-35.5117976000988
58443.104310431,-35.5196356768143
58450.100010001,-35.5275098443126
58457.095709571,-35.5354201659971
58464.0914091409,-35.5433667056769
58471.0871087109,-35.5513495275704
58478.0828082808,-35.5593686963064
58485.0785078508,-35.5674242769277
58492.0742074207,-35.5755163348924
58499.0699069907,-35.5836449360771
58506.0656065607,-35.5918101467787
58513.0613061306,-35.6000120337174
58520.0570057006,-35.6082506640387
58527.0527052705,-35.6165261053163
58534.0484048405,-35.624838425554
58541.0441044104,-35.6331876931891
58548.0398039804,-35.641573977094
58555.0355035504,-35.6499973465795
58562.0312031203,-35.658457871397
58569.0269026903,-35.6669556217413
58576.0226022602,-35.675490668253
58583.0183018302,-35.6840630820215
58590.0140014001,-35.6926729345873
58597.0097009701,-35.701320297945
58604.0054005401,-35.710005244546
58611.00110011,-35.7187278473008
58617.99679968,-35.7274881795826
58624.9924992499,-35.7362863152294
58631.9881988199,-35.7451223285469
58638.9838983898,-35.7539962943118
58645.9795979598,-35.762908287774
58652.9752975298,-35.7718583846601
58659.9709970997,-35.7808466611761
58666.9666966697,-35.78987319401
58673.9623962396,-35.7989380603354
58680.9580958096,-35.808041337814
58687.9537953795,-35.8171831045988
58694.9494949495,-35.8263634393371
58701.9451945194,-35.8355824211737
58708.9408940894,-35.8448401297538
58715.9365936594,-35.8541366452262
58722.9322932293,-35.8634720482467
58729.9279927993,-35.8728464199809
58736.9236923692,-35.8822598421074
58743.9193919392,-35.8917123968215
58750.9150915092,-35.901204166838
58757.9107910791,-35.9107352353948
58764.9064906491,-35.9203056862559
58771.902190219,-35.9299156037151
58778.897889789,-35.9395650725991
58785.8935893589,-35.9492541782713
58792.8892889289,-35.9589830066346
58799.8849884989,-35.9687516441354
58806.8806880688,-35.9785601777672
58813.8763876388,-35.9884086950735
58820.8720872087,-35.9982972841521
58827.8677867787,-36.0082260336581
58834.8634863486,-36.0181950328078
58841.8591859186,-36.0282043713826
58848.8548854885,-36.0382541397323
58855.8505850585,-36.0483444287789
58862.8462846285,-36.0584753300206
58869.8419841984,-36.0686469355353
58876.8376837684,-36.0788593379847
58883.8333833383,-36.0891126306181
58890.8290829083,-36.0994069072759
58897.8247824782,-36.1097422623942
58904.8204820482,-36.1201187910085
58911.8161816182,-36.1305365887575
58918.8118811881,-36.1409957518872
58925.8075807581,-36.1514963772556
58932.803280328,-36.1620385623356
58939.798979898,-36.1726224052205
58946.7946794679,-36.1832480046273
58953.7903790379,-36.1939154599013
58960.7860786079,-36.2046248710201
58967.7817781778,-36.2153763385984
58974.7774777478,-36.2261699638918
58981.7731773177,-36.2370058488017
58988.7688768877,-36.2478840958793
58995.7645764576,-36.2588048083303
59002.7602760276,-36.2697680900194
59009.7559755976,-36.2807740454749
59016.7516751675,-36.2918227798933
59023.7473747375,-36.3029143991437
59030.7430743074,-36.314049009773
59037.7387738774,-36.32522671901
59044.7344734473,-36.3364476347709
59051.7301730173,-36.3477118656633
59058.7258725873,-36.3590195209918
59065.7215721572,-36.3703707107626
59072.7172717272,-36.3817655456884
59079.7129712971,-36.3932041371937
59086.7086708671,-36.4046865974193
59093.7043704371,-36.4162130392282
59100.700070007,-36.42778357621
59107.695769577,-36.4393983226866
59114.6914691469,-36.4510573937173
59121.6871687169,-36.4627609051041
59128.6828682868,-36.4745089733969
59135.6785678568,-36.4863017158992
59142.6742674268,-36.4981392506735
59149.6699669967,-36.5100216965467
59156.6656665667,-36.5219491731155
59163.6613661366,-36.5339218007527
59170.6570657066,-36.5459397006119
59177.6527652765,-36.558002994634
59184.6484648465,-36.5701118055529
59191.6441644164,-36.5822662569008
59198.6398639864,-36.5944664730149
59205.6355635564,-36.6067125790427
59212.6312631263,-36.6190047009483
59219.6269626963,-36.6313429655185
59226.6226622662,-36.6437275003689
59233.6183618362,-36.6561584339501
59240.6140614061,-36.6686358955538
59247.6097609761,-36.6811600153196
59254.6054605461,-36.6937309242409
59261.601160116,-36.7063487541713
59268.596859686,-36.7190136378318
59275.5925592559,-36.7317257088165
59282.5882588259,-36.7444851016001
59289.5839583958,-36.7572919515437
59296.5796579658,-36.7701463949025
59303.5753575357,-36.783048568832
59310.5710571057,-36.7959986113952
59317.5667566757,-36.8089966615695
59324.5624562456,-36.8220428592539
59331.5581558156,-36.8351373452758
59338.5538553855,-36.8482802613988
59345.5495549555,-36.8614717503294
59352.5452545254,-36.8747119557246
59359.5409540954,-36.8880010221994
59366.5366536654,-36.9013390953341
59373.5323532353,-36.9147263216819
59380.5280528053,-36.928162848777
59387.5237523752,-36.9416488251419
59394.5194519452,-36.9551844002951
59401.5151515151,-36.9687697247597
59408.5108510851,-36.9824049500703
59415.5065506551,-36.9960902287823
59422.502250225,-37.0098257144791
59429.497949795,-37.0236115617809
59436.4936493649,-37.0374479263526
59443.4893489349,-37.0513349649127
59450.4850485048,-37.0652728352413
59457.4807480748,-37.0792616961893
59464.4764476448,-37.0933017076861
59471.4721472147,-37.1073930307496
59478.4678467847,-37.1215358274941
59485.4635463546,-37.13573026114
59492.4592459246,-37.149976496022
59499.4549454945,-37.1642746975992
59506.4506450645,-37.1786250324636
59513.4463446345,-37.19302766835
59520.4420442044,-37.207482774145
59527.4377437744,-37.2219905198969
59534.4334433443,-37.2365510768253
59541.4291429143,-37.2511646173306
59548.4248424842,-37.2658313150042
59555.4205420542,-37.2805513446384
59562.4162416242,-37.2953248822363
59569.4119411941,-37.3101521050224
59576.4076407641,-37.3250331914521
59583.403340334,-37.3399683212235
59590.399039904,-37.3549576752864
59597.394739474,-37.370001435854
59604.3904390439,-37.3850997864131
59611.3861386139,-37.4002529117356
59618.3818381838,-37.4154609978889
59625.3775377538,-37.4307242322474
59632.3732373237,-37.4460428035032
59639.3689368937,-37.4614169016787
59646.3646364636,-37.4768467181365
59653.3603360336,-37.4923324455926
59660.3560356036,-37.507874278127
59667.3517351735,-37.523472411196
59674.3474347435,-37.5391270416447
59681.3431343134,-37.5548383677184
59688.3388338834,-37.5706065890753
59695.3345334533,-37.5864319067992
59702.3302330233,-37.6023145234115
59709.3259325933,-37.6182546428845
59716.3216321632,-37.6342524706539
59723.3173317332,-37.6503082136322
59730.3130313031,-37.6664220802212
59737.3087308731,-37.6825942803264
59744.304430443,-37.6988250253692
59751.300130013,-37.7151145283021
59758.295829583,-37.7314630036209
59765.2915291529,-37.7478706673796
59772.2872287229,-37.7643377372045
59779.2829282928,-37.7808644323082
59786.2786278628,-37.7974509735042
59793.2743274327,-37.8140975832214
59800.2700270027,-37.830804485519
59807.2657265727,-37.8475719061016
59814.2614261426,-37.8644000723342
59821.2571257126,-37.8812892132577
59828.2528252825,-37.8982395596039
59835.2485248525,-37.9152513438119
59842.2442244224,-37.9323248000435
59849.2399239924,-37.9494601641996
59856.2356235624,-37.9666576739361
59863.2313231323,-37.9839175686805
59870.2270227023,-38.001240089649
59877.2227222722,-38.0186254798628
59884.2184218422,-38.0360739841652
59891.2141214121,-38.0535858492391
59898.2098209821,-38.0711613236245
59905.2055205521,-38.0888006577363
59912.201220122,-38.1065041038816
59919.196919692,-38.1242719162785
59926.1926192619,-38.1421043510742
59933.1883188319,-38.1600016663635
59940.1840184018,-38.177964122208
59947.1797179718,-38.1959919806543
59954.1754175418,-38.2140855057545
59961.1711171117,-38.2322449635843
59968.1668166817,-38.2504706222644
59975.1625162516,-38.2687627519787
59982.1582158216,-38.2871216249962
59989.1539153915,-38.3055475156902
59996.1496149615,-38.3240407005603
60003.1453145315,-38.3426014582522
60010.1410141014,-38.3612300695799
60017.1367136714,-38.379926817547
60024.1324132413,-38.3986919873683
60031.1281128113,-38.4175258664923
60038.1238123812,-38.4364287446234
60045.1195119512,-38.4554009137446
60052.1152115212,-38.4744426681405
60059.1109110911,-38.4935543044207
60066.1066106611,-38.512736121543
60073.102310231,-38.531988420838
60080.098009801,-38.5513115060323
60087.0937093709,-38.570705683274
60094.0894089409,-38.590171261157
60101.0851085109,-38.6097085507459
60108.0808080808,-38.6293178656024
60115.0765076508,-38.6489995218099
60122.0722072207,-38.6687538380008
60129.0679067907,-38.6885811353822
60136.0636063606,-38.7084817377631
60143.0593059306,-38.7284559715819
60150.0550055006,-38.748504165933
60157.0507050705,-38.7686266525958
60164.0464046405,-38.7888237660627
60171.0421042104,-38.8090958435673
60178.0378037804,-38.829443225114
60185.0335033503,-38.8498662535075
60192.0292029203,-38.8703652743825
60199.0249024902,-38.8909406362337
60206.0206020602,-38.9115926904469
60213.0163016302,-38.93232179133
60220.0120012001,-38.9531282961447
60227.0077007701,-38.9740125651382
60234.00340034,-38.9949749615754
60240.99909991,-39.0160158517722
60247.9947994799,-39.0371356051286
60254.9904990499,-39.0583345941629
60261.9861986199,-39.0796131945449
60268.9818981898,-39.1009717851315
60275.9775977598,-39.122410748002
60282.9732973297,-39.143930468493
60289.9689968997,-39.165531335235
60296.9646964696,-39.1872137401896
60303.9603960396,-39.2089780786858
60310.9560956096,-39.2308247494585
60317.9517951795,-39.2527541546863
60324.9474947495,-39.2747667000307
60331.9431943194,-39.2968627946752
60338.9388938894,-39.3190428513655
60345.9345934593,-39.3413072864495
60352.9302930293,-39.3636565199195
60359.9259925993,-39.3860909754526
60366.9216921692,-39.408611080454
60373.9173917392,-39.4312172660992
60380.9130913091,-39.4539099673783
60387.9087908791,-39.4766896231394
60394.904490449,-39.4995566761343
60401.900190019,-39.522511573063
60408.895889589,-39.5455547646207
60415.8915891589,-39.5686867055442
60422.8872887289,-39.5919078546599
60429.8829882988,-39.6152186749312
60436.8786878688,-39.6386196335084
60443.8743874387,-39.6621112017783
60450.8700870087,-39.6856938554135
60457.8657865787,-39.7093680744254
60464.8614861486,-39.7331343432149
60471.8571857186,-39.7569931506253
60478.8528852885,-39.7809449899969
60485.8485848585,-39.8049903592197
60492.8442844284,-39.8291297607904
60499.8399839984,-39.8533637018671
60506.8356835684,-39.877692694327
60513.8313831383,-39.9021172548242
60520.8270827083,-39.9266379048479
60527.8227822782,-39.9512551707822
60534.8184818482,-39.9759695839676
60541.8141814181,-40.0007816807608
60548.8098809881,-40.0256920025985
60555.805580558,-40.0507010960604
60562.801280128,-40.0758095129338
60569.796979698,-40.1010178102785
60576.7926792679,-40.126326550494
60583.7883788379,-40.151736301387
60590.7840784078,-40.1772476362397
60597.7797779778,-40.2028611338796
60604.7754775478,-40.2285773787506
60611.7711771177,-40.2543969609847
60618.7668766877,-40.2803204764759
60625.7625762576,-40.3063485269533
60632.7582758276,-40.332481720058
60639.7539753975,-40.3587206694192
60646.7496749675,-40.3850659947321
60653.7453745375,-40.411518321838
60660.7410741074,-40.438078282804
60667.7367736774,-40.464746516006
60674.7324732473,-40.4915236662114
60681.7281728173,-40.5184103846643
60688.7238723872,-40.5454073291708
60695.7195719572,-40.5725151641877
60702.7152715271,-40.5997345609114
60709.7109710971,-40.6270661973674
60716.7066706671,-40.654510758504
60723.702370237,-40.6820689362849
60730.698069807,-40.7097414297851
60737.6937693769,-40.7375289452875
60744.6894689469,-40.7654321963812
60751.6851685168,-40.7934519040629
60758.6808680868,-40.8215887968378
60765.6765676568,-40.8498436108238
60772.6722672267,-40.8782170898572
60779.6679667967,-40.9067099856004
60786.6636663666,-40.9353230576506
60793.6593659366,-40.9640570736515
60800.6550655066,-40.9929128094063
60807.6507650765,-41.0218910489935
60814.6464646465,-41.0509925848837
60821.6421642164,-41.0802182180586
60828.6378637864,-41.1095687581337
60835.6335633563,-41.1390450234809
60842.6292629263,-41.1686478413549
60849.6249624963,-41.1983780480217
60856.6206620662,-41.2282364888886
60863.6163616362,-41.2582240186375
60870.6120612061,-41.2883415013603
60877.6077607761,-41.3185898106965
60884.603460346,-41.3489698299738
60891.599159916,-41.3794824523514
60898.594859486,-41.4101285809648
60905.5905590559,-41.4409091290754
60912.5862586259,-41.4718250202203
60919.5819581958,-41.5028771883677
60926.5776577658,-41.534066578073
60933.5733573357,-41.5653941446385
60940.5690569057,-41.5968608542768
60947.5647564757,-41.6284676842768
60954.5604560456,-41.6602156231729
60961.5561556156,-41.6921056709175
60968.5518551855,-41.7241388390559
60975.5475547555,-41.7563161509073
60982.5432543254,-41.7886386417457
60989.5389538954,-41.8211073589875
60996.5346534654,-41.8537233623808
61003.5303530353,-41.8864877241986
61010.5260526053,-41.9194015294375
61017.5217521752,-41.9524658760182
61024.5174517452,-41.9856818749907
61031.5131513151,-42.0190506507448
61038.5088508851,-42.0525733412229
61045.504550455,-42.0862510981384
61052.500250025,-42.1200850871989
61059.495949595,-42.1540764883313
61066.4916491649,-42.1882264959152
61073.4873487349,-42.2225363190184
61080.4830483048,-42.2570071816386
61087.4787478748,-42.291640322949
61094.4744474447,-42.3264369975497
61101.4701470147,-42.361398475725
61108.4658465847,-42.3965260437045
61115.4615461546,-42.4318210039309
61122.4572457246,-42.4672846753327
61129.4529452945,-42.5029183936034
61136.4486448645,-42.5387235114863
61143.4443444344,-42.574701399065
61150.4400440044,-42.6108534440611
61157.4357435744,-42.6471810521368
61164.4314431443,-42.6836856472059
61171.4271427143,-42.7203686717501
61178.4228422842,-42.7572315871429
61185.4185418542,-42.7942758739806
61192.4142414241,-42.8315030324197
61199.4099409941,-42.8689145825236
61206.4056405641,-42.9065120646153
61213.401340134,-42.9442970396381
61220.397039704,-42.9822710895262
61227.3927392739,-43.0204358175806
61234.3884388439,-43.0587928488568
61241.3841384138,-43.097343830559
61248.3798379838,-43.1360904324438
61255.3755375538,-43.1750343472338
61262.3712371237,-43.2141772910402
61269.3669366937,-43.2535210037956
61276.3626362636,-43.2930672496961
61283.3583358336,-43.3328178176543
61290.3540354035,-43.3727745217634
61297.3497349735,-43.4129392017708
61304.3454345435,-43.4533137235647
61311.3411341134,-43.4938999796707
61318.3368336834,-43.5346998897618
61325.3325332533,-43.5757154011787
61332.3282328233,-43.6169484894655
61339.3239323932,-43.6584011589145
61346.3196319632,-43.7000754431289
61353.3153315332,-43.7419734055951
61360.3110311031,-43.7840971402724
61367.3067306731,-43.8264487721942
61374.302430243,-43.8690304580872
61381.298129813,-43.9118443870046
61388.2938293829,-43.9548927809733
61395.2895289529,-43.9981778956632
61402.2852285229,-44.0417020210656
61409.2809280928,-44.085467482196
61416.2766276628,-44.1294766398109
61423.2723272327,-44.1737318911439
61430.2680268027,-44.2182356706617
61437.2637263726,-44.2629904508391
61444.2594259426,-44.3079987429542
61451.2551255126,-44.353263097905
61458.2508250825,-44.3987861070474
61465.2465246525,-44.4445704030552
61472.2422242224,-44.4906186608043
61479.2379237924,-44.5369335982779
61486.2336233623,-44.5835179774999
61493.2293229323,-44.6303746054918
61500.2250225022,-44.6775063352543
61507.2207220722,-44.7249160667782
61514.2164216422,-44.7726067480831
61521.2121212121,-44.8205813762831
61528.2078207821,-44.8688429986846
61535.203520352,-44.9173947139128
61542.199219922,-44.9662396730714
61549.1949194919,-45.0153810809358
61556.1906190619,-45.0648221971783
61563.1863186319,-45.1145663376306
61570.1820182018,-45.1646168755815
61577.1777177718,-45.2149772431132
61584.1734173417,-45.2656509324762
61591.1691169117,-45.3166414975053
61598.1648164816,-45.3679525550764
61605.1605160516,-45.419587786607
61612.1562156216,-45.4715509396035
61619.1519151915,-45.5238458292521
61626.1476147615,-45.5764763400607
61633.1433143314,-45.6294464275483
61640.1390139014,-45.682760119989
61647.1347134713,-45.7364215202082
61654.1304130413,-45.7904348074342
61661.1261126113,-45.8448042392091
61668.1218121812,-45.8995341533593
61675.1175117512,-45.9546289700284
61682.1132113211,-46.0100931937739
61689.1089108911,-46.0659314157335
61696.104610461,-46.1221483158587
61703.100310031,-46.1787486652231
61710.096009601,-46.2357373284044
61717.0917091709,-46.293119265947
61724.0874087409,-46.3508995369036
61731.0831083108,-46.4090833014646
61738.0788078808,-46.4676758236722
61745.0745074507,-46.5266824742298
61752.0702070207,-46.5861087334053
61759.0659065907,-46.645960194034
61766.0616061606,-46.706242564625
61773.0573057306,-46.766961672576
61780.0530053005,-46.8281234675016
61787.0487048705,-46.8897340246756
61794.0444044405,-46.9517995486008
61801.0401040104,-47.0143263766999
61808.0358035804,-47.0773209831455
61815.0315031503,-47.1407899828255
61822.0272027203,-47.2047401354532
61829.0229022902,-47.2691783498304
61836.0186018602,-47.3341116882689
61843.0143014301,-47.3995473711741
61850.0100010001,-47.4654927818037
61857.0057005701,-47.5319554712073
61864.00140014,-47.5989431633522
61870.99709971,-47.6664637604492
61877.9927992799,-47.7345253484835
61884.9884988499,-47.8031362029614
61891.9841984198,-47.8723047948853
61898.9798979898,-47.9420397969667
61905.9755975598,-48.0123500900825
61912.9712971297,-48.0832447699997
61919.9669966997,-48.154733154368
61926.9626962696,-48.226824790002
61933.9583958396,-48.2995294604632
61940.9540954095,-48.3728571939602
61947.9497949795,-48.4468182715786
61954.9454945495,-48.5214232358619
61961.9411941194,-48.5966828997597
61968.9368936894,-48.6726083559615
61975.9325932593,-48.7492109866334
61982.9282928293,-48.8265024735904
61989.9239923992,-48.9044948089106
61996.9196919692,-48.9832003060291
62003.9153915392,-49.0626316113307
62010.9110911091,-49.1428017162686
62017.9067906791,-49.2237239700417
62024.902490249,-49.305412092859
62031.898189819,-49.3878801898232
62038.8938893889,-49.4711427654708
62045.8895889589,-49.5552147390042
62052.8852885289,-49.640111460259
62059.8809880988,-49.7258487264448
62066.8766876688,-49.8124427997072
62073.8723872387,-49.8999104255624
62080.8680868087,-49.9882688522512
62087.8637863786,-50.0775358510721
62094.8594859486,-50.1677297377554
62101.8551855186,-50.258869394935
62108.8508850885,-50.3509742957928
62115.8465846585,-50.4440645289513
62122.8422842284,-50.5381608246874
62129.8379837984,-50.6332845825568
62136.8336833683,-50.7294579005218
62143.8293829383,-50.8267036056758
62150.8250825083,-50.9250452866836
62157.8207820782,-51.0245073280333
62164.8164816482,-51.1251149462445
62171.8121812181,-51.2268942281508
62178.8078807881,-51.3298721714111
62185.803580358,-51.4340767274018
62192.799279928,-51.5395368466634
62199.794979498,-51.6462825270828
62206.7906790679,-51.7543448650097
62213.7863786379,-51.8637561095319
62220.7820782078,-51.9745497201349
62227.7777777778,-52.0867604280107
62234.7734773477,-52.2004243012958
62241.7691769177,-52.3155788145318
62248.7648764877,-52.4322629226986
62255.7605760576,-52.550517140175
62262.7562756276,-52.6703836250205
62269.7519751975,-52.7919062690268
62276.7476747675,-52.9151307940065
62283.7433743374,-53.0401048548476
62290.7390739074,-53.1668781499164
62297.7347734773,-53.2955025394361
62304.7304730473,-53.4260321725457
62311.7261726173,-53.558523623812
62318.7218721872,-53.6930360400547
62325.7175717572,-53.8296312984133
62332.7132713271,-53.9683741767276
62339.7089708971,-54.1093325373764
62346.704670467,-54.2525775258731
62353.700370037,-54.3981837856701
62360.696069607,-54.5462296907521
62367.6917691769,-54.6967975978485
62374.6874687469,-54.8499741202363
62381.6831683168,-55.0058504254169
62388.6788678868,-55.1645225591737
62395.6745674567,-55.326091798873
62402.6702670267,-55.4906650392076
62409.6659665967,-55.6583552140082
62416.6616661666,-55.8292817582397
62423.6573657366,-56.0035711148334
62430.6530653065,-56.1813572916424
62437.6487648765,-56.3627824745853
62444.6444644464,-56.5479977038445
62451.6401640164,-56.7371636210501
62458.6358635864,-56.9304512964968
62465.6315631563,-57.1280431468636
62472.6272627263,-57.3301339554725
62479.6229622962,-57.5369320090623
62486.6186618662,-57.7486603672952
62493.6143614361,-57.965558283842
62500.6100610061,-58.1878828011667
62507.6057605761,-58.4159105447907
62514.601460146,-58.6499397475236
62521.597159716,-58.8902925395122
62528.5928592859,-59.1373175466381
62535.5885588559,-59.3913928478513
62542.5842584258,-59.6529293517539
62549.5799579958,-59.9223746648324
62556.5756575658,-60.2002175383543
62563.5713571357,-60.4869929992023
62570.5670567057,-60.783288292381
62577.5627562756,-61.0897497910048
62584.5584558456,-61.4070910646238
62591.5541554155,-61.7361023407413
62598.5498549855,-62.0776616499179
62605.5455545555,-62.4327480149936
62612.5412541254,-62.8024571340299
62619.5369536954,-63.1880201197056
62626.5326532653,-63.590826001628
62633.5283528353,-64.0124488800883
62640.5240524052,-64.4546808487553
62647.5197519752,-64.9195720873998
62654.5154515452,-65.409479866808
62661.5111511151,-65.9271285950417
62668.5068506851,-66.4756834187575
62675.502550255,-67.0588401407498
62682.498249825,-67.6809339917424
62689.4939493949,-68.3470683131056
62696.4896489649,-69.0632596377169
62703.4853485349,-69.8365837425287
62710.4810481048,-70.6752779988088
62717.4767476748,-71.5886849996201
62724.4724472447,-72.5867538777215
62731.4681468147,-73.6784122962168
62738.4638463846,-74.8671728856773
62745.4595459546,-76.1402641808627
62752.4552455245,-77.4441524712689
62759.4509450945,-78.6399810840113
62766.4466446645,-79.4657719373558
62773.4423442344,-79.6245856678972
62780.4380438044,-79.0468782458878
62787.4337433743,-77.9703607636135
62794.4294429443,-76.6942883021344
62801.4251425143,-75.4061333357579
62808.4208420842,-74.1876093716169
62815.4165416542,-73.06395995149
62822.4122412241,-72.0363897700632
62829.4079407941,-71.097385427598
62836.403640364,-70.2371126258892
62843.399339934,-69.4458827085583
62850.3950395039,-68.7149894423577
62857.3907390739,-68.0368950700644
62864.3864386439,-67.4051720113967
62871.3821382138,-66.8143664720364
62878.3778377838,-66.2598500167494
62885.3735373537,-65.737683388769
62892.3692369237,-65.2444996473077
62899.3649364937,-64.777406881454
62906.3606360636,-64.3339083405819
62913.3563356336,-63.9118372236299
62920.3520352035,-63.5093034843422
62927.3477347735,-63.1246503624707
62934.3434343434,-62.7564187461312
62941.3391339134,-62.4033178328645
62948.3348334834,-62.0642008640943
62955.3305330533,-61.7380449578075
62962.3262326233,-61.4239342644419
62969.3219321932,-61.12104582911
62976.3176317632,-60.8286376680873
62983.3133313331,-60.5460386654112
62990.3090309031,-60.2726399728571
62997.304730473,-60.0078876574814
63004.300430043,-59.7512763892608
63011.296129613,-59.5023439998066
63018.2918291829,-59.2606667737495
63025.2875287529,-59.0258553590819
63032.2832283228,-58.7975512024403
63039.2789278928,-58.5754234314333
63046.2746274627,-58.3591661190981
63053.2703270327,-58.1484958761542
63060.2660266027,-57.9431497255246
63067.2617261726,-57.742883220654
63074.2574257426,-57.5474687751413
63081.2531253125,-57.3566941760742
63088.2488248825,-57.1703612575743
63095.2445244524,-56.9882847144306
63102.2402240224,-56.8102910386159
63109.2359235924,-56.6362175638425
63116.2316231623,-56.4659116053873
63123.2273227323,-56.2992296841054
63130.2230223022,-56.1360368250723
63137.2187218722,-55.9762059224565
63144.2144214421,-55.8196171633923
63151.2101210121,-55.6661575044502
63158.2058205821,-55.5157201951548
63165.201520152,-55.3682043436506
63172.197219722,-55.2235145201736
63179.1929192919,-55.0815603945818
63186.1886188619,-54.9422564045222
63193.1843184318,-54.8055214513085
63200.1800180018,-54.6712786208331
63207.1757175718,-54.5394549271907
63214.1714171417,-54.4099810769046
63221.1671167117,-54.2827912519019
63228.1628162816,-54.1578229095758
63235.1585158516,-54.0350165984395
63242.1542154215,-53.9143157880374
63249.1499149915,-53.7956667119261
63256.1456145615,-53.6790182226477
63263.1413141314,-53.5643216577288
63270.1370137014,-53.4515307158467
63277.1327132713,-53.3406013423708
63284.1284128413,-53.231491623593
63291.1241124112,-53.1241616890016
63298.1198119812,-53.0185736210431
63305.1155115511,-52.9146913718428
63312.1112111211,-52.8124806864474
63319.1069106911,-52.7119090321554
63326.102610261,-52.6129455335896
63333.098309831,-52.515560913143
63340.0940094009,-52.4197274365556
63347.0897089709,-52.3254188633193
63354.0854085408,-52.2326104016957
63361.0811081108,-52.1412786681546
63368.0768076808,-52.051401651051
63375.0725072507,-51.9629586783906
63382.0682068207,-51.8759303895764
63389.0639063906,-51.7902987110233
63396.0596059606,-51.706046835575
63403.0553055306,-51.6231592056674
63410.0510051005,-51.5416215002154
63417.0467046705,-51.4614206252113
63424.0424042404,-51.3825447080547
63431.0381038104,-51.3049830956548
63438.0338033803,-51.2287263563733
63445.0295029503,-51.1537662858951
63452.0252025202,-51.080095917143
63459.0209020902,-51.0077095343958
63466.0166016602,-50.9366026917699
63473.0123012301,-50.8667722362912
63480.0080008001,-50.7982163357897
63487.00370037,-50.7309345119173
63493.99939994,-50.6649276786075
63500.99509951,-50.6001981863594
63507.9907990799,-50.5367498727717
63514.9864986499,-50.4745881198277
63521.9821982198,-50.4137199184722
63528.9778977898,-50.354153941123
63535.9735973597,-50.2959006228227
63542.9692969297,-50.2389722518481
63549.9649964996,-50.1833830706833
63556.9606960696,-50.1291493884108
63563.9563956396,-50.0762897056788
63570.9520952095,-50.0248248535973
63577.9477947795,-49.974778148082
63584.9434943494,-49.9261755613633
63591.9391939194,-49.8790459126439
63598.9348934893,-49.8334210801485
63605.9305930593,-49.7893362371415
63612.9262926293,-49.7468301148572
63619.9219921992,-49.7059452957268
63626.9176917692,-49.666728540802
63633.9133913391,-49.629231155855
63640.9090909091,-49.5935094013586
63647.904790479,-49.5596249523464
63654.900490049,-49.5276454151631
63661.896189619,-49.4976449092274
63668.8918891889,-49.4697047233471
63675.8875887589,-49.4439140577218
63682.8832883288,-49.4203708647675
63689.8789878988,-49.3991828042176
63696.8746874687,-49.380468330835
63703.8703870387,-49.3643579364687
63710.8660866087,-49.350995572415
63717.8617861786,-49.3405402831271
63724.8574857486,-49.3331680885909
63731.8531853185,-49.3290741604226
63738.8488848885,-49.3284753463093
63745.8445844584,-49.3316131093114
63752.8402840284,-49.338756963487
63759.8359835984,-49.3502085060203
63766.8316831683,-49.366306169815
63773.8273827383,-49.387430850734
63780.8230823082,-49.4140126024263
63787.8187818782,-49.4465386416669
63794.8144814481,-49.4855629720828
63801.8101810181,-49.5317180190646
63808.8058805881,-49.5857287806547
63815.801580158,-49.6484301478791
63822.797279728,-49.7207882470385
63829.7929792979,-49.8039269249877
63836.7886788679,-49.8991608635422
63843.7843784378,-50.0080373092818
63850.7800780078,-50.132389094761
63857.7757775777,-50.2744025832119
63864.7714771477,-50.4367054973757
63871.7671767177,-50.6224814341311
63878.7628762876,-50.8356203859115
63885.7585758576,-51.0809179259312
63892.7542754275,-51.364339784946
63899.7499749975,-51.6933724399141
63906.7456745675,-52.0774804507659
63913.7413741374,-52.5286756882161
63920.7370737074,-53.062134471054
63927.7327732773,-53.6965559418711
63934.7284728473,-54.453150506783
63941.7241724172,-55.3495111243111
63948.7198719872,-56.3762297263327
63955.7155715572,-57.4218733499957
63962.7112711271,-58.0998070264634
63969.7069706971,-57.6948808960656
63976.702670267,-55.9001753921607
63983.698369837,-53.2949677205004
63990.6940694069,-50.479267426669
63997.6897689769,-47.6879218590747
64004.6854685468,-44.9638315435202
64011.6811681168,-42.3010552426629
64018.6768676868,-39.7176796166438
64025.6725672567,-37.3216584109874
64032.6682668267,-35.377702708561
64039.6639663966,-34.2406244172031
64046.6596659666,-34.0217324254142
64053.6553655365,-34.4340243502869
64060.6510651065,-35.1084045614128
64067.6467646765,-35.8238168822143
64074.6424642464,-36.4897800663487
64081.6381638164,-37.0801835289071
64088.6338633863,-37.5942066314757
64095.6295629563,-38.0393921414999
64102.6252625262,-38.4251157327589
64109.6209620962,-38.7602785899164
64116.6166616662,-39.0526281301301
64123.6123612361,-39.3086795166524
64130.6080608061,-39.533838693858
64137.603760376,-39.7325747434197
64144.599459946,-39.9085865200693
64151.5951595159,-40.0649465313295
64158.5908590859,-40.2042194697949
64165.5865586559,-40.3285578359
64172.5822582258,-40.439778410923
64179.5779577958,-40.539423275675
64186.5736573657,-40.62880855908
64193.5693569357,-40.7090635109671
64200.5650565056,-40.7811619570873
64207.5607560756,-40.8459477482914
64214.5564556456,-40.9041554598129
64221.5521552155,-40.9564273182209
64228.5478547855,-41.0033271181242
64235.5435543554,-41.045351724541
64242.5392539254,-41.0829406287739
64249.5349534953,-41.1164839267845
64256.5306530653,-41.1463290124799
64263.5263526353,-41.1727862188344
64270.5220522052,-41.196133593295
64277.5177517752,-41.2166209574822
64284.5134513451,-41.2344733724736
64291.5091509151,-41.249894108203
64298.504850485,-41.2630671974107
64305.500550055,-41.2741596400933
64312.4962496249,-41.2833233127759
64319.4919491949,-41.2906966275296
64326.4876487649,-41.2964059780561
64333.4833483348,-41.3005670039491
64340.4790479048,-41.3032856991776
64347.4747474747,-41.3046593866749
64354.4704470447,-41.3047775774773
64361.4661466147,-41.3037227300246
64368.4618461846,-41.3015709228674
64375.4575457546,-41.2983924520649
64382.4532453245,-41.2942523629075
64389.4489448945,-41.2892109242213
64396.4446444644,-41.2833240523472
64403.4403440344,-41.2766436909022
64410.4360436044,-41.2692181516057
64417.4317431743,-41.2610924207375
64424.4274427443,-41.2523084352033
64431.4231423142,-41.2429053316546
64438.4188418842,-41.2329196716812
64445.4145414541,-41.2223856457112
64452.4102410241,-41.2113352579266
64459.405940594,-41.1997984942193
64466.401640164,-41.1878034749772
64473.397339734,-41.1753765942679
64480.3930393039,-41.1625426468112
64487.3887388739,-41.1493249439725
64494.3844384438,-41.1357454198645
64501.3801380138,-41.1218247285244
64508.3758375838,-41.1075823330354
64515.3715371537,-41.0930365873499
64522.3672367237,-41.0782048115096
64529.3629362936,-41.0631033608698
64536.3586358636,-41.0477476898791
64543.3543354335,-41.0321524109039
64550.3500350035,-41.0163313485452
64557.3457345734,-41.0002975898384
64564.3414341434,-40.9840635307015
64571.3371337134,-40.9676409189459
64578.3328332833,-40.9510408941512
64585.3285328533,-40.9342740246598
64592.3242324232,-40.9173503419334
64599.3199319932,-40.9002793724882
64606.3156315631,-40.8830701676028
64613.3113311331,-40.8657313309797
64620.3070307031,-40.8482710445209
64627.302730273,-40.830697092367
64634.298429843,-40.8130168833306
64641.2941294129,-40.7952374718531
64648.2898289829,-40.7773655775922
64655.2855285528,-40.7594076037423
64662.2812281228,-40.741369654188
64669.2769276928,-40.7232575495678
64676.2726272627,-40.7050768423345
64683.2683268327,-40.6868328308813
64690.2640264026,-40.6685305727986
64697.2597259726,-40.650174897328
64704.2554255426,-40.6317704170635
64711.2511251125,-40.6133215389564
64718.2468246825,-40.5948324746698
64725.2425242524,-40.5763072503268
64732.2382238224,-40.5577497156938
64739.2339233923,-40.5391635528351
64746.2296229623,-40.5205522842766
64753.2253225323,-40.5019192807073
64760.2210221022,-40.4832677682504
64767.2167216722,-40.4646008353311
64774.2124212421,-40.4459214391682
64781.2081208121,-40.4272324119098
64788.203820382,-40.4085364664395
64795.199519952,-40.3898362018702
64802.1952195219,-40.3711341087459
64809.1909190919,-40.3524325739714
64816.1866186619,-40.3337338854815
64823.1823182318,-40.3150402366701
64830.1780178018,-40.2963537305905
64837.1737173717,-40.2776763839423
64844.1694169417,-40.2590101308549
64851.1651165117,-40.2403568264824
64858.1608160816,-40.2217182504191
64865.1565156516,-40.203096109945
64872.1522152215,-40.184492043112
64879.1479147915,-40.165907621682
64886.1436143614,-40.1473443539189
64893.1393139314,-40.1288036872499
64900.1350135013,-40.1102870107986
64907.1307130713,-40.0917956577973
64914.1264126413,-40.0733309078871
64921.1221122112,-40.0548939893106
64928.1178117812,-40.0364860810022
64935.1135113511,-40.0181083145822
64942.1092109211,-39.9997617762606
64949.104910491,-39.9814475086535
64956.100610061,-39.9631665125179
64963.096309631,-39.9449197484079
64970.0920092009,-39.9267081382598
64977.0877087709,-39.9085325669029
64984.0834083408,-39.8903938835071
64991.0791079108,-39.8722929029672
64998.0748074807,-39.8542304072242
65005.0705070507,-39.8362071465334
65012.0662066207,-39.8182238406748
65019.0619061906,-39.8002811801145
65026.0576057606,-39.782379827115
65033.0533053305,-39.7645204168
65040.0490049005,-39.7467035581735
65047.0447044704,-39.7289298350977
65054.0404040404,-39.71119980723
65061.0361036104,-39.6935140109203
65068.0318031803,-39.6758729600734
65075.0275027503,-39.6582771469759
65082.0232023202,-39.6407270430878
65089.0189018902,-39.6232230998045
65096.0146014601,-39.6057657491878
65103.0103010301,-39.5883554046673
65110.0060006001,-39.5709924617136
65117.00170017,-39.5536772984865
65123.99739974,-39.5364102764565
65130.9930993099,-39.5191917410021
65137.9887988799,-39.5020220219854
65144.9844984498,-39.4849014343033
65151.9801980198,-39.4678302784194
65158.9758975898,-39.4508088408747
65165.9715971597,-39.433837394779
65172.9672967297,-39.4169162002835
65179.9629962996,-39.4000455050365
65186.9586958696,-39.3832255446209
65193.9543954395,-39.3664565429764
65200.9500950095,-39.3497387128047
65207.9457945795,-39.3330722559612
65214.9414941494,-39.316457363832
65221.9371937194,-39.2998942176956
65228.9328932893,-39.2833829890741
65235.9285928593,-39.2669238400686
65242.9242924292,-39.2505169236848
65249.9199919992,-39.2341623841462
65256.9156915691,-39.2178603571963
65263.9113911391,-39.2016109703881
65270.9070907091,-39.1854143433669
65277.902790279,-39.1692705881404
65284.898489849,-39.1531798093395
65291.8941894189,-39.1371421044707
65298.8898889889,-39.1211575641601
65305.8855885589,-39.1052262723873
65312.8812881288,-39.0893483067131
65319.8769876988,-39.0735237384971
65326.8726872687,-39.0577526331106
65333.8683868387,-39.0420350501393
65340.8640864086,-39.0263710435814
65347.8597859786,-39.0107606620378
65354.8554855485,-38.9952039488954
65361.8511851185,-38.9797009425061
65368.8468846885,-38.9642516763575
65375.8425842584,-38.9488561792395
65382.8382838284,-38.9335144754037
65389.8339833983,-38.91822658472
65396.8296829683,-38.9029925228276
65403.8253825382,-38.8878123012746
65410.8210821082,-38.8726859276641
65417.8167816782,-38.8576134057883
65424.8124812481,-38.8425947357574
65431.8081808181,-38.8276299141287
65438.803880388,-38.8127189340284
65445.799579958,-38.79786178527
65452.7952795279,-38.7830584544709
65459.7909790979,-38.7683089251614
65466.7866786679,-38.7536131778936
65473.7823782378,-38.738971190345
65480.7780778078,-38.7243829374198
65487.7737773777,-38.709848391346
65494.7694769477,-38.6953675217702
65501.7651765176,-38.6809402958486
65508.7608760876,-38.666566678336
65515.7565756576,-38.6522466316712
65522.7522752275,-38.6379801160616
65529.7479747975,-38.6237670895601
65536.7436743674,-38.6096075081469
65543.7393739374,-38.5955013258031
65550.7350735074,-38.5814484945834
65557.7307730773,-38.5674489646883
65564.7264726472,-38.5535026845318
65571.7221722172,-38.5396096008081
65578.7178717872,-38.5257696585561
65585.7135713571,-38.5119828012216
65592.7092709271,-38.4982489707185
65599.704970497,-38.4845681074868
65606.700670067,-38.4709401505496
65613.696369637,-38.4573650375685
65620.6920692069,-38.4438427048967
65627.6877687769,-38.430373087631
65634.6834683468,-38.4169561196621
65641.6791679168,-38.4035917337224
65648.6748674868,-38.3902798614349
65655.6705670567,-38.3770204333572
65662.6662666267,-38.3638133790274
65669.6619661966,-38.3506586270057
65676.6576657666,-38.3375561049173
65683.6533653365,-38.3245057394922
65690.6490649065,-38.3115074566047
65697.6447644764,-38.2985611813112
65704.6404640464,-38.2856668378884
65711.6361636164,-38.2728243498667
65718.6318631863,-38.2600336400671
65725.6275627563,-38.2472946306339
65732.6232623262,-38.2346072430678
65739.6189618962,-38.2219713982572
65746.6146614661,-38.2093870165091
65753.6103610361,-38.1968540175795
65760.6060606061,-38.1843723207009
65767.601760176,-38.1719418446126
65774.597459746,-38.1595625075856
65781.5931593159,-38.1472342274508
65788.5888588859,-38.1349569216239
65795.5845584558,-38.1227305071297
65802.5802580258,-38.1105549006276
65809.5759575958,-38.0984300184342
65816.5716571657,-38.0863557765461
65823.5673567357,-38.0743320906619
65830.5630563056,-38.0623588762034
65837.5587558756,-38.0504360483375
65844.5544554455,-38.0385635219945
65851.5501550155,-38.026741211889
65858.5458545855,-38.0149690325388
65865.5415541554,-38.0032468982824
65872.5372537254,-37.9915747232976
65879.5329532953,-37.979952421619
65886.5286528653,-37.9683799071538
65893.5243524352,-37.9568570936991
65900.5200520052,-37.9453838949568
65907.5157515751,-37.9339602245506
65914.5114511451,-37.9225859960384
65921.5071507151,-37.9112611229288
65928.502850285,-37.8999855186941
65935.498549855,-37.8887590967842
65942.4942494249,-37.8775817706399
65949.4899489949,-37.866453453705
65956.4856485648,-37.8553740594396
65963.4813481348,-37.8443435013317
65970.4770477048,-37.8333616929087
65977.4727472747,-37.8224285477488
65984.4684468447,-37.8115439794923
65991.4641464146,-37.8007079018513
65998.4598459846,-37.7899202286214
66005.4555455545,-37.7791808736909
66012.4512451245,-37.76848975105
66019.4469446945,-37.7578467748008
66026.4426442644,-37.7472518591669
66033.4383438344,-37.7367049185011
66040.4340434043,-37.7262058672947
66047.4297429743,-37.7157546201856
66054.4254425442,-37.7053510919663
66061.4211421142,-37.6949951975918
66068.4168416842,-37.6846868521868
66075.4125412541,-37.6744259710536
66082.4082408241,-37.6642124696784
66089.403940394,-37.6540462637389
66096.399639964,-37.6439272691108
66103.3953395339,-37.6338554018733
66110.3910391039,-37.6238305783169
66117.3867386739,-37.6138527149483
66124.3824382438,-37.6039217284964
66131.3781378138,-37.594037535918
66138.3738373837,-37.5842000544037
66145.3695369537,-37.5744092013824
66152.3652365236,-37.5646648945272
66159.3609360936,-37.5549670517598
66166.3566356636,-37.5453155912555
66173.3523352335,-37.5357104314476
66180.3480348035,-37.5261514910323
66187.3437343734,-37.516638688973
66194.3394339434,-37.5071719445034
66201.3351335133,-37.497751177133
66208.3308330833,-37.4883763066507
66215.3265326533,-37.4790472531274
66222.3222322232,-37.4697639369214
66229.3179317932,-37.4605262786803
66236.3136313631,-37.451334199345
66243.3093309331,-37.4421876201538
66250.305030503,-37.4330864626438
66257.300730073,-37.4240306486559
66264.296429643,-37.4150201003358
66271.2921292129,-37.4060547401388
66278.2878287829,-37.3971344908304
66285.2835283528,-37.3882592754909
66292.2792279228,-37.3794290175164
66299.2749274927,-37.3706436406222
66306.2706270627,-37.3619030688447
66313.2663266327,-37.3532072265436
66320.2620262026,-37.3445560384044
66327.2577257726,-37.3359494294398
66334.2534253425,-37.3273873249928
66341.2491249125,-37.3188696507372
66348.2448244824,-37.3103963326806
66355.2405240524,-37.3019672971657
66362.2362236224,-37.293582470872
66369.2319231923,-37.285241780817
66376.2276227623,-37.2769451543586
66383.2233223322,-37.2686925191959
66390.2190219022,-37.2604838033709
66397.2147214721,-37.2523189352697
66404.2104210421,-37.2441978436234
66411.2061206121,-37.2361204575111
66418.201820182,-37.2280867063579
66425.197519752,-37.2200965199391
66432.1932193219,-37.2121498283793
66439.1889188919,-37.2042465621544
66446.1846184618,-37.1963866520923
66453.1803180318,-37.1885700293733
66460.1760176018,-37.1807966255316
66467.1717171717,-37.1730663724557
66474.1674167417,-37.1653792023891
66481.1631163116,-37.1577350479319
66488.1588158816,-37.1501338420396
66495.1545154515,-37.1425755180263
66502.1502150215,-37.1350600095622
66509.1459145915,-37.1275872506773
66516.1416141614,-37.1201571757594
66523.1373137314,-37.1127697195559
66530.1330133013,-37.1054248171739
66537.1287128713,-37.0981224040801
66544.1244124412,-37.0908624161025
66551.1201120112,-37.0836447894288
66558.1158115812,-37.0764694606086
66565.1115111511,-37.0693363665525
66572.1072107211,-37.062245444532
66579.102910291,-37.0551966321812
66586.098609861,-37.0481898674957
66593.0943094309,-37.0412250888333
66600.0900090009,-37.0343022349134
66607.0857085709,-37.0274212448185
66614.0814081408,-37.0205820579927
66621.0771077108,-37.0137846142428
66628.0728072807,-37.0070288537378
66635.0685068507,-37.0003147170093
66642.0642064206,-36.9936421449508
66649.0599059906,-36.9870110788187
66656.0556055606,-36.9804214602314
66663.0513051305,-36.973873231169
66670.0470047005,-36.9673663339744
66677.0427042704,-36.9609007113517
66684.0384038404,-36.9544763063676
66691.0341034103,-36.9480930624493
66698.0298029803,-36.9417509233865
66705.0255025502,-36.9354498333297
66712.0212021202,-36.9291897367906
66719.0169016902,-36.9229705786412
66726.0126012601,-36.9167923041149
66733.0083008301,-36.910654858805
66740.0040004,-36.9045581886649
66746.99969997,-36.8985022400076
66753.99539954,-36.8924869595062
66760.9910991099,-36.8865122941927
66767.9867986799,-36.8805781914577
66774.9824982498,-36.8746845990509
66781.9781978198,-36.8688314650802
66788.9738973897,-36.863018738011
66795.9695969597,-36.8572463666667
66802.9652965297,-36.8515143002274
66809.9609960996,-36.845822488231
66816.9566956696,-36.8401708805708
66823.9523952395,-36.8345594274967
66830.9480948095,-36.8289880796143
66837.9437943794,-36.8234567878841
66844.9394939494,-36.8179655036221
66851.9351935194,-36.8125141784982
66858.9308930893,-36.8071027645367
66865.9265926593,-36.8017312141151
66872.9222922292,-36.7963994799647
66879.9179917992,-36.7911075151692
66886.9136913691,-36.7858552731643
66893.9093909391,-36.7806427077381
66900.9050905091,-36.77546977303
66907.900790079,-36.77033642353
66914.896489649,-36.7652426140789
66921.8921892189,-36.7601882998675
66928.8878887889,-36.7551734364361
66935.8835883588,-36.7501979796744
66942.8792879288,-36.7452618858201
66949.8749874988,-36.7403651114596
66956.8706870687,-36.7355076135268
66963.8663866387,-36.7306893493029
66970.8620862086,-36.7259102764156
66977.8577857786,-36.7211703528389
66984.8534853485,-36.7164695368929
66991.8491849185,-36.7118077872426
66998.8448844885,-36.7071850628976
67005.8405840584,-36.7026013232125
67012.8362836284,-36.698056527885
67019.8319831983,-36.6935506369565
67026.8276827683,-36.6890836108114
67033.8233823382,-36.6846554101758
67040.8190819082,-36.6802659961182
67047.8147814781,-36.6759153300486
67054.8104810481,-36.6716033737174
67061.8061806181,-36.6673300892155
67068.801880188,-36.663095438974
67075.797579758,-36.6588993857633
67082.7932793279,-36.6547418926926
67089.7889788979,-36.6506229232101
67096.7846784678,-36.6465424411007
67103.7803780378,-36.6425004104885
67110.7760776078,-36.6384967958332
67117.7717771777,-36.6345315619317
67124.7674767477,-36.6306046739173
67131.7631763176,-36.626716097258
67138.7588758876,-36.6228657977575
67145.7545754575,-36.6190537415542
67152.7502750275,-36.6152798951205
67159.7459745974,-36.6115442252625
67166.7416741674,-36.6078466991196
67173.7373737374,-36.6041872841639
67180.7330733073,-36.6005659482001
67187.7287728773,-36.5969826593649
67194.7244724472,-36.5934373861258
67201.7201720172,-36.589930097282
67208.7158715872,-36.5864607619629
67215.7115711571,-36.5830293496279
67222.7072707271,-36.5796358300664
67229.702970297,-36.5762801733966
67236.698669867,-36.5729623500662
67243.6943694369,-36.5696823308504
67250.6900690069,-36.5664400868531
67257.6857685768,-36.5632355895054
67264.6814681468,-36.5600688105657
67271.6771677168,-36.5569397221185
67278.6728672867,-36.5538482965753
67285.6685668567,-36.5507945066734
67292.6642664266,-36.5477783254755
67299.6599659966,-36.5447997263691
67306.6556655665,-36.5418586830669
67313.6513651365,-36.5389551696053
67320.6470647065,-36.5360891603454
67327.6427642764,-36.5332606299715
67334.6384638464,-36.5304695534908
67341.6341634163,-36.5277159062337
67348.6298629863,-36.5249996638529
67355.6255625563,-36.5223208023232
67362.6212621262,-36.5196792979414
67369.6169616962,-36.5170751273251
67376.6126612661,-36.5145082674133
67383.6083608361,-36.5119786954661
67390.604060406,-36.509486389063
67397.599759976,-36.5070313261043
67404.5954595459,-36.5046134848098
67411.5911591159,-36.5022328437189
67418.5868586859,-36.4998893816893
67425.5825582558,-36.4975830778983
67432.5782578258,-36.4953139118414
67439.5739573957,-36.4930818633321
67446.5696569657,-36.4908869125022
67453.5653565356,-36.4887290398004
67460.5610561056,-36.486608225993
67467.5567556756,-36.4845244521636
67474.5524552455,-36.482477699712
67481.5481548155,-36.4804679503548
67488.5438543854,-36.4784951861253
67495.5395539554,-36.4765593893715
67502.5352535253,-36.4746605427583
67509.5309530953,-36.4727986292654
67516.5266526653,-36.4709736321879
67523.5223522352,-36.4691855351359
67530.5180518052,-36.4674343220345
67537.5137513751,-36.4657199771228
67544.5094509451,-36.4640424849546
67551.5051505151,-36.4624018303982
67558.500850085,-36.4607979986345
67565.496549655,-36.4592309751596
67572.4922492249,-36.4577007457822
67579.4879487949,-36.456207296625
67586.4836483648,-36.4547506141233
67593.4793479348,-36.4533306850254
67600.4750475047,-36.4519474963927
67607.4707470747,-36.4506010355993
67614.4664466447,-36.4492912903314
67621.4621462146,-36.448018248588
67628.4578457846,-36.4467818986801
67635.4535453545,-36.4455822292307
67642.4492449245,-36.4444192291748
67649.4449444944,-36.4432928877594
67656.4406440644,-36.4422031945427
67663.4363436344,-36.4411501393955
67670.4320432043,-36.4401337124989
67677.4277427743,-36.4391539043458
67684.4234423442,-36.438210705741
67691.4191419142,-36.4373041077996
67698.4148414842,-36.4364341019486
67705.4105410541,-36.4356006799255
67712.4062406241,-36.4348038337788
67719.401940194,-36.4340435558686
67726.397639764,-36.4333198388651
67733.3933393339,-36.4326326757499
67740.3890389039,-36.431982059815
67747.3847384738,-36.4313679846634
67754.3804380438,-36.4307904442087
67761.3761376138,-36.4302494326754
67768.3718371837,-36.4297449445982
67775.3675367537,-36.4292769748234
67782.3632363236,-36.428845518507
67789.3589358936,-36.4284505711168
67796.3546354635,-36.4280921284303
67803.3503350335,-36.4277701865363
67810.3460346035,-36.4274847418343
67817.3417341734,-36.4272357910343
67824.3374337434,-36.4270233311576
67831.3331333133,-36.4268473595364
67838.3288328833,-36.4267078738133
67845.3245324532,-36.4266048719426
67852.3202320232,-36.4265383521893
67859.3159315932,-36.4265083131296
67866.3116311631,-36.4265147536509
67873.3073307331,-36.4265576729523
67880.303030303,-36.4266370705441
67887.298729873,-36.4267529462477
67894.2944294429,-36.4269053001973
67901.2901290129,-36.4270941328376
67908.2858285829,-36.4273194449261
67915.2815281528,-36.4275812375321
67922.2772277228,-36.4278795120367
67929.2729272927,-36.4282142701338
67936.2686268627,-36.4285855138299
67943.2643264326,-36.4289932454437
67950.2600260026,-36.4294374676068
67957.2557255726,-36.4299181832643
67964.2514251425,-36.4304353956737
67971.2471247125,-36.4309891084069
67978.2428242824,-36.4315793253481
67985.2385238524,-36.4322060506964
67992.2342234223,-36.4328692889646
67999.2299229923,-36.4335690449792
68006.2256225623,-36.4343053238821
68013.2213221322,-36.4350781311289
68020.2170217022,-36.4358874724911
68027.2127212721,-36.4367333540548
68034.2084208421,-36.4376157822214
68041.204120412,-36.4385347637088
68048.199819982,-36.4394903055501
68055.1955195519,-36.4404824150954
68062.1912191219,-36.4415111000105
68069.1869186919,-36.4425763682792
68076.1826182618,-36.4436782282014
68083.1783178318,-36.4448166883955
68090.1740174017,-36.4459917577968
68097.1697169717,-36.4472034456594
68104.1654165416,-36.4484517615558
68111.1611161116,-36.4497367153772
68118.1568156816,-36.4510583173342
68125.1525152515,-36.4524165779565
68132.1482148215,-36.4538115080944
68139.1439143914,-36.4552431189181
68146.1396139614,-36.4567114219189
68153.1353135314,-36.4582164289087
68160.1310131013,-36.459758152021
68167.1267126712,-36.4613366037117
68174.1224122412,-36.4629517967584
68181.1181118112,-36.4646037442622
68188.1138113811,-36.4662924596467
68195.1095109511,-36.4680179566597
68202.1052105211,-36.4697802493725
68209.100910091,-36.4715793521818
68216.096609661,-36.4734152798085
68223.0923092309,-36.4752880472997
68230.0880088009,-36.4771976700282
68237.0837083708,-36.4791441636935
68244.0794079408,-36.4811275443214
68251.0751075108,-36.4831478282664
68258.0708070807,-36.4852050322102
68265.0665066506,-36.4872991731635
68272.0622062206,-36.4894302684657
68279.0579057906,-36.4915983357863
68286.0536053605,-36.4938033931248
68293.0493049305,-36.4960454588116
68300.0450045004,-36.4983245515086
68307.0407040704,-36.5006406902092
68314.0364036403,-36.5029938942399
68321.0321032103,-36.5053841832597
68328.0278027803,-36.5078115772623
68335.0235023502,-36.5102760965748
68342.0192019202,-36.5127777618601
68349.0149014902,-36.5153165941161
68356.0106010601,-36.5178926146775
68363.0063006301,-36.5205058452158
68370.0020002,-36.5231563077401
68376.99769977,-36.5258440245976
68383.9933993399,-36.528569018475
68390.9890989099,-36.5313313123983
68397.9847984798,-36.5341309297337
68404.9804980498,-36.5369678941892
68411.9761976198,-36.5398422298138
68418.9718971897,-36.5427539609997
68425.9675967597,-36.5457031124818
68432.9632963296,-36.5486897093398
68439.9589958996,-36.5517137769978
68446.9546954695,-36.5547753412252
68453.9503950395,-36.5578744281385
68460.9460946095,-36.5610110642003
68467.9417941794,-36.5641852762226
68474.9374937494,-36.5673970913649
68481.9331933193,-36.5706465371368
68488.9288928893,-36.5739336413983
68495.9245924593,-36.5772584323608
68502.9202920292,-36.5806209385877
68509.9159915991,-36.5840211889952
68516.9116911691,-36.5874592128537
68523.9073907391,-36.5909350397882
68530.903090309,-36.5944486997797
68537.898789879,-36.5980002231645
68544.8944894489,-36.6015896406379
68551.8901890189,-36.6052169832529
68558.8858885889,-36.6088822824215
68565.8815881588,-36.6125855699165
68572.8772877288,-36.6163268778719
68579.8729872987,-36.6201062387834
68586.8686868687,-36.6239236855102
68593.8643864386,-36.6277792512763
68600.8600860086,-36.6316729696693
68607.8557855785,-36.6356048746445
68614.8514851485,-36.6395750005238
68621.8471847185,-36.6435833819967
68628.8428842884,-36.6476300541233
68635.8385838584,-36.6517150523332
68642.8342834283,-36.6558384124276
68649.8299829983,-36.6600001705798
68656.8256825683,-36.6642003633376
68663.8213821382,-36.6684390276223
68670.8170817082,-36.6727162007322
68677.8127812781,-36.6770319203418
68684.8084808481,-36.6813862245032
68691.804180418,-36.6857791516493
68698.799879988,-36.6902107405919
68705.795579558,-36.6946810305248
68712.7912791279,-36.6991900610247
68719.7869786979,-36.7037378720521
68726.7826782678,-36.7083245039528
68733.7783778378,-36.7129499974588
68740.7740774077,-36.7176143936897
68747.7697769777,-36.7223177341539
68754.7654765476,-36.7270600607505
68761.7611761176,-36.7318414157692
68768.7568756876,-36.7366618418927
68775.7525752575,-36.7415213821975
68782.7482748275,-36.7464200801562
68789.7439743974,-36.7513579796366
68796.7396739674,-36.7563351249056
68803.7353735373,-36.7613515606292
68810.7310731073,-36.7664073318737
68817.7267726773,-36.7715024841073
68824.7224722472,-36.7766370632022
68831.7181718172,-36.7818111154352
68838.7138713872,-36.7870246874897
68845.7095709571,-36.7922778264557
68852.705270527,-36.7975705798333
68859.700970097,-36.8029029955331
68866.696669667,-36.8082751218772
68873.6923692369,-36.813687007602
68880.6880688069,-36.819138701858
68887.6837683768,-36.8246302542134
68894.6794679468,-36.8301617146532
68901.6751675168,-36.8357331335832
68908.6708670867,-36.8413445618296
68915.6665666567,-36.8469960506416
68922.6622662266,-36.8526876516926
68929.6579657966,-36.8584194170824
68936.6536653665,-36.8641913993377
68943.6493649365,-36.870003651415
68950.6450645064,-36.8758562267011
68957.6407640764,-36.8817491790154
68964.6364636464,-36.8876825626115
68971.6321632163,-36.8936564321793
68978.6278627863,-36.8996708428452
68985.6235623562,-36.9057258501761
68992.6192619262,-36.9118215101789
68999.6149614961,-36.9179578793039
69006.6106610661,-36.9241350144456
69013.6063606361,-36.930352972945
69020.602060206,-36.9366118125909
69027.597759776,-36.9429115916225
69034.5934593459,-36.9492523687305
69041.5891589159,-36.9556342030588
69048.5848584858,-36.9620571542076
69055.5805580558,-36.9685212822337
69062.5762576258,-36.9750266476535
69069.5719571957,-36.9815733114448
69076.5676567657,-36.9881613350478
69083.5633563356,-36.9947907803683
69090.5590559056,-37.0014617097792
69097.5547554755,-37.0081741861217
69104.5504550455,-37.0149282727085
69111.5461546155,-37.0217240333257
69118.5418541854,-37.0285615322332
69125.5375537554,-37.0354408341691
69132.5332533253,-37.04236200435
69139.5289528953,-37.0493251084743
69146.5246524652,-37.0563302127235
69153.5203520352,-37.0633773837644
69160.5160516052,-37.0704666887513
69167.5117511751,-37.0775981953291
69174.5074507451,-37.0847719716336
69181.503150315,-37.0919880862952
69188.498849885,-37.0992466084407
69195.4945494549,-37.1065476076957
69202.4902490249,-37.1138911541862
69209.4859485949,-37.1212773185416
69216.4816481648,-37.1287061718965
69223.4773477348,-37.1361777858936
69230.4730473047,-37.1436922326853
69237.4687468747,-37.1512495849367
69244.4644464446,-37.1588499158273
69251.4601460146,-37.1664932990543
69258.4558455846,-37.1741798088339
69265.4515451545,-37.1819095199045
69272.4472447245,-37.1896825075294
69279.4429442944,-37.1974988474983
69286.4386438644,-37.2053586161307
69293.4343434343,-37.2132618902776
69300.4300430043,-37.221208747325
69307.4257425742,-37.229199265195
69314.4214421442,-37.2372335223511
69321.4171417142,-37.2453115977966
69328.4128412841,-37.253433571082
69335.4085408541,-37.2615995223035
69342.404240424,-37.2698095321083
69349.399939994,-37.2780636816962
69356.395639564,-37.2863620528222
69363.3913391339,-37.2947047278002
69370.3870387039,-37.3030917895044
69377.3827382738,-37.3115233213738
69384.3784378438,-37.3199994074131
69391.3741374137,-37.328520132196
69398.3698369837,-37.3370855808695
69405.3655365536,-37.3456958391552
69412.3612361236,-37.3543509933526
69419.3569356936,-37.3630511303423
69426.3526352635,-37.3717963375885
69433.3483348335,-37.3805867031427
69440.3440344034,-37.3894223156454
69447.3397339734,-37.3983032643305
69454.3354335434,-37.4072296390278
69461.3311331133,-37.4162015301652
69468.3268326833,-37.4252190287734
69475.3225322532,-37.434282226488
69482.3182318232,-37.4433912155523
69489.3139313931,-37.4525460888219
69496.3096309631,-37.4617469397657
69503.3053305331,-37.4709938624714
69510.301030103,-37.4802869516475
69517.296729673,-37.4896263026261
69524.2924292429,-37.4990120113675
69531.2881288129,-37.5084441744627
69538.2838283828,-37.5179228891366
69545.2795279528,-37.5274482532521
69552.2752275228,-37.5370203653127
69559.2709270927,-37.5466393244663
69566.2666266627,-37.5563052305089
69573.2623262326,-37.566018183887
69580.2580258026,-37.5757782857027
69587.2537253725,-37.5855856377163
69594.2494249425,-37.5954403423497
69601.2451245125,-37.60534250269
69608.2408240824,-37.6152922224941
69615.2365236523,-37.625289606191
69622.2322232223,-37.6353347588861
69629.2279227923,-37.6454277863649
69636.2236223622,-37.6555687950972
69643.2193219322,-37.6657578922398
69650.2150215021,-37.6759951856407
69657.2107210721,-37.6862807838433
69664.2064206421,-37.6966147960903
69671.202120212,-37.7069973323267
69678.197819782,-37.7174285032045
69685.1935193519,-37.7279084200867
69692.1892189219,-37.7384371950504
69699.1849184919,-37.749014940892
69706.1806180618,-37.75964177113
69713.1763176318,-37.7703178000094
69720.1720172017,-37.7810431425073
69727.1677167717,-37.7918179143345
69734.1634163416,-37.8026422319416
69741.1591159116,-37.8135162125215
69748.1548154815,-37.8244399740164
69755.1505150515,-37.8354136351186
69762.1462146215,-37.846437315277
69769.1419141914,-37.857511134701
69776.1376137614,-37.8686352143642
69783.1333133313,-37.87980967601
69790.1290129013,-37.8910346421542
69797.1247124713,-37.9023102360916
69804.1204120412,-37.9136365818988
69811.1161116112,-37.9250138044389
69818.1118111811,-37.9364420293676
69825.1075107511,-37.9479213831355
69832.103210321,-37.9594519929945
69839.098909891,-37.9710339870012
69846.094609461,-37.9826674940224
69853.0903090309,-37.99435264374
69860.0860086009,-38.0060895666543
69867.0817081708,-38.0178783940909
69874.0774077408,-38.0297192582038
69881.0731073107,-38.0416122919806
69888.0688068807,-38.0535576292483
69895.0645064506,-38.0655554046774
69902.0602060206,-38.0776057537864
69909.0559055906,-38.0897088129483
69916.0516051605,-38.1018647193943
69923.0473047305,-38.1140736112196
69930.0430043004,-38.1263356273876
69937.0387038704,-38.1386509077368
69944.0344034403,-38.1510195929836
69951.0301030103,-38.1634418247298
69958.0258025802,-38.175917745466
69965.0215021502,-38.1884474985786
69972.0172017202,-38.2010312283534
69979.0129012901,-38.2136690799822
69986.0086008601,-38.2263611995675
69993.00430043,-38.239107734129
70000,-38.2519088316074
