Frequency_Hz,TargetStrength_dB_re_1m
50,-89.6903214764974
50.0345541650231,-89.6782446068013
50.0691322098525,-89.6661676318204
50.1037341509913,-89.6540905514071
50.1383600049538,-89.642013365414
50.1730097882657,-89.6299360736932
50.2076835174642,-89.6178586760966
50.242381209098,-89.605781172476
50.277102879727,-89.593703562683
50.3118485459228,-89.5816258465688
50.3466182242682,-89.5695480239846
50.3814119313576,-89.5574700947813
50.416229683797,-89.5453920588096
50.4510714982037,-89.5333139159199
50.4859373912065,-89.5212356659626
50.5208273794457,-89.5091573087878
50.5557414795731,-89.4970788442452
50.590679708252,-89.4850002721845
50.6256420821574,-89.4729215924551
50.6606286179754,-89.4608428049062
50.6956393324042,-89.4487639093869
50.730674242153,-89.4366849057458
50.7657333639429,-89.4246057938316
50.8008167145063,-89.4125265734927
50.8359243105875,-89.4004472445771
50.8710561689421,-89.3883678069327
50.9062123063373,-89.3762882604073
50.9413927395519,-89.3642086048484
50.9765974853764,-89.3521288401033
51.0118265606129,-89.3400489660189
51.0470799820749,-89.3279689824423
51.0823577665878,-89.3158888892198
51.1176599309885,-89.303808686198
51.1529864921254,-89.291728373223
51.1883374668588,-89.2796479501409
51.2237128720605,-89.2675674167974
51.259112724614,-89.2554867730379
51.2945370414145,-89.2434060187078
51.3299858393687,-89.2313251536522
51.3654591353951,-89.219244177716
51.4009569464241,-89.2071630907438
51.4364792893975,-89.1950818925801
51.472026181269,-89.183000583069
51.5075976390037,-89.1709191620546
51.5431936795789,-89.1588376293806
51.5788143199833,-89.1467559848905
51.6144595772174,-89.1346742284278
51.6501294682935,-89.1225923598354
51.6858240102357,-89.1105103789563
51.7215432200797,-89.0984282856331
51.7572871148732,-89.0863460797083
51.7930557116754,-89.074263761024
51.8288490275576,-89.0621813294223
51.8646670796027,-89.0500987847449
51.9005098849054,-89.0380161268333
51.9363774605722,-89.0259333555289
51.9722698237217,-89.0138504706727
52.0081869914839,-89.0017674721056
52.0441289810009,-88.9896843596683
52.0800958094268,-88.977601133201
52.1160874939271,-88.9655177925441
52.1521040516795,-88.9534343375375
52.1881454998735,-88.9413507680208
52.2242118557105,-88.9292670838337
52.2603031364037,-88.9171832848153
52.2964193591783,-88.9050993708047
52.3325605412713,-88.8930153416407
52.3687266999318,-88.8809311971619
52.4049178524205,-88.8688469372067
52.4411340160103,-88.8567625616132
52.477375207986,-88.8446780702192
52.5136414456443,-88.8325934628625
52.5499327462938,-88.8205087393804
52.5862491272551,-88.8084238996102
52.6225906058608,-88.7963389433889
52.6589571994555,-88.7842538705532
52.6953489253958,-88.7721686809395
52.7317658010501,-88.7600833743842
52.768207843799,-88.7479979507234
52.8046750710351,-88.7359124097928
52.841167500163,-88.7238267514279
52.8776851485992,-88.7117409754643
52.9142280337724,-88.6996550817368
52.9507961731233,-88.6875690700805
52.9873895841047,-88.67548294033
53.0240082841813,-88.6633966923196
53.06065229083,-88.6513103258836
53.0973216215397,-88.6392238408558
53.1340162938116,-88.6271372370701
53.1707363251586,-88.6150505143597
53.2074817331062,-88.602963672558
53.2442525351915,-88.590876711498
53.2810487489641,-88.5787896310123
53.3178703919856,-88.5667024309336
53.3547174818296,-88.554615111094
53.3915900360821,-88.5425276713256
53.4284880723411,-88.5304401114603
53.4654116082168,-88.5183524313294
53.5023606613315,-88.5062646307645
53.5393352493198,-88.4941767095966
53.5763353898284,-88.4820886676564
53.6133611005162,-88.4700005047746
53.6504123990543,-88.4579122207816
53.6874893031261,-88.4458238155074
53.7245918304272,-88.433735288782
53.7617199986653,-88.4216466404349
53.7988738255604,-88.4095578702956
53.8360533288449,-88.3974689781931
53.8732585262632,-88.3853799639565
53.9104894355721,-88.3732908274143
53.9477460745407,-88.361201568395
53.9850284609503,-88.3491121867267
54.0223366125946,-88.3370226822373
54.0596705472795,-88.3249330547547
54.0970302828231,-88.3128433041061
54.1344158370561,-88.3007534301188
54.1718272278213,-88.2886634326196
54.2092644729739,-88.2765733114354
54.2467275903814,-88.2644830663926
54.2842165979238,-88.2523926973173
54.3217315134932,-88.2403022040356
54.3592723549943,-88.2282115863731
54.3968391403441,-88.2161208441552
54.4344318874718,-88.2040299772073
54.4720506143193,-88.1919389853543
54.5096953388407,-88.1798478684208
54.5473660790027,-88.1677566262314
54.585062852784,-88.1556652586102
54.6227856781762,-88.1435737653813
54.660534573183,-88.1314821463683
54.6983095558208,-88.1193904013946
54.7361106441183,-88.1072985302836
54.7739378561166,-88.0952065328582
54.8117912098694,-88.0831144089411
54.8496707234429,-88.0710221583547
54.8875764149157,-88.0589297809212
54.9255083023788,-88.0468372764626
54.9634664039359,-88.0347446448006
55.0014507377031,-88.0226518857566
55.0394613218091,-88.0105589991518
55.0774981743949,-87.9984659848071
55.1155613136144,-87.9863728425432
55.1536507576338,-87.9742795721806
55.1917665246319,-87.9621861735394
55.2299086328,-87.9500926464394
55.2680771003421,-87.9379989907005
55.3062719454747,-87.9259052061418
55.344493186427,-87.9138112925827
55.3827408414406,-87.9017172498419
55.4210149287699,-87.8896230777382
55.4593154666818,-87.8775287760897
55.4976424734558,-87.8654343447148
55.5359959673841,-87.8533397834311
55.5743759667716,-87.8412450920564
55.6127824899358,-87.8291502704078
55.6512155552068,-87.8170553183025
55.6896751809273,-87.8049602355573
55.728161385453,-87.7928650219887
55.7666741871518,-87.780769677413
55.8052136044049,-87.7686742016463
55.8437796556055,-87.7565785945042
55.8823723591601,-87.7444828558023
55.9209917334877,-87.7323869853558
55.9596377970199,-87.7202909829797
55.9983105682013,-87.7081948484887
56.037010065489,-87.6960985816972
56.075736307353,-87.6840021824194
56.1144893122761,-87.6719056504691
56.1532690987537,-87.6598089856602
56.1920756852941,-87.6477121878058
56.2309090904185,-87.6356152567192
56.2697693326606,-87.6235181922132
56.3086564305672,-87.6114209941003
56.3475704026977,-87.5993236621929
56.3865112676246,-87.587226196303
56.4254790439329,-87.5751285962424
56.4644737502207,-87.5630308618226
56.5034954050988,-87.5509329928548
56.5425440271909,-87.5388349891501
56.5816196351337,-87.526736850519
56.6207222475766,-87.5146385767721
56.6598518831819,-87.5025401677195
56.699008560625,-87.490441623171
56.7381922985939,-87.4783429429363
56.7774031157898,-87.4662441268248
56.8166410309267,-87.4541451746454
56.8559060627314,-87.4420460862071
56.8951982299439,-87.4299468613183
56.9345175513171,-87.4178474997873
56.9738640456166,-87.405748001422
57.0132377316212,-87.3936483660302
57.0526386281228,-87.3815485934193
57.0920667539259,-87.3694486833965
57.1315221278484,-87.3573486357685
57.1710047687209,-87.3452484503422
57.2105146953871,-87.3331481269236
57.2500519267038,-87.3210476653191
57.2896164815409,-87.3089470653341
57.3292083787811,-87.2968463267744
57.3688276373203,-87.2847454494451
57.4084742760675,-87.2726444331511
57.4481483139446,-87.2605432776972
57.4878497698868,-87.2484419828876
57.5275786628422,-87.2363405485265
57.567335011772,-87.2242389744177
57.6071188356507,-87.2121372603648
57.6469301534657,-87.2000354061711
57.6867689842176,-87.1879334116394
57.7266353469201,-87.1758312765726
57.7665292606002,-87.1637290007729
57.8064507442978,-87.1516265840426
57.8463998170661,-87.1395240261836
57.8863764979715,-87.1274213269973
57.9263808060934,-87.1153184862851
57.9664127605246,-87.103215503848
58.0064723803711,-87.0911123794866
58.0465596847518,-87.0790091130015
58.0866746927991,-87.0669057041928
58.1268174236586,-87.0548021528603
58.166987896489,-87.0426984588036
58.2071861304624,-87.030594621822
58.247412144764,-87.0184906417145
58.2876659585923,-87.0063865182798
58.3279475911591,-86.9942822513164
58.3682570616895,-86.9821778406223
58.4085943894219,-86.9700732859955
58.4489595936079,-86.9579685872335
58.4893526935123,-86.9458637441335
58.5297737084136,-86.9337587564927
58.5702226576032,-86.9216536241075
58.6106995603862,-86.9095483467744
58.6512044360807,-86.8974429242897
58.6917373040184,-86.885337356449
58.7322981835442,-86.8732316430478
58.7728870940166,-86.8611257838815
58.8135040548071,-86.849019778745
58.854149085301,-86.8369136274329
58.8948222048967,-86.8248073297396
58.9355234330061,-86.812700885459
58.9762527890545,-86.8005942943851
59.0170102924808,-86.7884875563113
59.0577959627371,-86.7763806710306
59.098609819289,-86.764273638336
59.1394518816156,-86.7521664580202
59.1803221692094,-86.7400591298754
59.2212207015764,-86.7279516536934
59.2621474982362,-86.7158440292662
59.3031025787217,-86.703736256385
59.3440859625793,-86.6916283348409
59.3850976693692,-86.6795202644247
59.4261377186647,-86.6674120449269
59.467206130053,-86.6553036761378
59.5083029231346,-86.6431951578471
59.5494281175235,-86.6310864898446
59.5905817328475,-86.6189776719195
59.6317637887478,-86.6068687038607
59.6729743048793,-86.594759585457
59.7142133009102,-86.5826503164967
59.7554807965226,-86.570540896768
59.7967768114122,-86.5584313260585
59.8381013652879,-86.5463216041559
59.8794544778728,-86.5342117308472
59.9208361689031,-86.5221017059193
59.9622464581291,-86.5099915291588
60.0036853653144,-86.497881200352
60.0451529102365,-86.4857707192846
60.0866491126864,-86.4736600857425
60.1281739924688,-86.461549299511
60.1697275694022,-86.449438360375
60.2113098633187,-86.4373272681193
60.2529208940641,-86.4252160225284
60.294560681498,-86.4131046233862
60.3362292454936,-86.4009930704766
60.377926605938,-86.3888813635831
60.4196527827318,-86.3767695024889
60.4614077957896,-86.3646574869767
60.5031916650397,-86.3525453168292
60.545004410424,-86.3404329918285
60.5868460518983,-86.3283205117567
60.6287166094324,-86.3162078763953
60.6706161030096,-86.3040950855257
60.712544552627,-86.2919821389287
60.7545019782958,-86.2798690363852
60.7964884000409,-86.2677557776753
60.8385038379008,-86.2556423625792
60.8805483119282,-86.2435287908767
60.9226218421895,-86.231415062347
60.9647244487649,-86.2193011767694
61.0068561517486,-86.2071871339225
61.0490169712487,-86.1950729335849
61.0912069273871,-86.1829585755347
61.1334260402996,-86.1708440595496
61.1756743301361,-86.1587293854073
61.2179518170601,-86.1466145528849
61.2602585212493,-86.1344995617592
61.3025944628952,-86.1223844118069
61.3449596622035,-86.1102691028041
61.3873541393935,-86.0981536345267
61.4297779146987,-86.0860380067504
61.4722310083666,-86.0739222192504
61.5147134406585,-86.0618062718015
61.55722523185,-86.0496901641785
61.5997664022304,-86.0375738961556
61.6423369721033,-86.0254574675069
61.6849369617861,-86.0133408780058
61.7275663916104,-86.0012241274258
61.7702252819217,-85.9891072155399
61.8129136530798,-85.9769901421207
61.8556315254582,-85.9648729069405
61.898378919445,-85.9527555097714
61.9411558554418,-85.940637950385
61.9839623538648,-85.9285202285528
62.0267984351439,-85.9164023440456
62.0696641197235,-85.9042842966344
62.1125594280619,-85.8921660860893
62.1554843806315,-85.8800477121805
62.198438997919,-85.8679291746776
62.2414233004252,-85.8558104733501
62.284437308665,-85.8436916079671
62.3274810431677,-85.8315725782971
62.3705545244764,-85.8194533841086
62.4136577731487,-85.8073340251696
62.4567908097564,-85.795214501248
62.4999536548855,-85.7830948121109
62.5431463291359,-85.7709749575256
62.5863688531223,-85.7588549372587
62.6296212474732,-85.7467347510766
62.6729035328315,-85.7346143987454
62.7162157298545,-85.7224938800306
62.7595578592135,-85.7103731946979
62.8029299415943,-85.6982523425121
62.8463319976969,-85.6861313232379
62.8897640482358,-85.6740101366398
62.9332261139394,-85.6618887824817
62.9767182155509,-85.6497672605273
63.0202403738275,-85.63764557054
63.0637926095409,-85.6255237122828
63.1073749434771,-85.6134016855182
63.1509873964364,-85.6012794900087
63.1946299892337,-85.5891571255163
63.2383027426981,-85.5770345918025
63.2820056776731,-85.5649118886286
63.3257388150166,-85.5527890157556
63.369502175601,-85.5406659729441
63.4132957803131,-85.5285427599543
63.4571196500541,-85.5164193765463
63.5009738057396,-85.5042958224794
63.5448582682997,-85.4921720975131
63.5887730586791,-85.4800482014061
63.6327181978368,-85.4679241339169
63.6766937067462,-85.4557998948038
63.7206996063955,-85.4436754838246
63.7647359177872,-85.4315509007368
63.8088026619383,-85.4194261452975
63.8528998598803,-85.4073012172634
63.8970275326595,-85.3951761163911
63.9411857013364,-85.3830508424367
63.9853743869863,-85.3709253951558
64.0295936106989,-85.3587997743039
64.0738433935786,-85.3466739796359
64.1181237567442,-85.3345480109066
64.1624347213294,-85.3224218678703
64.2067763084822,-85.3102955502809
64.2511485393654,-85.2981690578921
64.2955514351564,-85.2860423904572
64.3399850170472,-85.273915547729
64.3844493062444,-85.26178852946
64.4289443239693,-85.2496613354027
64.4734700914579,-85.2375339653086
64.5180266299609,-85.2254064189293
64.5626139607435,-85.213278696016
64.6072321050859,-85.2011507963194
64.6518810842827,-85.1890227195899
64.6965609196435,-85.1768944655775
64.7412716324923,-85.164766034032
64.7860132441682,-85.1526374247027
64.8307857760247,-85.1405086373385
64.8755892494302,-85.128379671688
64.9204236857681,-85.1162505274995
64.9652891064361,-85.1041212045208
65.0101855328472,-85.0919917024995
65.0551129864288,-85.0798620211827
65.1000714886234,-85.0677321603173
65.145061060888,-85.0556021196495
65.1900817246946,-85.0434718989255
65.2351335015303,-85.031341497891
65.2802164128965,-85.0192109162913
65.3253304803099,-85.0070801538712
65.370475725302,-84.9949492103755
65.4156521694189,-84.9828180855484
65.4608598342219,-84.9706867791337
65.5060987412872,-84.9585552908748
65.5513689122057,-84.9464236205149
65.5966703685833,-84.9342917677967
65.6420031320409,-84.9221597324626
65.6873672242142,-84.9100275142546
65.7327626667541,-84.8978951129144
65.7781894813263,-84.8857625281831
65.8236476896113,-84.8736297598016
65.8691373133051,-84.8614968075104
65.9146583741181,-84.8493636710498
65.960210893776,-84.8372303501594
66.0057948940196,-84.8250968445785
66.0514103966045,-84.8129631540463
66.0970574233015,-84.8008292783014
66.1427359958963,-84.7886952170819
66.1884461361899,-84.7765609701258
66.234187865998,-84.7644265371706
66.2799612071518,-84.7522919179533
66.3257661814973,-84.7401571122106
66.3716028108957,-84.7280221196791
66.4174711172231,-84.7158869400946
66.463371122371,-84.7037515731927
66.509302848246,-84.6916160187087
66.5552663167698,-84.6794802763773
66.601261549879,-84.667344345933
66.6472885695258,-84.6552082271099
66.6933473976772,-84.6430719196416
66.7394380563155,-84.6309354232615
66.7855605674384,-84.6187987377024
66.8317149530585,-84.6066618626969
66.8779012352037,-84.594524797977
66.9241194359172,-84.5823875432747
66.9703695772574,-84.5702500983211
67.016651681298,-84.5581124628473
67.0629657701277,-84.5459746365839
67.1093118658509,-84.533836619261
67.1556899905868,-84.5216984106085
67.2021001664702,-84.5095600103558
67.2485424156512,-84.4974214182318
67.295016760295,-84.4852826339653
67.3415232225823,-84.4731436572845
67.388061824709,-84.4610044879171
67.4346325888865,-84.4488651255908
67.4812355373414,-84.4367255700324
67.5278706923157,-84.4245858209688
67.5745380760668,-84.412445878126
67.6212377108676,-84.4003057412301
67.667969619006,-84.3881654100065
67.7147338227858,-84.3760248841803
67.7615303445259,-84.3638841634762
67.8083592065607,-84.3517432476183
67.8552204312401,-84.3396021363307
67.9021140409292,-84.3274608293368
67.9490400580089,-84.3153193263597
67.9959985048753,-84.3031776271221
68.0429894039402,-84.2910357313462
68.0900127776307,-84.278893638754
68.1370686483895,-84.2667513490669
68.1841570386747,-84.2546088620059
68.2312779709602,-84.2424661772918
68.278431467735,-84.2303232946449
68.325617551504,-84.2181802137849
68.3728362447875,-84.2060369344314
68.4200875701215,-84.1938934563034
68.4673715500573,-84.1817497791195
68.5146882071619,-84.1696059025979
68.5620375640182,-84.1574618264566
68.6094196432243,-84.1453175504129
68.6568344673941,-84.1331730741837
68.704282059157,-84.1210283974859
68.7517624411582,-84.1088835200354
68.7992756360586,-84.0967384415482
68.8468216665345,-84.0845931617395
68.894400555278,-84.0724476803243
68.942012324997,-84.0603019970171
68.989656998415,-84.0481561115322
69.0373345982711,-84.0360100235831
69.0850451473203,-84.0238637328833
69.1327886683332,-84.0117172391455
69.1805651840962,-83.9995705420823
69.2283747174114,-83.9874236414056
69.2762172910967,-83.9752765368272
69.3240929279856,-83.9631292280583
69.3720016509278,-83.9509817148095
69.4199434827883,-83.9388339967914
69.4679184464482,-83.9266860737139
69.5159265648043,-83.9145379452864
69.5639678607693,-83.9023896112182
69.6120423572717,-83.890241071218
69.6601500772558,-83.8780923249939
69.7082910436818,-83.8659433722538
69.7564652795258,-83.8537942127052
69.8046728077796,-83.8416448460551
69.8529136514512,-83.82949527201
69.9011878335643,-83.8173454902761
69.9494953771584,-83.8051955005591
69.9978363052892,-83.7930453025644
70.0462106410282,-83.7808948959966
70.0946184074628,-83.7687442805604
70.1430596276964,-83.7565934559598
70.1915343248483,-83.7444424218983
70.2400425220539,-83.732291178079
70.2885842424647,-83.7201397242046
70.3371595092477,-83.7079880599776
70.3857683455864,-83.6958361850997
70.4344107746801,-83.6836840992724
70.4830868197443,-83.6715318021966
70.5317965040104,-83.6593792935729
70.5805398507258,-83.6472265731014
70.6293168831541,-83.6350736404818
70.6781276245751,-83.6229204954134
70.7269720982842,-83.610767137595
70.7758503275935,-83.5986135667249
70.8247623358308,-83.5864597825011
70.8737081463403,-83.5743057846211
70.9226877824819,-83.5621515727819
70.9717012676322,-83.5499971466803
71.0207486251836,-83.5378425060122
71.0698298785447,-83.5256876504736
71.1189450511404,-83.5135325797596
71.1680941664116,-83.5013772935652
71.2172772478157,-83.4892217915847
71.2664943188259,-83.4770660735121
71.3157454029321,-83.464910139041
71.3650305236399,-83.4527539878644
71.4143497044717,-83.4405976196749
71.4637029689658,-83.4284410341647
71.5130903406767,-83.4162842310255
71.5625118431755,-83.4041272099487
71.6119675000494,-83.3919699706251
71.6614573349018,-83.3798125127451
71.7109813713526,-83.3676548359985
71.760539633038,-83.3554969400749
71.8101321436105,-83.3433388246634
71.8597589267388,-83.3311804894524
71.9094200061083,-83.3190219341302
71.9591154054204,-83.3068631583844
72.008845148393,-83.2947041619023
72.0586092587605,-83.2825449443705
72.1084077602737,-83.2703855054754
72.1582406766996,-83.258225844903
72.2081080318219,-83.2460659623385
72.2580098494406,-83.2339058574669
72.3079461533721,-83.2217455299726
72.3579169674493,-83.2095849795398
72.4079223155217,-83.1974242058519
72.457962221455,-83.1852632085922
72.5080367091317,-83.1731019874431
72.5581458024506,-83.1609405420869
72.608289525327,-83.1487788722053
72.658467901693,-83.1366169774796
72.708680955497,-83.1244548575905
72.7589287107039,-83.1122925122183
72.8092111912953,-83.1001299410431
72.8595284212693,-83.087967143744
72.9098804246407,-83.07580412
72.9602672254408,-83.0636408694896
73.0106888477175,-83.0514773918908
73.0611453155353,-83.0393136868811
73.1116366529754,-83.0271497541376
73.1621628841356,-83.0149855933368
73.2127240331304,-83.0028212041548
73.263320124091,-82.9906565862672
73.3139511811651,-82.9784917393493
73.3646172285172,-82.9663266630757
73.4153182903285,-82.9541613571207
73.466054390797,-82.9419958211578
73.5168255541372,-82.9298300548606
73.5676318045806,-82.9176640579016
73.6184731663753,-82.9054978299533
73.669349663786,-82.8933313706874
73.7202613210944,-82.8811646797753
73.771208162599,-82.868997756888
73.822190212615,-82.8568306016957
73.8732074954744,-82.8446632138684
73.924260035526,-82.8324955930755
73.9753478571355,-82.820327738986
74.0264709846854,-82.8081596512684
74.0776294425749,-82.7959913295906
74.1288232552204,-82.7838227736201
74.1800524470549,-82.7716539830239
74.2313170425284,-82.7594849574686
74.2826170661077,-82.7473156966202
74.3339525422766,-82.7351462001443
74.3853234955359,-82.7229764677059
74.4367299504031,-82.7108064989696
74.4881719314127,-82.6986362935995
74.5396494631164,-82.6864658512591
74.5911625700826,-82.6742951716117
74.6427112768967,-82.6621242543197
74.6942956081613,-82.6499530990454
74.7459155884958,-82.6377817054504
74.7975712425366,-82.6256100731957
74.8492625949374,-82.613438201942
74.9009896703686,-82.6012660913494
74.9527524935177,-82.5890937410777
75.0045510890896,-82.576921150786
75.0563854818058,-82.5647483201328
75.1082556964053,-82.5525752487764
75.1601617576438,-82.5404019363744
75.2121036902945,-82.5282283825839
75.2640815191474,-82.5160545870617
75.3160952690098,-82.5038805494638
75.3681449647062,-82.4917062694459
75.420230631078,-82.4795317466632
75.472352292984,-82.4673569807702
75.5245099753002,-82.4551819714212
75.5767037029197,-82.4430067182697
75.6289335007526,-82.4308312209688
75.6811993937267,-82.4186554791713
75.7335014067865,-82.4064794925291
75.7858395648942,-82.3943032606939
75.8382138930289,-82.3821267833168
75.8906244161871,-82.3699500600483
75.9430711593827,-82.3577730905385
75.9955541476467,-82.345595874437
76.0480734060274,-82.3334184113928
76.1006289595906,-82.3212407010544
76.1532208334191,-82.3090627430698
76.2058490526134,-82.2968845370866
76.2585136422911,-82.2847060827518
76.3112146275873,-82.2725273797117
76.3639520336543,-82.2603484276123
76.416725885662,-82.2481692260992
76.4695362087974,-82.2359897748171
76.5223830282653,-82.2238100734104
76.5752663692876,-82.2116301215231
76.6281862571038,-82.1994499187985
76.6811427169707,-82.1872694648794
76.7341357741626,-82.1750887594081
76.7871654539715,-82.1629078020264
76.8402317817064,-82.1507265923755
76.8933347826943,-82.1385451300962
76.9464744822794,-82.1263634148287
76.9996509058234,-82.1141814462126
77.0528640787059,-82.1019992238871
77.1061140263233,-82.0898167474908
77.1594007740903,-82.0776340166618
77.2127243474389,-82.0654510310377
77.2660847718185,-82.0532677902555
77.3194820726963,-82.0410842939517
77.372916275557,-82.0289005417622
77.426387405903,-82.0167165333224
77.4798954892542,-82.0045322682673
77.5334405511483,-81.9923477462313
77.5870226171405,-81.9801629668481
77.6406417128037,-81.967977929751
77.6942978637285,-81.9557926345727
77.7479910955231,-81.9436070809456
77.8017214338136,-81.9314212685012
77.8554889042437,-81.9192351968707
77.9092935324747,-81.9070488656846
77.9631353441857,-81.894862274573
78.0170143650736,-81.8826754231655
78.0709306208531,-81.8704883110909
78.1248841372567,-81.8583009379777
78.1788749400343,-81.8461133034537
78.2329030549542,-81.8339254071463
78.2869685078021,-81.8217372486823
78.3410713243815,-81.8095488276878
78.395211530514,-81.7973601437886
78.4493891520389,-81.7851711966097
78.5036042148132,-81.7729819857758
78.5578567447121,-81.7607925109109
78.6121467676283,-81.7486027716384
78.6664743094728,-81.7364127675813
78.7208393961742,-81.724222498362
78.7752420536792,-81.7120319636022
78.8296823079523,-81.6998411629232
78.884160184976,-81.6876500959457
78.9386757107507,-81.6754587622899
78.9932289112949,-81.6632671615753
79.047819812645,-81.651075293421
79.1024484408554,-81.6388831574454
79.1571148219984,-81.6266907532664
79.2118189821645,-81.6144980805015
79.2665609474623,-81.6023051387672
79.321340744018,-81.59011192768
79.3761583979764,-81.5779184468553
79.4310139354999,-81.5657246959084
79.4859073827695,-81.5535306744538
79.5408387659837,-81.5413363821053
79.5958081113595,-81.5291418184763
79.6508154451319,-81.5169469831798
79.7058607935543,-81.5047518758279
79.7609441828975,-81.4925564960323
79.8160656394513,-81.4803608434042
79.8712251895232,-81.468164917554
79.9264228594391,-81.4559687180917
79.9816586755428,-81.4437722446268
80.0369326641966,-81.4315754967679
80.092244851781,-81.4193784741234
80.1475952646945,-81.4071811763009
80.202983929354,-81.3949836029075
80.2584108721947,-81.3827857535497
80.31387611967,-81.3705876278334
80.3693796982516,-81.358389225364
80.4249216344295,-81.3461905457462
80.4805019547119,-81.3339915885842
80.5361206856255,-81.3217923534815
80.5917778537153,-81.3095928400413
80.6474734855444,-81.297393047866
80.7032076076947,-81.2851929765573
80.758980246766,-81.2729926257165
80.8147914293768,-81.2607919949444
80.8706411821639,-81.2485910838409
80.9265295317824,-81.2363898920056
80.9824565049061,-81.2241884190374
81.0384221282269,-81.2119866645345
81.0944264284555,-81.1997846280948
81.1504694323206,-81.1875823093152
81.2065511665699,-81.1753797077924
81.2626716579691,-81.1631768231223
81.3188309333028,-81.1509736549001
81.3750290193738,-81.1387702027208
81.4312659430036,-81.1265664661783
81.4875417310322,-81.1143624448663
81.5438564103182,-81.1021581383776
81.6002100077386,-81.0899535463047
81.656602550189,-81.0777486682392
81.7130340645838,-81.0655435037724
81.7695045778558,-81.0533380524947
81.8260141169566,-81.041132313996
81.8825627088561,-81.0289262878658
81.9391503805431,-81.0167199736927
81.995777159025,-81.0045133710648
82.0524430713279,-80.9923064795697
82.1091481444966,-80.9800992987942
82.1658924055943,-80.9678918283246
82.2226758817033,-80.9556840677467
82.2794985999243,-80.9434760166453
82.336360587377,-80.9312676746051
82.3932618711997,-80.9190590412099
82.4502024785494,-80.9068501160428
82.5071824366019,-80.8946408986864
82.564201772552,-80.8824313887228
82.6212605136129,-80.8702215857333
82.6783586870169,-80.8580114892988
82.735496320015,-80.8458010989992
82.7926734398771,-80.8335904144142
82.8498900738919,-80.8213794351225
82.907146249367,-80.8091681607026
82.9644419936288,-80.796956590732
83.0217773340227,-80.7847447247877
83.0791522979128,-80.7725325624461
83.1365669126824,-80.7603201032831
83.1940212057334,-80.7481073468737
83.2515152044868,-80.7358942927924
83.3090489363827,-80.7236809406131
83.3666224288799,-80.7114672899092
83.4242357094564,-80.6992533402532
83.481888805609,-80.687039091217
83.5395817448535,-80.6748245423721
83.5973145547248,-80.6626096932891
83.655087262777,-80.6503945435382
83.7128998965829,-80.6381790926888
83.7707524837346,-80.6259633403096
83.8286450518431,-80.613747285969
83.8865776285387,-80.6015309292343
83.9445502414706,-80.5893142696726
84.0025629183072,-80.57709730685
84.0606156867359,-80.5648800403321
84.1187085744635,-80.552662469684
84.1768416092156,-80.5404445944698
84.2350148187373,-80.5282264142534
84.2932282307926,-80.5160079285978
84.3514818731649,-80.5037891370652
84.4097757736565,-80.4915700392175
84.4681099600894,-80.4793506346157
84.5264844603044,-80.4671309228202
84.5848993021615,-80.454910903391
84.6433545135404,-80.4426905758869
84.7018501223397,-80.4304699398666
84.7603861564774,-80.4182489948879
84.8189626438908,-80.4060277405078
84.8775796125364,-80.393806176283
84.9362370903902,-80.3815843017692
84.9949351054473,-80.3693621165218
85.0536736857224,-80.357139620095
85.1124528592495,-80.344916812043
85.1712726540818,-80.3326936919187
85.230133098292,-80.320470259275
85.2890342199723,-80.3082465136634
85.3479760472342,-80.2960224546354
85.4069586082087,-80.2837980817414
85.4659819310459,-80.2715733945313
85.525046043916,-80.2593483925543
85.5841509750081,-80.2471230753591
85.643296752531,-80.2348974424933
85.7024834047131,-80.2226714935043
85.7617109598022,-80.2104452279386
85.8209794460654,-80.198218645342
85.8802888917898,-80.1859917452597
85.9396393252817,-80.1737645272363
85.999030774867,-80.1615369908154
86.0584632688913,-80.1493091355404
86.1179368357198,-80.1370809609536
86.1774515037371,-80.1248524665968
86.2370073013476,-80.1126236520112
86.2966042569753,-80.1003945167372
86.3562423990638,-80.0881650603145
86.4159217560763,-80.0759352822821
86.475642356496,-80.0637051821786
86.5354042288252,-80.0514747595415
86.5952074015864,-80.0392440139078
86.6550519033215,-80.0270129448138
86.7149377625925,-80.0147815517953
86.7748650079807,-80.0025498343871
86.8348336680875,-79.9903177921234
86.8948437715338,-79.9780854245378
86.9548953469605,-79.9658527311631
87.0149884230281,-79.9536197115316
87.075123028417,-79.9413863651745
87.1352991918276,-79.9291526916228
87.1955169419797,-79.9169186904065
87.2557763076134,-79.9046843610549
87.3160773174883,-79.8924497030967
87.3764200003843,-79.8802147160599
87.4368043851006,-79.8679793994717
87.4972305004568,-79.8557437528587
87.5576983752922,-79.8435077757467
87.6182080384662,-79.8312714676609
87.6787595188579,-79.8190348281257
87.7393528453665,-79.8067978566648
87.7999880469112,-79.7945605528012
87.8606651524311,-79.7823229160574
87.9213841908853,-79.7700849459547
87.982145191253,-79.7578466420141
88.0429481825334,-79.7456080037558
88.1037931937457,-79.7333690306993
88.1646802539292,-79.7211297223632
88.2256093921431,-79.7088900782657
88.286580637467,-79.6966500979239
88.3475940190004,-79.6844097808544
88.4086495658628,-79.6721691265732
88.4697473071942,-79.6599281345952
88.5308872721542,-79.6476868044351
88.5920694899229,-79.6354451356064
88.6532939897007,-79.6232031276221
88.7145608007078,-79.6109607799944
88.7758699521849,-79.5987180922348
88.8372214733928,-79.5864750638542
88.8986153936124,-79.5742316943625
88.960051742145,-79.5619879832691
89.0215305483121,-79.5497439300825
89.0830518414555,-79.5374995343106
89.1446156509373,-79.5252547954605
89.2062220061396,-79.5130097130386
89.2678709364653,-79.5007642865505
89.3295624713372,-79.4885185155011
89.3912966401987,-79.4762723993946
89.4530734725133,-79.4640259377343
89.514892997765,-79.4517791300231
89.5767552454583,-79.4395319757627
89.6386602451179,-79.4272844744544
89.700608026289,-79.4150366255986
89.7625986185372,-79.4027884286951
89.8246320514484,-79.3905398832427
89.8867083546292,-79.3782909887397
89.9488275577065,-79.3660417446835
90.0109896903277,-79.3537921505708
90.0731947821606,-79.3415422058976
90.1354428628937,-79.329291910159
90.1977339622359,-79.3170412628495
90.2600681099166,-79.3047902634627
90.3224453356859,-79.2925389114915
90.3848656693142,-79.2802872064282
90.4473291405926,-79.2680351477642
90.509835779333,-79.2557827349899
90.5723856153676,-79.2435299675954
90.6349786785493,-79.2312768450698
90.6976149987517,-79.2190233669014
90.760294605869,-79.2067695325777
90.823017529816,-79.1945153415856
90.8857838005283,-79.1822607934111
90.9485934479622,-79.1700058875396
91.0114465020944,-79.1577506234554
91.0743429929228,-79.1454950006424
91.1372829504657,-79.1332390185835
91.2002664047621,-79.1209826767608
91.2632933858721,-79.1087259746558
91.3263639238761,-79.0964689117491
91.3894780488757,-79.0842114875206
91.4526357909932,-79.0719537014492
91.5158371803715,-79.0596955530134
91.5790822471746,-79.0474370416906
91.6423710215871,-79.0351781669575
91.7057035338148,-79.0229189282901
91.769079814084,-79.0106593251635
91.8324998926422,-78.9983993570521
91.8959637997576,-78.9861390234294
91.9594715657193,-78.9738783237682
92.0230232208376,-78.9616172575406
92.0866187954435,-78.9493558242177
92.1502583198889,-78.93709402327
92.2139418245469,-78.9248318541669
92.2776693398116,-78.9125693163774
92.3414408960977,-78.9003064093695
92.4052565238415,-78.8880431326104
92.4691162535,-78.8757794855665
92.5330201155511,-78.8635154677034
92.5969681404942,-78.8512510784859
92.6609603588495,-78.8389863173781
92.7249968011582,-78.826721183843
92.7890774979827,-78.8144556773433
92.8532024799068,-78.8021897973403
92.917371777535,-78.789923543295
92.9815854214931,-78.7776569146672
93.0458434424283,-78.7653899109161
93.1101458710087,-78.7531225315001
93.1744927379236,-78.7408547758767
93.2388840738837,-78.7285866435025
93.3033199096208,-78.7163181338336
93.3678002758879,-78.7040492463249
93.4323252034593,-78.6917799804308
93.4968947231306,-78.6795103356046
93.5615088657187,-78.6672403112989
93.6261676620619,-78.6549699069656
93.6908711430193,-78.6426991220557
93.7556193394718,-78.6304279560191
93.8204122823217,-78.6181564083054
93.8852500024924,-78.6058844783629
93.9501325309287,-78.5936121656392
94.0150598985969,-78.5813394695813
94.0800321364847,-78.569066389635
94.145049275601,-78.5567929252455
94.2101113469765,-78.5445190758573
94.2752183816629,-78.5322448409135
94.3403704107338,-78.5199702198571
94.4055674652839,-78.5076952121297
94.4708095764297,-78.4954198171723
94.536096775309,-78.483144034425
94.6014290930812,-78.470867863327
94.6668065609272,-78.4585913033169
94.7322292100494,-78.4463143538321
94.797697071672,-78.4340370143094
94.8632101770404,-78.4217592841847
94.9287685574218,-78.409481162893
94.9943722441052,-78.3972026498684
95.0600212684008,-78.3849237445443
95.1257156616409,-78.3726444463532
95.191455455179,-78.3603647547266
95.2572406803907,-78.3480846690953
95.3230713686729,-78.3358041888893
95.3889475514444,-78.3235233135374
95.4548692601458,-78.3112420424679
95.5208365262391,-78.2989603751081
95.5868493812085,-78.2866783108844
95.6529078565595,-78.2743958492224
95.7190119838197,-78.2621129895468
95.7851617945384,-78.2498297312814
95.8513573202866,-78.2375460738492
95.9175985926571,-78.2252620166723
95.9838856432648,-78.2129775591719
96.0502185037462,-78.2006927007684
96.1165972057598,-78.1884074408812
96.1830217809858,-78.1761217789288
96.2494922611265,-78.1638357143291
96.3160086779061,-78.1515492464988
96.3825710630704,-78.1392623748538
96.4491794483876,-78.1269750988094
96.5158338656475,-78.1146874177795
96.5825343466621,-78.1023993311775
96.6492809232653,-78.0901108384159
96.7160736273129,-78.077821938906
96.7829124906829,-78.0655326320587
96.8497975452752,-78.0532429172835
96.9167288230117,-78.0409527939893
96.9837063558366,-78.0286622615841
97.050730175716,-78.0163713194748
97.117800314638,-78.0040799670678
97.1849168046129,-77.9917882037681
97.2520796776733,-77.9794960289801
97.3192889658736,-77.9672034421074
97.3865447012907,-77.9549104425523
97.4538469160233,-77.9426170297167
97.5211956421927,-77.9303232030011
97.5885909119419,-77.9180289618054
97.6560327574367,-77.9057343055285
97.7235212108646,-77.8934392335685
97.7910563044357,-77.8811437453223
97.8586380703821,-77.8688478401862
97.9262665409584,-77.8565515175554
97.9939417484415,-77.8442547768243
98.0616637251301,-77.8319576173862
98.129432503346,-77.8196600386337
98.1972481154327,-77.8073620399584
98.2651105937566,-77.7950636207508
98.3330199707058,-77.7827647804007
98.4009762786915,-77.770465518297
98.4689795501467,-77.7581658338275
98.5370298175273,-77.7458657263791
98.6051271133112,-77.7335651953379
98.673271469999,-77.7212642400888
98.7414629201138,-77.7089628600162
98.8097014962009,-77.6966610545031
98.8779872308285,-77.6843588229318
98.9463201565869,-77.6720561646838
99.0147003060892,-77.6597530791393
99.0831277119709,-77.6474495656778
99.15160240689,-77.6351456236779
99.2201244235274,-77.6228412525171
99.2886937945862,-77.6105364515719
99.3573105527922,-77.5982312202182
99.425974730894,-77.5859255578305
99.4946863616626,-77.5736194637827
99.5634454778917,-77.5613129374476
99.6322521123978,-77.5490059781969
99.70110629802,-77.5366985854018
99.77000806762,-77.524390758432
99.8389574540824,-77.5120824966565
99.9079544903144,-77.4997737994435
99.9769992092458,-77.4874646661599
100.04609164383,-77.4751550961719
100.115231827041,-77.4628450888445
100.184419791878,-77.4505346435421
100.253655571363,-77.4382237596276
100.322939198539,-77.4259124364634
100.392270706472,-77.4136006734108
100.461650128252,-77.40128846983
100.531077496993,-77.3889758250804
100.600552845828,-77.3766627385202
100.670076207917,-77.3643492095068
100.739647616441,-77.3520352373966
100.809267104603,-77.339720821545
100.87893470563,-77.3274059613063
100.948650452774,-77.3150906560341
101.018414379306,-77.3027749050807
101.088226518522,-77.2904587077976
101.158086903742,-77.2781420635353
101.227995568308,-77.2658249716432
101.297952545585,-77.2535074314697
101.36795786896,-77.2411894423625
101.438011571845,-77.228871003668
101.508113687674,-77.2165521147315
101.578264249905,-77.2042327748977
101.648463292018,-77.19191298351
101.718710847516,-77.1795927399109
101.789006949928,-77.1672720434419
101.859351632801,-77.1549508934435
101.92974492971,-77.142629289255
102.000186874252,-77.1303072302151
102.070677500044,-77.117984715661
102.141216840731,-77.1056617449293
102.211804929979,-77.0933383173553
102.282441801476,-77.0810144322734
102.353127488935,-77.0686900890171
102.423862026093,-77.0563652869187
102.494645446708,-77.0440400253096
102.565477784562,-77.0317143035199
102.636359073463,-77.0193881208791
102.707289347239,-77.0070614767154
102.778268639743,-76.9947343703561
102.84929698485,-76.9824068011273
102.92037441646,-76.9700787683542
102.991500968497,-76.957750271361
103.062676674905,-76.9454213094707
103.133901569656,-76.9330918820055
103.205175686742,-76.9207619882864
103.27649906018,-76.9084316276333
103.347871724011,-76.8961007993652
103.419293712298,-76.8837695028001
103.490765059128,-76.8714377372547
103.562285798612,-76.8591055020449
103.633855964885,-76.8467727964855
103.705475592105,-76.8344396198901
103.777144714453,-76.8221059715714
103.848863366134,-76.8097718508411
103.920631581379,-76.7974372570096
103.992449394438,-76.7851021893865
104.064316839588,-76.7727666472802
104.13623395113,-76.760430629998
104.208200763387,-76.7480941368464
104.280217310705,-76.7357571671304
104.352283627457,-76.7234197201544
104.424399748037,-76.7110817952213
104.496565706864,-76.6987433916333
104.568781538379,-76.6864045086913
104.64104727705,-76.6740651456952
104.713362957366,-76.6617253019438
104.785728613841,-76.6493849767349
104.858144281012,-76.637044169365
104.930609993442,-76.6247028791299
105.003125785716,-76.6123611053239
105.075691692443,-76.6000188472405
105.148307748256,-76.587676104172
105.220973987812,-76.5753328754097
105.293690445794,-76.5629891602436
105.366457156905,-76.5506449579629
105.439274155874,-76.5383002678555
105.512141477456,-76.5259550892083
105.585059156427,-76.513609421307
105.658027227588,-76.5012632634363
105.731045725765,-76.4889166148797
105.804114685806,-76.4765694749198
105.877234142586,-76.4642218428379
105.950404131001,-76.4518737179142
106.023624685973,-76.4395250994278
106.096895842447,-76.4271759866569
106.170217635395,-76.4148263788782
106.243590099809,-76.4024762753678
106.317013270708,-76.3901256754001
106.390487183134,-76.3777745782488
106.464011872155,-76.3654229831863
106.537587372859,-76.353070889484
106.611213720364,-76.340718296412
106.684890949808,-76.3283652032395
106.758619096355,-76.3160116092344
106.832398195193,-76.3036575136636
106.906228281534,-76.2913029157926
106.980109390614,-76.278947814886
107.054041557696,-76.2665922102074
107.128024818063,-76.2542361010189
107.202059207026,-76.2418794865818
107.276144759919,-76.2295223661559
107.350281512101,-76.2171647390003
107.424469498953,-76.2048066043725
107.498708755885,-76.1924479615292
107.572999318328,-76.1800888097258
107.647341221737,-76.1677291482166
107.721734501594,-76.1553689762546
107.796179193405,-76.1430082930919
107.870675332699,-76.1306470979793
107.945222955031,-76.1182853901663
108.01982209598,-76.1059231689016
108.094472791149,-76.0935604334324
108.169175076167,-76.0811971830048
108.243928986687,-76.0688334168639
108.318734558386,-76.0564691342536
108.393591826966,-76.0441043344163
108.468500828155,-76.0317390165938
108.543461597703,-76.0193731800262
108.618474171387,-76.0070068239527
108.693538585009,-75.9946399476112
108.768654874393,-75.9822725502385
108.84382307539,-75.9699046310703
108.919043223876,-75.9575361893409
108.99431535575,-75.9451672242836
109.069639506938,-75.9327977351303
109.145015713388,-75.920427721112
109.220444011076,-75.9080571814582
109.295924436001,-75.8956861153975
109.371457024188,-75.8833145221571
109.447041811684,-75.8709424009631
109.522678834565,-75.8585697510402
109.598368128929,-75.8461965716123
109.674109730901,-75.8338228619018
109.749903676629,-75.8214486211298
109.825750002287,-75.8090738485164
109.901648744074,-75.7966985432805
109.977599938214,-75.7843227046397
110.053603620956,-75.7719463318104
110.129659828574,-75.7595694240077
110.205768597367,-75.7471919804457
110.28192996366,-75.7348140003371
110.3581439638,-75.7224354828933
110.434410634163,-75.7100564273248
110.510730011149,-75.6976768328405
110.587102131181,-75.6852966986483
110.66352703071,-75.6729160239548
110.740004746211,-75.6605348079654
110.816535314185,-75.6481530498842
110.893118771155,-75.6357707489142
110.969755153674,-75.6233879042569
111.046444498317,-75.6110045151129
111.123186841685,-75.5986205806812
111.199982220405,-75.5862361001598
111.27683067113,-75.5738510727454
111.353732230535,-75.5614654976334
111.430686935323,-75.549079374018
111.507694822223,-75.5366927010921
111.584755927988,-75.5243054780474
111.661870289395,-75.5119177040742
111.739037943251,-75.4995293783617
111.816258926383,-75.4871405000979
111.893533275647,-75.4747510684693
111.970861027923,-75.4623610826612
112.048242220118,-75.4499705418577
112.125676889162,-75.4375794452417
112.203165072013,-75.4251877919946
112.280706805653,-75.4127955812967
112.358302127091,-75.400402812327
112.435951073359,-75.3880094842632
112.513653681517,-75.3756155962816
112.59140998865,-75.3632211475575
112.669220031869,-75.3508261372646
112.747083848309,-75.3384305645754
112.825001475132,-75.3260344286614
112.902972949526,-75.3136377286923
112.980998308704,-75.3012404638368
113.059077589904,-75.2888426332624
113.137210830392,-75.276444236135
113.215398067458,-75.2640452716195
113.293639338417,-75.2516457388793
113.371934680612,-75.2392456370765
113.450284131411,-75.226844965372
113.528687728207,-75.2144437229252
113.607145508419,-75.2020419088945
113.685657509493,-75.1896395224366
113.7642237689,-75.1772365627072
113.842844324136,-75.1648330288605
113.921519212726,-75.1524289200495
114.000248472217,-75.1400242354256
114.079032140184,-75.1276189741393
114.157870254229,-75.1152131353394
114.236762851978,-75.1028067181736
114.315709971084,-75.0903997217881
114.394711649225,-75.0779921453279
114.473767924107,-75.0655839879365
114.55287883346,-75.0531752487563
114.632044415042,-75.040765926928
114.711264706635,-75.0283560215914
114.790539746048,-75.0159455318845
114.869869571118,-75.0035344569443
114.949254219704,-74.9911227959063
115.028693729696,-74.9787105479046
115.108188139006,-74.966297712072
115.187737485576,-74.9538842875399
115.26734180737,-74.9414702734384
115.347001142381,-74.9290556688963
115.426715528629,-74.9166404730407
115.506485004158,-74.9042246849978
115.586309607039,-74.8918083038921
115.666189375371,-74.8793913288469
115.746124347276,-74.8669737589838
115.826114560905,-74.8545555934235
115.906160054436,-74.8421368312849
115.98626086607,-74.8297174716859
116.066417034037,-74.8172975137426
116.146628596594,-74.80487695657
116.226895592022,-74.7924557992817
116.30721805863,-74.7800340409896
116.387596034753,-74.7676116808047
116.468029558754,-74.7551887178362
116.548518669019,-74.742765151192
116.629063403965,-74.7303409799786
116.709663802032,-74.7179162033013
116.790319901688,-74.7054908202636
116.871031741427,-74.693064829968
116.951799359772,-74.6806382315152
117.032622795268,-74.6682110240047
117.113502086491,-74.6557832065347
117.194437272041,-74.6433547782017
117.275428390547,-74.6309257381008
117.356475480662,-74.618496085326
117.437578581068,-74.6060658189695
117.518737730472,-74.5936349381223
117.599952967609,-74.5812034418739
117.681224331239,-74.5687713293122
117.762551860153,-74.5563385995239
117.843935593163,-74.5439052515941
117.925375569112,-74.5314712846067
118.006871826868,-74.5190366976438
118.088424405327,-74.5066014897862
118.170033343412,-74.4941656601135
118.25169868007,-74.4817292077034
118.333420454279,-74.4692921316324
118.415198705042,-74.4568544309756
118.497033471387,-74.4444161048064
118.578924792374,-74.431977152197
118.660872707084,-74.419537572218
118.74287725463,-74.4070973639384
118.82493847415,-74.3946565264261
118.907056404807,-74.3822150587471
118.989231085796,-74.3697729599661
119.071462556334,-74.3573302291465
119.153750855668,-74.34488686535
119.236096023071,-74.3324428676368
119.318498097845,-74.3199982350657
119.400957119317,-74.307552966694
119.483473126841,-74.2951070615775
119.5660461598,-74.2826605187705
119.648676257603,-74.2702133373259
119.731363459687,-74.2577655162948
119.814107805516,-74.2453170547271
119.89690933458,-74.2328679516712
119.979768086398,-74.2204182061737
120.062684100515,-74.2079678172799
120.145657416506,-74.1955167840337
120.228688073969,-74.1830651054772
120.311776112533,-74.1706127806512
120.394921571853,-74.1581598085948
120.478124491612,-74.1457061883458
120.561384911519,-74.1332519189402
120.644702871312,-74.1207969994127
120.728078410755,-74.1083414287965
120.811511569642,-74.0958852061229
120.895002387791,-74.083428330422
120.97855090505,-74.0709708007224
121.062157161295,-74.0585126160508
121.145821196427,-74.0460537754328
121.229543050376,-74.0335942778921
121.313322763101,-74.0211341224509
121.397160374586,-74.0086733081301
121.481055924844,-73.9962118339487
121.565009453916,-73.9837496989244
121.64902100187,-73.9712869020732
121.733090608802,-73.9588234424095
121.817218314835,-73.9463593189463
121.901404160121,-73.933894530695
121.985648184839,-73.9214290766651
122.069950429195,-73.9089629558651
122.154310933425,-73.8964961673013
122.238729737791,-73.8840287099789
122.323206882582,-73.8715605829013
122.407742408117,-73.8590917850702
122.492336354743,-73.8466223154861
122.576988762832,-73.8341521731475
122.661699672787,-73.8216813570514
122.746469125037,-73.8092098661934
122.83129716004,-73.7967376995673
122.916183818281,-73.7842648561653
123.001129140274,-73.7717913349781
123.086133166561,-73.7593171349947
123.17119593771,-73.7468422552026
123.256317494321,-73.7343666945874
123.341497877017,-73.7218904521335
123.426737126454,-73.7094135268233
123.512035283313,-73.6969359176378
123.597392388303,-73.6844576235564
123.682808482163,-73.6719786435565
123.768283605659,-73.6594989766144
123.853817799586,-73.6470186217044
123.939411104765,-73.6345375777993
124.025063562049,-73.62205584387
124.110775212315,-73.6095734188863
124.196546096472,-73.5970903018158
124.282376255454,-73.5846064916247
124.368265730225,-73.5721219872775
124.454214561779,-73.5596367877372
124.540222791135,-73.5471508919648
124.626290459341,-73.5346642989199
124.712417607476,-73.5221770075604
124.798604276645,-73.5096890168424
124.884850507981,-73.4972003257205
124.971156342648,-73.4847109331476
125.057521821835,-73.4722208380746
125.143946986764,-73.4597300394513
125.23043187868,-73.4472385362254
125.316976538861,-73.4347463273429
125.403581008611,-73.4222534117482
125.490245329264,-73.4097597883842
125.576969542182,-73.3972654561918
125.663753688755,-73.3847704141104
125.750597810402,-73.3722746610775
125.837501948572,-73.3597781960291
125.924466144741,-73.3472810178994
126.011490440413,-73.3347831256209
126.098574877122,-73.3222845181244
126.185719496432,-73.3097851943388
126.272924339932,-73.2972851531917
126.360189449244,-73.2847843936084
126.447514866016,-73.2722829145131
126.534900631924,-73.2597807148277
126.622346788677,-73.2472777934728
126.709853378007,-73.234774149367
126.797420441681,-73.2222697814272
126.885048021489,-73.2097646885686
126.972736159255,-73.1972588697047
127.060484896829,-73.1847523237472
127.148294276089,-73.172245049606
127.236164338946,-73.1597370461893
127.324095127335,-73.1472283124035
127.412086683224,-73.1347188471534
127.500139048608,-73.1222086493417
127.58825226551,-73.1096977178697
127.676426375986,-73.0971860516367
127.764661422117,-73.0846736495403
127.852957446015,-73.0721605104762
127.941314489821,-73.0596466333385
128.029732595704,-73.0471320170195
128.118211805863,-73.0346166604095
128.206752162527,-73.0221005623972
128.295353707953,-73.0095837218696
128.384016484427,-72.9970661377116
128.472740534265,-72.9845478088066
128.561525899813,-72.9720287340358
128.650372623444,-72.9595089122792
128.739280747562,-72.9469883424143
128.8282503146,-72.9344670233174
128.91728136702,-72.9219449538625
129.006373947314,-72.909422132922
129.095528098002,-72.8968985593666
129.184743861635,-72.8843742320648
129.274021280792,-72.8718491498838
129.363360398083,-72.8593233116884
129.452761256145,-72.8467967163419
129.542223897648,-72.8342693627057
129.631748365288,-72.8217412496394
129.721334701793,-72.8092123760006
129.810982949919,-72.7966827406451
129.900693152452,-72.784152342427
129.990465352208,-72.7716211801983
130.080299592032,-72.7590892528094
130.170195914799,-72.7465565591085
130.260154363413,-72.7340230979424
130.350174980809,-72.7214888681555
130.440257809951,-72.7089538685907
130.530402893831,-72.6964180980889
130.620610275473,-72.6838815554891
130.710879997931,-72.6713442396284
130.801212104286,-72.6588061493421
130.891606637651,-72.6462672834635
130.982063641169,-72.6337276408241
131.072583158011,-72.6211872202534
131.16316523138,-72.6086460205791
131.253809904507,-72.596104040627
131.344517220654,-72.5835612792208
131.435287223112,-72.5710177351825
131.526119955204,-72.5584734073321
131.617015460279,-72.5459282944876
131.70797378172,-72.5333823954653
131.798994962938,-72.5208357090793
131.890079047375,-72.508288234142
131.981226078501,-72.4957399694638
132.072436099818,-72.4831909138529
132.163709154858,-72.470641066116
132.255045287182,-72.4580904250576
132.346444540381,-72.4455389894802
132.437906958079,-72.4329867581845
132.529432583925,-72.4204337299692
132.621021461604,-72.4078799036309
132.712673634826,-72.3953252779645
132.804389147334,-72.3827698517627
132.896168042902,-72.3702136238164
132.988010365332,-72.3576565929143
133.079916158457,-72.3450987578434
133.171885466141,-72.3325401173885
133.263918332277,-72.3199806703326
133.35601480079,-72.3074204154564
133.448174915635,-72.2948593515391
133.540398720797,-72.2822974773573
133.632686260289,-72.2697347916862
133.72503757816,-72.2571712932985
133.817452718483,-72.2446069809652
133.909931725367,-72.2320418534552
134.002474642949,-72.2194759095354
134.095081515395,-72.2069091479706
134.187752386904,-72.1943415675236
134.280487301705,-72.1817731669553
134.373286304057,-72.1692039450244
134.46614943825,-72.1566339004877
134.559076748604,-72.1440630320999
134.65206827947,-72.1314913386137
134.745124075231,-72.1189188187796
134.838244180298,-72.1063454713462
134.931428639114,-72.0937712950601
135.024677496154,-72.0811962886657
135.117990795922,-72.0686204509055
135.211368582953,-72.0560437805197
135.304810901813,-72.0434662762465
135.398317797099,-72.0308879368223
135.491889313439,-72.0183087609811
135.585525495492,-72.005728747455
135.679226387946,-71.9931478949739
135.772992035522,-71.9805662022656
135.866822482971,-71.967983668056
135.960717775076,-71.9554002910687
136.054677956649,-71.9428160700253
136.148703072534,-71.9302310036453
136.242793167607,-71.9176450906461
136.336948286773,-71.9050583297428
136.43116847497,-71.8924707196487
136.525453777166,-71.8798822590747
136.619804238359,-71.8672929467297
136.71421990358,-71.8547027813207
136.808700817891,-71.842111761552
136.903247026384,-71.8295198861263
136.997858574183,-71.8169271537439
137.092535506443,-71.8043335631031
137.187277868349,-71.7917391128999
137.28208570512,-71.7791438018282
137.376959062003,-71.7665476285799
137.471897984279,-71.7539505918444
137.566902517258,-71.7413526903093
137.661972706284,-71.7287539226599
137.75710859673,-71.7161542875791
137.852310234001,-71.703553783748
137.947577663534,-71.6909524098454
138.042910930796,-71.6783501645476
138.138310081287,-71.6657470465292
138.233775160538,-71.6531430544624
138.329306214111,-71.6405381870171
138.4249032876,-71.627932442861
138.52056642663,-71.6153258206599
138.616295676858,-71.602718319077
138.712091083972,-71.5901099367735
138.807952693692,-71.5775006724083
138.90388055177,-71.5648905246383
138.999874703989,-71.5522794921178
139.095935196163,-71.5396675734991
139.192062074139,-71.5270547674323
139.288255383795,-71.5144410725651
139.384515171041,-71.5018264875432
139.480841481819,-71.4892110110098
139.577234362101,-71.4765946416059
139.673693857893,-71.4639773779704
139.770220015232,-71.4513592187397
139.866812880186,-71.4387401625483
139.963472498856,-71.426120208028
140.060198917375,-71.4134993538086
140.156992181906,-71.4008775985176
140.253852338646,-71.3882549407801
140.350779433822,-71.375631379219
140.447773513696,-71.363006912455
140.544834624558,-71.3503815391063
140.641962812733,-71.3377552577889
140.739158124577,-71.3251280671165
140.836420606478,-71.3124999657006
140.933750304856,-71.2998709521502
141.031147266163,-71.2872410250721
141.128611536883,-71.2746101830708
141.226143163533,-71.2619784247482
141.323742192662,-71.2493457487044
141.42140867085,-71.2367121535366
141.51914264471,-71.2240776378401
141.616944160888,-71.2114422002075
141.71481326606,-71.1988058392295
141.812750006936,-71.1861685534939
141.910754430258,-71.1735303415865
142.008826582801,-71.1608912020908
142.10696651137,-71.1482511335877
142.205174262805,-71.1356101346558
142.303449883977,-71.1229682038714
142.40179342179,-71.1103253398083
142.50020492318,-71.0976815410381
142.598684435114,-71.0850368061298
142.697232004595,-71.0723911336502
142.795847678655,-71.0597445221636
142.894531504361,-71.0470969702318
142.993283528811,-71.0344484764144
143.092103799136,-71.0217990392685
143.190992362499,-71.0091486573487
143.289949266098,-70.9964973292074
143.388974557159,-70.9838450533943
143.488068282946,-70.9711918284568
143.587230490752,-70.9585376529399
143.686461227903,-70.9458825253862
143.78576054176,-70.9332264443358
143.885128479715,-70.9205694083261
143.984565089192,-70.9079114158926
144.084070417649,-70.8952524655678
144.183644512577,-70.8825925558821
144.283287421499,-70.8699316853632
144.382999191972,-70.8572698525364
144.482779871584,-70.8446070559247
144.582629507957,-70.8319432940483
144.682548148747,-70.8192785654252
144.782535841641,-70.8066128685708
144.882592634359,-70.7939462019978
144.982718574657,-70.7812785642168
145.082913710319,-70.7686099537356
145.183178089166,-70.7559403690596
145.283511759052,-70.7432698086916
145.383914767861,-70.730598271132
145.484387163512,-70.7179257548785
145.584928993959,-70.7052522584266
145.685540307185,-70.6925777802689
145.78622115121,-70.6799023188956
145.886971574085,-70.6672258727944
145.987791623895,-70.6545484404504
146.088681348757,-70.6418700203462
146.189640796824,-70.6291906109617
146.290670016279,-70.6165102107744
146.39176905534,-70.6038288182592
146.492937962259,-70.5911464318884
146.594176785321,-70.5784630501316
146.695485572842,-70.565778671456
146.796864373174,-70.5530932943261
146.898313234703,-70.5404069172039
146.999832205845,-70.5277195385487
147.101421335053,-70.5150311568171
147.203080670812,-70.5023417704635
147.30481026164,-70.4896513779393
147.406610156089,-70.4769599776933
147.508480402745,-70.4642675681718
147.610421050228,-70.4515741478185
147.71243214719,-70.4388797150744
147.814513742317,-70.4261842683777
147.91666588433,-70.4134878061643
148.018888621983,-70.4007903268672
148.121182004062,-70.3880918289168
148.22354607939,-70.3753923107408
148.325980896821,-70.3626917707643
148.428486505243,-70.3499902074097
148.531062953579,-70.3372876190967
148.633710290786,-70.3245840042425
148.736428565854,-70.3118793612612
148.839217827806,-70.2991736885647
148.9420781257,-70.2864669845618
149.045009508629,-70.2737592476589
149.148012025717,-70.2610504762594
149.251085726125,-70.2483406687642
149.354230659046,-70.2356298235715
149.457446873708,-70.2229179390766
149.560734419372,-70.2102050136722
149.664093345334,-70.1974910457481
149.767523700923,-70.1847760336917
149.871025535504,-70.1720599758873
149.974598898475,-70.1593428707167
150.078243839267,-70.1466247165587
150.181960407347,-70.1339055117895
150.285748652215,-70.1211852547825
150.389608623406,-70.1084639439084
150.493540370488,-70.095741577535
150.597543943066,-70.0830181540273
150.701619390775,-70.0702936717476
150.805766763288,-70.0575681290555
150.909986110312,-70.0448415243075
151.014277481585,-70.0321138558575
151.118640926884,-70.0193851220566
151.223076496017,-70.0066553212531
151.327584238828,-69.9939244517923
151.432164205194,-69.9811925120168
151.536816445029,-69.9684595002664
151.641541008279,-69.955725414878
151.746337944926,-69.9429902541857
151.851207304986,-69.9302540165205
151.95614913851,-69.917516700211
152.061163495581,-69.9047783035826
152.166250426322,-69.892038824958
152.271409980885,-69.8792982626567
152.376642209461,-69.8665566149959
152.481947162272,-69.8538138802893
152.587324889578,-69.8410700568482
152.692775441671,-69.8283251429806
152.79829886888,-69.815579136992
152.903895221567,-69.8028320371846
153.00956455013,-69.7900838418579
153.115306905001,-69.7773345493086
153.221122336648,-69.7645841578301
153.327010895573,-69.7518326657132
153.432972632312,-69.7390800712457
153.539007597439,-69.7263263727123
153.645115841559,-69.7135715683949
153.751297415314,-69.7008156565723
153.857552369382,-69.6880586355206
153.963880754474,-69.6753005035127
154.070282621338,-69.6625412588186
154.176758020755,-69.6497808997053
154.283307003542,-69.6370194244369
154.389929620552,-69.6242568312743
154.496625922672,-69.6114931184756
154.603395960825,-69.5987282842959
154.710239785968,-69.5859623269872
154.817157449095,-69.5731952447985
154.924149001232,-69.5604270359757
155.031214493445,-69.547657698762
155.138353976832,-69.5348872313971
155.245567502526,-69.5221156321179
155.352855121698,-69.5093428991584
155.460216885551,-69.4965690307493
155.567652845327,-69.4837940251183
155.6751630523,-69.4710178804902
155.782747557782,-69.4582405950864
155.89040641312,-69.4454621671256
155.998139669694,-69.4326825948231
156.105947378922,-69.4199018763913
156.213829592259,-69.4071200100396
156.321786361191,-69.3943369939739
156.429817737243,-69.3815528263973
156.537923771976,-69.3687675055099
156.646104516983,-69.3559810295084
156.754360023897,-69.3431933965864
156.862690344384,-69.3304046049345
156.971095530146,-69.3176146527402
157.079575632922,-69.3048235381877
157.188130704486,-69.292031259458
157.296760796646,-69.2792378147293
157.40546596125,-69.2664432021761
157.514246250177,-69.2536474199702
157.623101715345,-69.24085046628
157.732032408707,-69.2280523392707
157.841038382253,-69.2152530371044
157.950119688006,-69.2024525579399
158.059276378028,-69.189650899933
158.168508504416,-69.176848061236
158.277816119302,-69.1640440399982
158.387199274856,-69.1512388343657
158.496658023281,-69.138432442481
158.60619241682,-69.1256248624839
158.715802507749,-69.1128160925106
158.825488348382,-69.1000061306942
158.935249991067,-69.0871949751644
159.04508748819,-69.0743826240477
159.155000892174,-69.0615690754675
159.264990255475,-69.0487543275437
159.375055630589,-69.035938378393
159.485197070045,-69.0231212261289
159.595414626411,-69.0103028688613
159.705708352289,-68.9974833046971
159.81607830032,-68.9846625317399
159.926524523178,-68.9718405480897
160.037047073577,-68.9590173518435
160.147646004265,-68.9461929410948
160.258321368026,-68.9333673139337
160.369073217684,-68.9205404684471
160.479901606095,-68.9077124027185
160.590806586154,-68.894883114828
160.701788210794,-68.8820526028524
160.81284653298,-68.8692208648651
160.923981605719,-68.856387898936
161.03519348205,-68.8435537031319
161.146482215052,-68.8307182755159
161.257847857839,-68.817881614148
161.369290463562,-68.8050437170844
161.480810085408,-68.7922045823784
161.592406776603,-68.7793642080793
161.704080590408,-68.7665225922334
161.81583158012,-68.7536797328835
161.927659799076,-68.7408356280688
162.039565300645,-68.7279902758251
162.151548138239,-68.7151436741849
162.263608365301,-68.702295821177
162.375746035315,-68.689446714827
162.4879612018,-68.6765963531567
162.600253918312,-68.6637447341847
162.712624238446,-68.650891855926
162.825072215831,-68.638037716392
162.937597904136,-68.6251823135908
163.050201357065,-68.6123256455268
163.162882628359,-68.599467710201
163.275641771799,-68.5866085056107
163.388478841199,-68.5737480297499
163.501393890414,-68.560886280609
163.614386973334,-68.5480232561746
163.727458143886,-68.5351589544301
163.840607456037,-68.5222933733551
163.953834963787,-68.5094265109257
164.067140721177,-68.4965583651144
164.180524782284,-68.4836889338902
164.293987201222,-68.4708182152183
164.407528032142,-68.4579462070606
164.521147329236,-68.4450729073751
164.634845146727,-68.4321983141162
164.748621538882,-68.4193224252351
164.862476560002,-68.4064452386786
164.976410264425,-68.3935667523907
165.090422706529,-68.3806869643112
165.204513940727,-68.3678058723763
165.318684021473,-68.3549234745188
165.432933003254,-68.3420397686675
165.547260940599,-68.3291547527478
165.661667888072,-68.3162684246813
165.776153900276,-68.3033807823858
165.890719031851,-68.2904918237755
166.005363337475,-68.277601546761
166.120086871865,-68.2647099492491
166.234889689773,-68.2518170291426
166.349771845992,-68.2389227843411
166.46473339535,-68.2260272127399
166.579774392715,-68.2131303122311
166.694894892993,-68.2002320807025
166.810094951125,-68.1873325160386
166.925374622094,-68.1744316161199
167.040733960919,-68.161529378823
167.156173022656,-68.148625802021
167.271691862401,-68.135720883583
167.387290535287,-68.1228146213744
167.502969096485,-68.1099070132566
167.618727601205,-68.0969980570875
167.734566104695,-68.084087750721
167.85048466224,-68.071176092007
167.966483329164,-68.0582630787918
168.08256216083,-68.0453487089177
168.198721212638,-68.0324329802233
168.314960540027,-68.0195158905431
168.431280198474,-68.006597437708
168.547680243495,-67.9936776195447
168.664160730642,-67.9807564338763
168.78072171551,-67.9678338785217
168.897363253727,-67.9549099512962
169.014085400964,-67.941984650011
169.130888212927,-67.9290579724735
169.247771745363,-67.9161299164869
169.364736054056,-67.9032004798506
169.48178119483,-67.8902696603603
169.598907223546,-67.8773374558073
169.716114196105,-67.8644038639793
169.833402168445,-67.8514688826598
169.950771196544,-67.8385325096283
170.068221336418,-67.8255947426605
170.185752644123,-67.8126555795279
170.303365175752,-67.7997150179981
170.421058987437,-67.7867730558347
170.53883413535,-67.7738296907971
170.656690675701,-67.7608849206409
170.774628664739,-67.7479387431175
170.892648158752,-67.7349911559742
171.010749214066,-67.7220421569544
171.128931887047,-67.7090917437974
171.2471962341,-67.6961399142382
171.365542311668,-67.683186666008
171.483970176234,-67.6702319968336
171.60247988432,-67.6572759044382
171.721071492485,-67.6443183865402
171.839745057331,-67.6313594408544
171.958500635496,-67.6183990650912
172.077338283657,-67.605437256957
172.196258058533,-67.5924740141541
172.315260016879,-67.5795093343803
172.434344215491,-67.5665432153297
172.553510711204,-67.5535756546918
172.672759560893,-67.5406066501522
172.79209082147,-67.5276361993921
172.911504549888,-67.5146643000888
173.03100080314,-67.5016909499149
173.150579638258,-67.4887161465393
173.270241112311,-67.4757398876263
173.38998528241,-67.4627621708361
173.509812205706,-67.4497829938247
173.629721939388,-67.4368023542436
173.749714540683,-67.4238202497403
173.869790066862,-67.4108366779579
173.989948575232,-67.3978516365353
174.110190123141,-67.3848651231069
174.230514767975,-67.3718771353031
174.350922567162,-67.3588876707497
174.471413578168,-67.3458967270682
174.5919878585,-67.332904301876
174.712645465703,-67.3199103927859
174.833386457364,-67.3069149974065
174.954210891107,-67.293918113342
175.075118824599,-67.2809197381922
175.196110315545,-67.2679198695524
175.31718542169,-67.2549185050139
175.438344200819,-67.2419156421631
175.559586710757,-67.2289112785823
175.680913009368,-67.2159054118493
175.802323154559,-67.2028980395376
175.923817204273,-67.1898891592159
176.045395216496,-67.1768787684489
176.167057249253,-67.1638668647964
176.28880336061,-67.1508534458142
176.41063360867,-67.1378385090532
176.532548051581,-67.12482205206
176.654546747528,-67.1118040723768
176.776629754735,-67.098784567541
176.898797131471,-67.0857635350858
177.02104893604,-67.0727409725397
177.143385226789,-67.0597168774267
177.265806062107,-67.0466912472662
177.388311500419,-67.0336640795732
177.510901600194,-67.0206353718578
177.63357641994,-67.0076051216259
177.756336018205,-66.9945733263786
177.879180453578,-66.9815399836125
178.002109784689,-66.9685050908195
178.125124070208,-66.9554686454869
178.248223368846,-66.9424306450974
178.371407739353,-66.9293910871291
178.494677240521,-66.9163499690554
178.618031931183,-66.903307288345
178.741471870212,-66.8902630424621
178.864997116521,-66.8772172288659
178.988607729066,-66.8641698450112
179.11230376684,-66.851120888348
179.23608528888,-66.8380703563217
179.359952354263,-66.8250182463727
179.483905022107,-66.8119645559368
179.607943351569,-66.7989092824453
179.732067401849,-66.7858524233244
179.856277232188,-66.7727939759958
179.980572901866,-66.7597339378761
180.104954470206,-66.7466723063775
180.229421996571,-66.7336090789071
180.353975540365,-66.7205442528673
180.478615161032,-66.7074778256559
180.60334091806,-66.6944097946654
180.728152870976,-66.681340157284
180.853051079349,-66.6682689108945
180.978035602787,-66.6551960528753
181.103106500942,-66.6421215805997
181.228263833507,-66.6290454914363
181.353507660214,-66.6159677827484
181.478838040838,-66.6028884518949
181.604255035195,-66.5898074962295
181.729758703142,-66.5767249131009
181.855349104579,-66.5636406998532
181.981026299444,-66.5505548538252
182.106790347721,-66.537467372351
182.23264130943,-66.5243782527595
182.358579244638,-66.5112874923748
182.48460421345,-66.4981950885159
182.610716276013,-66.4851010384969
182.736915492517,-66.4720053396268
182.863201923191,-66.4589079892096
182.989575628309,-66.4458089845443
183.116036668185,-66.4327083229247
183.242585103173,-66.4196060016397
183.369220993671,-66.4065020179732
183.495944400118,-66.3933963692038
183.622755382995,-66.380289052605
183.749654002825,-66.3671800654455
183.876640320172,-66.3540694049886
184.003714395642,-66.3409570684925
184.130876289883,-66.3278430532105
184.258126063587,-66.3147273563903
184.385463777483,-66.3016099752748
184.512889492348,-66.2884909071017
184.640403268996,-66.2753701491034
184.768005168285,-66.262247698507
184.895695251116,-66.2491235525347
185.023473578432,-66.2359977084033
185.151340211215,-66.2228701633243
185.279295210493,-66.209740914504
185.407338637334,-66.1966099591435
185.535470552849,-66.1834772944386
185.663691018192,-66.1703429175799
185.792000094556,-66.1572068257524
185.920397843181,-66.1440690161363
186.048884325345,-66.1309294859059
186.177459602372,-66.1177882322307
186.306123735625,-66.1046452522745
186.434876786513,-66.091500543196
186.563718816483,-66.0783541021482
186.692649887029,-66.0652059262791
186.821670059685,-66.052056012731
186.950779396028,-66.0389043586411
187.079977957676,-66.0257509611409
187.209265806293,-66.0125958173566
187.338643003584,-65.9994389244089
187.468109611295,-65.9862802794132
187.597665691216,-65.9731198794792
187.727311305181,-65.9599577217113
187.857046515064,-65.9467938032085
187.986871382784,-65.933628121064
188.116785970303,-65.9204606723656
188.246790339623,-65.9072914541958
188.376884552792,-65.8941204636312
188.5070686719,-65.8809476977431
188.637342759078,-65.8677731535971
188.767706876502,-65.8545968282533
188.898161086391,-65.8414187187662
189.028705451005,-65.8282388221846
189.15934003265,-65.8150571355519
189.290064893673,-65.8018736559055
189.420880096464,-65.7886883802776
189.551785703457,-65.7755013056945
189.68278177713,-65.7623124291767
189.813868380001,-65.7491217477393
189.945045574634,-65.7359292583915
190.076313423636,-65.7227349581369
190.207671989656,-65.7095388439734
190.339121335388,-65.696340912893
190.470661523567,-65.6831411618821
190.602292616974,-65.6699395879213
190.734014678431,-65.6567361879855
190.865827770805,-65.6435309590436
190.997731957006,-65.6303238980588
191.129727299988,-65.6171150019887
191.261813862746,-65.6039042677847
191.393991708323,-65.5906916923926
191.526260899801,-65.5774772727524
191.658621500309,-65.5642610057979
191.791073573017,-65.5510428884573
191.923617181141,-65.5378229176529
192.056252387938,-65.524601090301
192.188979256713,-65.5113774033119
192.32179785081,-65.4981518535901
192.454708233619,-65.4849244380341
192.587710468574,-65.4716951535365
192.720804619153,-65.4584639969838
192.853990748877,-65.4452309652565
192.987268921311,-65.4319960552292
193.120639200064,-65.4187592637704
193.254101648789,-65.4055205877426
193.387656331184,-65.3922800240023
193.52130331099,-65.3790375693997
193.655042651992,-65.3657932207793
193.788874418019,-65.3525469749791
193.922798672944,-65.3392988288314
194.056815480686,-65.3260487791619
194.190924905205,-65.3127968227907
194.325127010508,-65.2995429565313
194.459421860645,-65.2862871771913
194.59380951971,-65.2730294815719
194.728290051842,-65.2597698664683
194.862863521225,-65.2465083286695
194.997529992084,-65.2332448649582
195.132289528693,-65.2199794721108
195.267142195367,-65.2067121468974
195.402088056467,-65.1934428860821
195.537127176398,-65.1801716864226
195.67225961961,-65.1668985446701
195.807485450596,-65.1536234575697
195.942804733896,-65.1403464218601
196.078217534093,-65.1270674342737
196.213723915815,-65.1137864915365
196.349323943735,-65.1005035903682
196.485017682569,-65.087218727482
196.62080519708,-65.0739318995847
196.756686552075,-65.0606431033768
196.892661812405,-65.0473523355523
197.028731042967,-65.0340595927987
197.164894308702,-65.0207648717971
197.301151674596,-65.0074681692221
197.43750320568,-64.9941694817418
197.57394896703,-64.9808688060179
197.710489023767,-64.9675661387053
197.847123441057,-64.9542614764526
197.983852284112,-64.9409548159017
198.120675618186,-64.9276461536882
198.257593508582,-64.9143354864406
198.394606020646,-64.9010228107814
198.531713219768,-64.887708123326
198.668915171386,-64.8743914206834
198.806211940982,-64.8610726994559
198.943603594082,-64.8477519562391
199.081090196259,-64.834429187622
199.218671813131,-64.8211043901866
199.356348510362,-64.8077775605087
199.494120353658,-64.794448695157
199.631987408774,-64.7811177906935
199.76994974151,-64.7677848436735
199.908007417711,-64.7544498506455
200.046160503266,-64.7411128081511
200.184409064111,-64.7277737127254
200.322753166228,-64.7144325608962
200.461192875643,-64.7010893491848
200.59972825843,-64.6877440741056
200.738359380706,-64.674396732166
200.877086308636,-64.6610473198666
201.01590910843,-64.647695833701
201.154827846341,-64.6343422701558
201.293842588673,-64.6209866257111
201.432953401772,-64.6076288968393
201.57216035203,-64.5942690800066
201.711463505887,-64.5809071716716
201.850862929828,-64.5675431682861
201.990358690382,-64.554177066295
202.129950854127,-64.540808862136
202.269639487685,-64.5274385522397
202.409424657726,-64.5140661330298
202.549306430963,-64.5006916009226
202.689284874157,-64.4873149523277
202.829360054116,-64.4739361836471
202.969532037693,-64.460555291276
203.109800891786,-64.4471722716023
203.250166683342,-64.4337871210067
203.390629479353,-64.4203998358627
203.531189346857,-64.4070104125366
203.671846352937,-64.3936188473875
203.812600564726,-64.3802251367672
203.953452049399,-64.3668292770201
204.094400874182,-64.3534312644835
204.235447106344,-64.3400310954874
204.376590813201,-64.3266287663542
204.517832062117,-64.3132242733992
204.659170920502,-64.2998176129304
204.800607455812,-64.2864087812481
204.942141735548,-64.2729977746456
205.083773827263,-64.2595845894083
205.22550379855,-64.2461692218146
205.367331717054,-64.2327516681353
205.509257650464,-64.2193319246336
205.651281666516,-64.2059099875653
205.793403832994,-64.1924858531788
205.935624217728,-64.1790595177147
206.077942888595,-64.1656309774064
206.220359913519,-64.1522002284794
206.36287536047,-64.1387672671518
206.505489297467,-64.1253320896341
206.648201792574,-64.111894692129
206.791012913903,-64.0984550708318
206.933922729613,-64.0850132219301
207.07693130791,-64.0715691416035
207.220038717048,-64.0581228260244
207.363245025326,-64.0446742713571
207.506550301093,-64.0312234737583
207.649954612742,-64.0177704293769
207.793458028716,-64.0043151343541
207.937060617505,-63.9908575848233
208.080762447645,-63.97739777691
208.22456358772,-63.9639357067319
208.368464106361,-63.9504713703988
208.512464072247,-63.9370047640128
208.656563554106,-63.9235358836679
208.800762620709,-63.9100647254503
208.94506134088,-63.8965912854382
209.089459783487,-63.8831155597019
209.233958017445,-63.8696375443039
209.378556111721,-63.8561572352982
209.523254135324,-63.8426746287314
209.668052157315,-63.8291897206416
209.812950246801,-63.815702507059
209.957948472937,-63.8022129840059
210.103046904926,-63.7887211474963
210.248245612018,-63.7752269935361
210.393544663512,-63.7617305181231
210.538944128753,-63.7482317172471
210.684444077137,-63.7347305868894
210.830044578106,-63.7212271230233
210.975745701149,-63.7077213216139
211.121547515806,-63.6942131786181
211.267450091661,-63.6807026899845
211.413453498351,-63.6671898516532
211.559557805556,-63.6536746595563
211.705763083009,-63.6401571096175
211.852069400487,-63.6266371977521
211.998476827817,-63.6131149198671
212.144985434876,-63.599590271861
212.291595291587,-63.5860632496241
212.438306467921,-63.572533849038
212.585119033899,-63.5590020659762
212.73203305959,-63.5454678963033
212.879048615111,-63.5319313358758
213.026165770627,-63.5183923805416
213.173384596352,-63.5048510261398
213.320705162549,-63.4913072685012
213.46812753953,-63.477761103448
213.615651797653,-63.4642125267938
213.763278007327,-63.4506615343435
213.91100623901,-63.4371081218934
214.058836563206,-63.4235522852311
214.206769050471,-63.4099940201356
214.354803771408,-63.3964333223771
214.502940796668,-63.3828701877171
214.651180196952,-63.3693046119083
214.799522043011,-63.3557365906948
214.947966405642,-63.3421661198117
215.096513355693,-63.3285931949853
215.24516296406,-63.3150178119332
215.39391530169,-63.301439966364
215.542770439575,-63.2878596539774
215.691728448761,-63.2742768704643
215.84078940034,-63.2606916115065
215.989953365453,-63.2471038727771
216.139220415291,-63.2335136499399
216.288590621094,-63.2199209386499
216.438064054153,-63.2063257345531
216.587640785805,-63.1927280332863
216.737320887438,-63.1791278304773
216.88710443049,-63.1655251217448
217.036991486447,-63.1519199026984
217.186982126846,-63.1383121689385
217.337076423271,-63.1247019160564
217.487274447359,-63.1110891396342
217.637576270792,-63.0974738352446
217.787981965305,-63.0838559984513
217.938491602683,-63.0702356248088
218.089105254757,-63.0566127098619
218.239822993411,-63.0429872491465
218.390644890577,-63.0293592381889
218.541571018238,-63.0157286725063
218.692601448425,-63.0020955476062
218.843736253221,-62.988459858987
218.994975504756,-62.9748216021374
219.146319275212,-62.9611807725368
219.297767636821,-62.9475373656551
219.449320661863,-62.9338913769526
219.60097842267,-62.9202428018802
219.752740991622,-62.9065916358791
219.904608441152,-62.892937874381
220.05658084374,-62.8792815128081
220.208658271918,-62.8656225465727
220.360840798267,-62.8519609710776
220.513128495418,-62.838296781716
220.665521436053,-62.8246299738712
220.818019692905,-62.8109605429169
220.970623338756,-62.797288484217
221.123332446438,-62.7836137931256
221.276147088834,-62.769936464987
221.429067338877,-62.7562564951356
221.582093269552,-62.7425738788961
221.735224953892,-62.7288886115831
221.888462464981,-62.7152006885015
222.041805875956,-62.7015101049461
222.195255260001,-62.6878168562017
222.348810690352,-62.6741209375433
222.502472240298,-62.6604223442357
222.656239983175,-62.6467210715338
222.81011399237,-62.6330171146822
222.964094341324,-62.6193104689156
223.118181103526,-62.6056011294585
223.272374352516,-62.5918890915254
223.426674161885,-62.5781743503202
223.581080605276,-62.5644569010371
223.735593756381,-62.5507367388598
223.890213688945,-62.5370138589616
224.044940476762,-62.5232882565058
224.199774193678,-62.5095599266453
224.354714913591,-62.4958288645225
224.509762710447,-62.4820950652697
224.664917658247,-62.4683585240085
224.82017983104,-62.4546192358502
224.975549302928,-62.4408771958957
225.131026148063,-62.4271323992354
225.28661044065,-62.4133848409491
225.442302254943,-62.3996345161061
225.598101665249,-62.3858814197653
225.754008745925,-62.3721255469747
225.910023571382,-62.3583668927719
226.066146216078,-62.3446054521837
226.222376754528,-62.3308412202263
226.378715261294,-62.3170741919053
226.53516181099,-62.3033043622153
226.691716478285,-62.2895317261403
226.848379337896,-62.2757562786534
227.005150464593,-62.2619780147172
227.162029933198,-62.2481969292829
227.319017818583,-62.2344130172912
227.476114195675,-62.2206262736718
227.63331913945,-62.2068366933435
227.790632724935,-62.193044271214
227.948055027213,-62.1792490021801
228.105586121415,-62.1654508811274
228.263226082725,-62.1516499029307
228.42097498638,-62.1378460624536
228.578832907668,-62.1240393545485
228.73679992193,-62.1102297740566
228.894876104557,-62.0964173158081
229.053061530994,-62.0826019746219
229.211356276737,-62.0687837453057
229.369760417336,-62.0549626226558
229.528274028391,-62.0411386014572
229.686897185556,-62.0273116764838
229.845629964536,-62.0134818424979
230.004472441088,-61.9996490942504
230.163424691023,-61.9858134264809
230.322486790204,-61.9719748339174
230.481658814546,-61.9581333112766
230.640940840015,-61.9442888532635
230.800332942632,-61.9304414545715
230.959835198469,-61.9165911098827
231.119447683652,-61.9027378138672
231.279170474358,-61.8888815611838
231.439003646817,-61.8750223464794
231.598947277313,-61.8611601643892
231.759001442181,-61.8472950095368
231.919166217809,-61.8334268765338
232.079441680639,-61.8195557599802
232.239827907165,-61.8056816544639
232.400324973933,-61.7918045545613
232.560932957544,-61.7779244548365
232.721651934651,-61.764041349842
232.882481981959,-61.7501552341179
233.043423176227,-61.7362661021928
233.204475594266,-61.7223739485828
233.365639312942,-61.7084787677923
233.526914409172,-61.6945805543133
233.688300959929,-61.6806793026257
233.849799042235,-61.6667750071975
234.011408733169,-61.6528676624842
234.173130109862,-61.638957262929
234.334963249498,-61.6250438029632
234.496908229314,-61.6111272770054
234.658965126601,-61.597207679462
234.821134018703,-61.5832850047271
234.983414983019,-61.5693592471823
235.145808096999,-61.5554304011967
235.308313438148,-61.541498461127
235.470931084025,-61.5275634213173
235.633661112241,-61.5136252760993
235.796503600462,-61.4996840197919
235.959458626408,-61.4857396467016
236.12252626785,-61.471792151122
236.285706602616,-61.4578415273343
236.448999708587,-61.4438877696066
236.612405663696,-61.4299308721945
236.775924545932,-61.4159708293407
236.939556433337,-61.4020076352751
237.103301404007,-61.3880412842148
237.267159536091,-61.3740717703638
237.431130907795,-61.3600990879132
237.595215597375,-61.3461232310413
237.759413683143,-61.3321441939132
237.923725243467,-61.3181619706809
238.088150356766,-61.3041765554835
238.252689101516,-61.2901879424468
238.417341556244,-61.2761961256835
238.582107799534,-61.2622010992931
238.746987910023,-61.2482028573618
238.911981966403,-61.2342013939626
239.07709004742,-61.2201967031552
239.242312231874,-61.2061887789857
239.407648598621,-61.1921776154872
239.57309922657,-61.1781632066791
239.738664194685,-61.1641455465673
239.904343581985,-61.1501246291443
240.070137467543,-61.1361004483891
240.236045930486,-61.122072998267
240.402069049997,-61.1080422727297
240.568206905314,-61.0940082657154
240.734459575728,-61.0799709711483
240.900827140587,-61.065930382939
241.067309679291,-61.0518864949844
241.233907271297,-61.0378393011675
241.400619996117,-61.0237887953575
241.567447933317,-61.0097349714095
241.734391162519,-60.9956778231649
241.901449763399,-60.9816173444511
242.068623815687,-60.9675535290813
242.235913399172,-60.9534863708548
242.403318593694,-60.9394158635567
242.57083947915,-60.9253420009581
242.738476135493,-60.9112647768158
242.90622864273,-60.8971841848723
243.074097080923,-60.8831002188561
243.24208153019,-60.869012872481
243.410182070705,-60.854922139447
243.578398782696,-60.8408280134391
243.746731746448,-60.8267304881283
243.9151810423,-60.8126295571711
244.083746750647,-60.7985252142092
244.25242895194,-60.78441745287
244.421227726686,-60.7703062667662
244.590143155446,-60.756191649496
244.759175318838,-60.7420735946427
244.928324297536,-60.7279520957751
245.097590172268,-60.713827146447
245.266973023819,-60.6996987401974
245.43647293303,-60.6855668705509
245.606089980798,-60.6714315310165
245.775824248075,-60.6572927150888
245.94567581587,-60.6431504162472
246.115644765247,-60.629004627956
246.285731177327,-60.6148553436646
246.455935133285,-60.6007025568073
246.626256714355,-60.586546260803
246.796696001826,-60.5723864490556
246.967253077042,-60.5582231149538
247.137928021404,-60.5440562518707
247.30872091637,-60.5298858531643
247.479631843454,-60.5157119121774
247.650660884225,-60.5015344222368
247.82180812031,-60.4873533766544
247.993073633392,-60.4731687687263
248.16445750521,-60.4589805917331
248.33595981756,-60.4447888389397
248.507580652294,-60.4305935035955
248.67932009132,-60.416394578934
248.851178216605,-60.4021920581732
249.023155110171,-60.387985934515
249.195250854096,-60.3737762011457
249.367465530515,-60.3595628512356
249.539799221622,-60.3453458779391
249.712252009664,-60.3311252743946
249.884823976949,-60.3169010337244
250.057515205838,-60.3026731490348
250.230325778751,-60.288441613416
250.403255778166,-60.274206419942
250.576305286615,-60.2599675616705
250.74947438669,-60.2457250316429
250.922763161038,-60.2314788228845
251.096171692364,-60.217228928404
251.26970006343,-60.2029753411938
251.443348357056,-60.1887180542297
251.617116656117,-60.1744570604712
251.791005043549,-60.160192352861
251.965013602341,-60.1459239243254
252.139142415542,-60.1316517677739
252.313391566258,-60.1173758760992
252.487761137652,-60.1030962421775
252.662251212945,-60.0888128588679
252.836861875415,-60.0745257190128
253.011593208398,-60.0602348154377
253.186445295287,-60.0459401409509
253.361418219534,-60.031641688344
253.536512064646,-60.0173394503913
253.711726914191,-60.0030334198501
253.887062851793,-59.9887235894604
254.062519961133,-59.9744099519451
254.238098325951,-59.9600925000097
254.413798030045,-59.9457712263425
254.58961915727,-59.9314461236143
254.765561791541,-59.9171171844785
254.941626016827,-59.9027844015711
255.11781191716,-59.8884477675105
255.294119576626,-59.8741072748973
255.470549079372,-59.8597629163148
255.6471005096,-59.8454146843284
255.823773951573,-59.8310625714857
256.000569489612,-59.8167065703166
256.177487208095,-59.802346673333
256.354527191458,-59.7879828730292
256.531689524198,-59.773615161881
256.708974290867,-59.7592435323467
256.886381576078,-59.7448679768662
257.063911464501,-59.7304884878613
257.241564040865,-59.7161050577356
257.419339389958,-59.7017176788746
257.597237596627,-59.6873263436453
257.775258745775,-59.6729310443964
257.953402922366,-59.6585317734583
258.131670211423,-59.6441285231427
258.310060698026,-59.6297212857429
258.488574467315,-59.6153100535336
258.66721160449,-59.6008948187709
258.845972194806,-59.586475573692
259.024856323582,-59.5720523105156
259.203864076191,-59.5576250214414
259.382995538069,-59.5431936986501
259.562250794709,-59.5287583343039
259.741629931663,-59.5143189205455
259.921133034543,-59.4998754494989
260.10076018902,-59.4854279132688
260.280511480824,-59.4709763039407
260.460386995744,-59.4565206135811
260.640386819629,-59.4420608342369
260.820511038385,-59.4275969579359
261.000759737982,-59.4131289766863
261.181133004444,-59.398656882477
261.361630923859,-59.3841806672771
261.542253582372,-59.3697003230363
261.723001066188,-59.3552158416848
261.903873461571,-59.3407272151327
262.084870854846,-59.3262344352705
262.265993332397,-59.311737493969
262.447240980668,-59.2972363830788
262.628613886162,-59.2827310944308
262.810112135442,-59.2682216198357
262.991735815131,-59.2537079510842
263.173485011912,-59.2391900799467
263.355359812528,-59.2246679981736
263.537360303781,-59.2101416974948
263.719486572535,-59.19561116962
263.901738705711,-59.1810764062385
264.084116790293,-59.1665373990189
264.266620913324,-59.1519941396096
264.449251161907,-59.1374466196381
264.632007623204,-59.1228948307114
264.81489038444,-59.1083387644156
264.997899532898,-59.0937784123162
265.181035155922,-59.0792137659577
265.364297340918,-59.0646448168637
265.547686175348,-59.0500715565368
265.73120174674,-59.0354939764584
265.914844142679,-59.0209120680891
266.09861345081,-59.0063258228679
266.282509758842,-58.9917352322129
266.466533154541,-58.9771402875205
266.650683725736,-58.9625409801659
266.834961560315,-58.9479373015029
267.019366746229,-58.9333292428636
267.203899371487,-58.9187167955585
267.388559524161,-58.9040999508764
267.573347292382,-58.8894787000846
267.758262764344,-58.8748530344283
267.943306028301,-58.8602229451308
268.128477172568,-58.8455884233936
268.31377628552,-58.8309494603962
268.499203455594,-58.8163060472957
268.684758771289,-58.8016581752274
268.870442321165,-58.7870058353041
269.05625419384,-58.7723490186163
269.242194477998,-58.7576877162324
269.428263262381,-58.7430219191978
269.614460635794,-58.7283516185359
269.800786687103,-58.7136768052472
269.987241505233,-58.6989974703096
270.173825179175,-58.6843136046782
270.360537797978,-58.6696251992853
270.547379450754,-58.6549322450405
270.734350226676,-58.6402347328299
270.921450214979,-58.6255326535172
271.108679504959,-58.6108259979424
271.296038185975,-58.5961147569227
271.483526347446,-58.5813989212518
271.671144078855,-58.5666784817002
271.858891469745,-58.5519534290148
272.046768609722,-58.5372237539192
272.234775588452,-58.5224894471132
272.422912495666,-58.5077504992732
272.611179421155,-58.4930069010515
272.799576454772,-58.4782586430769
272.988103686432,-58.4635057159542
273.176761206115,-58.4487481102642
273.365549103858,-58.4339858165637
273.554467469765,-58.4192188253853
273.743516394,-58.4044471272376
273.93269596679,-58.3896707126046
274.122006278422,-58.3748895719461
274.31144741925,-58.3601036956974
274.501019479687,-58.3453130742694
274.690722550209,-58.3305176980483
274.880556721355,-58.3157175573955
275.070522083726,-58.3009126426478
275.260618727988,-58.286102944117
275.450846744865,-58.2712884520901
275.641206225148,-58.256469156829
275.831697259689,-58.2416450485704
276.022319939404,-58.2268161175261
276.213074355268,-58.2119823538823
276.403960598324,-58.1971437478
276.594978759675,-58.1823002894148
276.786128930487,-58.1674519688367
276.97741120199,-58.1525987761501
277.168825665477,-58.1377407014137
277.360372412302,-58.1228777346605
277.552051533886,-58.1080098658974
277.74386312171,-58.0931370851057
277.935807267319,-58.0782593822404
278.127884062321,-58.0633767472304
278.320093598389,-58.0484891699784
278.512435967258,-58.0335966403609
278.704911260726,-58.0186991482279
278.897519570654,-58.0037966834028
279.09026098897,-57.9888892356827
279.28313560766,-57.9739767948379
279.476143518779,-57.9590593506119
279.669284814442,-57.9441368927214
279.862559586829,-57.9292094108562
280.055967928184,-57.914276894679
280.249509930814,-57.8993393338255
280.443185687089,-57.8843967179041
280.636995289446,-57.8694490364959
280.830938830382,-57.8544962791546
281.02501640246,-57.8395384354066
281.219228098308,-57.8245754947505
281.413574010615,-57.8096074466572
281.608054232137,-57.79463428057
281.802668855692,-57.7796559859043
281.997417974163,-57.7646725520474
282.192301680498,-57.7496839683588
282.387320067709,-57.7346902241696
282.582473228869,-57.7196913087828
282.777761257121,-57.704687211473
282.973184245667,-57.6896779214863
283.168742287778,-57.6746634280405
283.364435476785,-57.6596437203246
283.560263906088,-57.6446187874988
283.756227669148,-57.6295886186945
283.952326859492,-57.6145532030143
284.148561570711,-57.5995125295317
284.344931896463,-57.584466587291
284.541437930467,-57.5694153653073
284.73807976651,-57.5543588525665
284.934857498442,-57.5392970380248
285.131771220178,-57.5242299106092
285.328821025699,-57.5091574592167
285.52600700905,-57.4940796727148
285.723329264342,-57.4789965399411
285.920787885748,-57.4639080497033
286.118382967511,-57.448814190779
286.316114603935,-57.4337149519156
286.51398288939,-57.4186103218302
286.711987918314,-57.4035002892097
286.910129785206,-57.3883848427105
287.108408584634,-57.3732639709583
287.306824411228,-57.3581376625482
287.505377359687,-57.3430059060444
287.704067524774,-57.3278686899803
287.902895001315,-57.3127260028584
288.101859884204,-57.2975778331498
288.300962268402,-57.2824241692947
288.500202248933,-57.2672649997016
288.699579920886,-57.2521003127478
288.89909537942,-57.2369300967791
289.098748719755,-57.2217543401093
289.298540037179,-57.2065730310209
289.498469427047,-57.1913861577641
289.698536984777,-57.1761937085572
289.898742805855,-57.1609956715865
290.099086985833,-57.1457920350059
290.299569620328,-57.1305827869372
290.500190805023,-57.1153679154694
290.700950635669,-57.1001474086593
290.901849208082,-57.0849212545306
291.102886618143,-57.0696894410746
291.3040629618,-57.0544519562493
291.50537833507,-57.03920878798
291.706832834032,-57.0239599241586
291.908426554833,-57.0087053526439
292.110159593689,-56.993445061261
292.312032046879,-56.9781790378019
292.514044010751,-56.9629072700247
292.716195581717,-56.9476297456537
292.918486856258,-56.9323464523795
293.120917930921,-56.9170573778587
293.323488902319,-56.9017625097136
293.526199867132,-56.8864618355324
293.729050922108,-56.8711553428689
293.93204216406,-56.8558430192424
294.13517368987,-56.8405248521376
294.338445596486,-56.8252008290044
294.541857980921,-56.809870937258
294.745410940258,-56.7945351642784
294.949104571647,-56.7791934974106
295.152938972302,-56.7638459239644
295.356914239508,-56.7484924312142
295.561030470614,-56.7331330063987
295.76528776304,-56.7177676367212
295.969686214269,-56.7023963093493
296.174225921854,-56.6870190114145
296.378906983416,-56.6716357300125
296.583729496641,-56.6562464522025
296.788693559284,-56.6408511650079
296.993799269169,-56.6254498554152
297.199046724184,-56.6100425103748
297.404436022288,-56.5946291168001
297.609967261506,-56.5792096615678
297.815640539931,-56.5637841315177
298.021455955724,-56.5483525134523
298.227413607115,-56.5329147941373
298.433513592398,-56.5174709603006
298.63975600994,-56.5020209986328
298.846140958172,-56.486564895787
299.052668535595,-56.4711026383782
299.259338840778,-56.4556342129838
299.466151972358,-56.440159606143
299.67310802904,-56.4246788043569
299.880207109596,-56.4091917940881
300.087449312868,-56.3936985617609
300.294834737766,-56.3781990937609
300.502363483268,-56.362693376435
300.710035648421,-56.347181396091
300.917851332338,-56.3316631389981
301.125810634204,-56.3161385913857
301.333913653272,-56.3006077394445
301.54216048886,-56.2850705693251
301.750551240359,-56.269527067139
301.959086007226,-56.2539772189575
302.167764888988,-56.2384210108123
302.37658798524,-56.2228584286948
302.585555395647,-56.2072894585563
302.794667219942,-56.1917140863077
303.003923557926,-56.1761322978193
303.213324509471,-56.1605440789208
303.422870174517,-56.1449494154011
303.632560653073,-56.1293482930079
303.842396045216,-56.113740697448
304.052376451095,-56.0981266143867
304.262501970926,-56.0825060294482
304.472772704994,-56.0668789282146
304.683188753656,-56.0512452962267
304.893750217335,-56.035605118983
305.104457196525,-56.0199583819401
305.315309791789,-56.0043050705124
305.526308103762,-55.9886451700719
305.737452233144,-55.9729786659478
305.948742280707,-55.9573055434269
306.160178347295,-55.9416257877529
306.371760533816,-55.9259393841266
306.583488941254,-55.9102463177054
306.795363670659,-55.8945465736034
307.00738482315,-55.8788401368913
307.21955249992,-55.863126992596
307.431866802228,-55.8474071257004
307.644327831404,-55.8316805211434
307.85693568885,-55.8159471638199
308.069690476036,-55.8002070385801
308.282592294502,-55.7844601302299
308.495641245859,-55.7687064235304
308.708837431789,-55.7529459031977
308.922180954043,-55.7371785539029
309.135671914442,-55.7214043602719
309.349310414879,-55.7056233068852
309.563096557316,-55.6898353782776
309.777030443786,-55.6740405589382
309.991112176392,-55.6582388333101
310.205341857309,-55.6424301857904
310.41971958878,-55.6266146007297
310.634245473121,-55.6107920624324
310.848919612719,-55.5949625551559
311.06374211003,-55.579126063111
311.278713067581,-55.5632825704614
311.493832587971,-55.5474320613235
311.709100773869,-55.5315745197665
311.924517728016,-55.5157099298119
312.140083553222,-55.4998382754334
312.35579835237,-55.4839595405569
312.571662228413,-55.4680737090599
312.787675284377,-55.4521807647719
313.003837623356,-55.4362806914735
313.220149348517,-55.4203734728971
313.4366105631,-55.4044590927256
313.653221370413,-55.3885375345933
313.869981873838,-55.372608782085
314.086892176827,-55.356672818736
314.303952382904,-55.340729628032
314.521162595665,-55.3247791934089
314.738522918777,-55.3088214982523
314.956033455977,-55.2928565258978
315.173694311078,-55.2768842596303
315.391505587961,-55.2609046826842
315.60946739058,-55.244917778243
315.827579822961,-55.2289235294391
316.045842989202,-55.2129219193535
316.264256993472,-55.1969129310161
316.482821940013,-55.1808965474047
316.701537933138,-55.1648727514455
316.920405077234,-55.1488415260125
317.139423476759,-55.1328028539273
317.358593236241,-55.1167567179593
317.577914460284,-55.1007031008248
317.797387253563,-55.0846419851874
318.017011720824,-55.0685733536574
318.236787966887,-55.052497188792
318.456716096643,-55.0364134730946
318.676796215057,-55.0203221890148
318.897028427166,-55.0042233189484
319.117412838078,-54.9881168452368
319.337949552977,-54.9720027501669
319.558638677117,-54.9558810159712
319.779480315824,-54.9397516248271
320.000474574501,-54.9236145588569
320.221621558619,-54.9074698001277
320.442921373724,-54.891317330651
320.664374125437,-54.8751571323824
320.885979919447,-54.8589891872217
321.107738861522,-54.8428134770122
321.329651057498,-54.8266299835411
321.551716613287,-54.8104386885385
321.773935634873,-54.7942395736779
321.996308228314,-54.7780326205755
322.21883449974,-54.7618178107902
322.441514555357,-54.7455951258231
322.664348501442,-54.7293645471175
322.887336444345,-54.7131260560588
323.110478490492,-54.6968796339738
323.333774746381,-54.6806252621308
323.557225318583,-54.6643629217394
323.780830313744,-54.64809259395
324.004589838583,-54.6318142598537
324.228503999894,-54.6155279004821
324.452572904542,-54.5992334968071
324.676796659467,-54.5829310297403
324.901175371686,-54.5666204801333
325.125709148285,-54.5503018287769
325.350398096428,-54.5339750564013
325.575242323351,-54.5176401436756
325.800241936364,-54.5012970712074
326.025397042853,-54.4849458195431
326.250707750275,-54.4685863691671
326.476174166165,-54.4522187005016
326.701796398129,-54.4358427939068
326.927574553851,-54.41945862968
327.153508741085,-54.4030661880557
327.379599067663,-54.3866654492054
327.60584564149,-54.3702563932373
327.832248570547,-54.3538390001957
328.058807962886,-54.3374132500612
328.285523926639,-54.32097912275
328.512396570007,-54.304536598114
328.739426001271,-54.2880856559405
328.966612328784,-54.2716262759514
329.193955660974,-54.2551584378039
329.421456106344,-54.2386821210891
329.649113773472,-54.2221973053325
329.876928771013,-54.2057039699936
330.104901207694,-54.1892020944654
330.333031192319,-54.1726916580743
330.561318833767,-54.1561726400795
330.789764240991,-54.1396450196733
331.018367523021,-54.1231087759804
331.247128788962,-54.1065638880575
331.476048147994,-54.0900103348933
331.705125709372,-54.0734480954082
331.934361582427,-54.0568771484538
332.163755876566,-54.0402974728128
332.39330870127,-54.0237090471986
332.623020166099,-54.007111850255
332.852890380685,-53.990505860556
333.082919454737,-53.9738910566053
333.313107498041,-53.9572674168361
333.543454620457,-53.9406349196112
333.773960931924,-53.9239935432218
334.004626542452,-53.907343265888
334.235451562133,-53.8906840657582
334.466436101129,-53.8740159209086
334.697580269683,-53.8573388093434
334.928884178112,-53.8406527089938
335.16034793681,-53.8239575977184
335.391971656246,-53.8072534533021
335.623755446966,-53.7905402534567
335.855699419593,-53.7738179758196
336.087803684827,-53.7570865979545
336.320068353442,-53.74034609735
336.552493536291,-53.7235964514203
336.785079344303,-53.706837637504
337.017825888482,-53.6900696328643
337.250733279911,-53.6732924146887
337.483801629749,-53.6565059600882
337.717031049231,-53.6397102460975
337.950421649671,-53.6229052496743
338.183973542456,-53.606090947699
338.417686839055,-53.5892673169747
338.65156165101,-53.5724343342264
338.885598089942,-53.5555919761008
339.119796267549,-53.5387402191661
339.354156295605,-53.5218790399118
339.588678285963,-53.5050084147476
339.823362350552,-53.488128320004
340.058208601379,-53.4712387319313
340.293217150528,-53.4543396266995
340.528388110161,-53.4374309803978
340.763721592517,-53.4205127690344
340.999217709913,-53.4035849685361
341.234876574742,-53.3866475547479
341.470698299478,-53.3697005034325
341.706682996669,-53.3527437902703
341.942830778944,-53.3357773908585
342.179141759008,-53.3188012807113
342.415616049644,-53.3018154352592
342.652253763712,-53.2848198298484
342.889055014154,-53.2678144397411
343.126019913985,-53.2507992401144
343.363148576301,-53.2337742060604
343.600441114276,-53.2167393125855
343.837897641161,-53.1996945346104
344.075518270286,-53.1826398469692
344.31330311506,-53.1655752244093
344.55125228897,-53.1485006415913
344.78936590558,-53.1314160730879
345.027644078534,-53.114321493384
345.266086921554,-53.0972168768764
345.504694548441,-53.0801021978728
345.743467073074,-53.0629774305922
345.982404609412,-53.0458425491636
346.22150727149,-53.0286975276265
346.460775173426,-53.0115423399298
346.700208429413,-52.9943769599317
346.939807153725,-52.9772013613991
347.179571460714,-52.9600155180075
347.419501464812,-52.9428194033402
347.659597280529,-52.9256129908882
347.899859022455,-52.9083962540495
348.140286805258,-52.8911691661288
348.380880743687,-52.873931700337
348.621640952568,-52.8566838297911
348.86256754681,-52.8394255275131
349.103660641397,-52.8221567664303
349.344920351397,-52.8048775193742
349.586346791952,-52.7875877590807
349.827940078289,-52.7702874581889
350.069700325712,-52.7529765892415
350.311627649604,-52.7356551246835
350.55372216543,-52.7183230368626
350.795983988733,-52.7009802980278
351.038413235137,-52.6836268803298
351.281010020344,-52.6662627558201
351.523774460138,-52.6488878964506
351.766706670382,-52.631502274073
352.00980676702,-52.6141058604387
352.253074866075,-52.5966986271979
352.496511083652,-52.5792805458994
352.740115535932,-52.5618515879901
352.983888339182,-52.5444117248144
353.227829609745,-52.5269609276137
353.471939464046,-52.5094991675261
353.716218018591,-52.4920264155857
353.960665389966,-52.4745426427223
354.205281694837,-52.4570478197606
354.450067049952,-52.4395419174201
354.695021572137,-52.4220249063143
354.940145378302,-52.4044967569503
355.185438585436,-52.3869574397284
355.430901310609,-52.3694069249412
355.676533670973,-52.3518451827736
355.922335783759,-52.334272183302
356.16830776628,-52.3166878964936
356.414449735931,-52.2990922922064
356.660761810187,-52.2814853401882
356.907244106603,-52.2638670100761
357.153896742819,-52.2462372713963
357.400719836552,-52.2285960935633
357.647713505604,-52.2109434458795
357.894877867856,-52.1932792975343
358.142213041271,-52.175603617604
358.389719143894,-52.1579163750513
358.637396293851,-52.140217538724
358.88524460935,-52.1225070773556
359.133264208682,-52.1047849595634
359.381455210216,-52.0870511538493
359.629817732407,-52.069305628598
359.87835189379,-52.0515483520775
360.127057812981,-52.0337792924377
360.37593560868,-52.0159984177103
360.624985399667,-51.998205695808
360.874207304806,-51.9804010945238
361.123601443042,-51.962584581531
361.373167933401,-51.944756124382
361.622906894995,-51.9269156905077
361.872818447014,-51.9090632472173
362.122902708733,-51.8911987616977
362.37315979951,-51.8733222010122
362.623589838782,-51.8554335321008
362.874192946073,-51.837532721779
363.124969240986,-51.8196197367374
363.375918843209,-51.8016945435409
363.627041872512,-51.7837571086283
363.878338448746,-51.7658073983115
364.129808691847,-51.7478453787752
364.381452721834,-51.7298710160755
364.633270658808,-51.7118842761403
364.885262622953,-51.6938851247677
365.137428734536,-51.6758735276258
365.389769113908,-51.6578494502523
365.642283881501,-51.6398128580532
365.894973157834,-51.6217637163026
366.147837063506,-51.603701990142
366.400875719201,-51.5856276445794
366.654089245684,-51.5675406444889
366.907477763808,-51.5494409546098
367.161041394505,-51.531328539546
367.414780258792,-51.5132033637653
367.668694477772,-51.4950653915989
367.922784172627,-51.4769145872402
368.177049464628,-51.4587509147447
368.431490475126,-51.4405743380289
368.686107325557,-51.4223848208697
368.940900137442,-51.4041823269037
369.195869032385,-51.3859668196265
369.451014132072,-51.3677382623919
369.706335558277,-51.3494966184113
369.961833432856,-51.3312418507529
370.217507877749,-51.3129739223406
370.473359014982,-51.2946927959541
370.729386966663,-51.2763984342274
370.985591854985,-51.2580907996482
371.241973802228,-51.2397698545574
371.498532930753,-51.2214355611483
371.755269363007,-51.2030878814653
372.012183221522,-51.1847267774039
372.269274628915,-51.1663522107095
372.526543707886,-51.1479641429766
372.783990581221,-51.129562535648
373.04161537179,-51.1111473500144
373.299418202551,-51.0927185472131
373.557399196542,-51.0742760882273
373.815558476891,-51.0558199338855
374.073896166807,-51.0373500448606
374.332412389586,-51.018866381669
374.59110726861,-51.0003689046698
374.849980927344,-50.9818575740642
375.109033489341,-50.9633323498942
375.368265078238,-50.944793192042
375.627675817756,-50.9262400602295
375.887265831705,-50.9076729140168
376.147035243977,-50.8890917128019
376.406984178552,-50.8704964158193
376.667112759494,-50.8518869821397
376.927421110955,-50.8332633706687
377.187909357171,-50.8146255401463
377.448577622463,-50.7959734491454
377.709426031241,-50.7773070560715
377.970454707998,-50.7586263191618
378.231663777315,-50.7399311964836
378.493053363857,-50.7212216459345
378.754623592377,-50.7024976252402
379.016374587714,-50.6837590919547
379.278306474793,-50.6650060034587
379.540419378625,-50.6462383169589
379.802713424307,-50.6274559894871
380.065188737024,-50.6086589778991
380.327845442047,-50.5898472388738
380.590683664732,-50.5710207289124
380.853703530524,-50.552179404337
381.116905164953,-50.5333232212902
381.380288693636,-50.5144521357338
381.643854242277,-50.4955661034477
381.907601936667,-50.4766650800291
382.171531902685,-50.4577490208916
382.435644266294,-50.4388178812638
382.699939153548,-50.4198716161887
382.964416690584,-50.4009101805223
383.22907700363,-50.3819335289332
383.493920218998,-50.3629416159005
383.75894646309,-50.343934395714
384.024155862393,-50.3249118224721
384.289548543483,-50.3058738500814
384.555124633023,-50.2868204322554
384.820884257763,-50.2677515225133
385.086827544543,-50.2486670741793
385.352954620286,-50.229567040381
385.619265612007,-50.2104513740487
385.885760646808,-50.1913200279142
386.152439851877,-50.1721729545096
386.41930335449,-50.1530101061664
386.686351282015,-50.1338314350139
386.953583761902,-50.1146368929786
387.221000921693,-50.0954264317829
387.488602889018,-50.0762000029437
387.756389791594,-50.0569575577714
388.024361757226,-50.037699047369
388.292518913808,-50.0184244226304
388.560861389323,-49.9991336342397
388.829389311842,-49.9798266326697
389.098102809524,-49.9605033681809
389.367002010617,-49.9411637908201
389.636087043457,-49.9218078504192
389.90535803647,-49.9024354965943
390.174815118169,-49.883046678744
390.444458417158,-49.8636413460484
390.714288062127,-49.8442194474679
390.984304181858,-49.8247809317417
391.254506905221,-49.8053257473869
391.524896361173,-49.7858538426969
391.795472678763,-49.7663651657401
392.066235987127,-49.7468596643587
392.337186415493,-49.7273372861678
392.608324093174,-49.7077979785531
392.879649149577,-49.6882416886707
393.151161714195,-49.6686683634448
393.422861916613,-49.6490779495669
393.694749886503,-49.6294703934946
393.966825753628,-49.6098456414494
394.239089647842,-49.5902036394164
394.511541699087,-49.5705443331422
394.784182037394,-49.5508676681334
395.057010792886,-49.5311735896559
395.330028095775,-49.511462042733
395.603234076363,-49.4917329721437
395.876628865042,-49.4719863224221
396.150212592293,-49.452222037855
396.42398538869,-49.4324400624811
396.697947384894,-49.4126403400894
396.972098711659,-49.3928228142174
397.246439499828,-49.37298742815
397.520969880333,-49.3531341249179
397.795689984201,-49.3332628472958
398.070599942544,-49.3133735378014
398.345699886569,-49.2934661386932
398.620989947571,-49.2735405919697
398.896470256937,-49.2535968393672
399.172140946145,-49.2336348223585
399.448002146762,-49.2136544821514
399.724053990448,-49.1936557596869
400.000296608953,-49.1736385956377
400.276730134119,-49.1536029304067
400.553354697878,-49.1335487041251
400.830170432253,-49.1134758566509
401.10717746936,-49.0933843275673
401.384375941404,-49.0732740561808
401.661765980683,-49.05314498152
401.939347719586,-49.0329970423333
402.217121290593,-49.0128301770877
402.495086826276,-48.9926443239665
402.7732444593,-48.9724394208684
403.051594322418,-48.9522154054049
403.330136548478,-48.931972214899
403.608871270419,-48.9117097863836
403.887798621272,-48.891428056599
404.166918734159,-48.8711269619919
404.446231742295,-48.8508064387131
404.725737778987,-48.8304664226157
405.005436977633,-48.8101068492536
405.285329471724,-48.7897276538792
405.565415394844,-48.7693287714417
405.845694880668,-48.7489101365856
406.126168062964,-48.7284716836478
406.406835075592,-48.7080133466568
406.687696052506,-48.6875350593302
406.968751127751,-48.6670367550727
407.250000435465,-48.6465183669744
407.531444109878,-48.6259798278085
407.813082285315,-48.6054210700298
408.094915096192,-48.5848420257722
408.376942677019,-48.5642426268467
408.659165162396,-48.5436228047399
408.94158268702,-48.5229824906114
409.224195385679,-48.5023216152917
409.507003393255,-48.4816401092805
409.790006844721,-48.4609379027444
410.073205875148,-48.4402149255146
410.356600619694,-48.4194711070852
410.640191213617,-48.3987063766105
410.923977792262,-48.3779206629032
411.207960491073,-48.3571138944321
411.492139445586,-48.3362859993198
411.776514791427,-48.3154369053408
412.061086664322,-48.2945665399188
412.345855200085,-48.2736748301247
412.630820534628,-48.2527617026742
412.915982803955,-48.2318270839256
413.201342144164,-48.2108708998777
413.486898691448,-48.1898930761667
413.772652582093,-48.1688935380649
414.05860395248,-48.1478722104773
414.344752939084,-48.12682901794
414.631099678474,-48.1057638846173
414.917644307314,-48.0846767342994
415.204386962361,-48.0635674904001
415.491327780469,-48.0424360759542
415.778466898584,-48.0212824136147
416.065804453749,-48.0001064256508
416.3533405831,-47.9789080339454
416.641075423868,-47.9576871599917
416.929009113379,-47.9364437248916
417.217141789055,-47.9151776493527
417.505473588412,-47.8938888536855
417.79400464906,-47.8725772578009
418.082735108706,-47.8512427812078
418.37166510515,-47.8298853430101
418.660794776291,-47.8085048619039
418.950124260118,-47.7871012561751
419.23965369472,-47.7656744436963
419.52938321828,-47.7442243419243
419.819312969075,-47.7227508678974
420.109443085479,-47.7012539382318
420.399773705961,-47.6797334691199
420.690304969087,-47.6581893763264
420.981037013517,-47.6366215751861
421.271969978007,-47.6150299806005
421.563104001411,-47.5934145070352
421.854439222677,-47.5717750685168
422.145975780849,-47.5501115786297
422.437713815068,-47.5284239505133
422.729653464571,-47.5067120968591
423.02179486869,-47.4849759299072
423.314138166854,-47.4632153614435
423.606683498591,-47.4414303027964
423.89943100352,-47.4196206648339
424.192380821362,-47.3977863579601
424.48553309193,-47.3759272921121
424.778887955137,-47.354043376757
425.072445550991,-47.332134520888
425.366206019598,-47.3102006330221
425.660169501158,-47.2882416211956
425.954336135972,-47.2662573929616
426.248706064435,-47.2442478553866
426.543279427039,-47.2222129150463
426.838056364375,-47.2001524780231
427.133037017129,-47.1780664499019
427.428221526087,-47.1559547357673
427.72361003213,-47.1338172401994
428.019202676236,-47.1116538672705
428.314999599482,-47.0894645205416
428.611000943042,-47.0672491030585
428.907206848188,-47.0450075173485
429.203617456288,-47.0227396654165
429.500232908809,-47.000445448741
429.797053347316,-46.9781247682711
430.094078913472,-46.9557775244218
430.391309749036,-46.9334036170706
430.688745995867,-46.911002945554
430.986387795922,-46.8885754086629
431.284235291253,-46.8661209046389
431.582288624015,-46.8436393311708
431.880547936458,-46.8211305853898
432.179013370931,-46.7985945638661
432.477685069881,-46.7760311626046
432.776563175855,-46.7534402770406
433.075647831496,-46.7308218020361
433.374939179549,-46.7081756318749
433.674437362855,-46.6855016602591
433.974142524353,-46.6627997803045
434.274054807083,-46.6400698845362
434.574174354184,-46.6173118648845
434.874501308892,-46.5945256126802
435.175035814543,-46.5717110186505
435.475778014572,-46.5488679729143
435.776728052513,-46.5259963649778
436.077886071999,-46.5030960837298
436.379252216764,-46.4801670174373
436.680826630638,-46.4572090537408
436.982609457554,-46.4342220796496
437.284600841542,-46.411205981537
437.586800926733,-46.3881606451355
437.889209857356,-46.3650859555324
438.19182777774,-46.3419817971643
438.494654832316,-46.3188480538126
438.797691165612,-46.2956846085986
439.100936922257,-46.2724913439782
439.404392246981,-46.249268141737
439.708057284612,-46.2260148829853
440.011932180079,-46.202731448153
440.316017078413,-46.179417716984
440.620312124741,-46.1560735685314
440.924817464294,-46.1326988811521
441.229533242403,-46.1092935325012
441.534459604496,-46.085857399527
441.839596696107,-46.0623903584655
442.144944662866,-46.0388922848343
442.450503650506,-46.0153630534279
442.756273804859,-45.9918025383117
443.06225527186,-45.9682106128161
443.368448197543,-45.9445871495312
443.674852728044,-45.9209320203009
443.981469009599,-45.8972450962169
444.288297188546,-45.8735262476131
444.595337411323,-45.8497753440595
444.90258982447,-45.8259922543559
445.21005457463,-45.8021768465266
445.517731808544,-45.7783289878136
445.825621673056,-45.7544485446706
446.133724315112,-45.7305353827569
446.442039881758,-45.706589366931
446.750568520144,-45.6826103612443
447.05931037752,-45.6585982289344
447.368265601238,-45.6345528324191
447.677434338751,-45.6104740332894
447.986816737616,-45.5863616923031
448.29641294549,-45.5622156693779
448.606223110133,-45.5380358235851
448.916247379407,-45.5138220131423
449.226485901277,-45.4895740954065
449.536938823808,-45.4652919268676
449.847606295169,-45.4409753631409
450.158488463632,-45.4166242589604
450.46958547757,-45.3922384681711
450.780897485459,-45.3678178437222
451.092424635878,-45.3433622376597
451.404167077508,-45.3188715011187
451.716124959134,-45.2943454843164
452.028298429642,-45.2697840365441
452.340687638023,-45.2451870061599
452.653292733369,-45.2205542405806
452.966113864875,-45.1958855862746
453.279151181842,-45.1711808887532
453.592404833671,-45.1464399925632
453.905874969867,-45.1216627412787
454.21956174004,-45.0968489774929
454.533465293902,-45.0719985428103
454.847585781267,-45.0471112778376
455.161923352055,-45.0221870221764
455.476478156289,-44.9972256144136
455.791250344096,-44.9722268921137
456.106240065705,-44.9471906918099
456.42144747145,-44.9221168489952
456.73687271177,-44.8970051981138
457.052515937206,-44.8718555725519
457.368377298404,-44.8466678046291
457.684456946114,-44.821441725589
458.00075503119,-44.7961771655898
458.317271704591,-44.7708739536955
458.634007117378,-44.7455319178662
458.950961420721,-44.7201508849484
459.268134765889,-44.6947306806659
459.58552730426,-44.6692711296094
459.903139187313,-44.6437720552275
460.220970566635,-44.618233279816
460.539021593915,-44.5926546245082
460.85729242095,-44.5670359092651
461.175783199637,-44.5413769528643
461.494494081984,-44.5156775728905
461.813425220098,-44.4899375857245
462.132576766197,-44.4641568065326
462.451948872599,-44.4383350492563
462.77154169173,-44.412472126601
463.091355376122,-44.3865678500252
463.41139007841,-44.3606220297297
463.731645951337,-44.334634474646
464.052123147749,-44.3086049924249
464.3728218206,-44.2825333894258
464.693742122948,-44.2564194707042
465.014884207958,-44.2302630400005
465.3362482289,-44.2040638997283
465.65783433915,-44.1778218509617
465.979642692191,-44.1515366934242
466.30167344161,-44.1252082254756
466.623926741103,-44.0988362440999
466.946402744469,-44.0724205448932
467.269101605616,-44.0459609220502
467.592023478557,-44.0194571683522
467.915168517412,-43.9929090751536
468.238536876406,-43.966316432369
468.562128709874,-43.9396790284598
468.885944172254,-43.9129966504211
469.209983418092,-43.8862690837677
469.534246602042,-43.8594961125209
469.858733878863,-43.8326775191942
470.183445403423,-43.805813084779
470.508381330694,-43.7789025887314
470.833541815759,-43.7519458089568
471.158927013804,-43.7249425217958
471.484537080127,-43.6978925020093
471.810372170128,-43.6707955227641
472.136432439319,-43.643651355617
472.462718043317,-43.6164597705005
472.789229137848,-43.5892205357066
473.115965878742,-43.5619334178716
473.442928421943,-43.53459818196
473.770116923496,-43.5072145912492
474.09753153956,-43.4797824073123
474.425172426397,-43.4523013900027
474.753039740379,-43.4247712974369
475.081133637986,-43.397191885978
475.409454275808,-43.3695629102186
475.738001810539,-43.3418841229639
476.066776398985,-43.3141552752141
476.395778198059,-43.2863761161467
476.725007364781,-43.258546393099
477.054464056283,-43.2306658515497
477.384148429803,-43.2027342351009
477.714060642687,-43.17475128546
478.044200852393,-43.14671674242
478.374569216484,-43.1186303438414
478.705165892635,-43.0904918256331
479.035991038628,-43.0623009217321
479.367044812354,-43.034057364085
479.698327371816,-43.0057608826273
480.029838875121,-42.9774112052635
480.361579480491,-42.9490080578468
480.693549346253,-42.9205511641584
481.025748630845,-42.8920402458866
481.358177492816,-42.8634750226056
481.690836090822,-42.8348552117541
482.023724583629,-42.8061805286134
482.356843130115,-42.7774506862857
482.690191889265,-42.7486653956718
483.023771020176,-42.7198243654482
483.357580682054,-42.6909273020448
483.691621034214,-42.6619739096212
484.025892236084,-42.6329638900437
484.360394447199,-42.6038969428613
484.695127827206,-42.5747727652819
485.030092535862,-42.5455910521475
485.365288733035,-42.5163514959102
485.700716578702,-42.4870537866064
486.036376232951,-42.4576976118323
486.372267855982,-42.4282826567175
486.708391608105,-42.3988086038996
487.04474764974,-42.3692751334972
487.381336141417,-42.3396819230842
487.718157243781,-42.3100286476615
488.055211117584,-42.2803149796307
488.39249792369,-42.2505405887659
488.730017823076,-42.2207051421852
489.067770976827,-42.1908083043229
489.405757546143,-42.1608497369
489.743977692332,-42.1308290988953
490.082431576817,-42.1007460465154
490.421119361129,-42.0706002331649
490.760041206913,-42.0403913094157
491.099197275925,-42.0101189229762
491.438587730032,-41.9797827186598
491.778212731214,-41.9493823383535
492.118072441563,-41.9189174209851
492.458167023283,-41.8883876024911
492.798496638688,-41.8577925157835
493.139061450207,-41.8271317907158
493.47986162038,-41.7964050540499
493.82089731186,-41.7656119294204
494.162168687411,-41.7347520373006
494.50367590991,-41.7038249949666
494.845419142348,-41.6728304164614
495.187398547827,-41.6417679125584
495.529614289562,-41.6106370907246
495.872066530881,-41.5794375550827
496.214755435226,-41.5481689063735
496.55768116615,-41.5168307419169
496.900843887319,-41.4854226555731
497.244243762515,-41.4539442377027
497.587880955629,-41.4223950751264
497.93175563067,-41.3907747510843
498.275867951755,-41.3590828451945
498.620218083119,-41.3273189334106
498.964806189109,-41.2954825879798
499.309632434184,-41.2635733773988
499.654696982918,-41.2315908663706
500,-41.1995346157595
500.345541650231,-41.1674041825459
500.691322098525,-41.1351991197808
501.037341509913,-41.1029189765388
501.383600049538,-41.0705632978712
501.730097882657,-41.0381316247576
502.076835174643,-41.005623494058
502.42381209098,-40.9730384384623
502.77102879727,-40.9403759864414
503.118485459227,-40.9076356621954
503.466182242681,-40.8748169856021
503.814119313576,-40.841919472165
504.16229683797,-40.8089426329596
504.510714982037,-40.7758859745794
504.859373912065,-40.7427489990814
505.208273794457,-40.7095312039298
505.557414795731,-40.6762320819399
505.90679708252,-40.6428511212203
506.256420821574,-40.609387805115
506.606286179755,-40.5758416121436
506.956393324042,-40.5422120159416
507.30674242153,-40.5084984851988
507.657333639429,-40.474700483598
508.008167145064,-40.4408174697511
508.359243105875,-40.4068488971355
508.710561689421,-40.3727942140292
509.062123063372,-40.3386528634443
509.413927395519,-40.3044242830602
509.765974853764,-40.2701079051552
510.118265606128,-40.2357031565372
510.470799820749,-40.2012094584734
510.823577665878,-40.166626226619
511.176599309885,-40.1319528709436
511.529864921254,-40.0971887956583
511.883374668589,-40.0623333991403
512.237128720605,-40.0273860738561
512.59112724614,-39.9923462062847
512.945370414145,-39.9572131768381
513.299858393687,-39.9219863597816
513.654591353952,-39.8866651231522
514.009569464241,-39.8512488286756
514.364792893975,-39.8157368316821
514.720261812689,-39.7801284810212
515.075976390037,-39.7444231189744
515.431936795789,-39.7086200811665
515.788143199832,-39.6727186964757
516.144595772174,-39.6367182869424
516.501294682935,-39.6006181676756
516.858240102357,-39.5644176467587
517.215432200797,-39.5281160251528
517.572871148732,-39.491712596599
517.930557116754,-39.4552066475185
518.288490275576,-39.4185974569118
518.646670796027,-39.381884296255
519.005098849054,-39.3450664293951
519.363774605722,-39.3081431124433
519.722698237217,-39.2711135936663
520.081869914839,-39.2339771133761
520.44128981001,-39.1967329038169
520.800958094268,-39.1593801890511
521.160874939271,-39.1219181848428
521.521040516795,-39.0843460985388
521.881454998735,-39.0466631289487
522.242118557105,-39.0088684662209
522.603031364037,-38.9709612917188
522.964193591783,-38.9329407778921
523.325605412713,-38.8948060881483
523.687266999318,-38.85655637672
524.049178524205,-38.8181907885306
524.411340160103,-38.7797084590576
524.77375207986,-38.741108514193
525.136414456443,-38.7023900701009
525.499327462938,-38.6635522330737
525.862491272551,-38.624594099384
526.225906058608,-38.585514755135
526.589571994555,-38.5463132761071
526.953489253958,-38.5069887276028
527.3176580105,-38.4675401642869
527.68207843799,-38.4279666300261
528.046750710351,-38.3882671577228
528.41167500163,-38.3484407691482
528.776851485992,-38.3084864747703
529.142280337724,-38.26840327358
529.507961731233,-38.2281901529126
529.873895841047,-38.1878460882671
530.240082841813,-38.1473700431208
530.6065229083,-38.106760968741
530.973216215397,-38.0660178039928
531.340162938116,-38.0251394751432
531.707363251587,-37.9841248956609
532.074817331062,-37.942972966013
532.442525351915,-37.9016825734564
532.810487489641,-37.8602525918264
533.178703919856,-37.8186818813197
533.547174818296,-37.7769692882743
533.915900360821,-37.7351136449439
534.284880723411,-37.6931137692682
534.654116082168,-37.6509684646385
535.023606613315,-37.6086765196585
535.393352493198,-37.5662367078998
535.763353898284,-37.5236477876529
536.133611005162,-37.4809085016725
536.504123990543,-37.4380175769181
536.874893031261,-37.3949737242886
537.245918304272,-37.3517756383511
537.617199986653,-37.3084219970653
537.988738255605,-37.2649114615004
538.360533288449,-37.2212426755471
538.732585262632,-37.1774142656227
539.104894355721,-37.1334248403706
539.477460745407,-37.0892729903529
539.850284609503,-37.0449572877358
540.223366125946,-37.0004762859696
540.596705472795,-36.9558285194605
540.970302828231,-36.9110125032349
541.344158370561,-36.8660267325981
541.718272278213,-36.8208696827831
542.092644729739,-36.7755398085938
542.467275903814,-36.7300355440384
542.842165979238,-36.6843553019558
543.217315134932,-36.638497473633
543.592723549943,-36.592460428414
543.968391403441,-36.5462425133001
544.344318874718,-36.4998420525399
544.720506143193,-36.453257347212
545.096953388408,-36.4064866747959
545.473660790026,-36.3595282887342
545.85062852784,-36.3123804179842
546.227856781761,-36.2650412665598
546.60534573183,-36.2175090130608
546.983095558208,-36.1697818101935
547.361106441183,-36.121857784278
547.739378561166,-36.0737350347447
548.117912098694,-36.0254116336188
548.496707234429,-35.9768856249916
548.875764149157,-35.9281550244803
549.255083023788,-35.8792178186736
549.634664039359,-35.8300719645641
550.014507377031,-35.7807153889673
550.394613218091,-35.7311459879256
550.774981743949,-35.6813616260978
551.155613136144,-35.6313601361337
551.536507576338,-35.5811393180326
551.917665246319,-35.5306969384863
552.299086328,-35.4800307302047
552.680771003421,-35.4291383912254
553.062719454747,-35.3780175842045
553.44493186427,-35.3266659356902
553.827408414406,-35.2750810353773
554.210149287699,-35.2232604353424
554.593154666818,-35.1712016492592
554.976424734558,-35.1189021515936
555.359959673841,-35.0663593767773
555.743759667717,-35.0135707183598
556.127824899358,-34.9605335281375
556.512155552068,-34.9072451152604
556.896751809274,-34.8537027453142
557.28161385453,-34.7999036393771
557.666741871519,-34.7458449730529
558.052136044049,-34.6915238754756
558.437796556055,-34.6369374282878
558.823723591601,-34.5820826645917
559.209917334877,-34.5269565678692
559.596377970199,-34.4715560708733
559.983105682013,-34.4158780544886
560.37010065489,-34.3599193465584
560.75736307353,-34.30367672068
561.144893122761,-34.247146894965
561.532690987537,-34.1903265307644
561.920756852941,-34.1332122313566
562.309090904185,-34.0758005405979
562.697693326606,-34.0180879415334
563.086564305672,-33.9600708549675
563.475704026977,-33.9017456379919
563.865112676246,-33.8431085824704
564.254790439329,-33.7841559134785
564.644737502207,-33.7248837876959
565.034954050988,-33.6652882917514
565.425440271909,-33.6053654405161
565.816196351337,-33.5451111753462
566.207222475766,-33.4845213622711
566.598518831819,-33.4235917901256
566.99008560625,-33.3623181686239
567.381922985939,-33.300696126374
567.774031157898,-33.2387212088294
568.166410309266,-33.1763888761757
568.559060627314,-33.1136945011507
568.951982299439,-33.050633366794
569.345175513171,-32.9872006641244
569.738640456166,-32.9233914897421
570.132377316213,-32.8592008433525
570.526386281228,-32.7946236252086
570.920667539259,-32.7296546334695
571.315221278483,-32.6642885614698
571.710047687208,-32.5985199948993
572.105146953871,-32.5323434088864
572.500519267038,-32.4657531649826
572.896164815409,-32.3987435080453
573.292083787811,-32.3313085630118
573.688276373203,-32.2634423315632
574.084742760675,-32.1951386886712
574.481483139446,-32.126391379024
574.878497698868,-32.0571940133267
575.275786628422,-31.987540064469
575.67335011772,-31.9174228635572
576.071188356507,-31.8468355958016
576.469301534657,-31.7757712962568
576.867689842176,-31.7042228454038
577.266353469201,-31.6321829645723
577.665292606002,-31.5596442111905
578.064507442978,-31.4865989738603
578.463998170661,-31.4130394672458
578.863764979714,-31.3389577267681
579.263808060934,-31.264345603099
579.664127605246,-31.1891947564423
580.064723803711,-31.1134966505938
580.465596847518,-31.0372425467696
580.866746927991,-30.9604234971928
581.268174236586,-30.8830303384255
581.66987896489,-30.805053684435
582.071861304624,-30.7264839193822
582.47412144764,-30.6473111901165
582.876659585923,-30.5675253983665
583.279475911592,-30.4871161926073
583.682570616896,-30.4060729595931
584.085943894219,-30.3243848155338
584.489595936078,-30.2420405969025
584.893526935123,-30.1590288508506
585.297737084136,-30.0753378252149
585.702226576032,-29.9909554580925
586.106995603862,-29.9058693669627
586.512044360807,-29.8200668373329
586.917373040184,-29.7335348108813
587.322981835442,-29.6462598730726
587.728870940166,-29.5582282402165
588.135040548071,-29.4694257459402
588.54149085301,-29.3798378270423
588.948222048966,-29.2894495086955
589.355234330061,-29.1982453889606
589.762527890546,-29.1062096225757
590.170102924809,-29.0133259039778
590.577959627371,-28.9195774495143
590.98609819289,-28.8249469788006
591.394518816156,-28.7294166951692
591.803221692094,-28.6329682651654
592.212207015764,-28.5355827970251
592.621474982362,-28.4372408180836
593.031025787217,-28.3379222510453
593.440859625793,-28.2376063890488
593.850976693692,-28.1362718694551
594.261377186647,-28.0338966462794
594.67206130053,-27.930457961185
595.083029231345,-27.8259323129486
595.494281175235,-27.7202954253021
595.905817328475,-27.613522213049
596.317637887479,-27.5055867463439
596.729743048793,-27.3964622130202
597.142133009102,-27.2861208788362
597.554807965226,-27.1745340455065
597.967768114121,-27.0616720063711
598.381013652879,-26.9475039995465
598.794544778727,-26.8319981583891
599.208361689031,-26.7151214590908
599.622464581291,-26.5968396652093
600.036853653144,-26.4771172689252
600.451529102365,-26.3559174287963
600.866491126864,-26.2332019037682
601.281739924688,-26.1089309831745
601.697275694022,-25.9830634124433
602.113098633187,-25.8555563142055
602.529208940641,-25.7263651044691
602.945606814981,-25.5954434035085
603.362292454937,-25.4627429410766
603.77926605938,-25.3282134555272
604.196527827318,-25.1918025863966
604.614077957896,-25.0534557599573
605.031916650396,-24.9131160672229
605.450044104239,-24.7707241338312
605.868460518983,-24.6262179812039
606.287166094324,-24.4795328783146
606.706161030096,-24.3306011833632
607.12544552627,-24.1793521745886
607.545019782958,-24.0257118694
607.964884000409,-23.8696028309467
608.385038379008,-23.7109439611821
608.805483119282,-23.5496502794177
609.226218421895,-23.3856326852917
609.647244487649,-23.2187977050219
610.068561517487,-23.0490472197406
610.490169712488,-22.8762781746683
610.912069273871,-22.700382267815
611.334260402997,-22.5212456168908
611.756743301361,-22.3387484030726
612.179518170601,-22.152764490304
612.602585212493,-21.9631610188639
613.025944628952,-21.7697979720436
613.449596622035,-21.5725277149817
613.873541393935,-21.3711945049877
614.297779146987,-21.1656339731324
614.722310083666,-20.9556725775054
615.147134406585,-20.7411270294228
615.5722523185,-20.5218036950708
615.997664022304,-20.2974979767387
616.423369721033,-20.0679936800429
616.849369617861,-19.8330623765799
617.275663916104,-19.5924627755388
617.702252819218,-19.3459401232867
618.129136530798,-19.0932256572923
618.556315254583,-18.8340361505766
618.98378919445,-18.568073596048
619.411558554418,-18.2950250976557
619.839623538648,-18.0145630588511
620.267984351439,-17.7263457903651
620.696641197235,-17.4300187015123
621.125594280619,-17.1252162958013
621.554843806315,-16.8115652673809
621.98438997919,-16.4886890962969
622.414233004252,-16.1562146761143
622.84437308665,-15.8137816881931
623.274810431677,-15.4610556766025
623.705545244764,-15.0977460931567
624.136577731488,-14.7236309923399
624.567908097565,-14.3385905795825
624.999536548855,-13.9426524656341
625.43146329136,-13.5360522470753
625.863688531223,-13.1193138654965
626.296212474732,-12.6933549505262
626.729035328315,-12.2596227071158
627.162157298544,-11.8202652491953
627.595578592135,-11.3783405240078
628.029299415943,-10.9380583859864
628.463319976969,-10.5050385855581
628.897640482358,-10.0865459459687
629.332261139394,-9.691633004311
629.767182155509,-9.33108459142555
630.202403738275,-9.01703393424178
630.637926095409,-8.76213581203917
631.073749434771,-8.57827443498783
631.509873964365,-8.47496228451201
631.946299892338,-8.4577943942319
632.383027426981,-8.52743144433915
632.820056776731,-8.67947446572842
633.257388150166,-8.90527835957889
633.69502175601,-9.19340740476121
634.132957803131,-9.53126417812422
634.571196500541,-9.90648415248418
635.009738057396,-10.3078851380381
635.448582682997,-10.72595565087
635.887730586791,-11.152981549338
636.327181978368,-11.5829426295689
636.766937067462,-12.0112930583148
637.206996063955,-12.4347044537199
637.647359177872,-12.8508174140505
638.088026619383,-13.2580233136778
638.528998598803,-13.6552833825
638.970275326595,-14.0419841593085
639.411857013365,-14.4178248657624
639.853743869863,-14.782731178836
640.295936106989,-15.1367900497638
640.738433935786,-15.4802009080558
641.181237567442,-15.8132394202017
641.624347213294,-16.1362307643022
642.067763084822,-16.4495300632923
642.511485393654,-16.7535081745334
642.955514351564,-17.0485414711891
643.399850170472,-17.3350045886697
643.844493062444,-17.6132653668006
644.289443239693,-17.8836814127355
644.734700914579,-18.146597855624
645.180266299609,-18.4023459732974
645.626139607435,-18.6512424528851
646.07232105086,-18.8935891082145
646.518810842828,-19.1296729223474
646.965609196435,-19.3597663175537
647.412716324923,-19.5841275804014
647.860132441681,-19.8030013885895
648.307857760246,-20.0166194003192
648.755892494302,-20.2252008775938
649.20423685768,-20.4289533227551
649.652891064361,-20.6280731134671
650.101855328472,-20.8227461257806
650.551129864289,-21.0131483381803
651.000714886234,-21.1994464119541
651.45061060888,-21.3817982450143
651.900817246946,-21.5603534976204
652.351335015303,-21.735254089402
652.802164128965,-21.906634667766
653.253304803099,-22.0746230482569
653.70475725302,-22.2393406277612
654.156521694189,-22.4009027716689
654.60859834222,-22.5594191762384
655.060987412872,-22.714994207477
655.513689122057,-22.8677272178816
655.966703685832,-23.0177128423761
656.420031320408,-23.1650412747549
656.873672242142,-23.3097985258942
657.327626667541,-23.4520666649474
657.781894813263,-23.5919240446727
658.236476896113,-23.7294455119793
658.691373133051,-23.8647026047198
659.146583741181,-23.9977637356845
659.60210893776,-24.128694364694
660.057948940196,-24.2575571596287
660.514103966045,-24.384412147171
660.970574233015,-24.5093168539834
661.427359958963,-24.6323264389942
661.884461361899,-24.7534938174155
662.341878659981,-24.8728697770674
662.799612071519,-24.9905030875455
663.257661814973,-25.1064406027274
663.716028108956,-25.2207273570758
664.174711172231,-25.3334066561635
664.63371122371,-25.4445201618157
665.09302848246,-25.55410797223
665.552663167698,-25.6622086974161
666.01261549879,-25.7688595302653
666.472885695258,-25.8740963135396
666.933473976772,-25.9779536030504
667.394380563155,-26.0804647272756
667.855605674384,-26.1816618436442
668.317149530585,-26.2815759917062
668.779012352037,-26.3802371433851
669.241194359173,-26.4776742504964
669.703695772575,-26.5739152897077
670.16651681298,-26.668987305097
670.629657701278,-26.7629164484591
671.093118658509,-26.8557280174982
671.556899905868,-26.9474464920359
672.021001664702,-27.0380955683535
672.485424156511,-27.1276981917813
672.95016760295,-27.2162765876397
673.415232225823,-27.3038522906265
673.88061824709,-27.3904461727451
674.346325888865,-27.4760784698558
674.812355373414,-27.5607688069297
675.278706923157,-27.6445362220798
675.745380760668,-27.7273991894388
676.212377108676,-27.809375640947
676.679696190061,-27.8904829871126
677.147338227859,-27.9707381368007
677.615303445259,-28.0501575161037
678.083592065607,-28.1287570863431
678.5522043124,-28.2065523612512
679.021140409292,-28.283558423374
679.490400580088,-28.3597899397385
679.959985048753,-28.4352611768235
680.429894039402,-28.5099860148679
680.900127776307,-28.5839779615539
681.370686483895,-28.6572501650952
681.841570386747,-28.7298154267613
682.312779709602,-28.8016862128663
682.78431467735,-28.87287466625
683.25617551504,-28.9433926172751
683.728362447875,-29.0132515943655
684.200875701215,-29.0824628341086
684.673715500573,-29.1510372909418
685.14688207162,-29.2189856464439
685.620375640182,-29.2863183182508
686.094196432243,-29.3530454686132
686.56834467394,-29.4191770126121
687.04282059157,-29.4847226260499
687.517624411582,-29.5496917530324
687.992756360585,-29.6140936132533
688.468216665345,-29.6779372089982
688.94400555278,-29.7412313318793
689.42012324997,-29.803984569313
689.89656998415,-29.8662053107519
690.373345982711,-29.9279017536835
690.850451473203,-29.9890819094038
691.327886683333,-30.0497536085778
691.805651840962,-30.1099245065951
692.283747174114,-30.1696020887295
692.762172910967,-30.2287936751117
693.240929279857,-30.2875064255224
693.720016509278,-30.3457473440148
694.199434827883,-30.4035232833709
694.679184464482,-30.4608409494027
695.159265648043,-30.5177069051006
695.639678607693,-30.5741275746385
696.120423572717,-30.6301092472401
696.601500772558,-30.6856580809117
697.082910436818,-30.7407801060481
697.564652795257,-30.795481228916
698.046728077796,-30.8497672350203
698.529136514512,-30.9036437923566
699.011878335643,-30.9571164545571
699.494953771584,-31.0101906639309
699.978363052892,-31.0628717544055
700.462106410283,-31.1151649543721
700.946184074628,-31.1670753894377
701.430596276964,-31.2186080850903
701.915343248484,-31.2697679692765
702.40042522054,-31.320559874899
702.885842424646,-31.3709885422337
703.371595092476,-31.4210586212716
703.857683455863,-31.4707746739871
704.344107746801,-31.5201411765359
704.830868197443,-31.5691625213849
705.317965040104,-31.6178430193773
705.805398507258,-31.6661869017338
706.293168831541,-31.7141983219936
706.781276245751,-31.7618813578969
707.269720982843,-31.8092400132108
707.758503275935,-31.8562782195006
708.247623358308,-31.9029998378491
708.737081463403,-31.9494086605248
709.22687782482,-31.9955084126013
709.717012676322,-32.0413027535295
710.207486251836,-32.086795278665
710.698298785447,-32.1319895207496
711.189450511404,-32.1768889513529
711.680941664116,-32.2214969822708
712.172772478156,-32.2658169668852
712.664943188259,-32.3098522014857
713.157454029321,-32.353605926553
713.6503052364,-32.3970813280088
714.143497044717,-32.4402815384284
714.637029689658,-32.4832096382221
715.130903406767,-32.5258686567823
715.625118431755,-32.5682615736016
716.119675000494,-32.6103913193579
716.614573349018,-32.6522607769726
717.109813713527,-32.6938727826388
717.605396330381,-32.7352301268229
718.101321436105,-32.7763355552396
718.597589267389,-32.8171917697999
719.094200061083,-32.8578014295365
719.591154054203,-32.8981671515023
720.088451483929,-32.9382915116481
720.586092587605,-32.9781770456754
721.084077602737,-33.0178262498686
721.582406766996,-33.0572415819057
722.081080318219,-33.0964254616473
722.580098494406,-33.1353802719074
723.079461533721,-33.1741083592029
723.579169674493,-33.2126120344855
724.079223155216,-33.2508935738548
724.57962221455,-33.2889552192537
725.080367091317,-33.3267991791466
725.581458024506,-33.3644276291811
726.082895253271,-33.4018427128333
726.584679016931,-33.4390465420371
727.08680955497,-33.476041197799
727.589287107039,-33.5128287307968
728.092111912953,-33.5494111619655
728.595284212693,-33.5857904830676
729.098804246407,-33.6219686572509
729.602672254408,-33.6579476195924
730.106888477175,-33.6937292776303
730.611453155353,-33.7293155118818
731.116366529754,-33.764708176351
731.621628841356,-33.799909099023
732.127240331304,-33.8349200823476
732.63320124091,-33.8697429037121
733.139511811651,-33.9043793159017
733.646172285172,-33.9388310475517
734.153182903285,-33.9730998035871
734.66054390797,-34.0071872656541
735.168255541373,-34.0410950925402
735.676318045806,-34.0748249205866
736.184731663752,-34.1083783640899
736.693496637859,-34.1417570156958
737.202613210944,-34.1749624467836
737.71208162599,-34.2079962078422
738.22190212615,-34.2408598288384
738.732074954744,-34.2735548195763
739.24260035526,-34.3060826700496
739.753478571355,-34.338444850786
740.264709846854,-34.3706428131837
740.776294425749,-34.4026779898419
741.288232552204,-34.4345517948827
741.80052447055,-34.466265624267
742.313170425284,-34.4978208561039
742.826170661078,-34.529218850953
743.339525422767,-34.5604609521203
743.853234955359,-34.5915484859487
744.36729950403,-34.6224827621014
744.881719314127,-34.65326507384
745.396494631163,-34.6838966982971
745.911625700825,-34.7143788967423
746.427112768967,-34.7447129148437
746.942956081613,-34.7748999829238
747.459155884958,-34.8049413162096
747.975712425366,-34.8348381150788
748.492625949374,-34.8645915652998
749.009896703686,-34.8942028382673
749.527524935178,-34.9236730912339
750.045510890896,-34.9530034675358
750.563854818059,-34.9821950968151
751.082556964053,-35.011249095237
751.601617576438,-35.0401665657029
752.121036902945,-35.0689485980597
752.640815191474,-35.0975962693044
753.160952690098,-35.1261106437851
753.681449647061,-35.1544927733979
754.20230631078,-35.1827436977801
754.72352292984,-35.2108644444998
755.245099753002,-35.2388560292413
755.767037029196,-35.2667194559877
756.289335007526,-35.2944557171995
756.811993937267,-35.3220657939903
757.335014067865,-35.3495506562982
757.858395648942,-35.3769112630553
758.382138930289,-35.4041485623527
758.906244161871,-35.4312634916036
759.430711593827,-35.4582569777026
759.955541476467,-35.4851299371821
760.480734060274,-35.5118832763661
761.006289595906,-35.538517891521
761.532208334191,-35.5650346690035
762.058490526134,-35.5914344854063
762.585136422911,-35.6177182077003
763.112146275872,-35.643886693375
763.639520336543,-35.6699407905761
764.16725885662,-35.6958813382403
764.695362087974,-35.721709166228
765.223830282653,-35.747425095454
765.752663692876,-35.7730299380147
766.281862571038,-35.7985244973144
766.811427169707,-35.8239095681884
767.341357741626,-35.8491859370243
767.871654539715,-35.8743543818814
768.402317817065,-35.8994156726072
768.933347826944,-35.9243705709527
769.464744822794,-35.9492198306856
769.996509058235,-35.973964197701
770.528640787058,-35.9986044101303
771.061140263233,-36.0231411984491
771.594007740903,-36.0475752855819
772.127243474388,-36.0719073870061
772.660847718185,-36.0961382108536
773.194820726963,-36.1202684580109
773.72916275557,-36.1442988222174
774.26387405903,-36.1682299901624
774.798954892542,-36.1920626415799
775.334405511483,-36.2157974493422
775.870226171405,-36.2394350795518
776.406417128037,-36.2629761916319
776.942978637285,-36.2864214384149
777.479910955232,-36.3097714662304
778.017214338137,-36.3330269149908
778.554889042437,-36.356188418276
779.092935324746,-36.3792566034164
779.631353441856,-36.4022320915749
780.170143650736,-36.4251154978274
780.709306208531,-36.4479074312417
781.248841372567,-36.4706084949557
781.788749400343,-36.493219286254
782.329030549542,-36.515740396643
782.869685078021,-36.5381724119256
783.410713243815,-36.5605159122738
783.95211530514,-36.5827714723004
784.493891520389,-36.6049396611305
785.036042148132,-36.6270210424701
785.578567447121,-36.6490161746753
786.121467676283,-36.6709256108194
786.664743094729,-36.6927498987592
787.208393961743,-36.7144895812005
787.752420536792,-36.7361451957622
788.296823079523,-36.75771727504
788.84160184976,-36.7792063466682
789.386757107507,-36.8006129333812
789.932289112949,-36.8219375530742
790.47819812645,-36.8431807188622
791.024484408554,-36.8643429391392
791.571148219984,-36.8854247176352
792.118189821645,-36.9064265534736
792.665609474623,-36.9273489412264
793.21340744018,-36.9481923709704
793.761583979764,-36.9689573283402
794.310139354999,-36.9896442945826
794.859073827695,-37.0102537466089
795.408387659837,-37.0307861570466
795.958081113595,-37.0512419942909
796.50815445132,-37.0716217225545
797.058607935542,-37.0919258019177
797.609441828975,-37.1121546883768
798.160656394513,-37.1323088338928
798.712251895232,-37.1523886864382
799.26422859439,-37.1723946900439
799.816586755428,-37.1923272848458
800.369326641966,-37.2121869071293
800.92244851781,-37.2319739893748
801.475952646945,-37.2516889603011
802.02983929354,-37.2713322449096
802.584108721947,-37.2909042645263
803.1387611967,-37.3104054368446
803.693796982516,-37.3298361759666
804.249216344295,-37.3491968924443
804.805019547119,-37.3684879933199
805.361206856256,-37.3877098821655
805.917778537153,-37.4068629591227
806.474734855444,-37.4259476209412
807.032076076947,-37.4449642610167
807.58980246766,-37.4639132694292
808.147914293768,-37.4827950329795
808.706411821639,-37.501609935226
809.265295317825,-37.5203583565209
809.824565049061,-37.5390406740458
810.38422128227,-37.5576572618466
810.944264284555,-37.5762084908685
811.504694323206,-37.5946947289895
812.065511665699,-37.6131163410548
812.626716579691,-37.6314736889096
813.188309333028,-37.6497671314319
813.750290193738,-37.6679970245649
814.312659430036,-37.6861637213489
814.875417310322,-37.7042675719526
815.438564103182,-37.7223089237042
816.002100077385,-37.7402881211221
816.56602550189,-37.7582055059449
817.130340645838,-37.7760614171614
817.695045778558,-37.7938561910398
818.260141169566,-37.811590161157
818.825627088561,-37.8292636584266
819.391503805431,-37.8468770111279
819.95777159025,-37.8644305449332
820.52443071328,-37.8819245829357
821.091481444966,-37.8993594456762
821.658924055943,-37.9167354511702
822.226758817033,-37.9340529149343
822.794985999244,-37.9513121500121
823.363605873771,-37.9685134670002
823.932618711997,-37.9856571740734
824.502024785494,-38.00274357701
825.07182436602,-38.019772979216
825.64201772552,-38.0367456817505
826.212605136129,-38.053661983349
826.783586870169,-38.0705221804474
827.35496320015,-38.0873265672059
827.926734398771,-38.1040754355318
828.498900738919,-38.1207690751023
829.07146249367,-38.1374077733878
829.644419936289,-38.1539918156735
830.217773340227,-38.1705214850819
830.791522979128,-38.1869970625945
831.365669126824,-38.2034188270731
831.940212057334,-38.2197870552813
832.515152044869,-38.2361020219054
833.090489363828,-38.2523639995751
833.6662242888,-38.2685732588838
834.242357094564,-38.2847300684092
834.818888056089,-38.3008346947327
835.395817448534,-38.3168874024596
835.973145547248,-38.3328884542384
836.550872627769,-38.3488381107799
837.128998965829,-38.3647366308762
837.707524837346,-38.3805842714197
838.286450518431,-38.3963812874214
838.865776285387,-38.4121279320293
839.445502414706,-38.4278244565465
840.025629183072,-38.4434711104488
840.606156867359,-38.4590681414028
841.187085744635,-38.474615795283
841.768416092156,-38.4901143161891
842.350148187374,-38.5055639464632
842.932282307927,-38.5209649267061
843.514818731649,-38.5363174957947
844.097757736566,-38.5516218908978
844.681099600894,-38.5668783474924
845.264844603043,-38.5820870993801
845.848993021615,-38.5972483787024
846.433545135404,-38.6123624159569
847.018501223397,-38.6274294400124
847.603861564774,-38.6424496781242
848.189626438908,-38.6574233559494
848.775796125364,-38.6723506975618
849.362370903902,-38.6872319254666
849.949351054473,-38.7020672606149
850.536736857225,-38.7168569224183
851.124528592495,-38.7316011287629
851.712726540818,-38.7463000960238
852.301330982921,-38.7609540390785
852.890342199724,-38.7755631713212
853.479760472342,-38.790127704676
854.069586082086,-38.8046478496106
854.659819310459,-38.8191238151494
855.250460439159,-38.8335558088868
855.84150975008,-38.8479440370001
856.43296752531,-38.8622887042625
857.024834047131,-38.8765900140557
857.617109598022,-38.8908481683822
858.209794460654,-38.9050633678784
858.802888917898,-38.9192358118262
859.396393252817,-38.9333656981654
859.99030774867,-38.947453223506
860.584632688913,-38.9614985831393
861.179368357198,-38.9755019710507
861.774515037372,-38.9894635799304
862.370073013477,-39.0033836011852
862.966042569754,-39.01726222495
863.562423990638,-39.0310996400991
864.159217560764,-39.0448960342568
864.756423564959,-39.0586515938088
865.354042288251,-39.0723665039131
865.952074015863,-39.0860409485105
866.550519033216,-39.0996751103354
867.149377625925,-39.1132691709262
867.748650079807,-39.1268233106359
868.348336680875,-39.1403377086421
868.948437715338,-39.1538125429573
869.548953469605,-39.1672479904391
870.149884230281,-39.1806442268
870.75123028417,-39.1940014266173
871.352991918276,-39.2073197633427
871.955169419797,-39.2205994093124
872.557763076134,-39.2338405357558
873.160773174884,-39.2470433128061
873.764200003842,-39.2602079095083
874.368043851005,-39.2733344938295
874.972305004567,-39.2864232326677
875.576983752922,-39.2994742918605
876.182080384662,-39.3124878361947
876.787595188579,-39.3254640294145
877.393528453665,-39.3384030342306
877.999880469112,-39.3513050123289
878.606651524311,-39.364170124379
879.213841908853,-39.3769985300425
879.82145191253,-39.3897903879818
880.429481825334,-39.4025458558681
881.037931937457,-39.4152650903896
881.646802539292,-39.4279482472599
882.256093921432,-39.4405954812259
882.865806374671,-39.4532069460757
883.475940190004,-39.4657827946466
884.086495658629,-39.4783231788328
884.697473071941,-39.4908282495935
885.308872721541,-39.5032981569598
885.920694899229,-39.5157330500432
886.532939897006,-39.5281330770423
887.145608007078,-39.5404983852507
887.758699521849,-39.552829121064
888.372214733928,-39.5651254299877
888.986153936124,-39.5773874566434
889.60051742145,-39.5896153447768
890.215305483121,-39.6018092372644
890.830518414555,-39.6139692761206
891.446156509373,-39.6260956025043
892.062220061397,-39.6381883567261
892.678709364653,-39.6502476782549
893.295624713372,-39.6622737057248
893.912966401986,-39.6742665769413
894.530734725132,-39.6862264288884
895.14892997765,-39.6981533977349
895.767552454583,-39.7100476188405
896.386602451179,-39.7219092267628
897.00608026289,-39.7337383552633
897.625986185372,-39.7455351373135
898.246320514484,-39.7572997051015
898.867083546292,-39.7690321900376
899.488275577065,-39.7807327227609
900.109896903277,-39.792401433145
900.731947821606,-39.8040384503041
901.354428628937,-39.8156439025989
901.977339622359,-39.8272179176422
902.600681099167,-39.838760622305
903.224453356859,-39.8502721427222
903.848656693142,-39.8617526042979
904.473291405927,-39.8732021317115
905.09835779333,-39.8846208489231
905.723856153676,-39.8960088791789
906.349786785492,-39.9073663450166
906.976149987516,-39.9186933682711
907.60294605869,-39.9299900700799
908.23017529816,-39.9412565708876
908.857838005283,-39.9524929904524
909.485934479622,-39.9636994478503
910.114465020944,-39.9748760614808
910.743429929228,-39.9860229490716
911.372829504657,-39.997140227684
912.002664047621,-40.008228013718
912.632933858721,-40.0192864229168
913.263639238761,-40.0303155703721
913.894780488758,-40.0413155705287
914.526357909932,-40.0522865371897
915.158371803715,-40.063228583521
915.790822471745,-40.0741418220559
916.423710215871,-40.0850263647003
917.057035338147,-40.0958823227367
917.69079814084,-40.1067098068296
918.324998926422,-40.1175089270291
918.959637997576,-40.1282797927764
919.594715657193,-40.1390225129074
920.230232208376,-40.1497371956579
920.866187954435,-40.1604239486674
921.502583198889,-40.171082878984
922.139418245469,-40.1817140930681
922.776693398116,-40.1923176967973
923.414408960978,-40.2028937954701
924.052565238416,-40.2134424938106
924.691162535,-40.2239638959722
925.330201155512,-40.2344581055422
925.969681404943,-40.2449252255453
926.609603588495,-40.2553653584484
927.249968011581,-40.2657786061638
927.890774979827,-40.2761650700539
928.532024799068,-40.2865248509346
929.17371777535,-40.2968580490797
929.815854214931,-40.3071647642242
930.458434424283,-40.3174450955687
931.101458710087,-40.3276991417828
931.744927379236,-40.3379270010091
932.388840738837,-40.348128770867
933.033199096208,-40.358304548456
933.678002758879,-40.3684544303599
934.323252034593,-40.37857851265
934.968947231307,-40.388676890889
935.615088657188,-40.3987496601345
936.261676620618,-40.4087969149423
936.908711430192,-40.4188187493705
937.556193394718,-40.4288152569823
938.204122823217,-40.4387865308499
938.852500024924,-40.4487326635577
939.501325309287,-40.4586537472059
940.150598985969,-40.4685498734137
940.800321364847,-40.4784211333226
941.45049275601,-40.4882676176
942.101113469765,-40.4980894164419
942.752183816629,-40.507886619577
943.403704107338,-40.5176593162689
944.055674652839,-40.5274075953202
944.708095764298,-40.5371315450752
945.360967753091,-40.5468312534231
946.014290930812,-40.5565068078011
946.668065609272,-40.5661582951976
947.322292100494,-40.5757858021552
947.976970716719,-40.5853894147736
948.632101770403,-40.5949692187129
949.287685574218,-40.6045252991962
949.943722441051,-40.6140577410129
950.600212684009,-40.6235666285215
951.257156616409,-40.6330520456525
951.91455455179,-40.6425140759113
952.572406803907,-40.6519528023808
953.230713686729,-40.6613683077248
953.889475514444,-40.6707606741904
954.548692601458,-40.6801299836108
955.208365262391,-40.689476317408
955.868493812085,-40.6987997565961
956.529078565595,-40.7081003817833
957.190119838197,-40.7173782731748
957.851617945384,-40.7266335105757
958.513573202865,-40.7358661733937
959.175985926571,-40.7450763406411
959.838856432648,-40.7542640909383
960.502185037462,-40.7634295025157
961.165972057598,-40.7725726532164
961.830217809858,-40.7816936204991
962.494922611265,-40.7907924814403
963.16008677906,-40.7998693127366
963.825710630704,-40.8089241907079
964.491794483876,-40.8179571912991
965.158338656475,-40.8269683900827
965.825343466621,-40.8359578622619
966.492809232653,-40.844925682672
967.160736273129,-40.8538719257835
967.829124906829,-40.8627966657041
968.497975452752,-40.8716999761811
969.167288230118,-40.8805819306041
969.837063558366,-40.8894426020066
970.50730175716,-40.8982820630689
971.178003146379,-40.9071003861201
971.849168046129,-40.9158976431405
972.520796776733,-40.9246739057635
973.192889658736,-40.9334292452784
973.865447012907,-40.9421637326318
974.538469160233,-40.9508774384306
975.211956421927,-40.9595704329436
975.88590911942,-40.9682427861039
976.560327574367,-40.976894567511
977.235212108646,-40.9855258464328
977.910563044358,-40.9941366918077
978.586380703822,-41.002727172247
979.262665409585,-41.0112973560364
979.939417484414,-41.0198473111385
980.616637251301,-41.0283771051949
981.294325033459,-41.0368868055276
981.972481154327,-41.0453764791416
982.651105937565,-41.0538461927267
983.330199707058,-41.0622960126594
984.009762786915,-41.0707260050049
984.689795501467,-41.0791362355191
985.370298175273,-41.0875267696504
986.051271133112,-41.0958976725417
986.73271469999,-41.104249009032
987.414629201138,-41.112580843659
988.097014962009,-41.1208932406602
988.779872308285,-41.129186263975
989.463201565869,-41.1374599772468
990.147003060892,-41.1457144438243
990.831277119709,-41.1539497267639
991.516024068901,-41.162165888831
992.201244235274,-41.1703629925021
992.886937945862,-41.1785410999663
993.573105527922,-41.1867002731273
994.259747308939,-41.1948405736051
994.946863616626,-41.2029620627374
995.634454778917,-41.2110648015817
996.322521123978,-41.2191488509171
997.0110629802,-41.2272142712453
997.7000806762,-41.2352611227931
998.389574540824,-41.2432894655135
999.079544903144,-41.2512993590876
999.769992092458,-41.2592908629261
1000.4609164383,-41.267264036171
1001.15231827041,-41.2752189376973
1001.84419791878,-41.2831556261145
1002.53655571363,-41.291074159768
1003.22939198539,-41.2989745967412
1003.92270706472,-41.3068569948563
1004.61650128252,-41.3147214116766
1005.31077496993,-41.3225679045076
1006.00552845828,-41.3303965303988
1006.70076207917,-41.3382073461449
1007.39647616441,-41.3460004082874
1008.09267104603,-41.3537757731165
1008.7893470563,-41.3615334966719
1009.48650452774,-41.3692736347449
1010.18414379306,-41.3769962428794
1010.88226518522,-41.3847013763736
1011.58086903742,-41.3923890902814
1012.27995568308,-41.4000594394139
1012.97952545585,-41.4077124783406
1013.6795786896,-41.415348261391
1014.38011571845,-41.422966842656
1015.08113687674,-41.4305682759891
1015.78264249905,-41.4381526150079
1016.48463292018,-41.4457199130958
1017.18710847516,-41.4532702234027
1017.89006949928,-41.4608035988469
1018.59351632801,-41.4683200921159
1019.2974492971,-41.4758197556686
1020.00186874252,-41.4833026417356
1020.70677500044,-41.4907688023212
1021.41216840731,-41.4982182892045
1022.11804929979,-41.5056511539407
1022.82441801476,-41.5130674478623
1023.53127488935,-41.5204672220804
1024.23862026093,-41.5278505274862
1024.94645446708,-41.5352174147519
1025.65477784563,-41.5425679343321
1026.36359073463,-41.5499021364652
1027.07289347239,-41.5572200711743
1027.78268639742,-41.5645217882688
1028.4929698485,-41.5718073373451
1029.2037441646,-41.5790767677885
1029.91500968497,-41.5863301287738
1030.62676674905,-41.5935674692666
1031.33901569656,-41.6007888380247
1032.05175686742,-41.6079942835992
1032.76499060181,-41.6151838543355
1033.47871724011,-41.6223575983745
1034.19293712298,-41.629515563654
1034.90765059128,-41.6366577979095
1035.62285798612,-41.6437843486754
1036.33855964885,-41.6508952632863
1037.05475592105,-41.6579905888781
1037.77144714453,-41.6650703723887
1038.48863366134,-41.6721346605597
1039.20631581379,-41.6791834999372
1039.92449394438,-41.6862169368726
1040.64316839588,-41.6932350175242
1041.3623395113,-41.7002377878579
1042.08200763387,-41.7072252936485
1042.80217310705,-41.7141975804805
1043.52283627457,-41.7211546937494
1044.24399748037,-41.7280966786626
1044.96565706864,-41.7350235802404
1045.68781538379,-41.741935443317
1046.4104727705,-41.7488323125419
1047.13362957366,-41.7557142323803
1047.85728613841,-41.7625812471145
1048.58144281012,-41.7694334008449
1049.30609993442,-41.7762707374908
1050.03125785716,-41.7830933007914
1050.75691692443,-41.7899011343072
1051.48307748256,-41.7966942814201
1052.20973987812,-41.8034727853354
1052.93690445793,-41.810236689082
1053.66457156904,-41.8169860355136
1054.39274155874,-41.8237208673096
1055.12141477456,-41.8304412269763
1055.85059156427,-41.8371471568474
1056.58027227588,-41.8438386990852
1057.31045725765,-41.8505158956815
1058.04114685806,-41.8571787884584
1058.77234142586,-41.8638274190694
1059.50404131001,-41.8704618289999
1060.23624685973,-41.8770820595688
1060.96895842448,-41.8836881519287
1061.70217635395,-41.8902801470669
1062.43590099809,-41.8968580858068
1063.17013270708,-41.903422008808
1063.90487183134,-41.9099719565679
1064.64011872155,-41.916507969422
1065.37587372859,-41.923030087545
1066.11213720364,-41.9295383509518
1066.84890949808,-41.9360327994979
1067.58619096355,-41.9425134728806
1068.32398195193,-41.9489804106399
1069.06228281534,-41.9554336521589
1069.80109390614,-41.961873236665
1070.54041557696,-41.9682992032307
1071.28024818063,-41.974711590774
1072.02059207026,-41.98111043806
1072.76144759919,-41.9874957837006
1073.50281512101,-41.9938676661565
1074.24469498954,-42.000226123737
1074.98708755885,-42.0065711946012
1075.72999318327,-42.012902916759
1076.47341221737,-42.0192213280715
1077.21734501594,-42.0255264662518
1077.96179193405,-42.031818368866
1078.70675332699,-42.0380970733338
1079.45222955031,-42.0443626169291
1080.1982209598,-42.0506150367813
1080.94472791149,-42.0568543698753
1081.69175076167,-42.0630806530529
1082.43928986687,-42.069293923013
1083.18734558386,-42.0754942163127
1083.93591826966,-42.0816815693679
1084.68500828155,-42.0878560184541
1085.43461597703,-42.0940175997069
1086.18474171388,-42.1001663491228
1086.93538585009,-42.1063023025603
1087.68654874393,-42.1124254957399
1088.4382307539,-42.1185359642453
1089.19043223876,-42.1246337435239
1089.9431535575,-42.1307188688877
1090.69639506938,-42.1367913755136
1091.45015713388,-42.1428512984446
1092.20444011076,-42.1488986725899
1092.95924436001,-42.154933532726
1093.71457024188,-42.1609559134972
1094.47041811684,-42.1669658494163
1095.22678834565,-42.1729633748653
1095.98368128929,-42.1789485240959
1096.74109730901,-42.1849213312303
1097.49903676629,-42.1908818302619
1098.25750002287,-42.1968300550557
1099.01648744074,-42.2027660393492
1099.77599938214,-42.2086898167528
1100.53603620956,-42.2146014207508
1101.29659828574,-42.2205008847015
1102.05768597367,-42.2263882418382
1102.81929963659,-42.2322635252699
1103.581439638,-42.2381267679814
1104.34410634163,-42.2439780028346
1105.10730011149,-42.2498172625686
1105.87102131181,-42.2556445798004
1106.6352703071,-42.2614599870257
1107.40004746212,-42.2672635166194
1108.16535314185,-42.2730552008359
1108.93118771155,-42.2788350718102
1109.69755153674,-42.2846031615582
1110.46444498317,-42.2903595019772
1111.23186841685,-42.2961041248467
1111.99982220406,-42.3018370618288
1112.7683067113,-42.307558344469
1113.53732230535,-42.3132680041963
1114.30686935323,-42.3189660723246
1115.07694822223,-42.3246525800521
1115.84755927988,-42.3303275584629
1116.61870289395,-42.3359910385272
1117.39037943251,-42.3416430511015
1118.16258926383,-42.3472836269297
1118.93533275647,-42.3529127966434
1119.70861027923,-42.3585305907622
1120.48242220118,-42.3641370396947
1121.25676889162,-42.3697321737388
1122.03165072013,-42.3753160230822
1122.80706805653,-42.3808886178029
1123.58302127091,-42.3864499878698
1124.35951073359,-42.3920001631435
1125.13653681517,-42.3975391733761
1125.9140998865,-42.4030670482125
1126.69220031869,-42.4085838171904
1127.47083848309,-42.4140895097411
1128.25001475132,-42.4195841551898
1129.02972949526,-42.4250677827562
1129.80998308704,-42.4305404215549
1130.59077589904,-42.4360021005962
1131.37210830392,-42.4414528487862
1132.15398067458,-42.4468926949276
1132.93639338417,-42.45232166772
1133.71934680612,-42.4577397957604
1134.50284131411,-42.4631471075438
1135.28687728207,-42.4685436314638
1136.07145508419,-42.4739293958125
1136.85657509493,-42.4793044287816
1137.642237689,-42.4846687584627
1138.42844324136,-42.4900224128476
1139.21519212726,-42.4953654198288
1140.00248472217,-42.5006978072003
1140.79032140184,-42.5060196026575
1141.57870254229,-42.5113308337982
1142.36762851978,-42.5166315281227
1143.15709971084,-42.5219217130343
1143.94711649225,-42.5272014158401
1144.73767924107,-42.5324706637508
1145.5287883346,-42.5377294838818
1146.32044415042,-42.5429779032531
1147.11264706635,-42.5482159487903
1147.90539746048,-42.5534436473246
1148.69869571118,-42.5586610255932
1149.49254219704,-42.56386811024
1150.28693729696,-42.5690649278162
1151.08188139006,-42.5742515047801
1151.87737485576,-42.579427867498
1152.6734180737,-42.5845940422446
1153.47001142381,-42.5897500552033
1154.26715528629,-42.5948959324664
1155.06485004158,-42.6000317000361
1155.86309607039,-42.6051573838245
1156.66189375371,-42.6102730096539
1157.46124347276,-42.6153786032576
1158.26114560905,-42.6204741902799
1159.06160054436,-42.6255597962769
1159.8626086607,-42.6306354467167
1160.66417034037,-42.6357011669796
1161.46628596594,-42.6407569823589
1162.26895592022,-42.6458029180609
1163.0721805863,-42.6508389992058
1163.87596034753,-42.6558652508275
1164.68029558754,-42.6608816978743
1165.48518669019,-42.6658883652094
1166.29063403965,-42.670885277611
1167.09663802032,-42.6758724597729
1167.90319901688,-42.6808499363048
1168.71031741427,-42.6858177317325
1169.51799359772,-42.6907758704987
1170.32622795268,-42.695724376963
1171.13502086491,-42.7006632754023
1171.94437272041,-42.7055925900115
1172.75428390547,-42.7105123449035
1173.56475480662,-42.7154225641096
1174.37578581068,-42.72032327158
1175.18737730472,-42.7252144911844
1175.99952967609,-42.7300962467116
1176.81224331239,-42.7349685618707
1177.62551860153,-42.739831460291
1178.43935593163,-42.7446849655223
1179.25375569112,-42.7495291010356
1180.06871826868,-42.754363890223
1180.88424405327,-42.7591893563986
1181.70033343412,-42.7640055227983
1182.5169868007,-42.7688124125803
1183.33420454279,-42.7736100488259
1184.15198705042,-42.778398454539
1184.97033471387,-42.7831776526473
1185.78924792374,-42.7879476660019
1186.60872707084,-42.7927085173781
1187.4287725463,-42.7974602294757
1188.2493847415,-42.802202824919
1189.07056404807,-42.8069363262576
1189.89231085796,-42.8116607559664
1190.71462556334,-42.8163761364458
1191.53750855668,-42.8210824900225
1192.36096023072,-42.8257798389494
1193.18498097845,-42.8304682054062
1194.00957119317,-42.8351476114995
1194.83473126841,-42.8398180792631
1195.660461598,-42.8444796306587
1196.48676257603,-42.8491322875757
1197.31363459687,-42.8537760718318
1198.14107805516,-42.8584110051733
1198.9690933458,-42.8630371092752
1199.79768086398,-42.8676544057419
1200.62684100515,-42.8722629161072
1201.45657416506,-42.8768626618346
1202.28688073969,-42.8814536643176
1203.11776112533,-42.8860359448803
1203.94921571853,-42.8906095247773
1204.78124491612,-42.8951744251943
1205.61384911519,-42.8997306672481
1206.44702871312,-42.9042782719871
1207.28078410755,-42.9088172603918
1208.11511569642,-42.9133476533744
1208.95002387791,-42.9178694717799
1209.7855090505,-42.9223827363858
1210.62157161295,-42.9268874679027
1211.45821196427,-42.9313836869744
1212.29543050376,-42.9358714141784
1213.13322763101,-42.9403506700259
1213.97160374586,-42.9448214749623
1214.81055924844,-42.9492838493674
1215.65009453916,-42.9537378135557
1216.4902100187,-42.9581833877766
1217.33090608802,-42.9626205922148
1218.17218314835,-42.9670494469904
1219.01404160121,-42.9714699721593
1219.85648184839,-42.9758821877136
1220.69950429195,-42.9802861135815
1221.54310933425,-42.9846817696279
1222.38729737791,-42.9890691756544
1223.23206882582,-42.9934483514
1224.07742408117,-42.9978193165407
1224.92336354743,-43.0021820906904
1225.76988762832,-43.0065366934007
1226.61699672787,-43.0108831441615
1227.46469125037,-43.015221462401
1228.3129716004,-43.0195516674861
1229.16183818281,-43.0238737787227
1230.01129140274,-43.0281878153557
1230.86133166561,-43.0324937965695
1231.7119593771,-43.0367917414882
1232.56317494321,-43.0410816691757
1233.41497877017,-43.0453635986362
1234.26737126454,-43.0496375488143
1235.12035283313,-43.0539035385951
1235.97392388303,-43.0581615868049
1236.82808482163,-43.0624117122107
1237.68283605659,-43.0666539335214
1238.53817799586,-43.0708882693871
1239.39411104765,-43.0751147384001
1240.25063562049,-43.0793333590944
1241.10775212315,-43.0835441499468
1241.96546096472,-43.0877471293763
1242.82376255454,-43.0919423157449
1243.68265730225,-43.0961297273577
1244.54214561779,-43.1003093824628
1245.40222791135,-43.1044812992521
1246.26290459341,-43.108645495861
1247.12417607476,-43.1128019903691
1247.98604276645,-43.1169508008
1248.84850507981,-43.1210919451218
1249.71156342648,-43.1252254412471
1250.57521821835,-43.1293513070336
1251.43946986763,-43.133469560284
1252.3043187868,-43.1375802187461
1253.16976538861,-43.1416833001135
1254.03581008611,-43.1457788220255
1254.90245329264,-43.1498668020672
1255.76969542182,-43.15394725777
1256.63753688755,-43.1580202066118
1257.50597810402,-43.1620856660168
1258.37501948572,-43.1661436533564
1259.24466144741,-43.1701941859489
1260.11490440413,-43.1742372810597
1260.98574877122,-43.1782729559017
1261.85719496432,-43.1823012276358
1262.72924339932,-43.1863221133703
1263.60189449244,-43.1903356301619
1264.47514866016,-43.1943417950156
1265.34900631924,-43.1983406248846
1266.22346788676,-43.2023321366712
1267.09853378007,-43.2063163472263
1267.97420441681,-43.2102932733501
1268.85048021489,-43.2142629317921
1269.72736159255,-43.218225339251
1270.60484896829,-43.2221805123757
1271.48294276089,-43.2261284677647
1272.36164338946,-43.2300692219666
1273.24095127335,-43.2340027914804
1274.12086683224,-43.2379291927556
1275.00139048608,-43.2418484421924
1275.88252265511,-43.2457605561418
1276.76426375986,-43.2496655509059
1277.64661422117,-43.2535634427381
1278.52957446015,-43.2574542478433
1279.41314489821,-43.261337982378
1280.29732595703,-43.2652146624505
1281.18211805863,-43.2690843041213
1282.06752162527,-43.2729469234028
1282.95353707953,-43.2768025362601
1283.84016484427,-43.2806511586108
1284.72740534265,-43.2844928063252
1285.61525899813,-43.2883274952266
1286.50372623444,-43.2921552410915
1287.39280747562,-43.2959760596495
1288.282503146,-43.299789966584
1289.1728136702,-43.3035969775319
1290.06373947314,-43.3073971080839
1290.95528098002,-43.3111903737849
1291.84743861635,-43.3149767901339
1292.74021280792,-43.3187563725844
1293.63360398082,-43.3225291365442
1294.52761256145,-43.3262950973763
1295.42223897648,-43.3300542703981
1296.31748365288,-43.3338066708825
1297.21334701793,-43.3375523140574
1298.10982949919,-43.3412912151062
1299.00693152452,-43.345023389168
1299.90465352208,-43.3487488513375
1300.80299592032,-43.3524676166654
1301.70195914799,-43.3561797001587
1302.60154363413,-43.3598851167804
1303.50174980809,-43.36358388145
1304.40257809951,-43.3672760090438
1305.30402893831,-43.3709615143947
1306.20610275473,-43.3746404122925
1307.10879997931,-43.3783127174841
1308.01212104286,-43.3819784446739
1308.91606637651,-43.3856376085235
1309.82063641169,-43.3892902236522
1310.72583158011,-43.3929363046369
1311.6316523138,-43.3965758660124
1312.53809904507,-43.4002089222719
1313.44517220654,-43.4038354878664
1314.35287223112,-43.4074555772056
1315.26119955204,-43.4110692046575
1316.17015460279,-43.4146763845489
1317.0797378172,-43.4182771311655
1317.98994962938,-43.4218714587518
1318.90079047375,-43.4254593815118
1319.81226078501,-43.4290409136085
1320.72436099818,-43.4326160691644
1321.63709154858,-43.4361848622618
1322.55045287182,-43.4397473069426
1323.46444540381,-43.4433034172086
1324.37906958079,-43.4468532070218
1325.29432583925,-43.4503966903044
1326.21021461604,-43.4539338809387
1327.12673634826,-43.4574647927678
1328.04389147334,-43.4609894395954
1328.96168042902,-43.4645078351859
1329.88010365332,-43.4680199932647
1330.79916158457,-43.4715259275182
1331.71885466141,-43.4750256515943
1332.63918332277,-43.478519179102
1333.56014800791,-43.482006523612
1334.48174915635,-43.4854876986564
1335.40398720797,-43.4889627177294
1336.32686260289,-43.4924315942871
1337.2503757816,-43.4958943417475
1338.17452718483,-43.499350973491
1339.09931725367,-43.5028015028602
1340.02474642949,-43.5062459431604
1340.95081515395,-43.5096843076594
1341.87752386904,-43.5131166095878
1342.80487301705,-43.5165428621392
1343.73286304057,-43.51996307847
1344.6614943825,-43.5233772717001
1345.59076748604,-43.5267854549124
1346.5206827947,-43.5301876411537
1347.45124075231,-43.5335838434338
1348.38244180298,-43.5369740747266
1349.31428639114,-43.5403583479698
1350.24677496154,-43.5437366760651
1351.17990795922,-43.5471090718781
1352.11368582953,-43.5504755482389
1353.04810901813,-43.5538361179418
1353.98317797099,-43.5571907937457
1354.91889313439,-43.560539588374
1355.85525495492,-43.5638825145149
1356.79226387946,-43.5672195848217
1357.72992035522,-43.5705508119124
1358.66822482971,-43.5738762083702
1359.60717775076,-43.5771957867437
1360.54677956649,-43.5805095595468
1361.48703072534,-43.583817539259
1362.42793167607,-43.5871197383251
1363.36948286774,-43.5904161691562
1364.3116847497,-43.5937068441287
1365.25453777166,-43.5969917755855
1366.19804238359,-43.6002709758352
1367.1421990358,-43.6035444571531
1368.08700817891,-43.6068122317803
1369.03247026384,-43.610074311925
1369.97858574183,-43.6133307097616
1370.92535506443,-43.6165814374312
1371.87277868349,-43.619826507042
1372.82085705119,-43.623065930669
1373.76959062003,-43.6262997203543
1374.71897984279,-43.6295278881072
1375.66902517258,-43.6327504459043
1376.61972706284,-43.6359674056896
1377.5710859673,-43.6391787793747
1378.52310234001,-43.6423845788389
1379.47577663534,-43.6455848159291
1380.42910930796,-43.6487795024602
1381.38310081287,-43.6519686502151
1382.33775160538,-43.6551522709448
1383.29306214111,-43.6583303763685
1384.249032876,-43.6615029781738
1385.2056642663,-43.6646700880166
1386.16295676858,-43.6678317175216
1387.12091083972,-43.6709878782818
1388.07952693692,-43.6741385818594
1389.0388055177,-43.6772838397852
1389.99874703989,-43.6804236635591
1390.95935196163,-43.68355806465
1391.92062074139,-43.6866870544962
1392.88255383795,-43.6898106445051
1393.84515171041,-43.6929288460537
1394.80841481819,-43.6960416704885
1395.77234362101,-43.6991491291256
1396.73693857893,-43.7022512332507
1397.70220015232,-43.7053479941197
1398.66812880186,-43.7084394229582
1399.63472498856,-43.7115255309619
1400.60198917375,-43.7146063292966
1401.56992181906,-43.7176818290986
1402.53852338646,-43.7207520414742
1403.50779433822,-43.7238169775006
1404.47773513696,-43.7268766482252
1405.44834624558,-43.7299310646663
1406.41962812733,-43.7329802378128
1407.39158124577,-43.7360241786248
1408.36420606478,-43.7390628980329
1409.33750304856,-43.7420964069392
1410.31147266163,-43.7451247162167
1411.28611536883,-43.7481478367099
1412.26143163533,-43.7511657792345
1413.23742192662,-43.7541785545777
1414.2140867085,-43.7571861734984
1415.1914264471,-43.7601886467269
1416.16944160888,-43.7631859849655
1417.1481326606,-43.7661781988884
1418.12750006936,-43.7691652991415
1419.10754430258,-43.7721472963429
1420.08826582801,-43.775124201083
1421.0696651137,-43.7780960239241
1422.05174262805,-43.7810627754011
1423.03449883977,-43.7840244660213
1424.0179342179,-43.7869811062643
1425.0020492318,-43.7899327065827
1425.98684435114,-43.7928792774015
1426.97232004595,-43.7958208291187
1427.95847678655,-43.7987573721049
1428.94531504361,-43.8016889167041
1429.93283528811,-43.8046154732331
1430.92103799136,-43.8075370519819
1431.90992362499,-43.8104536632137
1432.89949266098,-43.8133653171653
1433.88974557159,-43.8162720240468
1434.88068282946,-43.8191737940417
1435.87230490752,-43.8220706373072
1436.86461227903,-43.8249625639744
1437.8576054176,-43.8278495841478
1438.85128479715,-43.8307317079062
1439.84565089192,-43.8336089453021
1440.84070417649,-43.8364813063622
1441.83644512577,-43.8393488010872
1442.83287421499,-43.8422114394521
1443.82999191972,-43.8450692314063
1444.82779871584,-43.8479221868734
1445.82629507957,-43.8507703157518
1446.82548148747,-43.8536136279142
1447.82535841641,-43.856452133208
1448.82592634359,-43.8592858414555
1449.82718574656,-43.8621147624536
1450.82913710319,-43.8649389059743
1451.83178089166,-43.8677582817644
1452.83511759052,-43.870572899546
1453.83914767861,-43.8733827690162
1454.84387163512,-43.8761878998475
1455.84928993959,-43.8789883016874
1456.85540307185,-43.8817839841592
1457.8622115121,-43.8845749568614
1458.86971574085,-43.8873612293682
1459.87791623895,-43.8901428112293
1460.88681348757,-43.8929197119704
1461.89640796824,-43.8956919410928
1462.90670016279,-43.8984595080736
1463.9176905534,-43.9012224223662
1464.92937962259,-43.9039806933997
1465.94176785321,-43.9067343305795
1466.95485572842,-43.9094833432871
1467.96864373174,-43.9122277408804
1468.98313234702,-43.9149675326935
1469.99832205845,-43.9177027280372
1471.01421335053,-43.9204333361986
1472.03080670812,-43.9231593664413
1473.0481026164,-43.9258808280058
1474.06610156089,-43.9285977301092
1475.08480402745,-43.9313100819454
1476.10421050228,-43.9340178926854
1477.1243214719,-43.9367211714768
1478.14513742317,-43.9394199274446
1479.1666588433,-43.9421141696907
1480.18888621983,-43.9448039072942
1481.21182004062,-43.9474891493117
1482.2354607939,-43.9501699047767
1483.25980896821,-43.9528461827005
1484.28486505243,-43.9555179920718
1485.31062953579,-43.9581853418568
1486.33710290786,-43.9608482409992
1487.36428565854,-43.9635066984206
1488.39217827806,-43.9661607230204
1489.420781257,-43.9688103236756
1490.45009508629,-43.9714555092414
1491.48012025717,-43.9740962885508
1492.51085726125,-43.976732670415
1493.54230659046,-43.9793646636231
1494.57446873708,-43.9819922769426
1495.60734419372,-43.9846155191192
1496.64093345334,-43.987234398877
1497.67523700923,-43.9898489249185
1498.71025535505,-43.9924591059245
1499.74598898475,-43.9950649505546
1500.78243839267,-43.9976664674468
1501.81960407347,-44.0002636652179
1502.85748652215,-44.0028565524635
1503.89608623406,-44.0054451377578
1504.93540370488,-44.0080294296541
1505.97543943066,-44.0106094366846
1507.01619390775,-44.0131851673605
1508.05766763288,-44.015756630172
1509.09986110312,-44.0183238335887
1510.14277481585,-44.0208867860591
1511.18640926884,-44.0234454960112
1512.23076496017,-44.0259999718523
1513.27584238828,-44.0285502219691
1514.32164205194,-44.0310962547277
1515.36816445029,-44.0336380784739
1516.41541008279,-44.0361757015331
1517.46337944926,-44.0387091322102
1518.51207304986,-44.04123837879
1519.56149138509,-44.0437634495371
1520.61163495581,-44.0462843526958
1521.66250426322,-44.0488010964906
1522.71409980885,-44.0513136891256
1523.76642209461,-44.0538221387855
1524.81947162272,-44.0563264536345
1525.87324889578,-44.0588266418175
1526.92775441671,-44.0613227114593
1527.9829886888,-44.0638146706653
1529.03895221567,-44.0663025275209
1530.0956455013,-44.0687862900922
1531.15306905001,-44.0712659664257
1532.21122336648,-44.0737415645485
1533.27010895573,-44.0762130924683
1534.32972632312,-44.0786805581733
1535.39007597439,-44.0811439696326
1536.45115841559,-44.0836033347961
1537.51297415314,-44.0860586615946
1538.57552369382,-44.0885099579395
1539.63880754474,-44.0909572317236
1540.70282621338,-44.0934004908203
1541.76758020755,-44.0958397430843
1542.83307003542,-44.0982749963516
1543.89929620552,-44.1007062584392
1544.96625922672,-44.1031335371453
1546.03395960825,-44.1055568402496
1547.10239785968,-44.107976175513
1548.17157449094,-44.110391550678
1549.24149001232,-44.1128029734685
1550.31214493445,-44.11521045159
1551.38353976832,-44.1176139927295
1552.45567502526,-44.1200136045558
1553.52855121698,-44.1224092947193
1554.60216885551,-44.1248010708522
1555.67652845327,-44.1271889405686
1556.751630523,-44.1295729114645
1557.82747557782,-44.1319529911176
1558.90406413119,-44.1343291870879
1559.98139669694,-44.1367015069173
1561.05947378922,-44.1390699581298
1562.13829592259,-44.1414345482317
1563.21786361191,-44.1437952847113
1564.29817737243,-44.1461521750392
1565.37923771976,-44.1485052266686
1566.46104516983,-44.1508544470347
1567.54360023897,-44.1531998435555
1568.62690344384,-44.1555414236311
1569.71095530147,-44.1578791946444
1570.79575632923,-44.1602131639608
1571.88130704486,-44.1625433389284
1572.96760796646,-44.164869726878
1574.0546596125,-44.167192335123
1575.14246250177,-44.1695111709598
1576.23101715345,-44.1718262416675
1577.32032408707,-44.1741375545082
1578.41038382253,-44.1764451167269
1579.50119688006,-44.1787489355516
1580.59276378028,-44.1810490181935
1581.68508504416,-44.1833453718467
1582.77816119302,-44.1856380036886
1583.87199274856,-44.1879269208798
1584.96658023281,-44.190212130564
1586.0619241682,-44.1924936398686
1587.15802507749,-44.1947714559038
1588.25488348382,-44.1970455857637
1589.35249991067,-44.1993160365257
1590.4508748819,-44.2015828152507
1591.55000892173,-44.203845928983
1592.64990255475,-44.2061053847509
1593.75055630589,-44.2083611895659
1594.85197070045,-44.2106133504236
1595.95414626411,-44.2128618743031
1597.05708352289,-44.2151067681674
1598.1607830032,-44.2173480389634
1599.26524523178,-44.2195856936218
1600.37047073577,-44.2218197390574
1601.47646004265,-44.2240501821688
1602.58321368026,-44.2262770298388
1603.69073217684,-44.2285002889342
1604.79901606095,-44.230719966306
1605.90806586154,-44.2329360687893
1607.01788210794,-44.2351486032036
1608.1284653298,-44.2373575763525
1609.23981605719,-44.2395629950241
1610.3519348205,-44.2417648659906
1611.46482215052,-44.243963196009
1612.57847857839,-44.2461579918205
1613.69290463562,-44.2483492601508
1614.80810085408,-44.2505370077102
1615.92406776603,-44.2527212411938
1617.04080590408,-44.2549019672811
1618.1583158012,-44.2570791926363
1619.27659799076,-44.2592529239086
1620.39565300645,-44.2614231677316
1621.51548138239,-44.2635899307239
1622.63608365301,-44.2657532194892
1623.75746035315,-44.2679130406158
1624.879612018,-44.2700694006771
1626.00253918312,-44.2722223062314
1627.12624238446,-44.2743717638223
1628.25072215831,-44.2765177799781
1629.37597904136,-44.2786603612126
1630.50201357065,-44.2807995140246
1631.62882628359,-44.2829352448981
1632.75641771799,-44.2850675603025
1633.88478841199,-44.2871964666924
1635.01393890414,-44.2893219705079
1636.14386973334,-44.2914440781742
1637.27458143886,-44.2935627961021
1638.40607456037,-44.2956781306881
1639.53834963787,-44.2977900883139
1640.67140721177,-44.2998986753468
1641.80524782284,-44.3020038981399
1642.93987201222,-44.3041057630318
1644.07528032143,-44.3062042763468
1645.21147329236,-44.3082994443949
1646.34845146728,-44.3103912734721
1647.48621538882,-44.3124797698598
1648.62476560002,-44.3145649398257
1649.76410264425,-44.316646789623
1650.90422706529,-44.3187253254912
1652.04513940727,-44.3208005536554
1653.18684021473,-44.322872480327
1654.32933003254,-44.3249411117034
1655.47260940599,-44.327006453968
1656.61667888072,-44.3290685132903
1657.76153900276,-44.3311272958263
1658.90719031851,-44.3331828077179
1660.05363337475,-44.3352350550932
1661.20086871865,-44.3372840440669
1662.34889689773,-44.3393297807398
1663.49771845992,-44.3413722711992
1664.6473339535,-44.3434115215187
1665.79774392715,-44.3454475377584
1666.94894892993,-44.3474803259649
1668.10094951125,-44.3495098921713
1669.25374622094,-44.3515362423974
1670.40733960919,-44.3535593826494
1671.56173022656,-44.3555793189203
1672.71691862401,-44.3575960571897
1673.87290535287,-44.3596096034238
1675.02969096485,-44.3616199635759
1676.18727601205,-44.3636271435858
1677.34566104695,-44.3656311493802
1678.5048466224,-44.3676319868727
1679.66483329164,-44.3696296619639
1680.8256216083,-44.3716241805411
1681.98721212638,-44.3736155484788
1683.14960540027,-44.3756037716384
1684.31280198474,-44.3775888558683
1685.47680243495,-44.3795708070043
1686.64160730642,-44.381549630869
1687.8072171551,-44.3835253332723
1688.97363253727,-44.3854979200112
1690.14085400964,-44.3874673968701
1691.30888212927,-44.3894337696205
1692.47771745363,-44.3913970440213
1693.64736054056,-44.3933572258188
1694.8178119483,-44.3953143207466
1695.98907223546,-44.3972683345257
1697.16114196105,-44.3992192728646
1698.33402168445,-44.4011671414592
1699.50771196544,-44.403111945993
1700.68221336419,-44.4050536921371
1701.85752644123,-44.4069923855501
1703.03365175752,-44.4089280318782
1704.21058987437,-44.4108606367554
1705.3883413535,-44.4127902058032
1706.56690675701,-44.414716744631
1707.74628664739,-44.4166402588358
1708.92648158752,-44.4185607540026
1710.10749214066,-44.4204782357041
1711.28931887047,-44.4223927095009
1712.471962341,-44.4243041809414
1713.65542311668,-44.4262126555621
1714.83970176234,-44.4281181388874
1716.0247988432,-44.4300206364295
1717.21071492485,-44.4319201536891
1718.39745057331,-44.4338166961544
1719.58500635496,-44.4357102693021
1720.77338283657,-44.437600878597
1721.96258058533,-44.4394885294918
1723.15260016879,-44.4413732274276
1724.34344215491,-44.4432549778338
1725.53510711204,-44.4451337861279
1726.72759560893,-44.4470096577157
1727.9209082147,-44.4488825979915
1729.11504549888,-44.4507526123378
1730.3100080314,-44.4526197061254
1731.50579638257,-44.4544838847139
1732.70241112311,-44.4563451534509
1733.8998528241,-44.4582035176728
1735.09812205706,-44.4600589827043
1736.29721939388,-44.461911553859
1737.49714540683,-44.4637612364386
1738.69790066862,-44.4656080357339
1739.89948575232,-44.4674519570239
1741.10190123141,-44.4692930055765
1742.30514767975,-44.4711311866484
1743.50922567162,-44.4729665054849
1744.71413578168,-44.47479896732
1745.919878585,-44.4766285773766
1747.12645465703,-44.4784553408666
1748.33386457364,-44.4802792629904
1749.54210891107,-44.4821003489375
1750.75118824599,-44.4839186038863
1751.96110315545,-44.4857340330041
1753.1718542169,-44.4875466414474
1754.38344200819,-44.4893564343613
1755.59586710757,-44.4911634168804
1756.80913009368,-44.4929675941279
1758.02323154559,-44.4947689712166
1759.23817204273,-44.4965675532479
1760.45395216496,-44.4983633453129
1761.67057249254,-44.5001563524915
1762.8880336061,-44.5019465798529
1764.10633608671,-44.5037340324556
1765.32548051581,-44.5055187153474
1766.54546747528,-44.5073006335654
1767.76629754735,-44.509079792136
1768.98797131471,-44.5108561960748
1770.2104893604,-44.5126298503872
1771.43385226789,-44.5144007600677
1772.65806062107,-44.5161689301002
1773.88311500419,-44.5179343654584
1775.10901600194,-44.5196970711052
1776.3357641994,-44.5214570519931
1777.56336018205,-44.5232143130643
1778.79180453578,-44.5249688592504
1780.02109784689,-44.5267206954729
1781.25124070208,-44.5284698266425
1782.48223368846,-44.5302162576601
1783.71407739353,-44.5319599934159
1784.94677240521,-44.5337010387899
1786.18031931183,-44.535439398652
1787.41471870212,-44.5371750778618
1788.64997116521,-44.5389080812688
1789.88607729066,-44.5406384137121
1791.1230376684,-44.5423660800209
1792.3608528888,-44.5440910850142
1793.59952354263,-44.545813433501
1794.83905022107,-44.5475331302801
1796.07943351569,-44.5492501801404
1797.3206740185,-44.5509645878607
1798.56277232188,-44.5526763582099
1799.80572901867,-44.554385495947
1801.04954470206,-44.5560920058209
1802.29421996571,-44.5577958925708
1803.53975540365,-44.5594971609259
1804.78615161032,-44.5611958156057
1806.0334091806,-44.5628918613197
1807.28152870976,-44.5645853027678
1808.53051079349,-44.5662761446399
1809.78035602787,-44.5679643916165
1811.03106500942,-44.569650048368
1812.28263833507,-44.5713331195554
1813.53507660214,-44.57301360983
1814.78838040838,-44.5746915238333
1816.04255035195,-44.5763668661973
1817.29758703142,-44.5780396415445
1818.55349104579,-44.5797098544878
1819.81026299444,-44.5813775096304
1821.06790347721,-44.5830426115661
1822.3264130943,-44.5847051648794
1823.58579244638,-44.586365174145
1824.8460421345,-44.5880226439285
1826.10716276013,-44.5896775787858
1827.36915492517,-44.5913299832636
1828.63201923191,-44.5929798618991
1829.89575628309,-44.5946272192204
1831.16036668185,-44.5962720597461
1832.42585103172,-44.5979143879855
1833.69220993671,-44.5995542084387
1834.95944400118,-44.6011915255966
1836.22755382995,-44.6028263439408
1837.49654002825,-44.6044586679438
1838.76640320172,-44.6060885020689
1840.03714395642,-44.6077158507701
1841.30876289883,-44.6093407184926
1842.58126063587,-44.6109631096722
1843.85463777483,-44.6125830287358
1845.12889492348,-44.6142004801013
1846.40403268996,-44.6158154681774
1847.68005168285,-44.6174279973639
1848.95695251117,-44.6190380720517
1850.23473578432,-44.6206456966226
1851.51340211215,-44.6222508754495
1852.79295210493,-44.6238536128964
1854.07338637334,-44.6254539133186
1855.35470552849,-44.6270517810623
1856.63691018192,-44.6286472204649
1857.92000094556,-44.6302402358551
1859.20397843181,-44.6318308315527
1860.48884325345,-44.6334190118687
1861.77459602372,-44.6350047811056
1863.06123735625,-44.6365881435569
1864.34876786513,-44.6381691035075
1865.63718816483,-44.6397476652336
1866.92649887029,-44.6413238330028
1868.21670059685,-44.642897611074
1869.50779396028,-44.6444690036975
1870.79977957676,-44.6460380151151
1872.09265806293,-44.6476046495599
1873.38643003584,-44.6491689112566
1874.68109611295,-44.6507308044212
1875.97665691216,-44.6522903332613
1877.27311305181,-44.6538475019761
1878.57046515064,-44.6554023147561
1879.86871382784,-44.6569547757836
1881.16785970303,-44.6585048892324
1882.46790339623,-44.6600526592679
1883.76884552792,-44.6615980900471
1885.070686719,-44.6631411857188
1886.37342759078,-44.6646819504232
1887.67706876502,-44.6662203882925
1888.98161086391,-44.6677565034503
1890.28705451005,-44.6692903000122
1891.5934003265,-44.6708217820854
1892.90064893673,-44.672350953769
1894.20880096464,-44.6738778191538
1895.51785703457,-44.6754023823224
1896.8278177713,-44.6769246473493
1898.13868380001,-44.6784446183008
1899.45045574634,-44.6799622992353
1900.76313423636,-44.6814776942027
1902.07671989656,-44.6829908072452
1903.39121335388,-44.6845016423967
1904.70661523567,-44.6860102036832
1906.02292616974,-44.6875164951226
1907.34014678431,-44.6890205207249
1908.65827770805,-44.690522284492
1909.97731957006,-44.6920217904179
1911.29727299988,-44.6935190424888
1912.61813862746,-44.6950140446827
1913.93991708323,-44.6965068009699
1915.26260899801,-44.6979973153129
1916.58621500308,-44.699485591666
1917.91073573017,-44.7009716339761
1919.23617181141,-44.7024554461821
1920.56252387938,-44.7039370322148
1921.88979256713,-44.7054163959978
1923.2179785081,-44.7068935414465
1924.54708233619,-44.7083684724688
1925.87710468575,-44.7098411929647
1927.20804619153,-44.7113117068265
1928.53990748877,-44.7127800179392
1929.87268921311,-44.7142461301795
1931.20639200064,-44.7157100474171
1932.54101648789,-44.7171717735137
1933.87656331185,-44.7186313123233
1935.2130331099,-44.7200886676928
1936.55042651992,-44.721543843461
1937.88874418019,-44.7229968434595
1939.22798672944,-44.7244476715122
1940.56815480686,-44.7258963314357
1941.90924905205,-44.7273428270387
1943.25127010508,-44.7287871621229
1944.59421860645,-44.7302293404823
1945.9380951971,-44.7316693659035
1947.28290051842,-44.7331072421657
1948.62863521224,-44.7345429730406
1949.97529992084,-44.7359765622928
1951.32289528693,-44.7374080136791
1952.67142195367,-44.7388373309495
1954.02088056467,-44.7402645178462
1955.37127176398,-44.7416895781043
1956.72259619609,-44.7431125154517
1958.07485450596,-44.7445333336089
1959.42804733896,-44.7459520362892
1960.78217534093,-44.7473686271985
1962.13723915815,-44.7487831100358
1963.49323943735,-44.7501954884926
1964.85017682569,-44.7516057662535
1966.2080519708,-44.7530139469957
1967.56686552075,-44.7544200343894
1968.92661812405,-44.7558240320976
1970.28731042967,-44.7572259437762
1971.64894308702,-44.758625773074
1973.01151674596,-44.7600235236329
1974.3750320568,-44.7614191990875
1975.7394896703,-44.7628128030654
1977.10489023767,-44.7642043391873
1978.47123441058,-44.7655938110668
1979.83852284112,-44.7669812223106
1981.20675618186,-44.7683665765184
1982.57593508582,-44.7697498772828
1983.94606020645,-44.7711311281898
1985.31713219768,-44.772510332818
1986.68915171386,-44.7738874947396
1988.06211940982,-44.7752626175195
1989.43603594082,-44.7766357047161
1990.81090196259,-44.7780067598807
1992.18671813131,-44.7793757865578
1993.56348510362,-44.7807427882851
1994.94120353658,-44.7821077685936
1996.31987408775,-44.7834707310073
1997.69949741511,-44.7848316790438
1999.08007417711,-44.7861906162134
2000.46160503266,-44.7875475460203
2001.84409064111,-44.7889024719615
2003.22753166228,-44.7902553975274
2004.61192875643,-44.7916063262019
2005.9972825843,-44.7929552614621
2007.38359380706,-44.7943022067784
2008.77086308636,-44.7956471656147
2010.1590910843,-44.7969901414281
2011.54827846341,-44.7983311376693
2012.93842588673,-44.7996701577822
2014.32953401772,-44.8010072052044
2015.7216035203,-44.8023422833666
2017.11463505887,-44.8036753956932
2018.50862929828,-44.8050065456021
2019.90358690382,-44.8063357365045
2021.29950854127,-44.8076629718054
2022.69639487686,-44.8089882549029
2024.09424657726,-44.810311589189
2025.49306430963,-44.8116329780492
2026.89284874157,-44.8129524248623
2028.29360054116,-44.8142699330012
2029.69532037692,-44.8155855058318
2031.09800891786,-44.8168991467141
2032.50166683342,-44.8182108590014
2033.90629479353,-44.8195206460409
2035.31189346857,-44.8208285111733
2036.71846352937,-44.8221344577331
2038.12600564726,-44.8234384890483
2039.53452049399,-44.8247406084408
2040.94400874182,-44.8260408192262
2042.35447106344,-44.8273391247137
2043.76590813201,-44.8286355282065
2045.17832062117,-44.8299300330012
2046.59170920502,-44.8312226423886
2048.00607455811,-44.832513359653
2049.42141735548,-44.8338021880726
2050.83773827262,-44.8350891309196
2052.2550379855,-44.8363741914597
2053.67331717054,-44.8376573729527
2055.09257650464,-44.8389386786522
2056.51281666516,-44.8402181118058
2057.93403832994,-44.8414956756548
2059.35624217728,-44.8427713734347
2060.77942888595,-44.8440452083745
2062.20359913519,-44.8453171836976
2063.6287536047,-44.846587302621
2065.05489297467,-44.847855568356
2066.48201792574,-44.8491219841077
2067.91012913903,-44.8503865530751
2069.33922729613,-44.8516492784515
2070.7693130791,-44.852910163424
2072.20038717048,-44.8541692111738
2073.63245025326,-44.8554264248763
2075.06550301093,-44.8566818077007
2076.49954612742,-44.8579353628106
2077.93458028716,-44.8591870933635
2079.37060617505,-44.8604370025111
2080.80762447645,-44.8616850933991
2082.2456358772,-44.8629313691676
2083.68464106361,-44.8641758329505
2085.12464072247,-44.8654184878763
2086.56563554106,-44.8666593370673
2088.00762620709,-44.8678983836402
2089.4506134088,-44.8691356307059
2090.89459783487,-44.8703710813695
2092.33958017445,-44.8716047387304
2093.78556111721,-44.8728366058821
2095.23254135324,-44.8740666859125
2096.68052157315,-44.8752949819038
2098.12950246801,-44.8765214969325
2099.57948472937,-44.8777462340691
2101.03046904926,-44.878969196379
2102.48245612018,-44.8801903869214
2103.93544663512,-44.8814098087501
2105.38944128753,-44.8826274649133
2106.84444077138,-44.8838433584534
2108.30044578106,-44.8850574924074
2109.75745701149,-44.8862698698065
2111.21547515806,-44.8874804936764
2112.67450091661,-44.8886893670374
2114.13453498351,-44.8898964929039
2115.59557805556,-44.891101874285
2117.05763083009,-44.8923055141842
2118.52069400487,-44.8935074155995
2119.98476827817,-44.8947075815233
2121.44985434876,-44.8959060149427
2122.91595291587,-44.8971027188391
2124.38306467921,-44.8982976961885
2125.85119033899,-44.8994909499617
2127.3203305959,-44.9006824831236
2128.79048615111,-44.901872298634
2130.26165770627,-44.9030603994472
2131.73384596352,-44.9042467885121
2133.20705162549,-44.9054314687722
2134.6812753953,-44.9066144431655
2136.15651797653,-44.907795714625
2137.63278007327,-44.9089752860778
2139.1100623901,-44.9101531604461
2140.58836563207,-44.9113293406467
2142.06769050471,-44.9125038295909
2143.54803771408,-44.9136766301849
2145.02940796668,-44.9148477453294
2146.51180196952,-44.9160171779201
2147.99522043011,-44.9171849308471
2149.47966405641,-44.9183510069955
2150.96513355692,-44.9195154092451
2152.4516296406,-44.9206781404704
2153.93915301689,-44.9218392035407
2155.42770439575,-44.9229986013202
2156.91728448761,-44.9241563366677
2158.4078940034,-44.9253124124371
2159.89953365453,-44.9264668314769
2161.39220415291,-44.9276195966306
2162.88590621094,-44.9287707107363
2164.38064054153,-44.9299201766272
2165.87640785805,-44.9310679971314
2167.37320887438,-44.9322141750717
2168.8710443049,-44.933358713266
2170.36991486447,-44.934501614527
2171.86982126846,-44.9356428816623
2173.37076423271,-44.9367825174745
2174.87274447358,-44.9379205247612
2176.37576270792,-44.9390569063148
2177.87981965305,-44.9401916649228
2179.38491602683,-44.9413248033676
2180.89105254757,-44.9424563244267
2182.39822993411,-44.9435862308725
2183.90644890577,-44.9447145254726
2185.41571018238,-44.9458412109893
2186.92601448425,-44.9469662901803
2188.43736253221,-44.9480897657982
2189.94975504756,-44.9492116405905
2191.46319275212,-44.9503319173
2192.9776763682,-44.9514505986646
2194.49320661863,-44.9525676874171
2196.0097842267,-44.9536831862856
2197.52740991622,-44.9547970979932
2199.04608441152,-44.9559094252582
2200.5658084374,-44.957020170794
2202.08658271918,-44.9581293373092
2203.60840798267,-44.9592369275075
2205.13128495418,-44.9603429440879
2206.65521436053,-44.9614473897444
2208.18019692905,-44.9625502671663
2209.70623338756,-44.9636515790382
2211.23332446438,-44.9647513280397
2212.76147088834,-44.9658495168459
2214.29067338877,-44.9669461481269
2215.82093269552,-44.9680412245482
2217.35224953892,-44.9691347487705
2218.88462464981,-44.9702267234498
2220.41805875956,-44.9713171512374
2221.95255260001,-44.9724060347798
2223.48810690353,-44.9734933767189
2225.02472240298,-44.974579179692
2226.56239983175,-44.9756634463316
2228.1011399237,-44.9767461792654
2229.64094341324,-44.9778273811168
2231.18181103526,-44.9789070545042
2232.72374352516,-44.9799852020418
2234.26674161885,-44.9810618263387
2235.81080605276,-44.9821369299996
2237.35593756381,-44.9832105156248
2238.90213688945,-44.9842825858097
2240.44940476762,-44.9853531431454
2241.99774193678,-44.9864221902181
2243.54714913591,-44.9874897296097
2245.09762710447,-44.9885557638975
2246.64917658247,-44.9896202956542
2248.2017983104,-44.9906833274481
2249.75549302928,-44.9917448618429
2251.31026148063,-44.9928049013978
2252.8661044065,-44.9938634486674
2254.42302254943,-44.9949205062021
2255.98101665249,-44.9959760765475
2257.54008745925,-44.997030162245
2259.10023571381,-44.9980827658313
2260.66146216078,-44.9991338898389
2262.22376754528,-45.0001835367957
2263.78715261294,-45.0012317092253
2265.3516181099,-45.0022784096467
2266.91716478285,-45.0033236405747
2268.48379337896,-45.0043674045196
2270.05150464593,-45.0054097039872
2271.62029933198,-45.0064505414793
2273.19017818584,-45.0074899194929
2274.76114195675,-45.0085278405209
2276.3331913945,-45.0095643070518
2277.90632724935,-45.0105993215697
2279.48055027213,-45.0116328865546
2281.05586121415,-45.0126650044818
2282.63226082725,-45.0136956778226
2284.2097498638,-45.0147249090439
2285.78832907668,-45.0157527006084
2287.3679992193,-45.0167790549744
2288.94876104557,-45.0178039745959
2290.53061530994,-45.0188274619229
2292.11356276737,-45.0198495194008
2293.69760417336,-45.0208701494711
2295.28274028391,-45.0218893545708
2296.86897185556,-45.0229071371327
2298.45629964536,-45.0239234995857
2300.04472441088,-45.0249384443541
2301.63424691023,-45.0259519738583
2303.22486790204,-45.0269640905143
2304.81658814545,-45.0279747967341
2306.40940840015,-45.0289840949254
2308.00332942632,-45.0299919874919
2309.59835198469,-45.030998476833
2311.19447683652,-45.0320035653441
2312.79170474358,-45.0330072554163
2314.39003646817,-45.0340095494368
2315.98947277313,-45.0350104497885
2317.59001442181,-45.0360099588503
2319.19166217809,-45.037008078997
2320.79441680639,-45.0380048125993
2322.39827907165,-45.0390001620239
2324.00324973933,-45.0399941296333
2325.60932957545,-45.040986717786
2327.21651934651,-45.0419779288366
2328.82481981959,-45.0429677651354
2330.43423176226,-45.043956229029
2332.04475594266,-45.0449433228596
2333.65639312942,-45.0459290489657
2335.26914409172,-45.0469134096816
2336.88300959929,-45.0478964073378
2338.49799042235,-45.0488780442607
2340.11408733169,-45.0498583227728
2341.73130109862,-45.0508372451924
2343.34963249498,-45.0518148138342
2344.96908229314,-45.0527910310088
2346.58965126601,-45.0537658990227
2348.21134018703,-45.0547394201786
2349.83414983019,-45.0557115967754
2351.45808096999,-45.056682431108
2353.08313438148,-45.0576519254673
2354.70931084025,-45.0586200821404
2356.33661112241,-45.0595869034105
2357.96503600462,-45.0605523915569
2359.59458626408,-45.0615165488551
2361.2252626785,-45.0624793775766
2362.85706602616,-45.0634408799892
2364.48999708587,-45.0644010583569
2366.12405663696,-45.0653599149396
2367.75924545932,-45.0663174519936
2369.39556433337,-45.0672736717713
2371.03301404007,-45.0682285765213
2372.67159536092,-45.0691821684884
2374.31130907795,-45.0701344499137
2375.95215597375,-45.0710854230344
2377.59413683143,-45.0720350900839
2379.23725243467,-45.0729834532919
2380.88150356766,-45.0739305148843
2382.52689101516,-45.0748762770834
2384.17341556244,-45.0758207421075
2385.82107799533,-45.0767639121713
2387.46987910023,-45.0777057894859
2389.11981966403,-45.0786463762585
2390.7709004742,-45.0795856746926
2392.42312231874,-45.080523686988
2394.07648598621,-45.081460415341
2395.7309922657,-45.082395861944
2397.38664194685,-45.0833300289857
2399.04343581985,-45.0842629186514
2400.70137467543,-45.0851945331224
2402.36045930486,-45.0861248745766
2404.02069049997,-45.087053945188
2405.68206905314,-45.0879817471274
2407.34459575728,-45.0889082825614
2409.00827140586,-45.0898335536535
2410.6730967929,-45.0907575625632
2412.33907271297,-45.0916803114466
2414.00619996117,-45.0926018024562
2415.67447933317,-45.0935220377409
2417.34391162519,-45.0944410194458
2419.01449763399,-45.0953587497128
2420.68623815687,-45.0962752306799
2422.35913399172,-45.0971904644819
2424.03318593694,-45.0981044532496
2425.7083947915,-45.0990171991106
2427.38476135493,-45.0999287041888
2429.0622864273,-45.1008389706047
2430.74097080923,-45.1017480004752
2432.4208153019,-45.1026557959136
2434.10182070705,-45.10356235903
2435.78398782696,-45.1044676919306
2437.46731746448,-45.1053717967183
2439.151810423,-45.1062746754927
2440.83746750647,-45.1071763303497
2442.5242895194,-45.1080767633816
2444.21227726686,-45.1089759766777
2445.90143155446,-45.1098739723234
2447.59175318838,-45.1107707524008
2449.28324297536,-45.1116663189888
2450.97590172267,-45.1125606741625
2452.66973023819,-45.1134538199937
2454.3647293303,-45.114345758551
2456.06089980798,-45.1152364918994
2457.75824248076,-45.1161260221004
2459.4567581587,-45.1170143512123
2461.15644765247,-45.1179014812899
2462.85731177327,-45.1187874143849
2464.55935133285,-45.1196721525451
2466.26256714355,-45.1205556978154
2467.96696001826,-45.1214380522372
2469.67253077042,-45.1223192178485
2471.37928021404,-45.123199196684
2473.0872091637,-45.1240779907751
2474.79631843454,-45.1249556021498
2476.50660884225,-45.1258320328328
2478.2180812031,-45.1267072848455
2479.93073633392,-45.1275813602061
2481.6445750521,-45.1284542609294
2483.3595981756,-45.1293259890268
2485.07580652294,-45.1301965465067
2486.79320091321,-45.1310659353739
2488.51178216606,-45.1319341576301
2490.23155110171,-45.1328012152739
2491.95250854096,-45.1336671103003
2493.67465530515,-45.1345318447013
2495.39799221622,-45.1353954204656
2497.12252009664,-45.1362578395786
2498.84823976949,-45.1371191040225
2500.57515205838,-45.1379792157764
2502.30325778751,-45.1388381768161
2504.03255778166,-45.1396959891141
2505.76305286615,-45.1405526546398
2507.4947438669,-45.1414081753594
2509.22763161038,-45.142262553236
2510.96171692364,-45.1431157902293
2512.6970006343,-45.143967888296
2514.43348357056,-45.1448188493897
2516.17116656118,-45.1456686754606
2517.91005043549,-45.146517368456
2519.65013602341,-45.1473649303199
2521.39142415542,-45.1482113629932
2523.13391566257,-45.1490566684136
2524.87761137652,-45.1499008485159
2526.62251212945,-45.1507439052316
2528.36861875415,-45.151585840489
2530.11593208398,-45.1524266562136
2531.86445295287,-45.1532663543275
2533.61418219534,-45.1541049367499
2535.36512064646,-45.1549424053968
2537.11726914191,-45.1557787621812
2538.87062851793,-45.156614009013
2540.62519961133,-45.157448147799
2542.38098325951,-45.158281180443
2544.13798030045,-45.1591131088458
2545.89619157271,-45.1599439349051
2547.65561791541,-45.1607736605154
2549.41626016827,-45.1616022875684
2551.1781191716,-45.1624298179527
2552.94119576626,-45.1632562535539
2554.70549079371,-45.1640815962545
2556.471005096,-45.1649058479341
2558.23773951573,-45.1657290104692
2560.00569489612,-45.1665510857335
2561.77487208095,-45.1673720755974
2563.54527191458,-45.1681919819287
2565.31689524198,-45.1690108065918
2567.08974290867,-45.1698285514486
2568.86381576078,-45.1706452183576
2570.63911464501,-45.1714608091747
2572.41564040865,-45.1722753257526
2574.19339389959,-45.1730887699412
2575.97237596627,-45.1739011435873
2577.75258745775,-45.1747124485351
2579.53402922366,-45.1755226866256
2581.31670211422,-45.1763318596968
2583.10060698026,-45.1771399695842
2584.88574467315,-45.1779470181199
2586.6721160449,-45.1787530071335
2588.45972194806,-45.1795579384515
2590.24856323582,-45.1803618138976
2592.03864076191,-45.1811646352925
2593.82995538069,-45.1819664044541
2595.62250794709,-45.1827671231976
2597.41629931663,-45.183566793335
2599.21133034543,-45.1843654166758
2601.00760189021,-45.1851629950264
2602.80511480824,-45.1859595301904
2604.60386995744,-45.1867550239686
2606.40386819629,-45.1875494781591
2608.20511038385,-45.1883428945569
2610.00759737982,-45.1891352749544
2611.81133004444,-45.1899266211411
2613.61630923859,-45.1907169349037
2615.42253582372,-45.1915062180262
2617.23001066188,-45.1922944722895
2619.03873461571,-45.1930816994722
2620.84870854846,-45.1938679013496
2622.65993332397,-45.1946530796947
2624.47240980668,-45.1954372362773
2626.28613886162,-45.1962203728647
2628.10112135442,-45.1970024912213
2629.91735815131,-45.197783593109
2631.73485011912,-45.1985636802867
2633.55359812528,-45.1993427545105
2635.37360303781,-45.2001208175341
2637.19486572535,-45.200897871108
2639.01738705711,-45.2016739169806
2640.84116790293,-45.2024489568969
2642.66620913324,-45.2032229925996
2644.49251161907,-45.2039960258287
2646.32007623204,-45.2047680583214
2648.1489038444,-45.2055390918121
2649.97899532898,-45.2063091280326
2651.81035155922,-45.2070781687122
2653.64297340918,-45.2078462155773
2655.47686175348,-45.2086132703516
2657.3120174674,-45.2093793347562
2659.14844142679,-45.2101444105097
2660.9861345081,-45.2109084993278
2662.82509758842,-45.2116716029237
2664.66533154541,-45.2124337230079
2666.50683725736,-45.2131948612883
2668.34961560316,-45.21395501947
2670.19366746229,-45.2147141992558
2672.03899371487,-45.2154724023455
2673.88559524161,-45.2162296304367
2675.73347292382,-45.2169858852239
2677.58262764344,-45.2177411683995
2679.43306028301,-45.2184954816528
2681.28477172568,-45.219248826671
2683.1377628552,-45.2200012051384
2684.99203455594,-45.2207526187367
2686.84758771289,-45.2215030691452
2688.70442321165,-45.2222525580406
2690.5625419384,-45.2230010870968
2692.42194477998,-45.2237486579855
2694.28263262382,-45.2244952723755
2696.14460635794,-45.2252409319333
2698.00786687103,-45.2259856383227
2699.87241505233,-45.2267293932051
2701.73825179175,-45.2274721982393
2703.60537797978,-45.2282140550815
2705.47379450754,-45.2289549653854
2707.34350226676,-45.2296949308022
2709.21450214979,-45.2304339529808
2711.08679504959,-45.2311720335672
2712.96038185975,-45.2319091742052
2714.83526347446,-45.2326453765359
2716.71144078855,-45.2333806421981
2718.58891469745,-45.234114972828
2720.46768609722,-45.2348483700593
2722.34775588452,-45.2355808355233
2724.22912495666,-45.2363123708487
2726.11179421155,-45.237042977662
2727.99576454772,-45.237772657587
2729.88103686433,-45.238501412245
2731.76761206115,-45.239229243255
2733.65549103858,-45.2399561522337
2735.54467469765,-45.2406821407949
2737.43516394,-45.2414072105505
2739.3269596679,-45.2421313631095
2741.22006278422,-45.2428546000788
2743.1144741925,-45.2435769230628
2745.01019479687,-45.2442983336633
2746.90722550209,-45.2450188334801
2748.80556721355,-45.2457384241101
2750.70522083727,-45.2464571071481
2752.60618727988,-45.2471748841866
2754.50846744865,-45.2478917568154
2756.41206225148,-45.2486077266222
2758.31697259689,-45.2493227951921
2760.22319939403,-45.2500369641079
2762.13074355268,-45.2507502349502
2764.03960598324,-45.251462609297
2765.94978759675,-45.2521740887241
2767.86128930487,-45.2528846748048
2769.7741120199,-45.2535943691101
2771.68825665477,-45.2543031732089
2773.60372412302,-45.2550110886673
2775.52051533886,-45.2557181170495
2777.4386312171,-45.2564242599172
2779.35807267319,-45.2571295188296
2781.27884062321,-45.2578338953439
2783.20093598389,-45.2585373910147
2785.12435967258,-45.2592400073945
2787.04911260726,-45.2599417460335
2788.97519570654,-45.2606426084794
2790.9026098897,-45.2613425962778
2792.8313560766,-45.2620417109719
2794.76143518779,-45.2627399541026
2796.69284814442,-45.2634373272086
2798.62559586829,-45.2641338318264
2800.55967928184,-45.26482946949
2802.49509930814,-45.2655242417313
2804.43185687089,-45.26621815008
2806.36995289446,-45.2669111960632
2808.30938830382,-45.2676033812062
2810.2501640246,-45.2682947070318
2812.19228098308,-45.2689851750605
2814.13574010615,-45.2696747868108
2816.08054232137,-45.2703635437988
2818.02668855692,-45.2710514475384
2819.97417974163,-45.2717384995412
2821.92301680499,-45.2724247013167
2823.87320067709,-45.2731100543722
2825.82473228869,-45.2737945602127
2827.77761257121,-45.274478220341
2829.73184245667,-45.2751610362578
2831.68742287778,-45.2758430094616
2833.64435476785,-45.2765241414485
2835.60263906088,-45.2772044337126
2837.56227669148,-45.2778838877458
2839.52326859492,-45.2785625050379
2841.48561570711,-45.2792402870763
2843.44931896463,-45.2799172353464
2845.41437930467,-45.2805933513314
2847.3807976651,-45.2812686365123
2849.34857498442,-45.2819430923682
2851.31771220178,-45.2826167203755
2853.288210257,-45.2832895220091
2855.26007009051,-45.2839614987413
2857.23329264342,-45.2846326520424
2859.20787885748,-45.2853029833807
2861.18382967511,-45.2859724942222
2863.16114603935,-45.2866411860308
2865.1398288939,-45.2873090602683
2867.11987918314,-45.2879761183945
2869.10129785206,-45.288642361867
2871.08408584634,-45.2893077921412
2873.06824411228,-45.2899724106705
2875.05377359688,-45.2906362189063
2877.04067524774,-45.2912992182977
2879.02895001315,-45.2919614102919
2881.01859884204,-45.2926227963339
2883.00962268402,-45.2932833778665
2885.00202248933,-45.2939431563309
2886.99579920886,-45.2946021331656
2888.9909537942,-45.2952603098076
2890.98748719755,-45.2959176876914
2892.98540037179,-45.2965742682498
2894.98469427047,-45.2972300529132
2896.98536984777,-45.2978850431103
2898.98742805855,-45.2985392402675
2900.99086985833,-45.2991926458092
2902.99569620328,-45.2998452611579
2905.00190805023,-45.3004970877339
2907.00950635669,-45.3011481269556
2909.01849208082,-45.3017983802394
2911.02886618143,-45.3024478489996
2913.040629618,-45.3030965346484
2915.0537833507,-45.3037444385962
2917.06832834032,-45.3043915622512
2919.08426554834,-45.3050379070198
2921.10159593689,-45.3056834743062
2923.1203204688,-45.3063282655127
2925.14044010751,-45.3069722820396
2927.16195581717,-45.3076155252854
2929.18486856258,-45.3082579966462
2931.20917930921,-45.3088996975165
2933.23488902319,-45.3095406292887
2935.26199867132,-45.3101807933532
2937.29050922108,-45.3108201910985
2939.3204216406,-45.3114588239112
2941.3517368987,-45.3120966931756
2943.38445596486,-45.3127338002745
2945.41857980921,-45.3133701465885
2947.45410940258,-45.3140057334964
2949.49104571647,-45.3146405623748
2951.52938972302,-45.3152746345987
2953.56914239508,-45.315907951541
2955.61030470614,-45.3165405145726
2957.6528776304,-45.3171723250626
2959.69686214269,-45.3178033843782
2961.74225921854,-45.3184336938845
2963.78906983416,-45.319063254945
2965.83729496641,-45.3196920689209
2967.88693559284,-45.320320137172
2969.93799269169,-45.3209474610556
2971.99046724184,-45.3215740419276
2974.04436022288,-45.3221998811418
2976.09967261506,-45.3228249800502
2978.15640539931,-45.3234493400027
2980.21455955725,-45.3240729623477
2982.27413607115,-45.3246958484314
2984.33513592398,-45.3253179995981
2986.3975600994,-45.3259394171906
2988.46140958172,-45.3265601025496
2990.52668535595,-45.3271800570138
2992.59338840779,-45.3277992819202
2994.66151972358,-45.3284177786041
2996.7310802904,-45.3290355483988
2998.80207109596,-45.3296525926356
3000.87449312868,-45.3302689126442
3002.94834737766,-45.3308845097524
3005.02363483268,-45.3314993852862
3007.10035648421,-45.3321135405696
3009.17851332338,-45.332726976925
3011.25810634205,-45.3333396956728
3013.33913653272,-45.3339516981318
3015.4216048886,-45.3345629856187
3017.50551240359,-45.3351735594487
3019.59086007226,-45.335783420935
3021.67764888988,-45.3363925713889
3023.7658798524,-45.3370010121203
3025.85555395647,-45.3376087444368
3027.94667219942,-45.3382157696447
3030.03923557926,-45.3388220890481
3032.13324509471,-45.3394277039496
3034.22870174517,-45.3400326156498
3036.32560653072,-45.3406368254478
3038.42396045216,-45.3412403346408
3040.52376451095,-45.341843144524
3042.62501970926,-45.3424452563912
3044.72772704994,-45.3430466715343
3046.83188753656,-45.3436473912434
3048.93750217335,-45.3442474168068
3051.04457196525,-45.3448467495113
3053.15309791789,-45.3454453906417
3055.26308103762,-45.3460433414811
3057.37452233144,-45.346640603311
3059.48742280707,-45.3472371774111
3061.60178347295,-45.3478330650592
3063.71760533817,-45.3484282675318
3065.83488941254,-45.3490227861031
3067.95363670659,-45.3496166220461
3070.0738482315,-45.3502097766318
3072.1955249992,-45.3508022511295
3074.31866802228,-45.3513940468069
3076.44327831404,-45.35198516493
3078.5693568885,-45.3525756067631
3080.69690476036,-45.3531653735686
3082.82592294502,-45.3537544666074
3084.95641245859,-45.3543428871387
3087.08837431789,-45.35493063642
3089.22180954043,-45.355517715707
3091.35671914442,-45.356104126254
3093.49310414879,-45.3566898693133
3095.63096557316,-45.3572749461358
3097.77030443786,-45.3578593579705
3099.91112176392,-45.3584431060649
3102.05341857308,-45.3590261916648
3104.1971958878,-45.3596086160143
3106.34245473121,-45.3601903803559
3108.48919612719,-45.3607714859303
3110.6374211003,-45.3613519339769
3112.78713067581,-45.361931725733
3114.93832587971,-45.3625108624347
3117.09100773869,-45.3630893453161
3119.24517728016,-45.3636671756099
3121.40083553222,-45.3642443545471
3123.5579835237,-45.364820883357
3125.71662228413,-45.3653967632675
3127.87675284377,-45.3659719955045
3130.03837623356,-45.3665465812928
3132.20149348518,-45.367120521855
3134.366105631,-45.3676938184126
3136.53221370413,-45.3682664721852
3138.69981873838,-45.3688384843909
3140.86892176827,-45.3694098562462
3143.03952382904,-45.369980588966
3145.21162595665,-45.3705506837636
3147.38522918777,-45.3711201418507
3149.56033455977,-45.3716889644374
3151.73694311078,-45.3722571527323
3153.91505587961,-45.3728247079424
3156.0946739058,-45.373391631273
3158.27579822961,-45.373957923928
3160.45842989202,-45.3745235871096
3162.64256993472,-45.3750886220185
3164.82821940013,-45.3756530298539
3167.01537933138,-45.3762168118132
3169.20405077234,-45.3767799690927
3171.39423476758,-45.3773425028866
3173.58593236241,-45.3779044143879
3175.77914460284,-45.3784657047881
3177.97387253563,-45.3790263752769
3180.17011720824,-45.3795864270426
3182.36787966887,-45.380145861272
3184.56716096643,-45.3807046791504
3186.76796215057,-45.3812628818614
3188.97028427166,-45.3818204705872
3191.17412838078,-45.3823774465084
3193.37949552977,-45.3829338108043
3195.58638677117,-45.3834895646524
3197.79480315824,-45.3840447092288
3200.00474574501,-45.3845992457082
3202.21621558619,-45.3851531752636
3204.42921373725,-45.3857064990666
3206.64374125437,-45.3862592182874
3208.85979919448,-45.3868113340946
3211.07738861522,-45.3873628476551
3213.29651057498,-45.3879137601348
3215.51716613287,-45.3884640726977
3217.73935634873,-45.3890137865064
3219.96308228314,-45.3895629027222
3222.1883449974,-45.3901114225047
3224.41514555357,-45.3906593470122
3226.64348501442,-45.3912066774014
3228.87336444345,-45.3917534148277
3231.10478490492,-45.3922995604447
3233.33774746381,-45.392845115405
3235.57225318583,-45.3933900808593
3237.80830313744,-45.3939344579572
3240.04589838583,-45.3944782478467
3242.28503999894,-45.3950214516743
3244.52572904541,-45.3955640705852
3246.76796659467,-45.3961061057229
3249.01175371686,-45.3966475582298
3251.25709148285,-45.3971884292466
3253.50398096428,-45.3977287199126
3255.75242323351,-45.3982684313659
3258.00241936364,-45.398807564743
3260.25397042853,-45.3993461211789
3262.50707750275,-45.3998841018072
3264.76174166165,-45.4004215077603
3267.01796398129,-45.4009583401689
3269.27574553851,-45.4014946001626
3271.53508741085,-45.4020302888693
3273.79599067663,-45.4025654074156
3276.05845641491,-45.4030999569267
3278.32248570547,-45.4036339385265
3280.58807962887,-45.4041673533374
3282.85523926639,-45.4047002024803
3285.12396570008,-45.405232487075
3287.39426001271,-45.4057642082397
3289.66612328784,-45.4062953670913
3291.93955660974,-45.4068259647451
3294.21456106344,-45.4073560023155
3296.49113773472,-45.407885480915
3298.76928771013,-45.4084144016551
3301.04901207694,-45.4089427656458
3303.33031192319,-45.4094705739956
3305.61318833767,-45.4099978278119
3307.89764240991,-45.4105245282005
3310.18367523021,-45.4110506762661
3312.47128788962,-45.4115762731118
3314.76048147994,-45.4121013198395
3317.05125709372,-45.4126258175496
3319.34361582427,-45.4131497673414
3321.63755876566,-45.4136731703126
3323.9330870127,-45.4141960275598
3326.23020166099,-45.4147183401781
3328.52890380684,-45.4152401092612
3330.82919454737,-45.4157613359017
3333.13107498041,-45.4162820211907
3335.43454620457,-45.4168021662181
3337.73960931924,-45.4173217720724
3340.04626542452,-45.4178408398407
3342.35451562132,-45.4183593706089
3344.66436101129,-45.4188773654617
3346.97580269683,-45.4193948254822
3349.28884178112,-45.4199117517523
3351.6034793681,-45.4204281453529
3353.91971656246,-45.4209440073631
3356.23755446966,-45.4214593388611
3358.55699419593,-45.4219741409235
3360.87803684827,-45.4224884146259
3363.20068353442,-45.4230021610424
3365.52493536291,-45.4235153812459
3367.85079344302,-45.424028076308
3370.17825888482,-45.424540247299
3372.50733279911,-45.425051895288
3374.83801629749,-45.4255630213427
3377.17031049231,-45.4260736265296
3379.50421649671,-45.4265837119139
3381.83973542456,-45.4270932785597
3384.17686839055,-45.4276023275295
3386.5156165101,-45.4281108598848
3388.85598089942,-45.4286188766859
3391.19796267549,-45.4291263789915
3393.54156295605,-45.4296333678594
3395.88678285963,-45.430139844346
3398.23362350552,-45.4306458095065
3400.58208601379,-45.4311512643947
3402.93217150528,-45.4316562100635
3405.28388110161,-45.4321606475641
3407.63721592517,-45.4326645779468
3409.99217709913,-45.4331680022607
3412.34876574742,-45.4336709215533
3414.70698299478,-45.4341733368713
3417.06682996669,-45.43467524926
3419.42830778944,-45.4351766597633
3421.79141759008,-45.4356775694243
3424.15616049643,-45.4361779792844
3426.52253763712,-45.4366778903841
3428.89055014154,-45.4371773037626
3431.26019913985,-45.4376762204579
3433.63148576301,-45.4381746415069
3436.00441114276,-45.438672567945
3438.37897641161,-45.4391700008067
3440.75518270286,-45.4396669411251
3443.13303115061,-45.4401633899323
3445.5125228897,-45.4406593482591
3447.8936590558,-45.4411548171351
3450.27644078534,-45.4416497975886
3452.66086921554,-45.442144290647
3455.04694548441,-45.4426382973363
3457.43467073074,-45.4431318186813
3459.82404609412,-45.4436248557058
3462.21507271491,-45.4441174094323
3464.60775173426,-45.4446094808822
3467.00208429413,-45.4451010710756
3469.39807153725,-45.4455921810316
3471.79571460714,-45.446082811768
3474.19501464812,-45.4465729643016
3476.59597280529,-45.4470626396478
3478.99859022454,-45.447551838821
3481.40286805258,-45.4480405628346
3483.80880743686,-45.4485288127005
3486.21640952568,-45.4490165894297
3488.6256754681,-45.449503894032
3491.03660641397,-45.449990727516
3493.44920351397,-45.4504770908893
3495.86346791952,-45.4509629851582
3498.27940078289,-45.4514484113279
3500.69700325712,-45.4519333704026
3503.11627649604,-45.4524178633852
3505.5372216543,-45.4529018912775
3507.95983988733,-45.4533854550804
3510.38413235137,-45.4538685557933
3512.81010020344,-45.4543511944148
3515.23774460138,-45.4548333719422
3517.66706670382,-45.4553150893718
3520.0980676702,-45.4557963476988
3522.53074866076,-45.4562771479171
3524.96511083652,-45.4567574910196
3527.40115535932,-45.4572373779983
3529.83888339182,-45.4577168098438
3532.27829609745,-45.4581957875457
3534.71939464046,-45.4586743120925
3537.16218018591,-45.4591523844718
3539.60665389966,-45.4596300056697
3542.05281694837,-45.4601071766716
3544.50067049952,-45.4605838984617
3546.95021572137,-45.461060172023
3549.40145378302,-45.4615359983374
3551.85438585436,-45.462011378386
3554.3090131061,-45.4624863131486
3556.76533670973,-45.4629608036038
3559.22335783759,-45.4634348507296
3561.6830776628,-45.4639084555023
3564.14449735931,-45.4643816188977
3566.60761810186,-45.4648543418902
3569.07244106603,-45.4653266254533
3571.53896742819,-45.4657984705593
3574.00719836552,-45.4662698781795
3576.47713505604,-45.4667408492843
3578.94877867856,-45.4672113848427
3581.42213041271,-45.4676814858231
3583.89719143894,-45.4681511531925
3586.37396293851,-45.468620387917
3588.8524460935,-45.4690891909616
3591.33264208682,-45.4695575632903
3593.81455210217,-45.4700255058661
3596.29817732408,-45.4704930196509
3598.7835189379,-45.4709601056056
3601.27057812982,-45.47142676469
3603.7593560868,-45.471892997863
3606.24985399667,-45.4723588060823
3608.74207304806,-45.4728241903049
3611.23601443041,-45.4732891514863
3613.73167933401,-45.4737536905815
3616.22906894995,-45.4742178085441
3618.72818447014,-45.4746815063267
3621.22902708733,-45.4751447848813
3623.7315979951,-45.4756076451583
3626.23589838782,-45.4760700881076
3628.74192946073,-45.4765321146778
3631.24969240987,-45.4769937258166
3633.7591884321,-45.4774549224707
3636.27041872512,-45.4779157055859
3638.78338448746,-45.4783760761067
3641.29808691847,-45.4788360349769
3643.81452721834,-45.4792955831392
3646.33270658808,-45.4797547215354
3648.85262622953,-45.4802134511063
3651.37428734536,-45.4806717727914
3653.89769113907,-45.4811296875298
3656.42283881501,-45.4815871962591
3658.94973157834,-45.4820442999162
3661.47837063506,-45.4825009994369
3664.00875719201,-45.4829572957563
3666.54089245685,-45.483413189808
3669.07477763808,-45.4838686825253
3671.61041394505,-45.4843237748399
3674.14780258792,-45.484778467683
3676.68694477772,-45.4852327619846
3679.22784172628,-45.4856866586738
3681.77049464628,-45.4861401586788
3684.31490475126,-45.4865932629268
3686.86107325558,-45.4870459723441
3689.40900137442,-45.487498287856
3691.95869032384,-45.4879502103868
3694.51014132072,-45.4884017408599
3697.06335558277,-45.4888528801979
3699.61833432856,-45.4893036293223
3702.17507877749,-45.4897539891537
3704.73359014982,-45.4902039606117
3707.29386966663,-45.4906535446152
3709.85591854985,-45.4911027420818
3712.41973802228,-45.4915515539286
3714.98532930753,-45.4919999810714
3717.55269363007,-45.4924480244253
3720.12183221522,-45.4928956849044
3722.69274628915,-45.493342963422
3725.26543707885,-45.4937898608902
3727.8399058122,-45.4942363782205
3730.4161537179,-45.4946825163234
3732.99418202551,-45.4951282761083
3735.57399196542,-45.4955736584839
3738.15558476891,-45.4960186643579
3740.73896166807,-45.4964632946373
3743.32412389586,-45.4969075502279
3745.91107268609,-45.4973514320347
3748.49980927344,-45.4977949409619
3751.09033489341,-45.4982380779128
3753.68265078238,-45.4986808437896
3756.27675817756,-45.4991232394939
3758.87265831705,-45.4995652659263
3761.47035243977,-45.5000069239864
3764.06984178552,-45.500448214573
3766.67112759495,-45.5008891385841
3769.27421110956,-45.5013296969167
3771.87909357171,-45.501769890467
3774.48577622464,-45.5022097201303
3777.09426031241,-45.502649186801
3779.70454707998,-45.5030882913727
3782.31663777315,-45.5035270347381
3784.93053363857,-45.503965417789
3787.54623592377,-45.5044034414163
3790.16374587714,-45.5048411065102
3792.78306474793,-45.50527841396
3795.40419378625,-45.5057153646539
3798.02713424307,-45.5061519594796
3800.65188737024,-45.5065881993237
3803.27845442047,-45.507024085072
3805.90683664733,-45.5074596176095
3808.53703530524,-45.5078947978204
3811.16905164953,-45.508329626588
3813.80288693636,-45.5087641047947
3816.43854242277,-45.509198233322
3819.07601936667,-45.5096320130509
3821.71531902685,-45.5100654448611
3824.35644266294,-45.5104985296319
3826.99939153548,-45.5109312682415
3829.64416690584,-45.5113636615673
3832.2907700363,-45.511795710486
3834.93920218998,-45.5122274158733
3837.5894646309,-45.5126587786042
3840.24155862393,-45.5130897995529
3842.89548543483,-45.5135204795927
3845.55124633023,-45.5139508195961
3848.20884257764,-45.5143808204347
3850.86827544543,-45.5148104829796
3853.52954620286,-45.5152398081008
3856.19265612008,-45.5156687966674
3858.85760646808,-45.5160974495481
3861.52439851877,-45.5165257676105
3864.19303354491,-45.5169537517213
3866.86351282015,-45.5173814027467
3869.53583761902,-45.5178087215519
3872.21000921693,-45.5182357090015
3874.88602889018,-45.5186623659589
3877.56389791594,-45.5190886932872
3880.24361757226,-45.5195146918485
3882.92518913808,-45.5199403625039
3885.60861389323,-45.5203657061141
3888.29389311842,-45.5207907235388
3890.98102809524,-45.5212154156368
3893.67002010617,-45.5216397832665
3896.36087043457,-45.5220638272852
3899.0535803647,-45.5224875485494
3901.74815118169,-45.5229109479151
3904.44458417157,-45.5233340262373
3907.14288062127,-45.5237567843703
3909.84304181858,-45.5241792231677
3912.54506905221,-45.5246013434823
3915.24896361173,-45.525023146166
3917.95472678763,-45.52544463207
3920.66235987127,-45.525865802045
3923.37186415493,-45.5262866569405
3926.08324093174,-45.5267071976057
3928.79649149577,-45.5271274248886
3931.51161714195,-45.5275473396369
3934.22861916613,-45.5279669426971
3936.94749886503,-45.5283862349154
3939.66825753629,-45.5288052171368
3942.39089647843,-45.529223890206
3945.11541699087,-45.5296422549666
3947.84182037394,-45.5300603122616
3950.57010792887,-45.5304780629334
3953.30028095776,-45.5308955078235
3956.03234076363,-45.5313126477726
3958.76628865042,-45.5317294836209
3961.50212592293,-45.5321460162076
3964.2398538869,-45.5325622463714
3966.97947384894,-45.5329781749503
3969.72098711659,-45.5333938027812
3972.46439499828,-45.5338091307008
3975.20969880333,-45.5342241595447
3977.95689984201,-45.5346388901479
3980.70599942544,-45.5350533233447
3983.45699886569,-45.5354674599687
3986.20989947571,-45.5358813008528
3988.96470256937,-45.5362948468291
3991.72140946145,-45.5367080987291
3994.48002146762,-45.5371210573835
3997.24053990448,-45.5375337236223
4000.00296608953,-45.5379460982749
4002.76730134119,-45.5383581821699
4005.53354697878,-45.5387699761353
4008.30170432253,-45.5391814809984
4011.0717746936,-45.5395926975855
4013.84375941404,-45.5400036267227
4016.61765980683,-45.5404142692351
4019.39347719586,-45.5408246259471
4022.17121290593,-45.5412346976826
4024.95086826276,-45.5416444852646
4027.73244459299,-45.5420539895156
4030.51594322418,-45.5424632112573
4033.30136548478,-45.5428721513108
4036.0887127042,-45.5432808104964
4038.87798621272,-45.543689189634
4041.6691873416,-45.5440972895424
4044.46231742296,-45.5445051110402
4047.25737778987,-45.5449126549449
4050.05436977633,-45.5453199220736
4052.85329471724,-45.5457269132427
4055.65415394844,-45.5461336292679
4058.45694880668,-45.5465400709642
4061.26168062964,-45.5469462391459
4064.06835075592,-45.5473521346269
4066.87696052506,-45.5477577582202
4069.68751127751,-45.5481631107381
4072.50000435465,-45.5485681929925
4075.31444109878,-45.5489730057944
4078.13082285315,-45.5493775499543
4080.94915096192,-45.549781826282
4083.76942677018,-45.5501858355867
4086.59165162396,-45.5505895786769
4089.4158268702,-45.5509930563605
4092.24195385679,-45.5513962694447
4095.07003393254,-45.5517992187361
4097.90006844721,-45.5522019050406
4100.73205875148,-45.5526043291637
4103.56600619694,-45.55300649191
4106.40191213617,-45.5534083940836
4109.23977792262,-45.5538100364879
4112.07960491073,-45.5542114199258
4114.92139445585,-45.5546125451994
4117.76514791427,-45.5550134131102
4120.61086664322,-45.5554140244594
4123.45855200085,-45.555814380047
4126.30820534628,-45.556214480673
4129.15982803955,-45.5566143271364
4132.01342144164,-45.5570139202355
4134.86898691448,-45.5574132607684
4137.72652582093,-45.5578123495323
4140.5860395248,-45.5582111873238
4143.44752939084,-45.558609774939
4146.31099678474,-45.5590081131732
4149.17644307314,-45.5594062028214
4152.04386962361,-45.5598040446778
4154.91327780469,-45.5602016395359
4157.78466898584,-45.5605989881889
4160.65804453749,-45.5609960914291
4163.533405831,-45.5613929500485
4166.41075423868,-45.5617895648383
4169.29009113379,-45.562185936589
4172.17141789056,-45.5625820660909
4175.05473588412,-45.5629779541334
4177.9400464906,-45.5633736015053
4180.82735108706,-45.5637690089951
4183.7166510515,-45.5641641773905
4186.60794776291,-45.5645591074785
4189.50124260118,-45.5649538000458
4192.3965369472,-45.5653482558784
4195.2938321828,-45.5657424757618
4198.19312969075,-45.5661364604807
4201.09443085479,-45.5665302108195
4203.99773705961,-45.5669237275618
4206.90304969087,-45.5673170114909
4209.81037013517,-45.5677100633893
4212.71969978007,-45.568102884039
4215.63104001411,-45.5684954742215
4218.54439222677,-45.5688878347177
4221.4597578085,-45.5692799663078
4224.37713815068,-45.5696718697718
4227.29653464571,-45.5700635458889
4230.2179486869,-45.5704549954376
4233.14138166855,-45.5708462191961
4236.06683498591,-45.571237217942
4238.9943100352,-45.5716279924524
4241.92380821362,-45.5720185435036
4244.8553309193,-45.5724088718716
4247.78887955137,-45.5727989783319
4250.72445550992,-45.5731888636592
4253.66206019598,-45.5735785286279
4256.60169501158,-45.5739679740117
4259.54336135972,-45.5743572005839
4262.48706064434,-45.5747462091171
4265.43279427039,-45.5751350003836
4268.38056364375,-45.575523575155
4271.33037017129,-45.5759119342024
4274.28221526087,-45.5763000782963
4277.23610032129,-45.5766880082068
4280.19202676236,-45.5770757247035
4283.14999599482,-45.5774632285554
4286.11000943042,-45.5778505205308
4289.07206848187,-45.5782376013979
4292.03617456288,-45.5786244719241
4295.00232908809,-45.5790111328763
4297.97053347316,-45.5793975850208
4300.94078913472,-45.5797838291238
4303.91309749036,-45.5801698659504
4306.88745995867,-45.5805556962657
4309.86387795922,-45.580941320834
4312.84235291253,-45.5813267404191
4315.82288624015,-45.5817119557846
4318.80547936458,-45.5820969676931
4321.79013370931,-45.5824817769072
4324.77685069881,-45.5828663841887
4327.76563175855,-45.5832507902989
4330.75647831497,-45.5836349959988
4333.74939179549,-45.5840190020486
4336.74437362854,-45.5844028092085
4339.74142524353,-45.5847864182376
4342.74054807083,-45.5851698298951
4345.74174354184,-45.5855530449391
4348.74501308892,-45.5859360641279
4351.75035814543,-45.5863188882187
4354.75778014572,-45.5867015179686
4357.76728052513,-45.5870839541341
4360.77886071999,-45.5874661974711
4363.79252216764,-45.5878482487354
4366.80826630639,-45.5882301086818
4369.82609457555,-45.588611778065
4372.84600841543,-45.5889932576392
4375.86800926733,-45.589374548158
4378.89209857355,-45.5897556503745
4381.9182777774,-45.5901365650415
4384.94654832316,-45.5905172929113
4387.97691165612,-45.5908978347356
4391.00936922257,-45.5912781912658
4394.04392246981,-45.5916583632527
4397.08057284612,-45.5920383514468
4400.11932180079,-45.5924181565979
4403.16017078412,-45.5927977794557
4406.20312124741,-45.593177220769
4409.24817464294,-45.5935564812866
4412.29533242403,-45.5939355617566
4415.34459604497,-45.5943144629266
4418.39596696107,-45.5946931855439
4421.44944662866,-45.5950717303553
4424.50503650506,-45.5954500981071
4427.56273804859,-45.5958282895453
4430.6225527186,-45.5962063054153
4433.68448197543,-45.5965841464622
4436.74852728044,-45.5969618134305
4439.81469009599,-45.5973393070645
4442.88297188545,-45.5977166281077
4445.95337411323,-45.5980937773036
4449.0258982447,-45.598470755395
4452.1005457463,-45.5988475631243
4455.17731808544,-45.5992242012335
4458.25621673056,-45.5996006704641
4461.33724315112,-45.5999769715575
4464.42039881758,-45.6003531052541
4467.50568520144,-45.6007290722945
4470.5931037752,-45.6011048734184
4473.68265601238,-45.6014805093653
4476.77434338751,-45.6018559808743
4479.86816737616,-45.602231288684
4482.9641294549,-45.6026064335327
4486.06223110133,-45.6029814161581
4489.16247379407,-45.6033562372976
4492.26485901276,-45.6037308976882
4495.36938823808,-45.6041053980666
4498.47606295169,-45.6044797391689
4501.58488463632,-45.6048539217308
4504.6958547757,-45.6052279464878
4507.80897485459,-45.6056018141748
4510.92424635878,-45.6059755255263
4514.04167077508,-45.6063490812766
4517.16124959134,-45.6067224821595
4520.28298429642,-45.6070957289082
4523.40687638023,-45.6074688222559
4526.53292733369,-45.6078417629351
4529.66113864875,-45.6082145516779
4532.79151181842,-45.6085871892163
4535.92404833671,-45.6089596762817
4539.05874969867,-45.609332013605
4542.1956174004,-45.6097042019171
4545.33465293901,-45.6100762419481
4548.47585781267,-45.6104481344279
4551.61923352055,-45.6108198800862
4554.7647815629,-45.6111914796519
4557.91250344096,-45.611562933854
4561.06240065705,-45.6119342434207
4564.2144747145,-45.6123054090802
4567.3687271177,-45.61267643156
4570.52515937206,-45.6130473115874
4573.68377298404,-45.6134180498894
4576.84456946114,-45.6137886471926
4580.0075503119,-45.614159104223
4583.1727170459,-45.6145294217065
4586.34007117378,-45.6148996003685
4589.50961420721,-45.6152696409343
4592.68134765889,-45.6156395441284
4595.85527304259,-45.6160093106752
4599.03139187313,-45.6163789412989
4602.20970566635,-45.6167484367231
4605.39021593915,-45.617117797671
4608.5729242095,-45.6174870248656
4611.75783199637,-45.6178561190296
4614.94494081984,-45.6182250808853
4618.13425220098,-45.6185939111545
4621.32576766197,-45.6189626105588
4624.51948872599,-45.6193311798195
4627.7154169173,-45.6196996196574
4630.91355376122,-45.6200679307931
4634.1139007841,-45.6204361139469
4637.31645951337,-45.6208041698385
4640.52123147749,-45.6211720991875
4643.728218206,-45.6215399027131
4646.93742122948,-45.6219075811342
4650.14884207958,-45.6222751351694
4653.362482289,-45.6226425655368
4656.5783433915,-45.6230098729543
4659.79642692191,-45.6233770581394
4663.0167344161,-45.6237441218095
4666.23926741103,-45.6241110646813
4669.46402744469,-45.6244778874715
4672.69101605616,-45.6248445908964
4675.92023478557,-45.6252111756718
4679.15168517412,-45.6255776425134
4682.38536876407,-45.6259439921365
4685.62128709874,-45.6263102252561
4688.85944172254,-45.6266763425869
4692.09983418092,-45.6270423448432
4695.34246602042,-45.6274082327391
4698.58733878863,-45.6277740069883
4701.83445403422,-45.6281396683044
4705.08381330694,-45.6285052174003
4708.33541815759,-45.6288706549889
4711.58927013804,-45.6292359817828
4714.84537080127,-45.6296011984942
4718.10372170128,-45.629966305835
4721.36432439319,-45.6303313045168
4724.62718043317,-45.630696195251
4727.89229137847,-45.6310609787486
4731.15965878742,-45.6314256557202
4734.42928421943,-45.6317902268765
4737.70116923497,-45.6321546929275
4740.9753153956,-45.632519054583
4744.25172426397,-45.6328833125528
4747.53039740379,-45.633247467546
4750.81133637986,-45.6336115202716
4754.09454275808,-45.6339754714384
4757.38001810539,-45.6343393217548
4760.66776398985,-45.634703071929
4763.95778198059,-45.6350667226689
4767.25007364781,-45.6354302746819
4770.54464056283,-45.6357937286756
4773.84148429803,-45.6361570853568
4777.14060642687,-45.6365203454325
4780.44200852393,-45.636883509609
4783.74569216484,-45.6372465785927
4787.05165892635,-45.6376095530894
4790.35991038628,-45.6379724338049
4793.67044812354,-45.6383352214446
4796.98327371816,-45.6386979167137
4800.29838875121,-45.639060520317
4803.61579480491,-45.6394230329592
4806.93549346253,-45.6397854553447
4810.25748630845,-45.6401477881776
4813.58177492816,-45.6405100321617
4816.90836090822,-45.6408721880007
4820.23724583629,-45.6412342563979
4823.56843130115,-45.6415962380564
4826.90191889265,-45.6419581336791
4830.23771020176,-45.6423199439684
4833.57580682054,-45.6426816696269
4836.91621034214,-45.6430433113565
4840.25892236084,-45.6434048698592
4843.60394447199,-45.6437663458364
4846.95127827206,-45.6441277399897
4850.30092535862,-45.6444890530201
4853.65288733035,-45.6448502856285
4857.00716578702,-45.6452114385155
4860.36376232951,-45.6455725123815
4863.72267855982,-45.6459335079268
4867.08391608105,-45.6462944258512
4870.44747649739,-45.6466552668544
4873.81336141417,-45.6470160316359
4877.18157243781,-45.647376720895
4880.55211117584,-45.6477373353306
4883.9249792369,-45.6480978756415
4887.30017823076,-45.6484583425263
4890.67770976827,-45.6488187366834
4894.05757546143,-45.6491790588107
4897.43977692332,-45.6495393096063
4900.82431576817,-45.6498994897677
4904.21119361129,-45.6502595999925
4907.60041206913,-45.6506196409777
4910.99197275925,-45.6509796134205
4914.38587730032,-45.6513395180177
4917.78212731214,-45.6516993554658
4921.18072441563,-45.6520591264612
4924.58167023282,-45.6524188317
4927.98496638688,-45.6527784718783
4931.39061450207,-45.6531380476917
4934.7986162038,-45.6534975598358
4938.2089731186,-45.6538570090059
4941.62168687411,-45.6542163958972
4945.0367590991,-45.6545757212045
4948.45419142348,-45.6549349856227
4951.87398547827,-45.6552941898461
4955.29614289562,-45.6556533345692
4958.72066530882,-45.6560124204861
4962.14755435226,-45.6563714482907
4965.5768116615,-45.6567304186768
4969.00843887319,-45.6570893323379
4972.44243762515,-45.6574481899673
4975.87880955629,-45.6578069922583
4979.31755630669,-45.6581657399038
4982.75867951755,-45.6585244335966
4986.20218083119,-45.6588830740293
4989.64806189109,-45.6592416618944
4993.09632434184,-45.659600197884
4996.54696982918,-45.6599586826903
5000,-45.6603171170052
5003.45541650231,-45.6606755015202
5006.91322098525,-45.661033836927
5010.37341509913,-45.6613921239169
5013.83600049538,-45.6617503631811
5017.30097882657,-45.6621085554105
5020.76835174642,-45.6624667012961
5024.2381209098,-45.6628248015284
5027.7102879727,-45.6631828567979
5031.18485459228,-45.6635408677951
5034.66182242682,-45.66389883521
5038.14119313577,-45.6642567597326
5041.62296837971,-45.6646146420528
5045.10714982037,-45.6649724828602
5048.59373912065,-45.6653302828443
5052.08273794457,-45.6656880426945
5055.57414795731,-45.6660457630999
5059.0679708252,-45.6664034447497
5062.56420821574,-45.6667610883326
5066.06286179755,-45.6671186945375
5069.56393324042,-45.6674762640528
5073.0674242153,-45.6678337975669
5076.57333639429,-45.6681912957683
5080.08167145063,-45.6685487593449
5083.59243105875,-45.6689061889848
5087.10561689421,-45.6692635853758
5090.62123063373,-45.6696209492056
5094.13927395519,-45.6699782811616
5097.65974853764,-45.6703355819314
5101.18265606129,-45.6706928522021
5104.70799820749,-45.671050092661
5108.23577665878,-45.6714073039949
5111.76599309885,-45.6717644868908
5115.29864921254,-45.6721216420352
5118.83374668588,-45.672478770115
5122.37128720606,-45.6728358718163
5125.9112724614,-45.6731929478257
5129.45370414145,-45.6735499988292
5132.99858393687,-45.673907025513
5136.54591353951,-45.6742640285629
5140.09569464241,-45.6746210086648
5143.64792893975,-45.6749779665044
5147.2026181269,-45.6753349027672
5150.75976390037,-45.6756918181386
5154.31936795789,-45.676048713304
5157.88143199833,-45.6764055889486
5161.44595772174,-45.6767624457574
5165.01294682935,-45.6771192844155
5168.58240102357,-45.6774761056077
5172.15432200797,-45.6778329100186
5175.72871148732,-45.678189698333
5179.30557116754,-45.6785464712354
5182.88490275576,-45.6789032294102
5186.46670796027,-45.6792599735416
5190.05098849054,-45.6796167043139
5193.63774605722,-45.6799734224111
5197.22698237217,-45.6803301285173
5200.81869914839,-45.6806868233163
5204.41289810009,-45.6810435074919
5208.00958094268,-45.6814001817278
5211.60874939271,-45.6817568467076
5215.21040516795,-45.6821135031146
5218.81454998735,-45.6824701516325
5222.42118557105,-45.6828267929443
5226.03031364037,-45.6831834277335
5229.64193591783,-45.6835400566829
5233.25605412713,-45.6838966804757
5236.87266999318,-45.6842532997948
5240.49178524205,-45.684609915323
5244.11340160103,-45.6849665277431
5247.7375207986,-45.6853231377377
5251.36414456443,-45.6856797459895
5254.99327462938,-45.6860363531809
5258.62491272551,-45.6863929599944
5262.25906058608,-45.6867495671123
5265.89571994556,-45.6871061752168
5269.53489253958,-45.6874627849902
5273.17658010501,-45.6878193971146
5276.8207843799,-45.6881760122719
5280.46750710351,-45.6885326311442
5284.1167500163,-45.6888892544133
5287.76851485992,-45.6892458827611
5291.42280337724,-45.6896025168692
5295.07961731233,-45.6899591574195
5298.73895841047,-45.6903158050934
5302.40082841813,-45.6906724605726
5306.065229083,-45.6910291245385
5309.73216215397,-45.6913857976725
5313.40162938116,-45.691742480656
5317.07363251586,-45.6920991741704
5320.74817331062,-45.6924558788967
5324.42525351915,-45.6928125955163
5328.10487489641,-45.6931693247102
5331.78703919856,-45.6935260671595
5335.47174818296,-45.6938828235452
5339.15900360821,-45.6942395945483
5342.84880723411,-45.6945963808497
5346.54116082168,-45.6949531831302
5350.23606613315,-45.6953100020707
5353.93352493198,-45.6956668383519
5357.63353898284,-45.6960236926546
5361.33611005162,-45.6963805656594
5365.04123990543,-45.6967374580469
5368.74893031261,-45.6970943704978
5372.45918304272,-45.6974513036925
5376.17199986653,-45.6978082583117
5379.88738255604,-45.6981652350357
5383.60533288449,-45.698522234545
5387.32585262632,-45.69887925752
5391.04894355721,-45.699236304641
5394.77460745407,-45.6995933765884
5398.50284609503,-45.6999504740425
5402.23366125946,-45.7003075976835
5405.96705472795,-45.7006647481917
5409.70302828231,-45.7010219262473
5413.44158370561,-45.7013791325305
5417.18272278213,-45.7017363677214
5420.92644729739,-45.7020936325001
5424.67275903814,-45.7024509275468
5428.42165979238,-45.7028082535416
5432.17315134932,-45.7031656111645
5435.92723549943,-45.7035230010956
5439.68391403441,-45.7038804240149
5443.44318874718,-45.7042378806023
5447.20506143193,-45.7045953715381
5450.96953388408,-45.704952897502
5454.73660790027,-45.7053104591741
5458.5062852784,-45.7056680572343
5462.27856781762,-45.7060256923626
5466.0534573183,-45.706383365239
5469.83095558208,-45.7067410765433
5473.61106441183,-45.7070988269555
5477.39378561166,-45.7074566171555
5481.17912098694,-45.7078144478233
5484.96707234429,-45.7081723196388
5488.75764149157,-45.7085302332818
5492.55083023788,-45.7088881894323
5496.34664039359,-45.7092461887702
5500.14507377031,-45.7096042319755
5503.94613218091,-45.709962319728
5507.74981743949,-45.7103204527077
5511.55613136144,-45.7106786315945
5515.36507576338,-45.7110368570684
5519.17665246319,-45.7113951298093
5522.99086328,-45.7117534504972
5526.80771003421,-45.7121118198121
5530.62719454747,-45.712470238434
5534.4493186427,-45.7128287070427
5538.27408414406,-45.7131872263185
5542.10149287699,-45.7135457969413
5545.93154666818,-45.7139044195911
5549.76424734558,-45.7142630949481
5553.59959673841,-45.7146218236922
5557.43759667717,-45.7149806065038
5561.27824899358,-45.7153394440627
5565.12155552068,-45.7156983370494
5568.96751809273,-45.7160572861438
5572.8161385453,-45.7164162920263
5576.66741871518,-45.7167753553771
5580.52136044049,-45.7171344768764
5584.37796556055,-45.7174936572045
5588.23723591602,-45.7178528970419
5592.09917334877,-45.7182121970687
5595.96377970199,-45.7185715579656
5599.83105682013,-45.7189309804128
5603.7010065489,-45.7192904650908
5607.5736307353,-45.7196500126802
5611.44893122761,-45.7200096238616
5615.32690987537,-45.7203692993154
5619.20756852941,-45.7207290397224
5623.09090904185,-45.7210888457631
5626.97693326606,-45.7214487181184
5630.86564305672,-45.721808657469
5634.75704026977,-45.7221686644957
5638.65112676246,-45.7225287398794
5642.54790439329,-45.722888884301
5646.44737502207,-45.7232490984413
5650.34954050988,-45.7236093829816
5654.25440271909,-45.7239697386027
5658.16196351337,-45.7243301659858
5662.07222475766,-45.7246906658122
5665.98518831819,-45.725051238763
5669.9008560625,-45.7254118855195
5673.81922985939,-45.7257726067631
5677.74031157898,-45.7261334031752
5681.66410309267,-45.7264942754372
5685.59060627314,-45.7268552242307
5689.51982299439,-45.7272162502373
5693.45175513171,-45.7275773541386
5697.38640456166,-45.7279385366164
5701.32377316212,-45.7282997983525
5705.26386281228,-45.7286611400287
5709.20667539259,-45.729022562327
5713.15221278484,-45.7293840659294
5717.10047687208,-45.729745651518
5721.05146953871,-45.7301073197749
5725.00519267038,-45.7304690713823
5728.96164815409,-45.7308309070226
5732.92083787811,-45.7311928273782
5736.88276373203,-45.7315548331315
5740.84742760675,-45.731916924965
5744.81483139446,-45.7322791035615
5748.78497698868,-45.7326413696035
5752.75786628422,-45.733003723774
5756.7335011772,-45.7333661667557
5760.71188356507,-45.7337286992317
5764.69301534657,-45.734091321885
5768.67689842176,-45.7344540353987
5772.66353469201,-45.7348168404561
5776.65292606002,-45.7351797377405
5780.64507442978,-45.7355427279353
5784.63998170661,-45.735905811724
5788.63764979715,-45.7362689897903
5792.63808060934,-45.7366322628178
5796.64127605246,-45.7369956314904
5800.64723803711,-45.7373590964919
5804.65596847518,-45.7377226585063
5808.66746927991,-45.7380863182178
5812.68174236586,-45.7384500763105
5816.6987896489,-45.7388139334687
5820.71861304624,-45.739177890377
5824.7412144764,-45.7395419477197
5828.76659585923,-45.7399061061815
5832.79475911591,-45.7402703664471
5836.82570616895,-45.7406347292014
5840.85943894219,-45.7409991951294
5844.89595936079,-45.741363764916
5848.93526935123,-45.7417284392466
5852.97737084136,-45.7420932188063
5857.02226576032,-45.7424581042806
5861.06995603862,-45.7428230963551
5865.12044360807,-45.7431881957153
5869.17373040184,-45.7435534030471
5873.22981835442,-45.7439187190362
5877.28870940166,-45.7442841443688
5881.35040548071,-45.744649679731
5885.4149085301,-45.745015325809
5889.48222048967,-45.7453810832892
5893.55234330061,-45.7457469528581
5897.62527890545,-45.7461129352024
5901.70102924808,-45.7464790310088
5905.77959627371,-45.7468452409643
5909.8609819289,-45.7472115657557
5913.94518816156,-45.7475780060704
5918.03221692094,-45.7479445625956
5922.12207015764,-45.7483112360188
5926.21474982362,-45.7486780270275
5930.31025787217,-45.7490449363094
5934.40859625793,-45.7494119645523
5938.50976693692,-45.7497791124443
5942.61377186647,-45.7501463806735
5946.7206130053,-45.7505137699282
5950.83029231345,-45.7508812808967
5954.94281175235,-45.7512489142677
5959.05817328475,-45.7516166707298
5963.17637887478,-45.7519845509719
5967.29743048793,-45.752352555683
5971.42133009102,-45.7527206855523
5975.54807965226,-45.753088941269
5979.67768114122,-45.7534573235226
5983.81013652879,-45.7538258330027
5987.94544778728,-45.7541944703991
5992.08361689031,-45.7545632364017
5996.22464581291,-45.7549321317006
6000.36853653144,-45.755301156986
6004.51529102365,-45.7556703129484
6008.66491126864,-45.7560396002782
6012.81739924688,-45.7564090196662
6016.97275694022,-45.7567785718032
6021.13098633187,-45.7571482573804
6025.29208940642,-45.757518077089
6029.4560681498,-45.7578880316202
6033.62292454936,-45.7582581216657
6037.7926605938,-45.7586283479172
6041.96527827318,-45.7589987110666
6046.14077957897,-45.7593692118058
6050.31916650397,-45.7597398508273
6054.5004410424,-45.7601106288233
6058.68460518983,-45.7604815464864
6062.87166094324,-45.7608526045094
6067.06161030096,-45.7612238035853
6071.2544552627,-45.7615951444071
6075.45019782958,-45.7619666276682
6079.64884000409,-45.762338254062
6083.85038379008,-45.7627100242822
6088.05483119282,-45.7630819390226
6092.26218421895,-45.7634539989772
6096.47244487649,-45.7638262048403
6100.68561517486,-45.7641985573063
6104.90169712487,-45.7645710570696
6109.12069273871,-45.7649437048253
6113.34260402996,-45.7653165012681
6117.56743301361,-45.7656894470933
6121.79518170601,-45.7660625429962
6126.02585212493,-45.7664357896723
6130.25944628952,-45.7668091878174
6134.49596622035,-45.7671827381275
6138.73541393935,-45.7675564412987
6142.97779146987,-45.7679302980273
6147.22310083666,-45.7683043090098
6151.47134406585,-45.768678474943
6155.722523185,-45.7690527965239
6159.97664022304,-45.7694272744496
6164.23369721033,-45.7698019094174
6168.49369617861,-45.7701767021249
6172.75663916104,-45.7705516532698
6177.02252819217,-45.7709267635502
6181.29136530798,-45.7713020336643
6185.56315254582,-45.7716774643103
6189.8378919445,-45.772053056187
6194.11558554418,-45.7724288099931
6198.39623538648,-45.7728047264277
6202.67984351439,-45.77318080619
6206.96641197235,-45.7735570499795
6211.25594280619,-45.773933458496
6215.54843806315,-45.7743100324392
6219.8438997919,-45.7746867725093
6224.14233004252,-45.7750636794067
6228.4437308665,-45.775440753832
6232.74810431677,-45.7758179964859
6237.05545244764,-45.7761954080695
6241.36577731488,-45.776572989284
6245.67908097564,-45.7769507408308
6249.99536548854,-45.7773286634118
6254.31463291359,-45.7777067577288
6258.63688531223,-45.7780850244839
6262.96212474732,-45.7784634643797
6267.29035328315,-45.7788420781186
6271.62157298545,-45.7792208664037
6275.95578592135,-45.779599829938
6280.29299415943,-45.7799789694247
6284.63319976969,-45.7803582855676
6288.97640482358,-45.7807377790704
6293.32261139394,-45.7811174506372
6297.67182155509,-45.7814973009723
6302.02403738275,-45.7818773307802
6306.37926095409,-45.7822575407657
6310.73749434771,-45.7826379316339
6315.09873964364,-45.78301850409
6319.46299892337,-45.7833992588395
6323.83027426981,-45.7837801965883
6328.20056776731,-45.7841613180423
6332.57388150166,-45.7845426239079
6336.9502175601,-45.7849241148915
6341.32957803131,-45.7853057916999
6345.71196500541,-45.7856876550403
6350.09738057396,-45.7860697056198
6354.48582682997,-45.7864519441461
6358.87730586791,-45.7868343713269
6363.27181978368,-45.7872169878703
6367.66937067462,-45.7875997944847
6372.06996063955,-45.7879827918786
6376.47359177872,-45.7883659807609
6380.88026619383,-45.7887493618407
6385.28998598803,-45.7891329358274
6389.70275326595,-45.7895167034306
6394.11857013364,-45.7899006653603
6398.53743869863,-45.7902848223267
6402.95936106989,-45.7906691750401
6407.38433935786,-45.7910537242115
6411.81237567442,-45.7914384705516
6416.24347213294,-45.7918234147719
6420.67763084822,-45.7922085575838
6425.11485393654,-45.7925938996992
6429.55514351564,-45.7929794418303
6433.99850170472,-45.7933651846893
6438.44493062444,-45.7937511289889
6442.89443239693,-45.7941372754421
6447.34700914579,-45.7945236247622
6451.80266299609,-45.7949101776625
6456.26139607435,-45.795296934857
6460.72321050859,-45.7956838970596
6465.18810842827,-45.7960710649848
6469.65609196435,-45.7964584393471
6474.12716324923,-45.7968460208616
6478.60132441682,-45.7972338102434
6483.07857760247,-45.7976218082082
6487.55892494302,-45.7980100154716
6492.04236857681,-45.7983984327498
6496.52891064362,-45.7987870607592
6501.01855328472,-45.7991759002164
6505.51129864288,-45.7995649518386
6510.00714886234,-45.799954216343
6514.5061060888,-45.8003436944471
6519.00817246946,-45.8007333868688
6523.51335015303,-45.8011232943264
6528.02164128965,-45.8015134175384
6532.53304803099,-45.8019037572235
6537.0475725302,-45.8022943141008
6541.56521694189,-45.8026850888898
6546.08598342219,-45.8030760823101
6550.60987412872,-45.8034672950819
6555.13689122057,-45.8038587279254
6559.66703685833,-45.8042503815612
6564.20031320409,-45.8046422567105
6568.73672242142,-45.8050343540943
6573.27626667541,-45.8054266744343
6577.81894813263,-45.8058192184524
6582.36476896114,-45.8062119868708
6586.91373133051,-45.8066049804121
6591.46583741181,-45.8069981997991
6596.0210893776,-45.807391645755
6600.57948940196,-45.8077853190033
6605.14103966045,-45.8081792202677
6609.70574233014,-45.8085733502725
6614.27359958963,-45.8089677097422
6618.84461361899,-45.8093622994014
6623.4187865998,-45.8097571199754
6627.99612071518,-45.8101521721895
6632.57661814973,-45.8105474567696
6637.16028108956,-45.8109429744417
6641.74711172231,-45.8113387259323
6646.3371122371,-45.8117347119683
6650.9302848246,-45.8121309332766
6655.52663167698,-45.8125273905847
6660.1261549879,-45.8129240846205
6664.72885695258,-45.8133210161119
6669.33473976772,-45.8137181857876
6673.94380563155,-45.8141155943762
6678.55605674384,-45.8145132426069
6683.17149530585,-45.8149111312092
6687.79012352037,-45.815309260913
6692.41194359172,-45.8157076324483
6697.03695772574,-45.8161062465456
6701.6651681298,-45.816505103936
6706.29657701278,-45.8169042053505
6710.93118658509,-45.8173035515206
6715.56899905868,-45.8177031431784
6720.21001664702,-45.8181029810561
6724.85424156512,-45.8185030658862
6729.5016760295,-45.8189033984018
6734.15232225822,-45.8193039793361
6738.8061824709,-45.8197048094229
6743.46325888865,-45.8201058893961
6748.12355373414,-45.8205072199902
6752.78706923157,-45.8209088019398
6757.45380760668,-45.8213106359802
6762.12377108676,-45.8217127228467
6766.7969619006,-45.8221150632753
6771.47338227858,-45.822517658002
6776.15303445259,-45.8229205077635
6780.83592065607,-45.8233236132967
6785.52204312401,-45.8237269753389
6790.21140409292,-45.8241305946277
6794.90400580089,-45.8245344719012
6799.59985048753,-45.8249386078978
6804.29894039402,-45.8253430033563
6809.00127776307,-45.8257476590158
6813.70686483895,-45.8261525756158
6818.41570386747,-45.8265577538962
6823.12779709602,-45.8269631945974
6827.8431467735,-45.8273688984599
6832.5617551504,-45.8277748662248
6837.28362447875,-45.8281810986335
6842.00875701214,-45.8285875964279
6846.73715500572,-45.82899436035
6851.46882071619,-45.8294013911424
6856.20375640182,-45.8298086895481
6860.94196432243,-45.8302162563104
6865.68344673941,-45.8306240921731
6870.4282059157,-45.8310321978801
6875.17624411582,-45.8314405741761
6879.92756360586,-45.8318492218059
6884.68216665345,-45.8322581415147
6889.4400555278,-45.8326673340483
6894.2012324997,-45.8330768001527
6898.9656998415,-45.8334865405744
6903.73345982711,-45.8338965560601
6908.50451473203,-45.8343068473573
6913.27886683332,-45.8347174152134
6918.05651840962,-45.8351282603765
6922.83747174114,-45.8355393835952
6927.62172910966,-45.8359507856182
6932.40929279856,-45.8363624671948
6937.20016509278,-45.8367744290746
6941.99434827883,-45.8371866720077
6946.79184464482,-45.8375991967446
6951.59265648043,-45.8380120040362
6956.39678607693,-45.8384250946336
6961.20423572717,-45.8388384692887
6966.01500772558,-45.8392521287535
6970.82910436818,-45.8396660737805
6975.64652795257,-45.8400803051227
6980.46728077796,-45.8404948235333
6985.29136514512,-45.8409096297662
6990.11878335643,-45.8413247245756
6994.94953771584,-45.8417401087159
6999.78363052892,-45.8421557829423
7004.62106410282,-45.8425717480101
7009.46184074628,-45.8429880046751
7014.30596276964,-45.8434045536938
7019.15343248483,-45.8438213958227
7024.0042522054,-45.844238531819
7028.85842424647,-45.8446559624402
7033.71595092477,-45.8450736884442
7038.57683455864,-45.8454917105896
7043.44107746801,-45.8459100296351
7048.30868197443,-45.8463286463399
7053.17965040104,-45.8467475614638
7058.05398507258,-45.8471667757668
7062.93168831541,-45.8475862900096
7067.81276245751,-45.8480061049531
7072.69720982842,-45.8484262213587
7077.58503275935,-45.8488466399883
7082.47623358308,-45.8492673616041
7087.37081463403,-45.849688386969
7092.26877824819,-45.8501097168461
7097.17012676322,-45.8505313519991
7102.07486251836,-45.8509532931918
7106.98298785447,-45.851375541189
7111.89450511404,-45.8517980967555
7116.80941664116,-45.8522209606567
7121.72772478157,-45.8526441336584
7126.64943188259,-45.853067616527
7131.57454029321,-45.8534914100292
7136.503052364,-45.8539155149321
7141.43497044717,-45.8543399320035
7146.37029689657,-45.8547646620113
7151.30903406767,-45.8551897057241
7156.25118431755,-45.855615063911
7161.19675000493,-45.8560407373414
7166.14573349018,-45.8564667267852
7171.09813713526,-45.8568930330128
7176.0539633038,-45.8573196567949
7181.01321436105,-45.8577465989029
7185.97589267389,-45.8581738601086
7190.94200061083,-45.8586014411841
7195.91154054204,-45.8590293429021
7200.8845148393,-45.8594575660358
7205.86092587605,-45.8598861113588
7210.84077602737,-45.8603149796451
7215.82406766996,-45.8607441716693
7220.81080318219,-45.8611736882064
7225.80098494406,-45.8616035300318
7230.79461533721,-45.8620336979216
7235.79169674493,-45.8624641926522
7240.79223155217,-45.8628950150003
7245.7962221455,-45.8633261657436
7250.80367091317,-45.8637576456596
7255.81458024505,-45.8641894555269
7260.8289525327,-45.8646215961242
7265.8467901693,-45.8650540682308
7270.8680955497,-45.8654868726264
7275.89287107039,-45.8659200100913
7280.92111912953,-45.8663534814062
7285.95284212693,-45.8667872873524
7290.98804246407,-45.8672214287114
7296.02672254408,-45.8676559062656
7301.06888477175,-45.8680907207976
7306.11453155353,-45.8685258730905
7311.16366529754,-45.868961363928
7316.21628841356,-45.8693971940942
7321.27240331304,-45.8698333643738
7326.3320124091,-45.8702698755518
7331.39511811651,-45.8707067284139
7336.46172285172,-45.8711439237462
7341.53182903285,-45.8715814623353
7346.6054390797,-45.8720193449683
7351.68255541372,-45.8724575724327
7356.76318045807,-45.8728961455168
7361.84731663753,-45.8733350650091
7366.9349663786,-45.8737743316986
7372.02613210944,-45.8742139463751
7377.12081625991,-45.8746539098285
7382.2190212615,-45.8750942228496
7387.32074954744,-45.8755348862294
7392.4260035526,-45.8759759007595
7397.53478571355,-45.8764172672322
7402.64709846854,-45.87685898644
7407.76294425749,-45.877301059176
7412.88232552204,-45.877743486234
7418.00524470549,-45.8781862684081
7423.13170425284,-45.878629406493
7428.26170661077,-45.879072901284
7433.39525422766,-45.8795167535766
7438.53234955359,-45.8799609641673
7443.67299504031,-45.8804055338526
7448.81719314127,-45.8808504634299
7453.96494631164,-45.8812957536971
7459.11625700826,-45.8817414054523
7464.27112768967,-45.8821874194944
7469.42956081613,-45.8826337966229
7474.59155884958,-45.8830805376375
7479.75712425367,-45.8835276433387
7484.92625949374,-45.8839751145274
7490.09896703686,-45.8844229520052
7495.27524935178,-45.8848711565739
7500.45510890896,-45.8853197290361
7505.63854818058,-45.8857686701949
7510.82556964053,-45.8862179808538
7516.01617576438,-45.886667661817
7521.21036902945,-45.8871177138891
7526.40815191474,-45.8875681378753
7531.60952690098,-45.8880189345814
7536.81449647062,-45.8884701048135
7542.0230631078,-45.8889216493786
7547.2352292984,-45.8893735690839
7552.45099753002,-45.8898258647373
7557.67037029196,-45.8902785371473
7562.89335007526,-45.8907315871228
7568.11993937266,-45.8911850154733
7573.35014067865,-45.891638823009
7578.58395648942,-45.8920930105403
7583.82138930289,-45.8925475788785
7589.06244161871,-45.8930025288352
7594.30711593827,-45.8934578612227
7599.55541476467,-45.8939135768538
7604.80734060274,-45.8943696765419
7610.06289595905,-45.8948261611008
7615.32208334191,-45.895283031345
7620.58490526134,-45.8957402880895
7625.85136422911,-45.89619793215
7631.12146275873,-45.8966559643425
7636.39520336543,-45.8971143854836
7641.6725885662,-45.8975731963908
7646.95362087974,-45.8980323978816
7652.23830282653,-45.8984919907746
7657.52663692876,-45.8989519758887
7662.81862571038,-45.8994123540433
7668.11427169707,-45.8998731260585
7673.41357741626,-45.900334292755
7678.71654539715,-45.9007958549538
7684.02317817064,-45.9012578134769
7689.33347826943,-45.9017201691464
7694.64744822794,-45.9021829227854
7699.96509058235,-45.9026460752172
7705.28640787058,-45.9031096272659
7710.61140263233,-45.9035735797561
7715.94007740903,-45.9040379335131
7721.27243474389,-45.9045026893626
7726.60847718185,-45.9049678481308
7731.94820726963,-45.9054334106448
7737.2916275557,-45.9058993777321
7742.6387405903,-45.9063657502206
7747.98954892542,-45.9068325289392
7753.34405511483,-45.9072997147169
7758.70226171405,-45.9077673083837
7764.06417128037,-45.9082353107699
7769.42978637285,-45.9087037227066
7774.79910955231,-45.9091725450252
7780.17214338136,-45.9096417785581
7785.54889042437,-45.9101114241379
7790.92935324747,-45.9105814825979
7796.31353441857,-45.9110519547722
7801.70143650736,-45.9115228414952
7807.09306208531,-45.9119941436021
7812.48841372566,-45.9124658619285
7817.88749400344,-45.9129379973108
7823.29030549542,-45.9134105505859
7828.69685078021,-45.9138835225912
7834.10713243815,-45.914356914165
7839.5211530514,-45.9148307261458
7844.93891520389,-45.9153049593729
7850.36042148132,-45.9157796146863
7855.78567447121,-45.9162546929265
7861.21467676283,-45.9167301949346
7866.64743094728,-45.9172061215522
7872.08393961742,-45.9176824736217
7877.52420536792,-45.918159251986
7882.96823079523,-45.9186364574887
7888.4160184976,-45.9191140909738
7893.86757107507,-45.9195921532861
7899.32289112949,-45.920070645271
7904.7819812645,-45.9205495677744
7910.24484408554,-45.9210289216429
7915.71148219984,-45.9215087077238
7921.18189821646,-45.9219889268647
7926.65609474622,-45.9224695799142
7932.1340744018,-45.9229506677213
7937.61583979764,-45.9234321911356
7943.10139354999,-45.9239141510074
7948.59073827694,-45.9243965481876
7954.08387659837,-45.9248793835277
7959.58081113595,-45.92536265788
7965.08154451319,-45.925846372097
7970.58607935542,-45.9263305270323
7976.09441828975,-45.9268151235399
7981.60656394513,-45.9273001624743
7987.12251895232,-45.9277856446908
7992.64228594391,-45.9282715710454
7998.16586755428,-45.9287579423946
8003.69326641966,-45.9292447595955
8009.2244851781,-45.929732023506
8014.75952646945,-45.9302197349843
8020.2983929354,-45.9307078948897
8025.84108721947,-45.9311965040817
8031.387611967,-45.9316855634207
8036.93796982516,-45.9321750737678
8042.49216344295,-45.9326650359843
8048.05019547119,-45.9331554509327
8053.61206856255,-45.9336463194757
8059.17778537152,-45.934137642477
8064.74734855445,-45.9346294208006
8070.32076076947,-45.9351216553114
8075.8980246766,-45.9356143468748
8081.47914293768,-45.9361074963569
8087.06411821639,-45.9366011046244
8092.65295317824,-45.9370951725448
8098.24565049061,-45.937589700986
8103.84221282269,-45.9380846908168
8109.44264284555,-45.9385801429065
8115.04694323206,-45.939076058125
8120.65511665699,-45.9395724373431
8126.26716579691,-45.9400692814319
8131.88309333028,-45.9405665912634
8137.50290193738,-45.9410643677103
8143.12659430036,-45.9415626116458
8148.75417310322,-45.9420613239438
8154.38564103181,-45.9425605054789
8160.02100077385,-45.9430601571263
8165.6602550189,-45.9435602797619
8171.30340645838,-45.9440608742622
8176.95045778558,-45.9445619415045
8182.60141169565,-45.9450634823667
8188.25627088561,-45.9455654977272
8193.91503805431,-45.9460679884654
8199.5777159025,-45.946570955461
8205.2443071328,-45.9470743995947
8210.91481444966,-45.9475783217476
8216.58924055943,-45.9480827228015
8222.26758817033,-45.9485876036392
8227.94985999243,-45.9490929651437
8233.6360587377,-45.9495988081991
8239.32618711997,-45.9501051336897
8245.02024785494,-45.950611942501
8250.7182436602,-45.9511192355188
8256.4201772552,-45.9516270136297
8262.12605136129,-45.952135277721
8267.83586870169,-45.9526440286806
8273.5496320015,-45.9531532673971
8279.26734398771,-45.95366299476
8284.98900738919,-45.9541732116592
8290.71462493671,-45.9546839189853
8296.44419936288,-45.9551951176297
8302.17773340227,-45.9557068084844
8307.91522979128,-45.9562189924423
8313.65669126824,-45.9567316703966
8319.40212057334,-45.9572448432416
8325.15152044868,-45.957758511872
8330.90489363827,-45.9582726771833
8336.66224288799,-45.9587873400716
8342.42357094564,-45.9593025014338
8348.1888805609,-45.9598181621676
8353.95817448534,-45.9603343231711
8359.73145547248,-45.9608509853432
8365.5087262777,-45.9613681495837
8371.28998965829,-45.9618858167928
8377.07524837346,-45.9624039878717
8382.86450518431,-45.9629226637219
8388.65776285387,-45.9634418452461
8394.45502414706,-45.9639615333472
8400.25629183072,-45.9644817289292
8406.06156867359,-45.9650024328965
8411.87085744635,-45.9655236461545
8417.68416092157,-45.966045369609
8423.50148187373,-45.9665676041667
8429.32282307926,-45.967090350735
8435.14818731649,-45.9676136102219
8440.97757736565,-45.9681373835362
8446.81099600895,-45.9686616715874
8452.64844603044,-45.9691864752857
8458.48993021616,-45.969711795542
8464.33545135404,-45.9702376332678
8470.18501223397,-45.9707639893756
8476.03861564774,-45.9712908647784
8481.89626438908,-45.9718182603899
8487.75796125364,-45.9723461771246
8493.62370903902,-45.9728746158977
8499.49351054473,-45.9734035776251
8505.36736857224,-45.9739330632234
8511.24528592495,-45.97446307361
8517.12726540818,-45.974993609703
8523.0133098292,-45.975524672421
8528.90342199723,-45.9760562626838
8534.79760472342,-45.9765883814114
8540.69586082087,-45.9771210295249
8546.59819310459,-45.9776542079459
8552.5046043916,-45.9781879175969
8558.41509750081,-45.9787221594009
8564.3296752531,-45.979256934282
8570.24834047131,-45.9797922431646
8576.17109598021,-45.980328086974
8582.09794460654,-45.9808644666365
8588.02888917898,-45.9814013830787
8593.96393252817,-45.9819388372281
8599.9030774867,-45.9824768300131
8605.84632688913,-45.9830153623626
8611.79368357198,-45.9835544352064
8617.74515037371,-45.9840940494749
8623.70073013476,-45.9846342060994
8629.66042569753,-45.9851749060117
8635.62423990638,-45.9857161501446
8641.59217560764,-45.9862579394316
8647.5642356496,-45.9868002748066
8653.54042288252,-45.9873431572048
8659.52074015864,-45.9878865875617
8665.50519033215,-45.9884305668137
8671.49377625925,-45.988975095898
8677.48650079807,-45.9895201757524
8683.48336680875,-45.9900658073156
8689.48437715338,-45.9906119915271
8695.48953469605,-45.9911587293268
8701.49884230281,-45.9917060216558
8707.51230284171,-45.9922538694556
8713.52991918276,-45.9928022736686
8719.55169419797,-45.993351235238
8725.57763076134,-45.9939007551077
8731.60773174883,-45.9944508342223
8737.64200003842,-45.9950014735272
8743.68043851006,-45.9955526739686
8749.72305004568,-45.9961044364933
8755.76983752922,-45.9966567620492
8761.82080384662,-45.9972096515845
8767.87595188579,-45.9977631060486
8773.93528453665,-45.9983171263913
8779.99880469112,-45.9988717135634
8786.06651524311,-45.9994268685164
8792.13841908853,-45.9999825922024
8798.2145191253,-46.0005388855746
8804.29481825334,-46.0010957495867
8810.37931937457,-46.0016531851932
8816.46802539292,-46.0022111933494
8822.56093921431,-46.0027697750115
8828.65806374671,-46.0033289311362
8834.75940190004,-46.0038886626812
8840.86495658629,-46.0044489706048
8846.97473071942,-46.0050098558663
8853.08872721542,-46.0055713194255
8859.20694899229,-46.0061333622432
8865.32939897007,-46.0066959852809
8871.45608007078,-46.0072591895007
8877.58699521849,-46.0078229758657
8883.72214733928,-46.0083873453398
8889.86153936124,-46.0089522988874
8896.0051742145,-46.0095178374741
8902.15305483121,-46.0100839620658
8908.30518414555,-46.0106506736296
8914.46156509373,-46.0112179731332
8920.62220061396,-46.011785861545
8926.78709364653,-46.0123543398343
8932.95624713372,-46.0129234089711
8939.12966401986,-46.0134930699264
8945.30734725133,-46.0140633236716
8951.4892997765,-46.0146341711794
8957.67552454583,-46.0152056134227
8963.86602451179,-46.0157776513757
8970.0608026289,-46.016350286013
8976.25986185372,-46.0169235183104
8982.46320514484,-46.017497349244
8988.67083546292,-46.0180717797911
8994.88275577065,-46.0186468109297
9001.09896903277,-46.0192224436384
9007.31947821606,-46.0197986788967
9013.54428628937,-46.0203755176851
9019.77339622359,-46.0209529609846
9026.00681099166,-46.0215310097771
9032.24453356859,-46.0221096650454
9038.48656693141,-46.0226889277729
9044.73291405926,-46.023268798944
9050.98357793331,-46.0238492795438
9057.23856153676,-46.0244303705582
9063.49786785493,-46.0250120729739
9069.76149987517,-46.0255943877785
9076.0294605869,-46.0261773159602
9082.3017529816,-46.0267608585082
9088.57838005283,-46.0273450164124
9094.85934479622,-46.0279297906635
9101.14465020945,-46.0285151822531
9107.43429929228,-46.0291011921736
9113.72829504657,-46.0296878214181
9120.02664047622,-46.0302750709805
9126.32933858721,-46.0308629418557
9132.63639238761,-46.0314514350392
9138.94780488757,-46.0320405515274
9145.26357909931,-46.0326302923175
9151.58371803715,-46.0332206584077
9157.90822471746,-46.0338116507966
9164.23710215871,-46.034403270484
9170.57035338148,-46.0349955184703
9176.9079814084,-46.0355883957569
9183.24998926422,-46.0361819033457
9189.59637997576,-46.0367760422398
9195.94715657193,-46.0373708134429
9202.30232208376,-46.0379662179595
9208.66187954435,-46.038562256795
9215.02583198889,-46.0391589309556
9221.39418245469,-46.0397562414484
9227.76693398115,-46.0403541892811
9234.14408960978,-46.0409527754626
9240.52565238415,-46.0415520010021
9246.91162535,-46.0421518669101
9253.30201155512,-46.0427523741977
9259.69681404943,-46.0433535238769
9266.09603588495,-46.0439553169604
9272.49968011582,-46.044557754462
9278.90774979827,-46.045160837396
9285.32024799068,-46.0457645667777
9291.7371777535,-46.0463689436233
9298.15854214931,-46.0469739689496
9304.58434424283,-46.0475796437745
9311.01458710087,-46.0481859691166
9317.44927379236,-46.0487929459953
9323.88840738837,-46.0494005754309
9330.33199096207,-46.0500088584445
9336.78002758879,-46.050617796058
9343.23252034593,-46.0512273892943
9349.68947231306,-46.0518376391769
9356.15088657187,-46.0524485467303
9362.61676620618,-46.0530601129798
9369.08711430193,-46.0536723389516
9375.56193394719,-46.0542852256725
9382.04122823217,-46.0548987741705
9388.52500024924,-46.0555129854742
9395.01325309287,-46.056127860613
9401.50598985969,-46.0567434006174
9408.00321364847,-46.0573596065185
9414.5049275601,-46.0579764793483
9421.01113469764,-46.0585940201397
9427.52183816629,-46.0592122299265
9434.03704107338,-46.0598311097431
9440.55674652839,-46.060450660625
9447.08095764297,-46.0610708836086
9453.6096775309,-46.0616917797308
9460.14290930812,-46.0623133500296
9466.68065609272,-46.0629355955438
9473.22292100495,-46.0635585173132
9479.7697071672,-46.0641821163782
9486.32101770404,-46.0648063937801
9492.87685574218,-46.0654313505613
9499.43722441052,-46.0660569877647
9506.00212684008,-46.0666833064343
9512.57156616409,-46.0673103076148
9519.1455455179,-46.0679379923519
9525.72406803907,-46.068566361692
9532.30713686729,-46.0691954166826
9538.89475514444,-46.0698251583718
9545.48692601458,-46.0704555878087
9552.08365262391,-46.0710867060432
9558.68493812085,-46.071718514126
9565.29078565595,-46.0723510131088
9571.90119838197,-46.0729842040441
9578.51617945383,-46.0736180879853
9585.13573202866,-46.0742526659866
9591.75985926571,-46.074887939103
9598.38856432648,-46.0755239083905
9605.02185037462,-46.076160574906
9611.65972057598,-46.076797939707
9618.30217809858,-46.0774360038521
9624.94922611265,-46.0780747684008
9631.6008677906,-46.0787142344133
9638.25710630704,-46.0793544029507
9644.91794483875,-46.0799952750751
9651.58338656475,-46.0806368518493
9658.25343466621,-46.081279134337
9664.92809232653,-46.0819221236029
9671.60736273129,-46.0825658207125
9678.29124906829,-46.083210226732
9684.97975452752,-46.0838553427288
9691.67288230117,-46.0845011697709
9698.37063558367,-46.0851477089273
9705.0730175716,-46.0857949612678
9711.7800314638,-46.0864429278631
9718.49168046129,-46.0870916097849
9725.20796776733,-46.0877410081055
9731.92889658736,-46.0883911238984
9738.65447012907,-46.0890419582377
9745.38469160233,-46.0896935121985
9752.11956421927,-46.0903457868568
9758.8590911942,-46.0909987832895
9765.60327574367,-46.0916525025742
9772.35212108646,-46.0923069457896
9779.10563044357,-46.0929621140151
9785.86380703821,-46.0936180083311
9792.62665409584,-46.0942746298188
9799.39417484414,-46.0949319795604
9806.16637251301,-46.0955900586389
9812.9432503346,-46.096248868138
9819.72481154328,-46.0969084091427
9826.51105937565,-46.0975686827386
9833.30199707058,-46.0982296900121
9840.09762786915,-46.0988914320508
9846.89795501467,-46.0995539099429
9853.70298175273,-46.1002171247775
9860.51271133112,-46.1008810776449
9867.3271469999,-46.1015457696358
9874.14629201138,-46.1022112018423
9880.97014962009,-46.1028773753569
9887.79872308285,-46.1035442912734
9894.63201565869,-46.1042119506862
9901.47003060892,-46.1048803546908
9908.31277119709,-46.1055495043833
9915.160240689,-46.1062194008611
9922.01244235275,-46.1068900452221
9928.86937945862,-46.1075614385654
9935.73105527922,-46.1082335819907
9942.5974730894,-46.1089064765988
9949.46863616626,-46.1095801234913
9956.34454778917,-46.1102545237708
9963.22521123978,-46.1109296785407
9970.110629802,-46.1116055889053
9977.00080676201,-46.1122822559698
9983.89574540824,-46.1129596808402
9990.79544903144,-46.1136378646237
9997.69992092458,-46.114316808428
10004.609164383,-46.114996513362
10011.5231827041,-46.1156769805353
10018.4419791878,-46.1163582110585
10025.3655571363,-46.1170402060431
10032.2939198538,-46.1177229666015
10039.2270706472,-46.1184064938469
10046.1650128252,-46.1190907888935
10053.1077496993,-46.1197758528564
10060.0552845828,-46.1204616868515
10067.0076207917,-46.1211482919957
10073.9647616441,-46.1218356694067
10080.9267104603,-46.1225238202033
10087.893470563,-46.123212745505
10094.8650452774,-46.1239024464322
10101.8414379306,-46.1245929241063
10108.8226518522,-46.1252841796496
10115.8086903742,-46.1259762141853
10122.7995568308,-46.1266690288375
10129.7952545585,-46.127362624731
10136.795786896,-46.1280570029918
10143.8011571845,-46.1287521647468
10150.8113687674,-46.1294481111235
10157.8264249905,-46.1301448432505
10164.8463292018,-46.1308423622574
10171.8710847516,-46.1315406692746
10178.9006949928,-46.1322397654334
10185.9351632801,-46.1329396518659
10192.974492971,-46.1336403297053
10200.0186874252,-46.1343418000857
10207.0677500044,-46.1350440641419
10214.1216840731,-46.1357471230098
10221.1804929979,-46.1364509778262
10228.2441801476,-46.1371556297287
10235.3127488935,-46.1378610798559
10242.3862026093,-46.1385673293472
10249.4645446708,-46.139274379343
10256.5477784562,-46.1399822309846
10263.6359073463,-46.1406908854143
10270.7289347239,-46.141400343775
10277.8268639743,-46.1421106072109
10284.929698485,-46.1428216768668
10292.037441646,-46.1435335538886
10299.1500968497,-46.1442462394231
10306.2676674905,-46.1449597346178
10313.3901569656,-46.1456740406215
10320.5175686742,-46.1463891585834
10327.649906018,-46.1471050896541
10334.7871724011,-46.1478218349849
10341.9293712298,-46.1485393957279
10349.0765059128,-46.1492577730363
10356.2285798612,-46.1499769680642
10363.3855964885,-46.1506969819664
10370.5475592105,-46.1514178158988
10377.7144714453,-46.1521394710183
10384.8863366134,-46.1528619484825
10392.0631581379,-46.15358524945
10399.2449394438,-46.1543093750803
10406.4316839588,-46.155034326534
10413.623395113,-46.1557601049722
10420.8200763387,-46.1564867115573
10428.0217310705,-46.1572141474525
10435.2283627457,-46.1579424138218
10442.4399748037,-46.1586715118303
10449.6565706864,-46.1594014426438
10456.8781538379,-46.1601322074292
10464.104727705,-46.1608638073543
10471.3362957366,-46.1615962435877
10478.5728613841,-46.1623295172991
10485.8144281012,-46.1630636296587
10493.0609993442,-46.1637985818383
10500.3125785716,-46.1645343750099
10507.5691692443,-46.1652710103469
10514.8307748256,-46.1660084890234
10522.0973987812,-46.1667468122146
10529.3690445794,-46.1674859810963
10536.6457156905,-46.1682259968456
10543.9274155874,-46.1689668606401
10551.2141477456,-46.1697085736588
10558.5059156427,-46.1704511370812
10565.8027227588,-46.1711945520879
10573.1045725765,-46.1719388198603
10580.4114685806,-46.172683941581
10587.7234142586,-46.1734299184332
10595.0404131001,-46.1741767516012
10602.3624685973,-46.1749244422701
10609.6895842447,-46.175672991626
10617.0217635395,-46.1764224008559
10624.3590099809,-46.1771726711476
10631.7013270708,-46.1779238036901
10639.0487183134,-46.1786757996731
10646.4011872155,-46.1794286602872
10653.758737286,-46.1801823867239
10661.1213720364,-46.1809369801759
10668.4890949808,-46.1816924418365
10675.8619096355,-46.1824487729
10683.2398195193,-46.1832059745617
10690.6228281534,-46.1839640480177
10698.0109390614,-46.1847229944652
10705.4041557696,-46.185482815102
10712.8024818063,-46.1862435111272
10720.2059207026,-46.1870050837405
10727.6144759919,-46.1877675341427
10735.0281512101,-46.1885308635355
10742.4469498953,-46.1892950731214
10749.8708755885,-46.1900601641039
10757.2999318327,-46.1908261376874
10764.7341221737,-46.1915929950774
10772.1734501594,-46.1923607374799
10779.6179193405,-46.1931293661022
10787.0675332699,-46.1938988821523
10794.5222955031,-46.1946692868392
10801.982209598,-46.1954405813729
10809.4472791149,-46.1962127669642
10816.9175076167,-46.1969858448247
10824.3928986687,-46.1977598161672
10831.8734558386,-46.1985346822052
10839.3591826966,-46.1993104441532
10846.8500828155,-46.2000871032266
10854.3461597703,-46.2008646606417
10861.8474171387,-46.2016431176157
10869.3538585009,-46.2024224753668
10876.8654874393,-46.203202735114
10884.382307539,-46.2039838980773
10891.9043223876,-46.2047659654776
10899.431535575,-46.2055489385366
10906.9639506938,-46.2063328184771
10914.5015713388,-46.2071176065227
10922.0444011076,-46.2079033038979
10929.5924436001,-46.2086899118282
10937.1457024188,-46.2094774315399
10944.7041811684,-46.2102658642603
10952.2678834565,-46.2110552112176
10959.8368128929,-46.2118454736409
10967.4109730901,-46.2126366527601
10974.9903676629,-46.2134287498062
10982.5750002287,-46.214221766011
10990.1648744074,-46.2150157026073
10997.7599938214,-46.2158105608286
11005.3603620956,-46.2166063419096
11012.9659828574,-46.2174030470856
11020.5768597367,-46.2182006775932
11028.192996366,-46.2189992346694
11035.81439638,-46.2197987195527
11043.4410634163,-46.2205991334819
11051.0730011149,-46.2214004776972
11058.7102131181,-46.2222027534395
11066.352703071,-46.2230059619504
11074.0004746211,-46.2238101044729
11081.6535314185,-46.2246151822505
11089.3118771155,-46.2254211965277
11096.9755153674,-46.22622814855
11104.6444498317,-46.2270360395637
11112.3186841685,-46.2278448708161
11119.9982220405,-46.2286546435554
11127.683067113,-46.2294653590304
11135.3732230535,-46.2302770184913
11143.0686935323,-46.2310896231889
11150.7694822223,-46.231903174375
11158.4755927988,-46.2327176733021
11166.1870289395,-46.2335331212239
11173.9037943251,-46.2343495193949
11181.6258926383,-46.2351668690703
11189.3533275647,-46.2359851715065
11197.0861027923,-46.2368044279606
11204.8242220118,-46.2376246396906
11212.5676889162,-46.2384458079556
11220.3165072013,-46.2392679340154
11228.0706805653,-46.2400910191306
11235.8302127091,-46.2409150645631
11243.5951073359,-46.2417400715752
11251.3653681517,-46.2425660414305
11259.140998865,-46.2433929753933
11266.9220031869,-46.2442208747287
11274.7083848309,-46.245049740703
11282.5001475132,-46.245879574583
11290.2972949526,-46.2467103776368
11298.0998308704,-46.2475421511331
11305.9077589904,-46.2483748963415
11313.7210830392,-46.2492086145327
11321.5398067458,-46.2500433069781
11329.3639338417,-46.2508789749501
11337.1934680612,-46.2517156197218
11345.0284131411,-46.2525532425674
11352.8687728207,-46.2533918447619
11360.7145508419,-46.2542314275813
11368.5657509493,-46.2550719923022
11376.42237689,-46.2559135402023
11384.2844324136,-46.2567560725602
11392.1519212726,-46.2575995906553
11400.0248472217,-46.2584440957679
11407.9032140184,-46.2592895891793
11415.7870254229,-46.2601360721713
11423.6762851978,-46.2609835460271
11431.5709971084,-46.2618320120304
11439.4711649225,-46.262681471466
11447.3767924107,-46.2635319256193
11455.287883346,-46.2643833757769
11463.2044415042,-46.2652358232261
11471.1264706635,-46.2660892692551
11479.0539746048,-46.266943715153
11486.9869571118,-46.2677991622097
11494.9254219704,-46.2686556117161
11502.8693729696,-46.2695130649637
11510.8188139006,-46.2703715232453
11518.7737485576,-46.2712309878541
11526.734180737,-46.2720914600846
11534.7001142381,-46.2729529412319
11542.6715528629,-46.2738154325919
11550.6485004158,-46.2746789354617
11558.6309607039,-46.2755434511389
11566.6189375371,-46.2764089809221
11574.6124347276,-46.2772755261109
11582.6114560905,-46.2781430880056
11590.6160054436,-46.2790116679074
11598.626086607,-46.2798812671183
11606.6417034037,-46.2807518869413
11614.6628596594,-46.2816235286801
11622.6895592022,-46.2824961936393
11630.721805863,-46.2833698831245
11638.7596034753,-46.284244598442
11646.8029558754,-46.285120340899
11654.8518669019,-46.2859971118034
11662.9063403965,-46.2868749124642
11670.9663802032,-46.2877537441912
11679.0319901688,-46.2886336082948
11687.1031741427,-46.2895145060866
11695.1799359772,-46.2903964388788
11703.2622795268,-46.2912794079845
11711.3502086491,-46.2921634147177
11719.4437272041,-46.2930484603932
11727.5428390547,-46.2939345463266
11735.6475480662,-46.2948216738344
11743.7578581068,-46.2957098442339
11751.8737730472,-46.2965990588432
11759.9952967608,-46.2974893189815
11768.1224331239,-46.2983806259684
11776.2551860153,-46.2992729811246
11784.3935593163,-46.3001663857716
11792.5375569112,-46.3010608412318
11800.6871826868,-46.3019563488283
11808.8424405327,-46.3028529098849
11817.0033343412,-46.3037505257267
11825.169868007,-46.304649197679
11833.3420454279,-46.3055489270684
11841.5198705042,-46.3064497152222
11849.7033471387,-46.3073515634684
11857.8924792374,-46.308254473136
11866.0872707084,-46.3091584455545
11874.287725463,-46.3100634820547
11882.493847415,-46.3109695839677
11890.7056404807,-46.3118767526258
11898.9231085796,-46.312784989362
11907.1462556334,-46.3136942955099
11915.3750855668,-46.3146046724043
11923.6096023071,-46.3155161213804
11931.8498097845,-46.3164286437745
11940.0957119317,-46.3173422409236
11948.3473126841,-46.3182569141655
11956.60461598,-46.3191726648386
11964.8676257603,-46.3200894942826
11973.1363459687,-46.3210074038375
11981.4107805516,-46.3219263948443
11989.690933458,-46.3228464686448
11997.9768086398,-46.3237676265816
12006.2684100515,-46.324689869998
12014.5657416506,-46.3256132002382
12022.8688073969,-46.326537618647
12031.1776112533,-46.3274631265703
12039.4921571853,-46.3283897253545
12047.8124491612,-46.3293174163469
12056.1384911519,-46.3302462008955
12064.4702871312,-46.3311760803492
12072.8078410755,-46.3321070560575
12081.1511569642,-46.3330391293709
12089.5002387791,-46.3339723016406
12097.855090505,-46.3349065742183
12106.2157161295,-46.3358419484568
12114.5821196427,-46.3367784257096
12122.9543050376,-46.3377160073308
12131.3322763101,-46.3386546946756
12139.7160374586,-46.3395944890994
12148.1055924844,-46.340535391959
12156.5009453916,-46.3414774046115
12164.902100187,-46.3424205284148
12173.3090608802,-46.3433647647279
12181.7218314835,-46.3443101149101
12190.1404160121,-46.3452565803218
12198.5648184839,-46.3462041623238
12206.9950429195,-46.347152862278
12215.4310933425,-46.3481026815468
12223.8729737791,-46.3490536214934
12232.3206882582,-46.3500056834818
12240.7742408117,-46.3509588688767
12249.2336354743,-46.3519131790435
12257.6988762832,-46.3528686153482
12266.1699672787,-46.3538251791579
12274.6469125037,-46.3547828718401
12283.129716004,-46.355741694763
12291.6183818281,-46.3567016492959
12300.1129140274,-46.3576627368083
12308.6133166561,-46.3586249586708
12317.119593771,-46.3595883162545
12325.6317494321,-46.3605528109314
12334.1497877017,-46.3615184440741
12342.6737126454,-46.3624852170559
12351.2035283313,-46.3634531312507
12359.7392388303,-46.3644221880334
12368.2808482163,-46.3653923887792
12376.8283605659,-46.3663637348644
12385.3817799586,-46.3673362276658
12393.9411104765,-46.3683098685607
12402.5063562049,-46.3692846589275
12411.0775212315,-46.3702606001449
12419.6546096472,-46.3712376935925
12428.2376255454,-46.3722159406506
12436.8265730225,-46.3731953427001
12445.4214561779,-46.3741759011225
12454.0222791135,-46.3751576173002
12462.6290459341,-46.3761404926159
12471.2417607476,-46.3771245284534
12479.8604276645,-46.3781097261969
12488.4850507981,-46.3790960872312
12497.1156342648,-46.380083612942
12505.7521821835,-46.3810723047156
12514.3946986764,-46.3820621639387
12523.043187868,-46.3830531919989
12531.6976538861,-46.3840453902845
12540.3581008611,-46.3850387601841
12549.0245329264,-46.3860333030874
12557.6969542182,-46.3870290203844
12566.3753688755,-46.3880259134658
12575.0597810402,-46.389023983723
12583.7501948572,-46.390023232548
12592.4466144741,-46.3910236613335
12601.1490440413,-46.3920252714726
12609.8574877122,-46.3930280643593
12618.5719496432,-46.394032041388
12627.2924339932,-46.3950372039539
12636.0189449244,-46.3960435534526
12644.7514866016,-46.3970510912805
12653.4900631924,-46.3980598188344
12662.2346788676,-46.399069737512
12670.9853378007,-46.4000808487112
12679.7420441681,-46.4010931538309
12688.5048021489,-46.4021066542703
12697.2736159255,-46.4031213514293
12706.0484896829,-46.4041372467084
12714.8294276089,-46.4051543415087
12723.6164338946,-46.4061726372317
12732.4095127335,-46.4071921352796
12741.2086683224,-46.4082128370553
12750.0139048608,-46.4092347439621
12758.825226551,-46.4102578574038
12767.6426375986,-46.411282178785
12776.4661422117,-46.4123077095106
12785.2957446015,-46.4133344509863
12794.1314489821,-46.4143624046181
12802.9732595704,-46.4153915718126
12811.8211805863,-46.4164219539772
12820.6752162527,-46.4174535525194
12829.5353707953,-46.4184863688477
12838.4016484427,-46.4195204043708
12847.2740534266,-46.4205556604979
12856.1525899813,-46.4215921386391
12865.0372623444,-46.4226298402046
12873.9280747562,-46.4236687666053
12882.82503146,-46.4247089192526
12891.728136702,-46.4257502995583
12900.6373947314,-46.426792908935
12909.5528098002,-46.4278367487954
12918.4743861635,-46.4288818205531
12927.4021280792,-46.4299281256217
12936.3360398083,-46.4309756654158
12945.2761256145,-46.4320244413501
12954.2223897648,-46.43307445484
12963.1748365288,-46.4341257073013
12972.1334701793,-46.4351782001502
12981.0982949919,-46.4362319348034
12990.0693152452,-46.4372869126782
12999.0465352208,-46.4383431351922
13008.0299592032,-46.4394006037634
13017.0195914799,-46.4404593198105
13026.0154363413,-46.4415192847523
13035.0174980809,-46.4425805000084
13044.0257809951,-46.4436429669986
13053.0402893831,-46.4447066871431
13062.0610275473,-46.4457716618627
13071.0879997931,-46.4468378925784
13080.1212104286,-46.4479053807119
13089.1606637651,-46.448974127685
13098.2063641169,-46.4500441349202
13107.2583158011,-46.4511154038402
13116.316523138,-46.4521879358681
13125.3809904507,-46.4532617324275
13134.4517220654,-46.4543367949423
13143.5287223112,-46.4554131248368
13152.6119955204,-46.4564907235357
13161.7015460279,-46.4575695924641
13170.797378172,-46.4586497330473
13179.8994962938,-46.4597311467112
13189.0079047375,-46.460813834882
13198.1226078501,-46.461897798986
13207.2436099818,-46.4629830404501
13216.3709154858,-46.4640695607016
13225.5045287182,-46.4651573611679
13234.6444540381,-46.4662464432768
13243.7906958079,-46.4673368084565
13252.9432583925,-46.4684284581356
13262.1021461604,-46.4695213937427
13271.2673634826,-46.4706156167071
13280.4389147334,-46.471711128458
13289.6168042902,-46.4728079304253
13298.8010365332,-46.4739060240389
13307.9916158457,-46.4750054107291
13317.1885466141,-46.4761060919264
13326.3918332277,-46.4772080690618
13335.6014800791,-46.4783113435662
13344.8174915635,-46.4794159168711
13354.0398720797,-46.4805217904081
13363.2686260289,-46.4816289656091
13372.503757816,-46.4827374439061
13381.7452718483,-46.4838472267316
13390.9931725367,-46.4849583155182
13400.2474642949,-46.4860707116986
13409.5081515395,-46.4871844167058
13418.7752386904,-46.4882994319733
13428.0487301705,-46.4894157589344
13437.3286304057,-46.4905333990227
13446.614943825,-46.4916523536722
13455.9076748604,-46.4927726243169
13465.206827947,-46.4938942123911
13474.5124075231,-46.4950171193291
13483.8244180298,-46.4961413465655
13493.1428639114,-46.4972668955351
13502.4677496154,-46.4983937676728
13511.7990795922,-46.4995219644136
13521.1368582953,-46.5006514871927
13530.4810901813,-46.5017823374455
13539.8317797099,-46.5029145166075
13549.1889313439,-46.5040480261141
13558.5525495492,-46.5051828674012
13567.9226387946,-46.5063190419045
13577.2992035522,-46.50745655106
13586.6822482971,-46.5085953963036
13596.0717775076,-46.5097355790715
13605.4677956649,-46.5108771007998
13614.8703072534,-46.5120199629248
13624.2793167607,-46.5131641668829
13633.6948286774,-46.5143097141103
13643.116847497,-46.5154566060436
13652.5453777166,-46.5166048441192
13661.9804238359,-46.5177544297736
13671.421990358,-46.5189053644435
13680.8700817891,-46.5200576495652
13690.3247026384,-46.5212112865755
13699.7858574183,-46.5223662769108
13709.2535506443,-46.5235226220079
13718.7277868349,-46.5246803233032
13728.208570512,-46.5258393822334
13737.6959062003,-46.5269998002349
13747.1897984279,-46.5281615787443
13756.6902517258,-46.529324719198
13766.1972706284,-46.5304892230324
13775.710859673,-46.5316550916839
13785.2310234001,-46.5328223265888
13794.7577663534,-46.5339909291832
13804.2910930796,-46.5351609009034
13813.8310081287,-46.5363322431853
13823.3775160538,-46.5375049574649
13832.9306214111,-46.538679045178
13842.49032876,-46.5398545077603
13852.056642663,-46.5410313466475
13861.6295676858,-46.5422095632749
13871.2091083972,-46.5433891590779
13880.7952693692,-46.5445701354916
13890.388055177,-46.545752493951
13899.9874703989,-46.5469362358911
13909.5935196163,-46.5481213627463
13919.2062074139,-46.5493078759511
13928.8255383795,-46.5504957769399
13938.4515171041,-46.5516850671467
13948.0841481819,-46.5528757480052
13957.7234362101,-46.5540678209491
13967.3693857893,-46.5552612874119
13977.0220015232,-46.5564561488265
13986.6812880186,-46.5576524066259
13996.3472498856,-46.5588500622427
14006.0198917375,-46.5600491171091
14015.6992181906,-46.5612495726573
14025.3852338646,-46.562451430319
14035.0779433822,-46.5636546915257
14044.7773513696,-46.5648593577084
14054.4834624558,-46.566065430298
14064.1962812733,-46.5672729107249
14073.9158124577,-46.5684818004192
14083.6420606478,-46.5696921008107
14093.3750304856,-46.5709038133289
14103.1147266163,-46.5721169394026
14112.8611536883,-46.5733314804606
14122.6143163533,-46.574547437931
14132.3742192662,-46.5757648132417
14142.140867085,-46.57698360782
14151.914264471,-46.578203823093
14161.6944160888,-46.579425460487
14171.481326606,-46.5806485214283
14181.2750006936,-46.5818730073423
14191.0754430258,-46.5830989196541
14200.8826582801,-46.5843262597884
14210.696651137,-46.5855550291693
14220.5174262805,-46.5867852292204
14230.3449883977,-46.5880168613648
14240.179342179,-46.5892499270249
14250.020492318,-46.5904844276228
14259.8684435114,-46.59172036458
14269.7232004595,-46.5929577393171
14279.5847678655,-46.5941965532545
14289.4531504361,-46.595436807812
14299.3283528811,-46.5966785044084
14309.2103799136,-46.5979216444622
14319.0992362499,-46.5991662293912
14328.9949266098,-46.6004122606126
14338.8974557159,-46.6016597395428
14348.8068282946,-46.6029086675975
14358.7230490752,-46.604159046192
14368.6461227903,-46.6054108767405
14378.576054176,-46.6066641606569
14388.5128479715,-46.6079188993539
14398.4565089192,-46.6091750942439
14408.4070417649,-46.6104327467382
14418.3644512577,-46.6116918582476
14428.3287421499,-46.6129524301819
14438.2999191972,-46.6142144639503
14448.2779871584,-46.6154779609609
14458.2629507957,-46.6167429226213
14468.2548148747,-46.618009350338
14478.2535841641,-46.6192772455169
14488.2592634359,-46.6205466095626
14498.2718574656,-46.6218174438793
14508.2913710319,-46.6230897498701
14518.3178089166,-46.624363528937
14528.3511759052,-46.6256387824813
14538.3914767861,-46.6269155119033
14548.4387163512,-46.6281937186023
14558.4928993959,-46.6294734039767
14568.5540307185,-46.6307545694237
14578.622115121,-46.6320372163398
14588.6971574085,-46.6333213461202
14598.7791623895,-46.6346069601591
14608.8681348757,-46.6358940598499
14618.9640796824,-46.6371826465845
14629.0670016279,-46.638472721754
14639.176905534,-46.6397642867484
14649.2937962259,-46.6410573429564
14659.4176785321,-46.6423518917658
14669.5485572842,-46.6436479345628
14679.6864373174,-46.644945472733
14689.8313234703,-46.6462445076603
14699.9832205845,-46.6475450407278
14710.1421335053,-46.6488470733169
14720.3080670812,-46.6501506068083
14730.481026164,-46.651455642581
14740.6610156089,-46.6527621820128
14750.8480402745,-46.6540702264804
14761.0421050228,-46.6553797773589
14771.243214719,-46.6566908360224
14781.4513742317,-46.6580034038432
14791.666588433,-46.6593174821925
14801.8888621983,-46.6606330724402
14812.1182004062,-46.6619501759545
14822.354607939,-46.6632687941023
14832.598089682,-46.6645889282491
14842.8486505243,-46.6659105797588
14853.1062953579,-46.6672337499939
14863.3710290786,-46.6685584403153
14873.6428565854,-46.6698846520824
14883.9217827806,-46.671212386653
14894.20781257,-46.6725416453835
14904.5009508629,-46.6738724296284
14914.8012025717,-46.6752047407408
14925.1085726125,-46.676538580072
14935.4230659046,-46.6778739489719
14945.7446873708,-46.6792108487884
14956.0734419372,-46.6805492808678
14966.4093345334,-46.6818892465547
14976.7523700923,-46.683230747192
14987.1025535504,-46.6845737841207
14997.4598898475,-46.68591835868
15007.8243839267,-46.6872644722073
15018.1960407347,-46.6886121260383
15028.5748652215,-46.6899613215066
15038.9608623406,-46.691312059944
15049.3540370488,-46.6926643426804
15059.7543943066,-46.6940181710438
15070.1619390775,-46.69537354636
15080.5766763288,-46.6967304699532
15090.9986110312,-46.6980889431451
15101.4277481585,-46.6994489672559
15111.8640926884,-46.7008105436031
15122.3076496017,-46.7021736735028
15132.7584238828,-46.7035383582683
15143.2164205194,-46.7049045992113
15153.6816445029,-46.706272397641
15164.1541008279,-46.7076417548645
15174.6337944926,-46.7090126721867
15185.1207304986,-46.7103851509103
15195.614913851,-46.7117591923354
15206.1163495581,-46.7131347977602
15216.6250426322,-46.7145119684804
15227.1409980885,-46.7158907057892
15237.6642209461,-46.7172710109775
15248.1947162272,-46.718652885334
15258.7324889578,-46.7200363301445
15269.2775441671,-46.7214213466927
15279.829886888,-46.7228079362596
15290.3895221567,-46.7241961001237
15300.956455013,-46.725585839561
15311.5306905001,-46.7269771558447
15322.1122336648,-46.7283700502454
15332.7010895573,-46.7297645240314
15343.2972632312,-46.7311605784678
15353.9007597439,-46.7325582148172
15364.5115841559,-46.7339574343396
15375.1297415314,-46.7353582382918
15385.7552369382,-46.7367606279281
15396.3880754474,-46.7381646044999
15407.0282621338,-46.7395701692555
15417.6758020755,-46.7409773234405
15428.3307003542,-46.7423860682974
15438.9929620552,-46.7437964050658
15449.6625922672,-46.7452083349823
15460.3395960825,-46.7466218592801
15471.0239785968,-46.7480369791897
15481.7157449095,-46.7494536959383
15492.4149001232,-46.75087201075
15503.1214493445,-46.7522919248454
15513.8353976832,-46.7537134394421
15524.5567502526,-46.7551365557545
15535.2855121698,-46.7565612749935
15546.0216885551,-46.7579875983665
15556.7652845327,-46.7594155270779
15567.51630523,-46.7608450623282
15578.2747557782,-46.7622762053148
15589.0406413119,-46.7637089572314
15599.8139669694,-46.765143319268
15610.5947378922,-46.7665792926113
15621.3829592259,-46.7680168784441
15632.1786361191,-46.7694560779456
15642.9817737243,-46.7708968922913
15653.7923771976,-46.7723393226529
15664.6104516983,-46.7737833701983
15675.4360023897,-46.7752290360913
15686.2690344384,-46.7766763214923
15697.1095530147,-46.7781252275572
15707.9575632922,-46.7795757554384
15718.8130704486,-46.7810279062838
15729.6760796647,-46.7824816812374
15740.546596125,-46.7839370814393
15751.4246250177,-46.7853941080251
15762.3101715345,-46.7868527621262
15773.2032408707,-46.7883130448698
15784.1038382253,-46.7897749573789
15795.0119688006,-46.7912385007718
15805.9276378028,-46.7927036761627
15816.8508504416,-46.7941704846611
15827.7816119302,-46.7956389273721
15838.7199274856,-46.797109005396
15849.6658023281,-46.7985807198289
15860.619241682,-46.8000540717617
15871.5802507749,-46.8015290622809
15882.5488348381,-46.8030056924682
15893.5249991067,-46.8044839634001
15904.508748819,-46.8059638761487
15915.5000892174,-46.8074454317807
15926.4990255475,-46.8089286313581
15937.5055630589,-46.8104134759377
15948.5197070045,-46.811899966571
15959.5414626411,-46.8133881043046
15970.5708352289,-46.8148778901796
15981.607830032,-46.816369325232
15992.6524523178,-46.8178624104923
16003.7047073577,-46.8193571469855
16014.7646004265,-46.8208535357312
16025.8321368026,-46.8223515777436
16036.9073217684,-46.8238512740308
16047.9901606095,-46.8253526255958
16059.0806586154,-46.8268556334353
16070.1788210794,-46.8283602985406
16081.284653298,-46.8298666218969
16092.3981605719,-46.8313746044835
16103.519348205,-46.8328842472735
16114.6482215052,-46.8343955512343
16125.7847857839,-46.8359085173267
16136.9290463562,-46.8374231465055
16148.0810085408,-46.8389394397191
16159.2406776603,-46.8404573979097
16170.4080590408,-46.8419770220129
16181.583158012,-46.8434983129576
16192.7659799076,-46.8450212716664
16203.9565300645,-46.846545899055
16215.1548138239,-46.8480721960324
16226.3608365301,-46.8496001635009
16237.5746035315,-46.8511298023557
16248.79612018,-46.852661113485
16260.0253918312,-46.85419409777
16271.2624238446,-46.8557287560846
16282.5072215831,-46.8572650892957
16293.7597904136,-46.8588030982627
16305.0201357065,-46.8603427838374
16316.2882628359,-46.8618841468645
16327.5641771799,-46.8634271881807
16338.8478841199,-46.8649719086153
16350.1393890414,-46.8665183089897
16361.4386973334,-46.8680663901175
16372.7458143886,-46.8696161528041
16384.0607456037,-46.8711675978472
16395.3834963787,-46.8727207260361
16406.7140721177,-46.8742755381518
16418.0524782284,-46.8758320349673
16429.3987201222,-46.8773902172467
16440.7528032142,-46.8789500857459
16452.1147329236,-46.880511641212
16463.4845146728,-46.8820748843833
16474.8621538882,-46.8836398159893
16486.2476560002,-46.8852064367507
16497.6410264425,-46.8867747473788
16509.0422706529,-46.8883447485759
16520.4513940727,-46.889916441035
16531.8684021473,-46.8914898254397
16543.2933003254,-46.893064902464
16554.7260940599,-46.8946416727724
16566.1667888072,-46.8962201370195
16577.6153900276,-46.8978002958501
16589.0719031851,-46.899382149899
16600.5363337475,-46.900965699791
16612.0086871865,-46.9025509461404
16623.4889689773,-46.9041378895514
16634.9771845992,-46.9057265306175
16646.473339535,-46.9073168699218
16657.9774392715,-46.9089089080364
16669.4894892993,-46.9105026455227
16681.0094951125,-46.912098082931
16692.5374622094,-46.9136952208005
16704.0733960919,-46.915294059659
16715.6173022656,-46.9168946000231
16727.1691862401,-46.9184968423975
16738.7290535287,-46.9201007872755
16750.2969096485,-46.9217064351382
16761.8727601205,-46.923313786455
16773.4566104695,-46.9249228416829
16785.048466224,-46.9265336012668
16796.6483329164,-46.9281460656389
16808.256216083,-46.9297602352188
16819.8721212638,-46.9313761104135
16831.4960540027,-46.9329936916168
16843.1280198474,-46.9346129792095
16854.7680243495,-46.9362339735592
16866.4160730642,-46.9378566750198
16878.072171551,-46.9394810839317
16889.7363253727,-46.9411072006216
16901.4085400964,-46.9427350254021
16913.0888212927,-46.9443645585715
16924.7771745363,-46.945995800414
16936.4736054056,-46.9476287511991
16948.178119483,-46.9492634111817
16959.8907223546,-46.9508997806017
16971.6114196105,-46.9525378596838
16983.3402168445,-46.9541776486376
16995.0771196544,-46.955819147657
17006.8221336419,-46.9574623569203
17018.5752644123,-46.9591072765898
17030.3365175752,-46.9607539068117
17042.1058987437,-46.962402247716
17053.883413535,-46.9640522994158
17065.6690675701,-46.9657040620077
17077.4628664739,-46.9673575355711
17089.2648158752,-46.9690127201684
17101.0749214066,-46.9706696158443
17112.8931887047,-46.972328222626
17124.71962341,-46.9739885405224
17136.5542311668,-46.9756505695247
17148.3970176234,-46.9773143096052
17160.247988432,-46.9789797607179
17172.1071492485,-46.9806469227976
17183.9745057331,-46.98231579576
17195.8500635496,-46.9839863795013
17207.7338283657,-46.9856586738981
17219.6258058533,-46.9873326788067
17231.5260016879,-46.9890083940635
17243.4344215491,-46.9906858194841
17255.3510711205,-46.9923649548632
17267.2759560893,-46.9940457999746
17279.209082147,-46.9957283545704
17291.1504549888,-46.9974126183811
17303.100080314,-46.9990985911152
17315.0579638258,-47.0007862724587
17327.0241112311,-47.0024756620751
17338.998528241,-47.0041667596047
17350.9812205706,-47.0058595646648
17362.9721939388,-47.0075540768486
17374.9714540683,-47.0092502957258
17386.9790066862,-47.0109482208413
17398.9948575232,-47.0126478517156
17411.0190123141,-47.0143491878441
17423.0514767975,-47.0160522286967
17435.0922567162,-47.0177569737177
17447.1413578168,-47.019463422325
17459.19878585,-47.0211715739101
17471.2645465703,-47.0228814278375
17483.3386457364,-47.0245929834446
17495.4210891107,-47.0263062400408
17507.51188246,-47.0280211969074
17519.6110315545,-47.0297378532972
17531.718542169,-47.0314562084341
17543.8344200819,-47.0331762615124
17555.9586710757,-47.0348980116966
17568.0913009368,-47.0366214581209
17580.2323154559,-47.0383465998887
17592.3817204273,-47.0400734360722
17604.5395216496,-47.0418019657119
17616.7057249253,-47.0435321878161
17628.880336061,-47.0452641013603
17641.0633608671,-47.0469977052869
17653.2548051581,-47.0487329985045
17665.4546747528,-47.0504699798877
17677.6629754735,-47.0522086482759
17689.8797131471,-47.0539490024737
17702.104893604,-47.0556910412496
17714.338522679,-47.0574347633355
17726.5806062107,-47.0591801674266
17738.8311500419,-47.0609272521805
17751.0901600194,-47.0626760162165
17763.357641994,-47.064426458115
17775.6336018205,-47.0661785764173
17787.9180453578,-47.0679323696246
17800.2109784689,-47.0696878361971
17812.5124070208,-47.0714449745542
17824.8223368846,-47.0732037830728
17837.1407739353,-47.0749642600875
17849.4677240521,-47.0767264038892
17861.8031931183,-47.0784902127248
17874.1471870212,-47.0802556847967
17886.4997116521,-47.0820228182612
17898.8607729066,-47.0837916112287
17911.230376684,-47.0855620617624
17923.608528888,-47.0873341678776
17935.9952354263,-47.089107927541
17948.3905022107,-47.0908833386697
17960.7943351569,-47.0926603991306
17973.2067401849,-47.0944391067393
17985.6277232188,-47.0962194592596
17998.0572901866,-47.0980014544021
18010.4954470206,-47.0997850898237
18022.9421996571,-47.1015703631266
18035.3975540364,-47.1033572718571
18047.8615161032,-47.1051458135051
18060.334091806,-47.1069359855027
18072.8152870976,-47.1087277852232
18085.3051079349,-47.1105212099805
18097.8035602787,-47.1123162570276
18110.3106500942,-47.1141129235556
18122.8263833507,-47.115911206693
18135.3507660214,-47.117711103504
18147.8838040838,-47.1195126109877
18160.4255035195,-47.121315726077
18172.9758703142,-47.123120445637
18185.5349104579,-47.1249267664643
18198.1026299444,-47.1267346852855
18210.6790347721,-47.1285441987556
18223.264130943,-47.1303553034575
18235.8579244638,-47.1321679958999
18248.460421345,-47.1339822725162
18261.0716276013,-47.1357981296632
18273.6915492517,-47.1376155636196
18286.3201923191,-47.1394345705847
18298.9575628309,-47.1412551466764
18311.6036668185,-47.1430772879304
18324.2585103172,-47.144900990298
18336.9220993671,-47.1467262496449
18349.5944400118,-47.1485530617494
18362.2755382995,-47.1503814223008
18374.9654002825,-47.1522113268975
18387.6640320172,-47.1540427710457
18400.3714395642,-47.155875750157
18413.0876289883,-47.1577102595469
18425.8126063587,-47.1595462944331
18438.5463777483,-47.1613838499332
18451.2889492348,-47.1632229210628
18464.0403268996,-47.1650635027339
18476.8005168285,-47.1669055897521
18489.5695251117,-47.1687491768151
18502.3473578432,-47.1705942585103
18515.1340211215,-47.1724408293125
18527.9295210493,-47.1742888835819
18540.7338637334,-47.1761384155614
18553.5470552849,-47.1779894193744
18566.3691018192,-47.1798418890223
18579.2000094556,-47.1816958183822
18592.0397843181,-47.1835512012039
18604.8884325345,-47.1854080311076
18617.7459602372,-47.1872663015812
18630.6123735625,-47.1891260059771
18643.4876786513,-47.1909871375099
18656.3718816483,-47.1928496892531
18669.2649887029,-47.1947136541364
18682.1670059685,-47.1965790249422
18695.0779396028,-47.1984457943028
18707.9977957676,-47.2003139546971
18720.9265806293,-47.2021834984472
18733.8643003584,-47.2040544177148
18746.8109611295,-47.2059267044983
18759.7665691216,-47.2078003506283
18772.7311305181,-47.2096753477648
18785.7046515064,-47.2115516873929
18798.6871382784,-47.2134293608189
18811.6785970303,-47.2153083591663
18824.6790339623,-47.2171886733722
18837.6884552792,-47.2190702941822
18850.70686719,-47.2209532121468
18863.7342759078,-47.2228374176164
18876.7706876502,-47.2247229007373
18889.8161086391,-47.2266096514463
18902.8705451005,-47.2284976594662
18915.934003265,-47.2303869143011
18929.0064893673,-47.2322774052307
18942.0880096464,-47.2341691213052
18955.1785703457,-47.2360620513404
18968.278177713,-47.2379561839111
18981.3868380001,-47.2398515073463
18994.5045574634,-47.2417480097229
19007.6313423636,-47.2436456788594
19020.7671989656,-47.2455445023101
19033.9121335388,-47.2474444673582
19047.0661523567,-47.2493455610096
19060.2292616974,-47.2512477699856
19073.4014678431,-47.2531510807162
19086.5827770805,-47.2550554793327
19099.7731957006,-47.2569609516601
19112.9727299988,-47.2588674832097
19126.1813862746,-47.2607750591709
19139.3991708323,-47.2626836644031
19152.6260899801,-47.2645932834273
19165.8621500309,-47.2665039004173
19179.1073573017,-47.2684154991908
19192.3617181141,-47.2703280631999
19205.6252387938,-47.2722415755222
19218.8979256713,-47.2741560188501
19232.179785081,-47.2760713754811
19245.4708233619,-47.2779876273074
19258.7710468574,-47.2799047558047
19272.0804619153,-47.2818227420214
19285.3990748877,-47.2837415665666
19298.7268921311,-47.2856612095986
19312.0639200064,-47.2875816508123
19325.4101648789,-47.2895028694267
19338.7656331184,-47.2914248441712
19352.130331099,-47.2933475532728
19365.5042651992,-47.2952709744413
19378.8874418019,-47.2971950848553
19392.2798672944,-47.2991198611467
19405.6815480686,-47.3010452793855
19419.0924905205,-47.3029713150635
19432.5127010508,-47.3048979430778
19445.9421860645,-47.3068251377133
19459.380951971,-47.3087528726252
19472.8290051842,-47.3106811208202
19486.2863521224,-47.3126098546377
19499.7529992084,-47.3145390457295
19513.2289528693,-47.3164686650398
19526.7142195367,-47.3183986827837
19540.2088056467,-47.3203290684248
19553.7127176398,-47.322259790653
19567.225961961,-47.3241908173604
19580.7485450596,-47.3261221156166
19594.2804733896,-47.3280536516433
19607.8217534093,-47.3299853907882
19621.3723915815,-47.3319172974968
19634.9323943735,-47.3338493352846
19648.5017682569,-47.335781466707
19662.080519708,-47.3377136533287
19675.6686552075,-47.3396458556919
19689.2661812405,-47.3415780332827
19702.8731042967,-47.3435101444971
19716.4894308702,-47.3454421466048
19730.1151674596,-47.3473739957119
19743.750320568,-47.3493056467221
19757.394896703,-47.3512370532965
19771.0489023767,-47.3531681678114
19784.7123441057,-47.3550989413148
19798.3852284112,-47.3570293234802
19812.0675618186,-47.3589592625601
19825.7593508582,-47.3608887053359
19839.4606020646,-47.3628175970667
19853.1713219768,-47.3647458814352
19866.8915171386,-47.3666735004924
19880.6211940982,-47.3686003945986
19894.3603594082,-47.3705265023626
19908.1090196259,-47.3724517605784
19921.8671813132,-47.3743761041585
19935.6348510362,-47.3762994660644
19949.4120353658,-47.3782217772347
19963.1987408774,-47.3801429665091
19976.994974151,-47.3820629605491
19990.8007417711,-47.3839816837557
20004.6160503266,-47.3858990581823
20018.4409064111,-47.3878150034446
20032.2753166228,-47.3897294366257
20046.1192875643,-47.3916422721767
20059.972825843,-47.3935534218127
20073.8359380706,-47.3954627944039
20087.7086308636,-47.3973702958617
20101.590910843,-47.3992758290182
20115.4827846341,-47.4011792935013
20129.3842588673,-47.4030805856024
20143.2953401772,-47.4049795981379
20157.216035203,-47.4068762203043
20171.1463505887,-47.4087703375248
20185.0862929828,-47.4106618312891
20199.0358690382,-47.4125505789844
20212.9950854127,-47.4144364537177
20226.9639487685,-47.4163193241288
20240.9424657726,-47.4181990541937
20254.9306430963,-47.4200755030168
20268.9284874157,-47.4219485246123
20282.9360054116,-47.4238179676742
20296.9532037693,-47.4256836753325
20310.9800891786,-47.4275454848973
20325.0166683342,-47.4294032275871
20339.0629479353,-47.4312567282433
20353.1189346857,-47.4331058050269
20367.1846352937,-47.4349502690993
20381.2600564726,-47.436789924283
20395.3452049399,-47.4386245667039
20409.4400874182,-47.440453984411
20423.5447106344,-47.4422779569746
20437.6590813201,-47.4440962550595
20451.7832062117,-47.4459086399718
20465.9170920502,-47.4477148631792
20480.0607455811,-47.4495146657997
20494.2141735549,-47.4513077780592
20508.3773827263,-47.453093918714
20522.550379855,-47.454872794437
20536.7331717054,-47.4566440991626
20550.9257650464,-47.4584075133901
20565.1281666516,-47.4601627034395
20579.3403832994,-47.4619093206585
20593.5624217728,-47.4636470005742
20607.7942888595,-47.4653753619878
20622.0359913519,-47.4670940060059
20636.287536047,-47.4688025150029
20650.5489297467,-47.4705004515113
20664.8201792574,-47.4721873570297
20679.1012913903,-47.4738627507464
20693.3922729613,-47.4755261281665
20707.693130791,-47.4771769596382
20722.0038717048,-47.4788146887666
20736.3245025326,-47.480438730706
20750.6550301093,-47.4820484703201
20764.9954612742,-47.4836432601969
20779.3458028716,-47.4852224185061
20793.7060617505,-47.4867852266828
20808.0762447645,-47.4883309269219
20822.456358772,-47.4898587194645
20836.8464106361,-47.4913677596558
20851.2464072247,-47.4928571547521
20865.6563554106,-47.4943259604511
20880.0762620709,-47.4957731771173
20894.506134088,-47.4971977456709
20908.9459783487,-47.4985985431051
20923.3958017445,-47.4999743775901
20937.8556111721,-47.5013239831218
20952.3254135324,-47.5026460136621
20966.8052157315,-47.503939036715
20981.2950246801,-47.5052015262738
20995.7948472937,-47.506431855067
21010.3046904926,-47.5076282860184
21024.8245612018,-47.5087889628288
21039.3544663512,-47.5099118995716
21053.8944128753,-47.5109949691783
21068.4444077137,-47.5120358906757
21083.0044578106,-47.5130322150119
21097.5745701149,-47.5139813092857
21112.1547515806,-47.5148803391681
21126.7450091661,-47.5157262492657
21141.3453498351,-47.5165157411422
21155.9557805556,-47.5172452486638
21170.5763083009,-47.517910910282
21185.2069400487,-47.5185085377987
21199.8476827817,-47.5190335810832
21214.4985434876,-47.5194810881148
21229.1595291587,-47.5198456596115
21243.8306467921,-47.5201213973712
21258.5119033899,-47.520301845282
21273.203305959,-47.5203799217617
21287.9048615111,-47.5203478421347
21302.6165770627,-47.5201970291552
21317.3384596352,-47.5199180095089
21332.0705162549,-47.5195002936612
21346.812753953,-47.5189322358391
21361.5651797653,-47.5182008702069
21376.3278007327,-47.5172917183751
21391.100623901,-47.5161885622143
21405.8836563206,-47.5148731744527
21420.6769050471,-47.5133249976132
21435.4803771408,-47.5115207593494
21450.2940796668,-47.5094340089817
21465.1180196952,-47.5070345557336
21479.9522043011,-47.5042877834536
21494.7966405642,-47.5011538089341
21509.6513355693,-47.497586440536
21524.516296406,-47.4935318795668
21539.3915301689,-47.4889270870936
21554.2770439575,-47.4836977111182
21569.1728448761,-47.4777554295609
21584.078940034,-47.4709945075018
21598.9953365453,-47.4632872835367
21613.9220415291,-47.4544781753846
21628.8590621094,-47.4443756052334
21643.8064054153,-47.4327409508882
21658.7640785805,-47.4192731610511
21673.7320887438,-47.4035869107456
21688.710443049,-47.3851808943365
21703.6991486448,-47.3633906387433
21718.6982126846,-47.3373162390055
21733.7076423271,-47.3057079565404
21748.7274447359,-47.2667779299398
21763.7576270792,-47.2178756095996
21778.7981965305,-47.1548960655401
21793.8491602683,-47.0711239040185
21808.9105254757,-46.9547660124609
21823.9822993411,-46.7830338575403
21839.0644890577,-46.5054342548168
21854.1571018238,-45.9832737410383
21869.2601448425,-44.6472450264937
21884.3736253221,-33.7636995038285
21899.4975504756,-53.077834178159
21914.6319275212,-50.0192557316886
21929.776763682,-49.176459926415
21944.9320661863,-48.7874203690167
21960.097842267,-48.5642772390204
21975.2740991622,-48.4200494135978
21990.4608441152,-48.3195015673428
22005.658084374,-48.2456543574385
22020.8658271918,-48.1893185657537
22036.0840798267,-48.1450876333645
22051.3128495418,-48.1095730540355
22066.5521436053,-48.0805432234779
22081.8019692905,-48.0564685567588
22097.0623338756,-48.0362655749562
22112.3332446438,-48.0191453286588
22127.6147088834,-48.0045196894954
22142.9067338877,-47.9919412777581
22158.2093269552,-47.9810637358634
22173.5224953892,-47.9716147380054
22188.8462464981,-47.9633772140128
22204.1805875956,-47.956176011708
22219.5255260001,-47.9498682446282
22234.8810690353,-47.9443361893959
22250.2472240298,-47.9394819801443
22265.6239983175,-47.9352235910104
22281.011399237,-47.9314917560561
22296.4094341324,-47.928227580982
22311.8181103526,-47.9253806719006
22327.2374352516,-47.9229076551204
22342.6674161885,-47.9207709958249
22358.1080605276,-47.9189380475272
22373.5593756381,-47.9173802813612
22389.0213688945,-47.9160726567287
22404.4940476762,-47.9149931039537
22419.9774193678,-47.9141220963559
22435.4714913591,-47.913442294218
22450.9762710447,-47.9129382469389
22466.4917658247,-47.9125961425729
22482.017983104,-47.912403596187
22497.5549302928,-47.9123494701933
22513.1026148063,-47.9124237211597
22528.661044065,-47.9126172686559
22544.2302254943,-47.9129218825217
22559.8101665249,-47.9133300856098
22575.4008745925,-47.9138350695787
22591.0023571381,-47.9144306217383
22606.6146216078,-47.9151110612921
22622.2376754528,-47.9158711835965
22637.8715261294,-47.9167062112859
22653.516181099,-47.917611751297
22669.1716478285,-47.9185837569771
22684.8379337896,-47.919618494589
22700.5150464593,-47.9207125136289
22716.2029933198,-47.9218626204592
22731.9017818584,-47.9230658548332
22747.6114195675,-47.9243194689481
22763.331913945,-47.9256209087139
22779.0632724935,-47.9269677969694
22794.8055027213,-47.9283579184141
22810.5586121415,-47.9297892060535
22826.3226082725,-47.9312597289839
22842.097498638,-47.9327676813659
22857.8832907668,-47.9343113724509
22873.679992193,-47.935889217549
22889.4876104557,-47.9374997298328
22905.3061530994,-47.9391415128898
22921.1356276737,-47.9408132539457
22936.9760417336,-47.9425137176864
22952.8274028391,-47.9442417406209
22968.6897185556,-47.9459962259292
22984.5629964535,-47.947776138746
23000.4472441088,-47.9495805018413
23016.3424691023,-47.9514083916551
23032.2486790204,-47.9532589346565
23048.1658814546,-47.9551313039943
23064.0940840015,-47.9570247164134
23080.0332942632,-47.9589384294124
23095.9835198469,-47.9608717386205
23111.9447683652,-47.9628239753742
23127.9170474358,-47.9647945044769
23143.9003646818,-47.9667827221243
23159.8947277313,-47.968788053983
23175.9001442181,-47.9708099534081
23191.9166217809,-47.9728478997877
23207.9441680639,-47.9749013970065
23223.9827907165,-47.9769699720151
23240.0324973933,-47.9790531734995
23256.0932957545,-47.9811505706409
23272.1651934651,-47.9832617519598
23288.2481981959,-47.9853863242374
23304.3423176227,-47.9875239115079
23320.4475594266,-47.9896741541174
23336.5639312942,-47.9918367078428
23352.6914409172,-47.9940112430684
23368.8300959929,-47.996197444013
23384.9799042235,-47.9983950080071
23401.1408733169,-48.0006036448138
23417.3130109862,-48.0028230759917
23433.4963249498,-48.0050530342971
23449.6908229314,-48.007293263121
23465.8965126601,-48.0095435159609
23482.1134018703,-48.0118035559226
23498.3414983019,-48.0140731552522
23514.5808096999,-48.0163520948944
23530.8313438148,-48.0186401640762
23547.0931084025,-48.0209371599145
23563.3661112241,-48.0232428870458
23579.6503600462,-48.025557157276
23595.9458626408,-48.0278797892501
23612.252626785,-48.0302106081398
23628.5706602616,-48.0325494453475
23644.8999708587,-48.0348961382275
23661.2405663696,-48.0372505298203
23677.5924545932,-48.0396124686024
23693.9556433337,-48.0419818082484
23710.3301404007,-48.0443584074056
23726.7159536091,-48.0467421294802
23743.1130907795,-48.0491328424345
23759.5215597375,-48.0515304185944
23775.9413683143,-48.053934734466
23792.3725243467,-48.056345670562
23808.8150356767,-48.0587631112363
23825.2689101516,-48.0611869445268
23841.7341556244,-48.0636170620058
23858.2107799534,-48.0660533586373
23874.6987910023,-48.0684957326418
23891.1981966403,-48.0709440853667
23907.7090047419,-48.0733983211636
23924.2312231874,-48.0758583472703
23940.7648598621,-48.0783240736993
23957.309922657,-48.0807954131309
23973.8664194685,-48.0832722808109
23990.4343581985,-48.0857545944537
24007.0137467543,-48.088242274149
24023.6045930486,-48.0907352422728
24040.2069049997,-48.093233423403
24056.8206905314,-48.0957367442376
24073.4459575728,-48.0982451335175
24090.0827140587,-48.1007585219516
24106.7309679291,-48.1032768421466
24123.3907271297,-48.1058000285377
24140.0619996117,-48.1083280173247
24156.7447933317,-48.1108607464083
24173.4391162519,-48.113398155331
24190.1449763399,-48.1159401852195
24206.8623815687,-48.1184867787298
24223.5913399172,-48.121037879994
24240.3318593694,-48.12359343457
24257.083947915,-48.1261533893931
24273.8476135493,-48.1287176927288
24290.622864273,-48.1312862941285
24307.4097080923,-48.1338591443861
24324.208153019,-48.1364361954968
24341.0182070705,-48.1390174006176
24357.8398782696,-48.1416027140288
24374.6731746448,-48.1441920910973
24391.51810423,-48.1467854882415
24408.3746750647,-48.1493828628971
24425.242895194,-48.1519841734846
24442.1227726686,-48.1545893793776
24459.0143155446,-48.1571984408728
24475.9175318838,-48.1598113191604
24492.8324297536,-48.1624279762966
24509.7590172268,-48.1650483751759
24526.6973023819,-48.1676724795056
24543.647293303,-48.1703002537801
24560.6089980798,-48.1729316632571
24577.5824248075,-48.1755666739339
24594.567581587,-48.1782052525251
24611.5644765247,-48.1808473664408
24628.5731177327,-48.1834929837654
24645.5935133285,-48.1861420732377
24662.6256714355,-48.188794604231
24679.6696001826,-48.1914505467343
24696.7253077042,-48.1941098713344
24713.7928021404,-48.1967725491977
24730.872091637,-48.1994385520538
24747.9631843454,-48.2021078521785
24765.0660884225,-48.2047804223782
24782.180812031,-48.2074562359746
24799.3073633392,-48.2101352667896
24816.445750521,-48.2128174891312
24833.595981756,-48.2155028777793
24850.7580652294,-48.2181914079726
24867.932009132,-48.2208830553952
24885.1178216605,-48.2235777961643
24902.3155110171,-48.2262756068179
24919.5250854096,-48.228976464303
24936.7465530515,-48.2316803459643
24953.9799221622,-48.2343872295328
24971.2252009664,-48.2370970931154
24988.4823976949,-48.2398099151845
25005.7515205838,-48.2425256745676
25023.0325778751,-48.2452443504379
25040.3255778166,-48.2479659223048
25057.6305286615,-48.2506903700046
25074.947438669,-48.2534176736914
25092.2763161038,-48.2561478138292
25109.6171692364,-48.2588807711826
25126.970006343,-48.2616165268095
25144.3348357056,-48.2643550620526
25161.7116656117,-48.2670963585322
25179.1005043549,-48.2698403981386
25196.501360234,-48.2725871630248
25213.9142415542,-48.2753366355998
25231.3391566258,-48.2780887985215
25248.7761137652,-48.2808436346903
25266.2251212945,-48.2836011272425
25283.6861875415,-48.2863612595445
25301.1593208398,-48.2891240151861
25318.6445295287,-48.2918893779754
25336.1418219534,-48.2946573319323
25353.6512064646,-48.2974278612836
25371.1726914191,-48.3002009504573
25388.7062851793,-48.3029765840771
25406.2519961133,-48.3057547469581
25423.8098325951,-48.3085354241009
25441.3798030045,-48.3113186006873
25458.961915727,-48.3141042620757
25476.5561791541,-48.3168923937961
25494.1626016827,-48.3196829815461
25511.781191716,-48.3224760111861
25529.4119576626,-48.3252714687355
25547.0549079372,-48.3280693403685
25564.71005096,-48.33086961241
25582.3773951573,-48.3336722713317
25600.0569489612,-48.3364773037485
25617.7487208095,-48.3392846964145
25635.4527191458,-48.34209443622
25653.1689524198,-48.3449065101871
25670.8974290867,-48.3477209054671
25688.6381576078,-48.3505376093368
25706.3911464501,-48.3533566091954
25724.1564040865,-48.356177892561
25741.9339389958,-48.3590014470682
25759.7237596627,-48.3618272604644
25777.5258745774,-48.3646553206072
25795.3402922366,-48.3674856154616
25813.1670211423,-48.3703181330971
25831.0060698026,-48.3731528616851
25848.8574467315,-48.3759897894959
25866.721160449,-48.3788289048967
25884.5972194806,-48.3816701963487
25902.4856323582,-48.3845136524044
25920.3864076191,-48.387359261706
25938.2995538069,-48.3902070129822
25956.2250794709,-48.3930568950464
25974.1629931663,-48.3959088967944
25992.1133034543,-48.398763007202
26010.0760189021,-48.4016192153231
26028.0511480824,-48.4044775102877
26046.0386995744,-48.4073378812995
26064.0386819629,-48.4102003176344
26082.0511038385,-48.4130648086379
26100.0759737982,-48.4159313437241
26118.1133004444,-48.418799912373
26136.1630923859,-48.4216705041291
26154.2253582372,-48.4245431085998
26172.3001066188,-48.4274177154533
26190.3873461571,-48.430294314417
26208.4870854846,-48.433172895276
26226.5993332397,-48.4360534478716
26244.7240980668,-48.4389359620991
26262.8613886162,-48.4418204279071
26281.0112135442,-48.4447068352953
26299.1735815131,-48.4475951743136
26317.3485011912,-48.45048543506
26335.5359812528,-48.4533776076798
26353.7360303781,-48.4562716823641
26371.9486572535,-48.4591676493478
26390.1738705711,-48.4620654989094
26408.4116790293,-48.4649652213688
26426.6620913324,-48.4678668070862
26444.9251161907,-48.4707702464614
26463.2007623204,-48.4736755299318
26481.489038444,-48.4765826479719
26499.7899532898,-48.4794915910917
26518.1035155922,-48.4824023498355
26536.4297340918,-48.4853149147815
26554.7686175348,-48.4882292765396
26573.120174674,-48.4911454257514
26591.4844142679,-48.4940633530885
26609.861345081,-48.4969830492515
26628.2509758842,-48.4999045049694
26646.6533154541,-48.5028277109983
26665.0683725736,-48.5057526581204
26683.4961560315,-48.5086793371433
26701.9366746229,-48.5116077388988
26720.3899371487,-48.5145378542423
26738.8559524161,-48.5174696740516
26757.3347292382,-48.5204031892261
26775.8262764344,-48.5233383906862
26794.3306028301,-48.5262752693723
26812.8477172568,-48.5292138162437
26831.377628552,-48.5321540222783
26849.9203455594,-48.5350958784715
26868.4758771289,-48.5380393758354
26887.0442321165,-48.5409845053984
26905.625419384,-48.5439312582038
26924.2194477998,-48.5468796253098
26942.8263262381,-48.5498295977884
26961.4460635794,-48.5527811667245
26980.0786687102,-48.5557343232158
26998.7241505233,-48.5586890583716
27017.3825179175,-48.5616453633123
27036.0537797978,-48.564603229169
27054.7379450754,-48.5675626470824
27073.4350226676,-48.5705236082024
27092.1450214979,-48.5734861036879
27110.8679504959,-48.5764501247052
27129.6038185975,-48.5794156624286
27148.3526347446,-48.5823827080388
27167.1144078855,-48.5853512527231
27185.8891469745,-48.5883212876743
27204.6768609722,-48.5912928040903
27223.4775588452,-48.5942657931739
27242.2912495666,-48.5972402461319
27261.1179421155,-48.6002161541744
27279.9576454772,-48.6031935085151
27298.8103686432,-48.6061723003698
27317.6761206115,-48.6091525209566
27336.5549103858,-48.6121341614953
27355.4467469765,-48.6151172132066
27374.3516394,-48.618101667312
27393.269596679,-48.6210875150334
27412.2006278422,-48.6240747475922
27431.144741925,-48.6270633562092
27450.1019479687,-48.6300533321042
27469.0722550209,-48.6330446664954
27488.0556721355,-48.6360373505991
27507.0522083727,-48.6390313756293
27526.0618727988,-48.6420267327972
27545.0846744865,-48.645023413311
27564.1206225148,-48.6480214083752
27583.1697259689,-48.6510207091905
27602.2319939403,-48.6540213069534
27621.3074355268,-48.6570231928558
27640.3960598324,-48.6600263580844
27659.4978759675,-48.6630307938209
27678.6128930487,-48.6660364912409
27697.741120199,-48.6690434415143
27716.8825665477,-48.6720516358047
27736.0372412302,-48.6750610652688
27755.2051533886,-48.6780717210564
27774.386312171,-48.68108359431
27793.5807267319,-48.6840966761645
27812.7884062321,-48.6871109577469
27832.0093598389,-48.6901264301758
27851.2435967258,-48.6931430845616
27870.4911260726,-48.6961609120057
27889.7519570654,-48.6991799036004
27909.026098897,-48.7022000504289
27928.313560766,-48.7052213435644
27947.6143518779,-48.7082437740706
27966.9284814442,-48.7112673330008
27986.255958683,-48.714292011398
28005.5967928184,-48.7173178002945
28024.9509930814,-48.7203446907117
28044.3185687089,-48.72337267366
28063.6995289446,-48.7264017401383
28083.0938830382,-48.7294318811339
28102.501640246,-48.7324630876224
28121.9228098308,-48.7354953505672
28141.3574010615,-48.7385286609194
28160.8054232137,-48.7415630096179
28180.2668855692,-48.7445983875886
28199.7417974163,-48.7476347857448
28219.2301680498,-48.7506721949863
28238.7320067708,-48.7537106062
28258.2473228869,-48.7567500102592
28277.7761257121,-48.7597903980235
28297.3184245667,-48.7628317603387
28316.8742287778,-48.7658740880364
28336.4435476785,-48.7689173719344
28356.0263906088,-48.7719616028356
28375.6227669148,-48.7750067715288
28395.2326859492,-48.7780528687879
28414.8561570711,-48.781099885372
28434.4931896463,-48.784147812025
28454.1437930467,-48.787196639476
28473.807976651,-48.7902463584384
28493.4857498442,-48.7932969596104
28513.1771220178,-48.7963484336745
28532.8821025699,-48.7994007712975
28552.600700905,-48.8024539631302
28572.3329264342,-48.8055079998076
28592.0787885748,-48.8085628719486
28611.8382967511,-48.8116185701556
28631.6114603935,-48.8146750850149
28651.398288939,-48.8177324070961
28671.1987918314,-48.8207905269524
28691.0129785206,-48.8238494351203
28710.8408584634,-48.8269091221194
28730.6824411228,-48.8299695784525
28750.5377359688,-48.8330307946054
28770.4067524774,-48.8360927610467
28790.2895001315,-48.8391554682281
28810.1859884204,-48.8422189065836
28830.0962268402,-48.8452830665304
28850.0202248933,-48.8483479384679
28869.9579920886,-48.8514135127782
28889.909537942,-48.8544797798258
28909.8748719755,-48.8575467299574
28929.8540037179,-48.8606143535024
28949.8469427047,-48.863682640772
28969.8536984777,-48.86675158206
28989.8742805855,-48.8698211676422
29009.9086985833,-48.8728913877763
29029.9569620328,-48.8759622327023
29050.0190805023,-48.8790336926421
29070.0950635669,-48.8821057577996
29090.1849208082,-48.8851784183608
29110.2886618143,-48.8882516644932
29130.40629618,-48.8913254863466
29150.537833507,-48.8943998740525
29170.6832834031,-48.8974748177242
29190.8426554833,-48.9005503074568
29211.0159593689,-48.9036263333275
29231.2032046879,-48.9067028853948
29251.4044010751,-48.9097799536996
29271.6195581717,-48.9128575282641
29291.8486856258,-48.9159355990926
29312.0917930921,-48.9190141561713
29332.3488902319,-48.9220931894679
29352.6199867132,-48.9251726889322
29372.9050922108,-48.928252644496
29393.204216406,-48.9313330460726
29413.517368987,-48.9344138835577
29433.8445596486,-48.9374951468286
29454.1857980921,-48.9405768257449
29474.5410940258,-48.9436589101479
29494.9104571647,-48.9467413898615
29515.2938972302,-48.9498242546913
29535.6914239508,-48.9529074944253
29556.1030470614,-48.9559910988339
29576.528776304,-48.9590750576697
29596.9686214269,-48.9621593606677
29617.4225921854,-48.9652439975454
29637.8906983416,-48.9683289580031
29658.3729496641,-48.9714142317235
29678.8693559284,-48.9744998083722
29699.3799269169,-48.9775856775977
29719.9046724184,-48.9806718290312
29740.4436022288,-48.9837582522874
29760.9967261506,-48.986844936964
29781.5640539931,-48.9899318726418
29802.1455955725,-48.9930190488854
29822.7413607115,-48.9961064552428
29843.3513592398,-48.9991940812457
29863.975600994,-49.0022819164098
29884.6140958172,-49.0053699502347
29905.2668535595,-49.0084581722042
29925.9338840778,-49.0115465717864
29946.6151972358,-49.0146351384341
29967.310802904,-49.0177238615846
29988.0207109596,-49.0208127306602
30008.7449312868,-49.0239017350683
30029.4834737766,-49.0269908642015
30050.2363483268,-49.0300801074379
30071.0035648421,-49.0331694541414
30091.7851332338,-49.0362588936617
30112.5810634205,-49.0393484153349
30133.3913653272,-49.0424380084834
30154.216048886,-49.0455276624161
30175.0551240359,-49.0486173664292
30195.9086007226,-49.0517071098058
30216.7764888988,-49.0547968818166
30237.658798524,-49.05788667172
30258.5555395647,-49.0609764687628
30279.4667219942,-49.0640662621797
30300.3923557926,-49.0671560411943
30321.3324509471,-49.0702457950196
30342.2870174517,-49.0733355128573
30363.2560653073,-49.0764251838995
30384.2396045216,-49.0795147973279
30405.2376451095,-49.0826043423151
30426.2501970926,-49.0856938080242
30447.2772704994,-49.0887831836099
30468.3188753656,-49.0918724582184
30489.3750217335,-49.094961620988
30510.4457196525,-49.0980506610498
30531.5309791789,-49.1011395675277
30552.6308103762,-49.1042283295394
30573.7452233144,-49.1073169361962
30594.8742280707,-49.1104053766042
30616.0178347295,-49.1134936398645
30637.1760533816,-49.1165817150737
30658.3488941255,-49.1196695913246
30679.5363670659,-49.1227572577068
30700.738482315,-49.1258447033069
30721.955249992,-49.1289319172097
30743.1866802228,-49.1320188884985
30764.4327831404,-49.1351056062558
30785.693568885,-49.138192059564
30806.9690476036,-49.141278237506
30828.2592294502,-49.1443641291661
30849.5641245859,-49.1474497236306
30870.8837431789,-49.1505350099889
30892.2180954043,-49.1536199773335
30913.5671914442,-49.1567046147619
30934.9310414879,-49.1597889113766
30956.3096557316,-49.1628728562863
30977.7030443786,-49.1659564386069
30999.1112176392,-49.1690396474623
31020.5341857309,-49.1721224719853
31041.971958878,-49.1752049013188
31063.4245473122,-49.1782869246168
31084.8919612719,-49.1813685310454
31106.374211003,-49.1844497097837
31127.8713067581,-49.1875304500254
31149.3832587971,-49.1906107409798
31170.9100773869,-49.193690571873
31192.4517728016,-49.1967699319489
31214.0083553222,-49.199848810471
31235.579835237,-49.2029271967237
31257.1662228413,-49.2060050800132
31278.7675284377,-49.2090824496695
31300.3837623356,-49.2121592950479
31322.0149348517,-49.2152356055301
31343.66105631,-49.2183113705263
31365.3221370413,-49.2213865794766
31386.9981873838,-49.2244612218531
31408.6892176827,-49.2275352871612
31430.3952382904,-49.2306087649418
31452.1162595665,-49.2336816447732
31473.8522918777,-49.2367539162733
31495.6033455977,-49.2398255691011
31517.3694311078,-49.2428965929596
31539.1505587961,-49.2459669775975
31560.946739058,-49.2490367128121
31582.7579822961,-49.2521057884509
31604.5842989202,-49.2551741944151
31626.4256993472,-49.2582419206614
31648.2821940013,-49.2613089572052
31670.1537933138,-49.2643752941234
31692.0405077234,-49.2674409215571
31713.9423476758,-49.2705058297148
31735.8593236241,-49.2735700088759
31757.7914460285,-49.2766334493932
31779.7387253563,-49.2796961416974
31801.7011720824,-49.2827580762998
31823.6787966887,-49.2858192437967
31845.6716096643,-49.2888796348726
31867.6796215057,-49.2919392403052
31889.7028427166,-49.2949980509686
31911.7412838078,-49.2980560578385
31933.7949552977,-49.3011132519966
31955.8638677117,-49.3041696246351
31977.9480315824,-49.307225167062
32000.0474574501,-49.3102798707064
32022.1621558619,-49.3133337271236
32044.2921373724,-49.3163867280014
32066.4374125437,-49.3194388651654
32088.5979919448,-49.3224901305857
32110.7738861522,-49.3255405163831
32132.9651057498,-49.3285900148362
32155.1716613287,-49.3316386183884
32177.3935634873,-49.3346863196554
32199.6308228314,-49.3377331114329
32221.883449974,-49.340778986705
32244.1514555357,-49.3438239386527
32266.4348501442,-49.3468679606626
32288.7336444345,-49.3499110463368
32311.0478490492,-49.3529531895028
32333.3774746381,-49.3559943842232
32355.7225318583,-49.3590346248075
32378.0830313744,-49.3620739058231
32400.4589838583,-49.3651122221071
32422.8503999893,-49.3681495687796
32445.2572904541,-49.3711859412564
32467.6796659467,-49.3742213352635
32490.1175371686,-49.3772557468515
32512.5709148285,-49.3802891724112
32535.0398096428,-49.3833216086899
32557.5242323351,-49.3863530528092
32580.0241936364,-49.3893835022821
32602.5397042853,-49.3924129550334
32625.0707750275,-49.3954414094192
32647.6174166165,-49.3984688642483
32670.1796398129,-49.4014953188053
32692.7574553851,-49.4045207728742
32715.3508741085,-49.4075452267636
32737.9599067663,-49.4105686813338
32760.584564149,-49.4135911380248
32783.2248570547,-49.4166125988868
32805.8807962886,-49.4196330666115
32828.5523926639,-49.4226525445665
32851.2396570008,-49.4256710368308
32873.9426001272,-49.428688548233
32896.6612328784,-49.4317050843919
32919.3955660974,-49.4347206517596
32942.1456106344,-49.4377352576673
32964.9113773472,-49.4407489103742
32987.6928771013,-49.4437616191193
33010.4901207694,-49.4467733941775
33033.3031192319,-49.4497842469181
33056.1318833766,-49.4527941898687
33078.9764240991,-49.4558032367823
33101.8367523021,-49.4588114027101
33124.7128788962,-49.4618187040783
33147.6048147994,-49.4648251587716
33170.5125709372,-49.4678307862218
33193.4361582427,-49.470835607503
33216.3755876566,-49.4738396454343
33239.3308701271,-49.4768429246897
33262.3020166099,-49.4798454719166
33285.2890380685,-49.4828473158632
33308.2919454737,-49.4858484875157
33331.3107498041,-49.488849020247
33354.3454620457,-49.4918489499762
33377.3960931924,-49.4948483153419
33400.4626542452,-49.4978471578892
33423.5451562133,-49.5008455222724
33446.6436101129,-49.5038434564748
33469.7580269683,-49.5068410120473
33492.8884178112,-49.5098382443678
33516.034793681,-49.512835212923
33539.1971656246,-49.515831981616
33562.3755446966,-49.5188286191012
33585.5699419593,-49.5218251991505
33608.7803684827,-49.5248218010536
33632.0068353442,-49.5278185100562
33655.2493536291,-49.5308154178407
33678.5079344303,-49.5338126230538
33701.7825888482,-49.5368102318872
33725.0733279911,-49.5398083587166
33748.3801629749,-49.5428071268075
33771.7031049231,-49.5458066690939
33795.0421649671,-49.5488071290416
33818.3973542456,-49.5518086616044
33841.7686839055,-49.5548114342867
33865.156165101,-49.5578156283262
33888.5598089942,-49.5608214400127
33911.9796267549,-49.5638290821613
33935.4156295605,-49.5668387857622
33958.8678285963,-49.5698508018324
33982.3362350552,-49.5728654034975
34005.8208601379,-49.575882888339
34029.3217150528,-49.5789035810469
34052.8388110161,-49.5819278364249
34076.3721592517,-49.5849560428047
34099.9217709913,-49.5879886259344
34123.4876574742,-49.5910260534217
34147.0698299478,-49.5940688398253
34170.6682996669,-49.5971175525068
34194.2830778944,-49.6001728183812
34217.9141759008,-49.6032353317294
34241.5616049644,-49.6063058632733
34265.2253763712,-49.6093852707584
34288.9055014154,-49.6124745113446
34312.6019913985,-49.6155746561754
34336.3148576301,-49.6186869075868
34360.0441114276,-49.62181261953
34383.7897641161,-49.6249533219326
34407.5518270287,-49.6281107499111
34431.3303115061,-49.6312868790034
34455.125228897,-49.6344839679177
34478.936590558,-49.6377046107388
34502.7644078534,-49.6409518011265
34526.6086921554,-49.6442290118462
34550.4694548441,-49.6475402940826
34574.3467073074,-49.650890402524
34598.2404609412,-49.6542849543729
34622.150727149,-49.6577306335255
34646.0775173426,-49.6612354556318
34670.0208429413,-49.664809116323
34693.9807153725,-49.668463454728
34717.9571460714,-49.6722130794082
34741.9501464812,-49.6760762272217
34765.9597280529,-49.6800759629245
34789.9859022454,-49.684241888371
34814.0286805258,-49.688612633096
34838.0880743687,-49.6932395773565
34862.1640952568,-49.698192583019
34886.256754681,-49.7035691201468
34910.3660641397,-49.7095093933739
34934.4920351396,-49.7162226345998
34958.6346791952,-49.7240355243927
34982.7940078289,-49.733488003837
35006.9700325712,-49.7455410919001
35031.1627649604,-49.762086226953
35055.372216543,-49.7874279769916
35079.5983988733,-49.8339094628863
35103.8413235137,-49.9564315969057
35128.1010020344,-41.4435564848118
35152.3774460138,-49.3803708761905
35176.6706670382,-49.5541160605552
35200.9806767021,-49.6100952073733
35225.3074866076,-49.6387469174827
35249.6511083652,-49.6568067424852
35274.0115535932,-49.6696639540023
35298.3888339182,-49.6795817786546
35322.7829609745,-49.6876765625769
35347.1939464046,-49.694562458836
35371.6218018591,-49.7006052374109
35396.0665389966,-49.7060363084225
35420.5281694837,-49.7110092197615
35445.0067049952,-49.7156298598239
35469.5021572137,-49.7199736144791
35494.0145378302,-49.7240956105939
35518.5438585436,-49.728037091519
35543.090131061,-49.7318295276094
35567.6533670973,-49.7354973480319
35592.2335783759,-49.7390598047865
35616.830776628,-49.7425322743659
35641.4449735931,-49.7459271855087
35666.0761810187,-49.7492546926245
35690.7244106603,-49.7525231726757
35715.3896742819,-49.7557395972488
35740.0719836552,-49.7589098149228
35764.7713505604,-49.762038768188
35789.4877867856,-49.7651306619581
35814.2213041271,-49.7681890958237
35838.9719143894,-49.771217168836
35863.7396293851,-49.7742175632528
35888.524460935,-49.7771926120163
35913.3264208682,-49.7801443535329
35938.1455210216,-49.7830745764591
35962.9817732408,-49.7859848565562
35987.835189379,-49.7888765872074
36012.7057812981,-49.7917510048321
36037.593560868,-49.7946092101659
36062.4985399667,-49.7974521861707
36087.4207304806,-49.8002808131812
36112.3601443042,-49.8030958817734
36137.3167933401,-49.8058981037439
36162.2906894995,-49.8086881215166
36187.2818447014,-49.8114665162341
36212.2902708733,-49.8142338147421
36237.315979951,-49.8169904956402
36262.3589838782,-49.8197369945422
36287.4192946073,-49.8224737086625
36312.4969240986,-49.8252010008285
36337.5918843209,-49.8279192030001
36362.7041872511,-49.830628619366
36387.8338448746,-49.8333295290753
36412.9808691847,-49.836022188653
36438.1452721834,-49.8387068341413
36463.3270658808,-49.8413836830029
36488.5262622953,-49.8440529358161
36513.7428734536,-49.8467147777879
36538.9769113907,-49.8493693801076
36564.2283881501,-49.8520169011601
36589.4973157834,-49.8546574876158
36614.7837063506,-49.857291275411
36640.0875719201,-49.859918390632
36665.4089245685,-49.8625389503135
36690.7477763808,-49.8651530631608
36716.1041394505,-49.8677608302038
36741.4780258792,-49.8703623453919
36766.8694477772,-49.8729576961329
36792.2784172627,-49.8755469637849
36817.7049464628,-49.8781302241048
36843.1490475126,-49.8807075476566
36868.6107325558,-49.883279000186
36894.0900137443,-49.8858446429628
36919.5869032384,-49.8884045330945
36945.1014132072,-49.8909587238145
36970.6335558277,-49.8935072647467
36996.1833432856,-49.8960502021494
37021.7507877749,-49.8985875791389
37047.3359014982,-49.9011194358974
37072.9386966663,-49.9036458098627
37098.5591854985,-49.9061667359058
37124.1973802228,-49.9086822464935
37149.8532930753,-49.9111923718397
37175.5269363007,-49.9136971400456
37201.2183221522,-49.9161965772296
37226.9274628915,-49.9186907076482
37252.6543707885,-49.9211795538084
37278.399058122,-49.9236631365716
37304.161537179,-49.9261414752515
37329.9418202551,-49.9286145877043
37355.7399196542,-49.9310824904137
37381.5558476891,-49.9335451985694
37407.3896166807,-49.9360027261413
37433.2412389586,-49.9384550859484
37459.1107268609,-49.940902289723
37484.9980927344,-49.9433443481718
37510.9033489341,-49.9457812710323
37536.8265078238,-49.9482130671258
37562.7675817756,-49.9506397444076
37588.7265831705,-49.953061310014
37614.7035243977,-49.9554777703058
37640.6984178552,-49.9578891309105
37666.7112759494,-49.9602953967609
37692.7421110955,-49.9626965721318
37718.7909357171,-49.965092660675
37744.8577622464,-49.9674836654518
37770.9426031241,-49.9698695889637
37797.0454707998,-49.9722504331818
37823.1663777315,-49.9746261995744
37849.3053363857,-49.9769968891325
37875.4623592377,-49.979362502395
37901.6374587714,-49.9817230394718
37927.8306474793,-49.9840785000659
37954.0419378625,-49.9864288834942
37980.2713424307,-49.9887741887076
38006.5188737024,-49.9911144143098
38032.7845442047,-49.993449558575
38059.0683664732,-49.9957796194649
38085.3703530524,-49.9981045946453
38111.6905164953,-50.0004244815007
38138.0288693635,-50.0027392771498
38164.3854242277,-50.0050489784586
38190.7601936667,-50.0073535820543
38217.1531902685,-50.0096530843374
38243.5644266294,-50.0119474814942
38269.9939153548,-50.0142367695083
38296.4416690584,-50.016520944171
38322.907700363,-50.0188000010926
38349.3920218998,-50.0210739357117
38375.894646309,-50.0233427433055
38402.4155862393,-50.0256064189983
38428.9548543483,-50.0278649577707
38455.5124633023,-50.0301183544678
38482.0884257763,-50.0323666038075
38508.6827544543,-50.034609700388
38535.2954620286,-50.0368476386952
38561.9265612007,-50.0390804131103
38588.5760646808,-50.0413080179158
38615.2439851877,-50.0435304473029
38641.9303354491,-50.0457476953772
38668.6351282015,-50.0479597561651
38695.3583761902,-50.0501666236196
38722.1000921693,-50.0523682916261
38748.8602889018,-50.0545647540073
38775.6389791594,-50.0567560045289
38802.4361757226,-50.0589420369048
38829.2518913808,-50.0611228448013
38856.0861389323,-50.0632984218425
38882.9389311842,-50.0654687616145
38909.8102809524,-50.0676338576697
38936.7002010617,-50.0697937035315
38963.6087043457,-50.071948292698
38990.5358036469,-50.0740976186461
39017.4815118169,-50.0762416748355
39044.4458417158,-50.0783804547123
39071.4288062127,-50.0805139517129
39098.4304181858,-50.082642159267
39125.4506905221,-50.0847650708018
39152.4896361173,-50.0868826797447
39179.5472678763,-50.0889949795267
39206.6235987127,-50.091101963586
39233.7186415493,-50.0932036253703
39260.8324093174,-50.0952999583407
39287.9649149577,-50.0973909559738
39315.1161714195,-50.0994766117654
39342.2861916613,-50.1015569192324
39369.4749886503,-50.1036318719163
39396.6825753628,-50.1057014633854
39423.9089647842,-50.1077656872379
39451.1541699087,-50.1098245371038
39478.4182037394,-50.1118780066481
39505.7010792887,-50.1139260895728
39533.0028095776,-50.1159687796194
39560.3234076364,-50.1180060705717
39587.6628865042,-50.1200379562575
39615.0212592293,-50.1220644305515
39642.398538869,-50.1240854873771
39669.7947384894,-50.1261011207088
39697.2098711659,-50.1281113245749
39724.6439499828,-50.1301160930586
39752.0969880333,-50.1321154203013
39779.5689984201,-50.1341093005039
39807.0599942544,-50.1360977279295
39834.5699886569,-50.138080696905
39862.0989947571,-50.1400582018235
39889.6470256937,-50.1420302371462
39917.2140946144,-50.1439967974044
39944.8002146761,-50.1459578772016
39972.4053990448,-50.1479134712156
40000.0296608953,-50.1498635742003
40027.6730134119,-50.1518081809878
40055.3354697878,-50.1537472864904
40083.0170432253,-50.1556808857024
40110.717746936,-50.1576089737023
40138.4375941404,-50.1595315456547
40166.1765980683,-50.161448596812
40193.9347719586,-50.163360122517
40221.7121290593,-50.165266118204
40249.5086826276,-50.1671665794016
40277.32444593,-50.1690615017341
40305.1594322418,-50.1709508809236
40333.0136548478,-50.1728347127924
40360.8871270419,-50.1747129932643
40388.7798621272,-50.1765857183671
40416.691873416,-50.1784528842345
40444.6231742296,-50.180314487108
40472.5737778987,-50.1821705233391
40500.5436977633,-50.1840209893914
40528.5329471724,-50.1858658818423
40556.5415394844,-50.1877051973857
40584.5694880668,-50.1895389328335
40612.6168062963,-50.191367085118
40640.6835075592,-50.1931896512944
40668.7696052506,-50.1950066285424
40696.8751127751,-50.1968180141685
40725.0000435465,-50.1986238056088
40753.1444109878,-50.2004240004306
40781.3082285315,-50.2022185963349
40809.4915096192,-50.2040075911591
40837.6942677018,-50.2057909828788
40865.9165162396,-50.2075687696106
40894.158268702,-50.2093409496143
40922.4195385679,-50.2111075212957
40950.7003393255,-50.2128684832087
40979.0006844721,-50.2146238340581
41007.3205875148,-50.2163735727026
41035.6600619694,-50.2181176981566
41064.0191213617,-50.2198562095936
41092.3977792262,-50.221589106349
41120.7960491074,-50.2233163879224
41149.2139445585,-50.225038053981
41177.6514791427,-50.2267541043622
41206.1086664322,-50.228464539077
41234.5855200085,-50.2301693583126
41263.0820534628,-50.2318685624361
41291.5982803955,-50.2335621519972
41320.1342144164,-50.2352501277317
41348.6898691448,-50.2369324905653
41377.2652582094,-50.2386092416163
41405.8603952481,-50.2402803821996
41434.4752939084,-50.2419459138305
41463.1099678474,-50.2436058382279
41491.7644307314,-50.2452601573186
41520.4386962361,-50.246908873241
41549.1327780469,-50.2485519883492
41577.8466898584,-50.2501895052173
41606.5804453749,-50.2518214266433
41635.33405831,-50.2534477556537
41664.1075423868,-50.255068495508
41692.9009113379,-50.2566836497034
41721.7141789055,-50.2582932219794
41750.5473588412,-50.2598972163228
41779.400464906,-50.2614956369726
41808.2735108705,-50.2630884884256
41837.166510515,-50.2646757754413
41866.0794776291,-50.2662575030476
41895.0124260118,-50.2678336765467
41923.965369472,-50.2694043015208
41952.938321828,-50.2709693838378
41981.9312969075,-50.2725289296585
42010.9443085479,-50.2740829454421
42039.9773705961,-50.2756314379533
42069.0304969087,-50.2771744142693
42098.1037013517,-50.2787118817868
42127.1969978007,-50.2802438482293
42156.3104001411,-50.2817703216548
42185.4439222677,-50.2832913104638
42214.5975780849,-50.2848068234071
42243.7713815068,-50.2863168695947
42272.9653464571,-50.2878214585042
42302.179486869,-50.2893205999901
42331.4138166855,-50.2908143042931
42360.6683498591,-50.2923025820497
42389.9431003521,-50.2937854443024
42419.2380821362,-50.2952629025102
42448.553309193,-50.2967349685595
42477.8887955137,-50.298201654775
42507.2445550992,-50.299662973932
42536.6206019598,-50.3011189392679
42566.0169501158,-50.3025695644952
42595.4336135972,-50.3040148638147
42624.8706064435,-50.3054548519286
42654.3279427039,-50.3068895440552
42683.8056364375,-50.3083189559433
42713.3037017129,-50.3097431038878
42742.8221526087,-50.3111620047452
42772.3610032129,-50.3125756759506
42801.9202676235,-50.313984135535
42831.4999599482,-50.3153874021429
42861.1000943042,-50.3167854950515
42890.7206848188,-50.3181784341901
42920.3617456288,-50.3195662401603
42950.0232908809,-50.3209489342577
42979.7053347316,-50.3223265384938
43009.4078913472,-50.3236990756191
43039.1309749036,-50.3250665691478
43068.8745995867,-50.3264290433824
43098.6387795922,-50.3277865234408
43128.4235291253,-50.3291390352832
43158.2288624015,-50.3304866057419
43188.0547936458,-50.3318292625506
43217.9013370931,-50.3331670343765
43247.7685069881,-50.3344999508536
43277.6563175855,-50.3358280426169
43307.5647831497,-50.337151341339
43337.493917955,-50.3384698797682
43367.4437362855,-50.3397836917683
43397.4142524353,-50.3410928123607
43427.4054807083,-50.3423972777682
43457.4174354184,-50.343697125461
43487.4501308892,-50.3449923942055
43517.5035814543,-50.3462831241152
43547.5778014572,-50.3475693567038
43577.6728052513,-50.3488511349422
43607.7886071999,-50.3501285033169
43637.9252216764,-50.3514015078932
43668.0826630639,-50.3526701963803
43698.2609457554,-50.3539346182006
43728.4600841542,-50.3551948245627
43758.6800926733,-50.3564508685382
43788.9209857355,-50.3577028051428
43819.182777774,-50.3589506914222
43849.4654832316,-50.3601945865421
43879.7691165612,-50.3614345518841
43910.0936922257,-50.3626706511467
43940.4392246981,-50.363902950452
43970.8057284612,-50.3651315184589
44001.1932180079,-50.3663564264829
44031.6017078412,-50.3675777486231
44062.0312124741,-50.3687955618965
44092.4817464294,-50.3700099463808
44122.9533242402,-50.3712209853659
44153.4459604496,-50.3724287655148
44183.9596696107,-50.3736333770344
44214.4944662866,-50.3748349138574
44245.0503650506,-50.3760334738355
44275.6273804859,-50.3772291589456
44306.225527186,-50.378422075509
44336.8448197544,-50.3796123344251
44367.4852728044,-50.3808000514216
44398.1469009599,-50.3819853473202
44428.8297188546,-50.3831683483215
44459.5337411323,-50.3843491863097
44490.258982447,-50.3855279991778
44521.005457463,-50.3867049311766
44551.7731808544,-50.3878801332884
44582.5621673056,-50.389053763628
44613.3724315112,-50.3902259878728
44644.2039881758,-50.3913969797256
44675.0568520144,-50.3925669214112
44705.931037752,-50.393736004212
44736.8265601238,-50.3949044290444
44767.7434338751,-50.39607240708
44798.6816737615,-50.3972401604172
44829.641294549,-50.3984079228054
44860.6223110133,-50.3995759404288
44891.6247379407,-50.4007444727559
44922.6485901277,-50.4019137934581
44953.6938823808,-50.4030841914084
44984.7606295169,-50.4042559717644
45015.8488463632,-50.4054294571475
45046.958547757,-50.4066049889256
45078.0897485459,-50.4077829286118
45109.2424635878,-50.4089636593909
45140.4167077508,-50.4101475877875
45171.6124959134,-50.4113351454913
45202.8298429642,-50.4125267913578
45234.0687638023,-50.4137230136032
45265.3292733368,-50.4149243322165
45296.6113864875,-50.4161313016148
45327.9151181842,-50.4173445135701
45359.2404833671,-50.4185646004404
45390.5874969868,-50.4197922387442
45421.956174004,-50.4210281531191
45453.3465293902,-50.4222731207168
45484.7585781267,-50.4235279760887
45516.1923352055,-50.424793616629
45547.6478156289,-50.4260710086501
45579.1250344096,-50.4273611941792
45610.6240065705,-50.4286652985748
45642.144747145,-50.4299845390852
45673.687271177,-50.4313202344837
45705.2515937206,-50.4326738159451
45736.8377298404,-50.4340468393519
45768.4456946114,-50.4354409992559
45800.075503119,-50.4368581447604
45831.727170459,-50.4383002976385
45863.4007117378,-50.4397696730635
45895.0961420721,-50.4412687034024
45926.8134765889,-50.4428000656131
45958.552730426,-50.4443667128992
45990.3139187313,-50.4459719114142
46022.0970566635,-50.4476192829824
46053.9021593916,-50.4493128550172
46085.729242095,-50.451057119095
46117.5783199637,-50.4528570999862
46149.4494081984,-50.4547184373902
46181.3425220098,-50.4566474831873
46213.2576766197,-50.4586514177588
46245.1948872599,-50.460738389884
46277.154169173,-50.4629176859867
46309.1355376122,-50.4651999361761
46341.139007841,-50.4675973667665
46373.1645951337,-50.4701241119909
46405.2123147749,-50.472796601757
46437.28218206,-50.4756340480108
46469.3742122948,-50.4786590602665
46501.4884207958,-50.4818984321853
46533.62482289,-50.4853841573665
46565.783433915,-50.4891547562748
46597.9642692191,-50.4932570314968
46630.167344161,-50.4977484218529
46662.3926741102,-50.5027002081665
46694.6402744469,-50.5082019533152
46726.9101605616,-50.5143677691546
46759.2023478557,-50.5213453520738
46791.5168517412,-50.5293293279797
46823.8536876406,-50.5385815123207
46856.2128709874,-50.5494626617745
46888.5944172254,-50.562484117945
46920.9983418092,-50.5783955805418
46953.4246602042,-50.5983423966703
46985.8733878863,-50.6241663777128
47018.3445403423,-50.6590303659783
47050.8381330694,-50.7088619197289
47083.3541815759,-50.7862198659161
47115.8927013804,-50.9231674734728
47148.4537080127,-51.233116012234
47181.0372170128,-52.6106731141979
47213.6432439319,-47.6026603598419
47246.2718043317,-49.5662192120219
47278.9229137848,-49.9264359840937
47311.5965878742,-50.0780066456508
47344.2928421943,-50.1626026185444
47377.0116923496,-50.2186175184745
47409.753153956,-50.2652544133133
47442.5172426396,-48.361837488524
47475.3039740379,-50.2695645124175
47508.1133637987,-50.296929624153
47540.9454275808,-50.3137832058605
47573.8001810539,-50.3265692958189
47606.6776398985,-50.3369325585811
47639.5778198059,-50.3456162597875
47672.5007364781,-50.3530492040446
47705.4464056283,-50.3595112179458
47738.4148429803,-50.3651982774565
47771.4060642687,-50.37025399422
47804.4200852393,-50.3747870079195
47837.4569216484,-50.3788814934995
47870.5165892635,-50.3826039194058
47903.5991038628,-50.3860075981336
47936.7044812354,-50.3891358589867
47969.8327371815,-50.3920243220221
48002.9838875121,-50.3947025648663
48036.1579480491,-50.3971953677257
48069.3549346253,-50.3995236584356
48102.5748630846,-50.4017052399479
48135.8177492816,-50.4037553573163
48169.0836090822,-50.4056871444997
48202.3724583629,-50.4075119799823
48235.6843130115,-50.4092397723911
48269.0191889265,-50.4108791917941
48302.3771020176,-50.4124378584403
48335.7580682054,-50.4139224978573
48369.1621034214,-50.4153390691347
48402.5892236084,-50.416692871676
48436.0394447199,-50.4179886345373
48469.5127827206,-50.419230591589
48503.0092535862,-50.4204225450691
48536.5288733035,-50.4215679195704
48570.0716578701,-50.4226698081075
48603.6376232951,-50.4237310115878
48637.2267855982,-50.4247540727672
48670.8391608105,-50.4257413055691
48704.474764974,-50.4266948204925
48738.1336141417,-50.4276165467028
48771.8157243781,-50.4285082513038
48805.5211117584,-50.4293715561997
48839.249792369,-50.4302079528939
48873.0017823076,-50.4310188155126
48906.7770976827,-50.4318054122974
48940.5757546143,-50.4325689157728
48974.3977692332,-50.4333104117644
49008.2431576817,-50.4340309074161
49042.1119361129,-50.434731338333
49076.0041206913,-50.4354125749615
49109.9197275924,-50.4360754282976
49143.8587730031,-50.436720655006
49177.8212731214,-50.4373489620201
49211.8072441563,-50.4379610106811
49245.8167023283,-50.4385574204729
49279.8496638688,-50.4391387723942
49313.9061450207,-50.4397056120114
49347.986162038,-50.440258452225
49382.089731186,-50.4407977757816
49416.2168687411,-50.4413240375575
49450.367590991,-50.4418376666387
49484.5419142348,-50.4423390682177
49518.7398547827,-50.4428286253248
49552.9614289562,-50.4433067004126
49587.2066530881,-50.4437736368057
49621.4755435226,-50.4442297600306
49655.768116615,-50.4446753790362
49690.0843887319,-50.4451107873152
49724.4243762515,-50.4455362639368
49758.788095563,-50.4459520744969
49793.175563067,-50.4463584719956
49827.5867951755,-50.4467556976461
49862.0218083119,-50.4471439816234
49896.4806189109,-50.4475235437559
49930.9632434184,-50.4478945941667
49965.4696982918,-50.4482573338676
50000,-50.4486119553103
