Frequency_Hz,TargetStrength_dB_re_1m
50,-63.5339558901146
50.034554165023,-63.5213836963426
50.0691322098525,-63.5088106754652
50.1037341509913,-63.4962368262296
50.1383600049538,-63.4836621473812
50.1730097882657,-63.4710866376631
50.2076835174642,-63.4585102958165
50.242381209098,-63.4459331205806
50.277102879727,-63.4333551106922
50.3118485459228,-63.4207762648864
50.3466182242682,-63.4081965818959
50.3814119313576,-63.3956160604516
50.416229683797,-63.3830346992822
50.4510714982037,-63.3704524971143
50.4859373912065,-63.3578694526722
50.5208273794456,-63.3452855646786
50.5557414795731,-63.3327008318536
50.590679708252,-63.3201152529155
50.6256420821573,-63.3075288265803
50.6606286179754,-63.2949415515621
50.6956393324042,-63.2823534265727
50.730674242153,-63.2697644503217
50.7657333639429,-63.2571746215169
50.8008167145063,-63.2445839388637
50.8359243105875,-63.2319924010655
50.871056168942,-63.2194000068234
50.9062123063373,-63.2068067548365
50.9413927395519,-63.1942126438018
50.9765974853764,-63.181617672414
51.0118265606129,-63.1690218393657
51.0470799820749,-63.1564251433474
51.0823577665878,-63.1438275830474
51.1176599309885,-63.1312291571518
51.1529864921254,-63.1186298643446
51.1883374668588,-63.1060297033076
51.2237128720605,-63.0934286727203
51.259112724614,-63.0808267712602
51.2945370414144,-63.0682239976025
51.3299858393686,-63.0556203504204
51.3654591353951,-63.0430158283845
51.4009569464241,-63.0304104301637
51.4364792893975,-63.0178041544243
51.4720261812689,-63.0051969998305
51.5075976390037,-62.9925889650445
51.5431936795789,-62.979980048726
51.5788143199833,-62.9673702495327
51.6144595772174,-62.9547595661198
51.6501294682935,-62.9421479971406
51.6858240102357,-62.929535541246
51.7215432200797,-62.9169221970846
51.7572871148732,-62.9043079633029
51.7930557116754,-62.891692838545
51.8288490275576,-62.8790768214529
51.8646670796027,-62.8664599106663
51.9005098849053,-62.8538421048227
51.9363774605722,-62.8412234025571
51.9722698237216,-62.8286038025025
52.0081869914839,-62.8159833032895
52.0441289810009,-62.8033619035464
52.0800958094268,-62.7907396018994
52.1160874939271,-62.7781163969723
52.1521040516795,-62.7654922873865
52.1881454998735,-62.7528672717612
52.2242118557105,-62.7402413487134
52.2603031364037,-62.7276145168576
52.2964193591783,-62.7149867748062
52.3325605412713,-62.7023581211692
52.3687266999317,-62.6897285545543
52.4049178524205,-62.6770980735668
52.4411340160103,-62.6644666768097
52.477375207986,-62.6518343628838
52.5136414456443,-62.6392011303874
52.5499327462937,-62.6265669779167
52.5862491272551,-62.6139319040652
52.6225906058608,-62.6012959074245
52.6589571994555,-62.5886589865833
52.6953489253958,-62.5760211401285
52.7317658010501,-62.5633823666443
52.768207843799,-62.5507426647126
52.8046750710351,-62.538102032913
52.8411675001629,-62.5254604698227
52.8776851485992,-62.5128179740166
52.9142280337724,-62.5001745440669
52.9507961731233,-62.4875301785439
52.9873895841047,-62.474884876015
53.0240082841812,-62.4622386350457
53.0606522908299,-62.4495914541987
53.0973216215397,-62.4369433320345
53.1340162938115,-62.4242942671112
53.1707363251586,-62.4116442579843
53.2074817331061,-62.3989933032072
53.2442525351915,-62.3863414013305
53.2810487489641,-62.3736885509027
53.3178703919856,-62.3610347504696
53.3547174818296,-62.3483799985748
53.3915900360821,-62.3357242937593
53.4284880723411,-62.3230676345617
53.4654116082168,-62.3104100195182
53.5023606613315,-62.2977514471625
53.5393352493198,-62.2850919160258
53.5763353898283,-62.2724314246368
53.6133611005162,-62.2597699715219
53.6504123990543,-62.2471075552049
53.6874893031261,-62.2344441742071
53.7245918304272,-62.2217798270475
53.7617199986653,-62.2091145122423
53.7988738255604,-62.1964482283055
53.8360533288448,-62.1837809737483
53.8732585262631,-62.1711127470798
53.9104894355721,-62.1584435468063
53.9477460745407,-62.1457733714315
53.9850284609503,-62.1331022194569
54.0223366125946,-62.1204300893813
54.0596705472794,-62.1077569797009
54.0970302828231,-62.0950828889095
54.1344158370561,-62.0824078154983
54.1718272278213,-62.0697317579559
54.2092644729739,-62.0570547147686
54.2467275903814,-62.0443766844198
54.2842165979238,-62.0316976653905
54.3217315134932,-62.0190176561593
54.3592723549943,-62.0063366552019
54.396839140344,-61.9936546609918
54.4344318874718,-61.9809716719995
54.4720506143193,-61.9682876866934
54.5096953388407,-61.9556027035388
54.5473660790026,-61.9429167209988
54.585062852784,-61.9302297375338
54.6227856781761,-61.9175417516015
54.660534573183,-61.904852761657
54.6983095558208,-61.892162766153
54.7361106441182,-61.8794717635393
54.7739378561166,-61.8667797522632
54.8117912098694,-61.8540867307695
54.8496707234429,-61.8413926975001
54.8875764149157,-61.8286976508944
54.9255083023788,-61.8160015893892
54.9634664039359,-61.8033045114187
55.0014507377031,-61.7906064154142
55.039461321809,-61.7779072998045
55.0774981743949,-61.7652071630158
55.1155613136144,-61.7525060034716
55.1536507576338,-61.7398038195925
55.1917665246319,-61.7271006097969
55.2299086328,-61.7143963724999
55.2680771003421,-61.7016911061144
55.3062719454747,-61.6889848090504
55.344493186427,-61.6762774797152
55.3827408414406,-61.6635691165134
55.4210149287699,-61.650859717847
55.4593154666817,-61.6381492821152
55.4976424734557,-61.6254378077143
55.5359959673841,-61.6127252930382
55.5743759667716,-61.6000117364779
55.6127824899358,-61.5872971364215
55.6512155552068,-61.5745814912547
55.6896751809273,-61.5618647993603
55.7281613854529,-61.5491470591181
55.7666741871518,-61.5364282689056
55.8052136044049,-61.5237084270971
55.8437796556055,-61.5109875320645
55.8823723591601,-61.4982655821766
55.9209917334877,-61.4855425757996
55.9596377970199,-61.4728185112969
55.9983105682013,-61.460093387029
56.037010065489,-61.4473672013537
56.075736307353,-61.4346399526261
56.114489312276,-61.4219116391983
56.1532690987537,-61.4091822594195
56.1920756852941,-61.3964518116365
56.2309090904184,-61.3837202941927
56.2697693326606,-61.3709877054292
56.3086564305671,-61.358254043684
56.3475704026977,-61.3455193072921
56.3865112676245,-61.3327834945861
56.4254790439329,-61.3200466038952
56.4644737502207,-61.3073086335463
56.5034954050988,-61.294569581863
56.5425440271909,-61.2818294471662
56.5816196351337,-61.2690882277739
56.6207222475765,-61.2563459220013
56.6598518831819,-61.2436025281605
56.6990085606249,-61.2308580445608
56.7381922985939,-61.2181124695089
56.7774031157898,-61.2053658013081
56.8166410309266,-61.1926180382591
56.8559060627314,-61.1798691786595
56.8951982299439,-61.1671192208043
56.934517551317,-61.154368162985
56.9738640456166,-61.1416160034908
57.0132377316212,-61.1288627406076
57.0526386281227,-61.1161083726183
57.0920667539259,-61.1033528978031
57.1315221278484,-61.0905963144391
57.1710047687208,-61.0778386208003
57.2105146953871,-61.065079815158
57.2500519267038,-61.0523198957804
57.2896164815409,-61.0395588609326
57.3292083787811,-61.0267967088769
57.3688276373203,-61.0140334378725
57.4084742760675,-61.0012690461757
57.4481483139446,-60.9885035320396
57.4878497698868,-60.9757368937144
57.5275786628421,-60.9629691294474
57.567335011772,-60.9502002374827
57.6071188356507,-60.9374302160614
57.6469301534656,-60.9246590634216
57.6867689842175,-60.9118867777984
57.7266353469201,-60.8991133574237
57.7665292606002,-60.8863388005264
57.8064507442978,-60.8735631053326
57.8463998170661,-60.8607862700649
57.8863764979714,-60.8480082929432
57.9263808060934,-60.835229172184
57.9664127605246,-60.822448906001
58.006472380371,-60.8096674926045
58.0465596847517,-60.796884930202
58.0866746927991,-60.7841012169978
58.1268174236586,-60.771316351193
58.166987896489,-60.7585303309857
58.2071861304624,-60.7457431545707
58.247412144764,-60.7329548201398
58.2876659585923,-60.7201653258818
58.3279475911591,-60.707374669982
58.3682570616895,-60.6945828506229
58.4085943894219,-60.6817898659836
58.4489595936078,-60.6689957142402
58.4893526935123,-60.6562003935656
58.5297737084136,-60.6434039021294
58.5702226576032,-60.6306062380981
58.6106995603861,-60.6178073996351
58.6512044360807,-60.6050073849005
58.6917373040184,-60.5922061920512
58.7322981835442,-60.5794038192409
58.7728870940165,-60.5666002646201
58.8135040548071,-60.5537955263361
58.8541490853009,-60.540989602533
58.8948222048966,-60.5281824913515
58.935523433006,-60.5153741909293
58.9762527890545,-60.5025646994007
59.0170102924808,-60.4897540148967
59.0577959627371,-60.4769421355451
59.098609819289,-60.4641290594706
59.1394518816156,-60.4513147847943
59.1803221692094,-60.4384993096343
59.2212207015764,-60.4256826321053
59.2621474982362,-60.4128647503187
59.3031025787216,-60.4000456623826
59.3440859625793,-60.3872253664017
59.3850976693692,-60.3744038604777
59.4261377186647,-60.3615811427086
59.467206130053,-60.3487572111893
59.5083029231345,-60.3359320640112
59.5494281175235,-60.3231056992626
59.5905817328475,-60.3102781150283
59.6317637887478,-60.2974493093897
59.6729743048792,-60.2846192804249
59.7142133009102,-60.2717880262086
59.7554807965226,-60.2589555448122
59.7967768114121,-60.2461218343037
59.8381013652879,-60.2332868927476
59.8794544778727,-60.2204507182051
59.9208361689031,-60.207613308734
59.9622464581291,-60.1947746623886
60.0036853653144,-60.1819347772199
60.0451529102365,-60.1690936512754
60.0866491126864,-60.1562512825992
60.1281739924688,-60.1434076692319
60.1697275694022,-60.1305628092108
60.2113098633187,-60.1177167005696
60.2529208940641,-60.1048693413385
60.294560681498,-60.0920207295445
60.3362292454936,-60.0791708632107
60.3779266059379,-60.0663197403572
60.4196527827318,-60.0534673590002
60.4614077957896,-60.0406137171527
60.5031916650397,-60.027758812824
60.5450044104239,-60.0149026440199
60.5868460518983,-60.0020452087429
60.6287166094324,-59.9891865049917
60.6706161030095,-59.9763265307617
60.712544552627,-59.9634652840444
60.7545019782958,-59.9506027628282
60.7964884000408,-59.9377389650978
60.8385038379008,-59.924873888834
60.8805483119282,-59.9120075320145
60.9226218421895,-59.8991398926132
60.9647244487649,-59.8862709686005
61.0068561517486,-59.873400757943
61.0490169712487,-59.860529258604
61.0912069273871,-59.847656468543
61.1334260402996,-59.8347823857158
61.1756743301361,-59.8219070080748
61.2179518170601,-59.8090303335688
61.2602585212493,-59.7961523601426
61.3025944628952,-59.7832730857378
61.3449596622035,-59.770392508292
61.3873541393934,-59.7575106257394
61.4297779146987,-59.7446274360102
61.4722310083665,-59.7317429370314
61.5147134406585,-59.7188571267259
61.55722523185,-59.7059700030131
61.5997664022304,-59.6930815638085
61.6423369721033,-59.6801918070243
61.6849369617861,-59.6673007305687
61.7275663916104,-59.654408332346
61.7702252819217,-59.6415146102572
61.8129136530797,-59.6286195621993
61.8556315254582,-59.6157231860655
61.898378919445,-59.6028254797455
61.9411558554418,-59.589926441125
61.9839623538648,-59.577026068086
62.0267984351439,-59.5641243585067
62.0696641197235,-59.5512213102617
62.1125594280618,-59.5383169212216
62.1554843806315,-59.5254111892532
62.198438997919,-59.5125041122195
62.2414233004252,-59.4995956879799
62.284437308665,-59.4866859143897
62.3274810431676,-59.4737747893004
62.3705545244764,-59.4608623105599
62.4136577731487,-59.4479484760119
62.4567908097564,-59.4350332834965
62.4999536548854,-59.4221167308499
62.5431463291359,-59.4091988159043
62.5863688531222,-59.3962795364882
62.6296212474732,-59.383358890426
62.6729035328315,-59.3704368755383
62.7162157298544,-59.3575134896418
62.7595578592135,-59.3445887305494
62.8029299415943,-59.3316625960698
62.8463319976969,-59.318735084008
62.8897640482357,-59.3058061921651
62.9332261139394,-59.2928759183379
62.9767182155509,-59.2799442603196
63.0202403738275,-59.2670112158993
63.0637926095409,-59.2540767828621
63.107374943477,-59.2411409589892
63.1509873964364,-59.2282037420578
63.1946299892337,-59.215265129841
63.2383027426981,-59.2023251201079
63.282005677673,-59.1893837106237
63.3257388150166,-59.1764408991495
63.369502175601,-59.1634966834424
63.4132957803131,-59.1505510612554
63.4571196500541,-59.1376040303374
63.5009738057396,-59.1246555884335
63.5448582682997,-59.1117057332845
63.5887730586791,-59.098754462627
63.6327181978367,-59.0858017741939
63.6766937067462,-59.0728476657137
63.7206996063955,-59.0598921349108
63.7647359177872,-59.0469351795058
63.8088026619382,-59.0339767972147
63.8528998598803,-59.0210169857498
63.8970275326595,-59.008055742819
63.9411857013364,-58.9950930661261
63.9853743869863,-58.9821289533708
64.0295936106988,-58.9691634022487
64.0738433935786,-58.956196410451
64.1181237567442,-58.943227975665
64.1624347213294,-58.9302580955735
64.2067763084822,-58.9172867678554
64.2511485393654,-58.9043139901851
64.2955514351564,-58.891339760233
64.3399850170472,-58.8783640756652
64.3844493062443,-58.8653869341436
64.4289443239693,-58.8524083333256
64.4734700914579,-58.8394282708648
64.5180266299609,-58.8264467444102
64.5626139607435,-58.8134637516065
64.6072321050859,-58.8004792900943
64.6518810842827,-58.7874933575099
64.6965609196434,-58.7745059514851
64.7412716324923,-58.7615170696476
64.7860132441682,-58.7485267096206
64.8307857760246,-58.7355348690232
64.8755892494302,-58.7225415454699
64.920423685768,-58.709546736571
64.9652891064361,-58.6965504399324
65.0101855328472,-58.6835526531557
65.0551129864288,-58.6705533738379
65.1000714886233,-58.657552599572
65.1450610608879,-58.6445503279461
65.1900817246946,-58.6315465565444
65.2351335015302,-58.6185412829464
65.2802164128965,-58.6055345047271
65.3253304803099,-58.5925262194573
65.3704757253019,-58.5795164247032
65.4156521694189,-58.5665051180266
65.4608598342219,-58.5534922969848
65.5060987412872,-58.5404779591306
65.5513689122057,-58.5274621020125
65.5966703685833,-58.5144447231742
65.6420031320408,-58.5014258201551
65.6873672242142,-58.4884053904901
65.7327626667541,-58.4753834317095
65.7781894813262,-58.462359941339
65.8236476896113,-58.4493349168999
65.869137313305,-58.436308355909
65.914658374118,-58.4232802558782
65.960210893776,-58.4102506143152
66.0057948940195,-58.3972194287229
66.0514103966044,-58.3841866965997
66.0970574233014,-58.3711524154393
66.1427359958963,-58.3581165827309
66.1884461361898,-58.345079195959
66.234187865998,-58.3320402526034
66.2799612071518,-58.3189997501396
66.3257661814973,-58.3059576860379
66.3716028108956,-58.2929140577644
66.4174711172231,-58.2798688627802
66.463371122371,-58.266822098542
66.509302848246,-58.2537737625015
66.5552663167697,-58.2407238521061
66.601261549879,-58.2276723647979
66.6472885695257,-58.2146192980149
66.6933473976771,-58.2015646491899
66.7394380563155,-58.1885084157511
66.7855605674384,-58.1754505951221
66.8317149530585,-58.1623911847214
66.8779012352037,-58.1493301819631
66.9241194359172,-58.1362675842562
66.9703695772574,-58.123203389005
67.0166516812979,-58.110137593609
67.0629657701277,-58.097070195463
67.1093118658509,-58.0840011919566
67.1556899905868,-58.0709305804751
67.2021001664702,-58.0578583583984
67.2485424156512,-58.0447845231018
67.295016760295,-58.0317090719558
67.3415232225822,-58.0186320023258
67.3880618247089,-58.0055533115725
67.4346325888864,-57.9924729970515
67.4812355373413,-57.9793910561137
67.5278706923157,-57.9663074861048
67.5745380760668,-57.9532222843658
67.6212377108675,-57.9401354482326
67.667969619006,-57.9270469750361
67.7147338227858,-57.9139568621025
67.7615303445259,-57.9008651067527
67.8083592065607,-57.8877717063027
67.85522043124,-57.8746766580634
67.9021140409292,-57.861579959341
67.9490400580088,-57.8484816074364
67.9959985048753,-57.8353815996454
68.0429894039402,-57.822279933259
68.0900127776307,-57.8091766055628
68.1370686483894,-57.7960716138376
68.1841570386747,-57.782964955359
68.2312779709601,-57.7698566273976
68.278431467735,-57.7567466272187
68.325617551504,-57.7436349520826
68.3728362447875,-57.7305215992445
68.4200875701214,-57.7174065659543
68.4673715500572,-57.7042898494569
68.5146882071619,-57.691171446992
68.5620375640182,-57.6780513557939
68.6094196432242,-57.6649295730921
68.6568344673941,-57.6518060961106
68.704282059157,-57.6386809220683
68.7517624411582,-57.6255540481787
68.7992756360586,-57.6124254716504
68.8468216665344,-57.5992951896864
68.894400555278,-57.5861631994846
68.942012324997,-57.5730294982376
68.989656998415,-57.5598940831327
69.0373345982711,-57.546756951352
69.0850451473203,-57.5336181000721
69.1327886683332,-57.5204775264644
69.1805651840962,-57.5073352276949
69.2283747174114,-57.4941912009244
69.2762172910966,-57.481045443308
69.3240929279856,-57.4678979519959
69.3720016509277,-57.4547487241325
69.4199434827883,-57.441597756857
69.4679184464482,-57.4284450473031
69.5159265648043,-57.4152905925993
69.5639678607693,-57.4021343898683
69.6120423572717,-57.3889764362277
69.6601500772558,-57.3758167287894
69.7082910436818,-57.3626552646599
69.7564652795257,-57.3494920409403
69.8046728077796,-57.336327054726
69.8529136514512,-57.3231603031071
69.9011878335642,-57.3099917831681
69.9494953771584,-57.296821491988
69.9978363052892,-57.2836494266401
70.0462106410282,-57.2704755841923
70.0946184074628,-57.2572999617069
70.1430596276963,-57.2441225562406
70.1915343248483,-57.2309433648444
70.2400425220539,-57.2177623845639
70.2885842424647,-57.2045796124388
70.3371595092477,-57.1913950455034
70.3857683455863,-57.1782086807862
70.4344107746801,-57.1650205153102
70.4830868197443,-57.1518305460925
70.5317965040103,-57.1386387701446
70.5805398507258,-57.1254451844725
70.6293168831541,-57.1122497860761
70.678127624575,-57.0990525719499
70.7269720982842,-57.0858535390824
70.7758503275935,-57.0726526844566
70.8247623358308,-57.0594500050496
70.8737081463402,-57.0462454978326
70.9226877824819,-57.0330391597712
70.9717012676322,-57.0198309878251
71.0207486251836,-57.0066209789481
71.0698298785447,-56.9934091300884
71.1189450511404,-56.9801954381881
71.1680941664116,-56.9669799001834
71.2172772478156,-56.953762513005
71.2664943188259,-56.9405432735773
71.315745402932,-56.927322178819
71.3650305236399,-56.9140992256428
71.4143497044717,-56.9008744109555
71.4637029689657,-56.887647731658
71.5130903406767,-56.8744191846451
71.5625118431755,-56.8611887668057
71.6119675000493,-56.8479564750229
71.6614573349018,-56.8347223061734
71.7109813713526,-56.8214862571282
71.760539633038,-56.8082483247522
71.8101321436105,-56.7950085059042
71.8597589267388,-56.7817667974369
71.9094200061083,-56.7685231961971
71.9591154054203,-56.7552776990253
72.008845148393,-56.742030302756
72.0586092587605,-56.7287810042177
72.1084077602737,-56.7155298002325
72.1582406766996,-56.7022766876166
72.2081080318219,-56.68902166318
72.2580098494406,-56.6757647237263
72.3079461533721,-56.6625058660532
72.3579169674493,-56.649245086952
72.4079223155216,-56.6359823832079
72.4579622214549,-56.6227177515999
72.5080367091316,-56.6094511889005
72.5581458024505,-56.5961826918762
72.608289525327,-56.5829122572872
72.658467901693,-56.5696398818873
72.708680955497,-56.556365562424
72.7589287107039,-56.5430892956385
72.8092111912953,-56.5298110782658
72.8595284212693,-56.5165309070342
72.9098804246407,-56.5032487786661
72.9602672254408,-56.4899646898771
73.0106888477174,-56.4766786373767
73.0611453155352,-56.4633906178678
73.1116366529753,-56.4501006280469
73.1621628841356,-56.4368086646041
73.2127240331304,-56.4235147242231
73.263320124091,-56.410218803581
73.3139511811651,-56.3969208993485
73.3646172285172,-56.3836210081898
73.4153182903285,-56.3703191267625
73.466054390797,-56.3570152517176
73.5168255541372,-56.3437093796999
73.5676318045806,-56.3304015073471
73.6184731663752,-56.3170916312909
73.6693496637859,-56.3037797481559
73.7202613210944,-56.2904658545604
73.771208162599,-56.2771499471159
73.822190212615,-56.2638320224273
73.8732074954744,-56.2505120770929
73.924260035526,-56.2371901077044
73.9753478571355,-56.2238661108464
74.0264709846853,-56.2105400830973
74.0776294425749,-56.1972120210284
74.1288232552204,-56.1838819212045
74.1800524470549,-56.1705497801835
74.2313170425284,-56.1572155945166
74.2826170661077,-56.1438793607481
74.3339525422766,-56.1305410754156
74.3853234955359,-56.1172007350499
74.436729950403,-56.1038583361749
74.4881719314127,-56.0905138753076
74.5396494631163,-56.0771673489582
74.5911625700825,-56.06381875363
74.6427112768967,-56.0504680858193
74.6942956081613,-56.0371153420157
74.7459155884957,-56.0237605187015
74.7975712425366,-56.0104036123524
74.8492625949374,-55.997044619437
74.9009896703685,-55.9836835364168
74.9527524935177,-55.9703203597464
75.0045510890896,-55.9569550858733
75.0563854818058,-55.9435877112382
75.1082556964052,-55.9302182322744
75.1601617576438,-55.9168466454083
75.2121036902944,-55.9034729470592
75.2640815191473,-55.8900971336394
75.3160952690098,-55.8767192015537
75.3681449647061,-55.8633391472001
75.420230631078,-55.8499569669694
75.472352292984,-55.8365726572451
75.5245099753002,-55.8231862144036
75.5767037029196,-55.809797634814
75.6289335007526,-55.7964069148382
75.6811993937266,-55.7830140508309
75.7335014067865,-55.7696190391395
75.7858395648941,-55.7562218761041
75.8382138930289,-55.7428225580574
75.8906244161871,-55.729421081325
75.9430711593827,-55.7160174422249
75.9955541476466,-55.702611637068
76.0480734060273,-55.6892036621577
76.1006289595906,-55.6757935137899
76.1532208334191,-55.6623811882533
76.2058490526134,-55.6489666818291
76.2585136422911,-55.6355499907909
76.3112146275872,-55.6221311114049
76.3639520336543,-55.6087100399301
76.4167258856619,-55.5952867726175
76.4695362087974,-55.581861305711
76.5223830282653,-55.5684336354467
76.5752663692876,-55.5550037580532
76.6281862571037,-55.5415716697517
76.6811427169707,-55.5281373667556
76.7341357741626,-55.5147008452707
76.7871654539714,-55.5012621014951
76.8402317817064,-55.4878211316196
76.8933347826943,-55.4743779318268
76.9464744822794,-55.4609324982922
76.9996509058234,-55.4474848271829
77.0528640787058,-55.434034914659
77.1061140263233,-55.4205827568723
77.1594007740903,-55.407128349967
77.2127243474389,-55.3936716900796
77.2660847718185,-55.3802127733387
77.3194820726963,-55.3667515958652
77.372916275557,-55.3532881537719
77.426387405903,-55.339822443164
77.4798954892542,-55.3263544601387
77.5334405511483,-55.3128842007853
77.5870226171405,-55.299411661185
77.6406417128037,-55.2859368374115
77.6942978637285,-55.27245972553
77.7479910955231,-55.2589803215982
77.8017214338136,-55.2454986216654
77.8554889042436,-55.2320146217732
77.9092935324746,-55.2185283179548
77.9631353441856,-55.2050397062358
78.0170143650736,-55.1915487826332
78.0709306208531,-55.1780555431563
78.1248841372566,-55.1645599838061
78.1788749400343,-55.1510621005754
78.2329030549542,-55.137561889449
78.2869685078021,-55.1240593464034
78.3410713243815,-55.1105544674068
78.395211530514,-55.0970472484194
78.4493891520388,-55.083537685393
78.5036042148132,-55.0700257742711
78.557856744712,-55.0565115109891
78.6121467676283,-55.0429948914739
78.6664743094728,-55.029475911644
78.7208393961742,-55.0159545674098
78.7752420536792,-55.0024308546732
78.8296823079523,-54.9889047693276
78.884160184976,-54.9753763072582
78.9386757107507,-54.9618454643416
78.9932289112949,-54.9483122364458
79.047819812645,-54.9347766194308
79.1024484408553,-54.9212386091476
79.1571148219984,-54.9076982014389
79.2118189821645,-54.8941553921387
79.2665609474622,-54.8806101770728
79.321340744018,-54.867062552058
79.3761583979763,-54.8535125129026
79.4310139354999,-54.8399600554065
79.4859073827694,-54.8264051753605
79.5408387659836,-54.8128478685472
79.5958081113595,-54.7992881307401
79.6508154451319,-54.7857259577042
79.7058607935542,-54.7721613451958
79.7609441828975,-54.7585942889622
79.8160656394513,-54.7450247847421
79.8712251895232,-54.7314528282654
79.926422859439,-54.717878415253
79.9816586755428,-54.7043015414171
80.0369326641966,-54.6907222024609
80.0922448517809,-54.6771403940788
80.1475952646944,-54.6635561119562
80.202983929354,-54.6499693517695
80.2584108721947,-54.6363801091864
80.31387611967,-54.6227883798652
80.3693796982516,-54.6091941594555
80.4249216344294,-54.5955974435977
80.4805019547119,-54.5819982279233
80.5361206856255,-54.5683965080544
80.5917778537152,-54.5547922796042
80.6474734855444,-54.5411855381769
80.7032076076947,-54.5275762793673
80.758980246766,-54.513964498761
80.8147914293768,-54.5003501919347
80.8706411821639,-54.4867333544554
80.9265295317824,-54.4731139818813
80.9824565049061,-54.4594920697611
81.0384221282269,-54.4458676136341
81.0944264284554,-54.4322406090306
81.1504694323206,-54.4186110514711
81.2065511665698,-54.4049789364671
81.2626716579691,-54.3913442595206
81.3188309333027,-54.3777070161241
81.3750290193737,-54.3640672017606
81.4312659430036,-54.3504248119038
81.4875417310322,-54.3367798420179
81.5438564103182,-54.3231322875573
81.6002100077385,-54.3094821439672
81.656602550189,-54.295829406683
81.7130340645838,-54.2821740711306
81.7695045778558,-54.2685161327263
81.8260141169565,-54.2548555868766
81.882562708856,-54.2411924289784
81.9391503805431,-54.2275266544191
81.995777159025,-54.213858258576
82.0524430713279,-54.200187236817
82.1091481444965,-54.1865135845
82.1658924055943,-54.1728372969732
82.2226758817032,-54.1591583695748
82.2794985999243,-54.1454767976335
82.336360587377,-54.1317925764679
82.3932618711997,-54.1181057013866
82.4502024785493,-54.1044161676883
82.5071824366019,-54.090723970662
82.564201772552,-54.0770291055864
82.6212605136129,-54.0633315677304
82.6783586870169,-54.0496313523527
82.735496320015,-54.0359284547021
82.7926734398771,-54.0222228700171
82.8498900738919,-54.0085145935264
82.907146249367,-53.9948036204482
82.9644419936288,-53.9810899459908
83.0217773340227,-53.967373565352
83.0791522979128,-53.9536544737199
83.1365669126823,-53.9399326662717
83.1940212057333,-53.9262081381748
83.2515152044868,-53.9124808845861
83.3090489363827,-53.8987509006522
83.3666224288799,-53.8850181815094
83.4242357094563,-53.8712827222834
83.4818888056089,-53.8575445180897
83.5395817448534,-53.8438035640333
83.5973145547248,-53.8300598552087
83.6550872627769,-53.8163133866998
83.7128998965828,-53.8025641535803
83.7707524837345,-53.7888121509129
83.8286450518431,-53.7750573737501
83.8865776285387,-53.7612998171335
83.9445502414706,-53.7475394760943
84.0025629183071,-53.7337763456528
84.0606156867359,-53.7200104208187
84.1187085744635,-53.706241696591
84.1768416092156,-53.6924701679579
84.2350148187373,-53.6786958298969
84.2932282307926,-53.6649186773747
84.3514818731648,-53.6511387053468
84.4097757736565,-53.6373559087583
84.4681099600894,-53.6235702825431
84.5264844603043,-53.6097818216244
84.5848993021615,-53.5959905209141
84.6433545135404,-53.5821963753135
84.7018501223397,-53.5683993797125
84.7603861564774,-53.5545995289903
84.8189626438908,-53.5407968180148
84.8775796125364,-53.5269912416427
84.9362370903901,-53.51318279472
84.9949351054473,-53.4993714720809
85.0536736857224,-53.4855572685489
85.1124528592495,-53.4717401789361
85.1712726540818,-53.4579201980432
85.230133098292,-53.4440973206599
85.2890342199723,-53.4302715415643
85.3479760472341,-53.4164428555233
85.4069586082086,-53.4026112572922
85.4659819310459,-53.3887767416153
85.5250460439159,-53.3749393032251
85.584150975008,-53.3610989368426
85.643296752531,-53.3472556371776
85.7024834047131,-53.333409398928
85.7617109598021,-53.3195602167804
85.8209794460654,-53.3057080854096
85.8802888917898,-53.2918529994788
85.9396393252816,-53.2779949536397
85.999030774867,-53.2641339425322
86.0584632688913,-53.2502699607842
86.1179368357198,-53.2364030030123
86.1774515037371,-53.2225330638209
86.2370073013476,-53.2086601378028
86.2966042569753,-53.1947842195389
86.3562423990637,-53.1809053035982
86.4159217560763,-53.1670233845377
86.475642356496,-53.1531384569023
86.5354042288251,-53.1392505152254
86.5952074015863,-53.1253595540279
86.6550519033215,-53.1114655678188
86.7149377625925,-53.097568551095
86.7748650079807,-53.0836684983412
86.8348336680875,-53.0697654040301
86.8948437715338,-53.055859262622
86.9548953469604,-53.0419500685652
87.014988423028,-53.0280378162956
87.075123028417,-53.0141225002367
87.1352991918275,-53.0002041147998
87.1955169419797,-52.9862826543839
87.2557763076133,-52.9723581133755
87.3160773174883,-52.9584304861485
87.3764200003842,-52.9444997670647
87.4368043851005,-52.9305659504731
87.4972305004568,-52.9166290307103
87.5576983752922,-52.9026890021003
87.6182080384662,-52.8887458589543
87.6787595188579,-52.8747995955713
87.7393528453665,-52.860850206237
87.7999880469111,-52.846897685225
87.860665152431,-52.8329420267957
87.9213841908853,-52.818983225197
87.982145191253,-52.8050212746638
88.0429481825334,-52.7910561694181
88.1037931937457,-52.7770879036692
88.1646802539291,-52.7631164716134
88.2256093921431,-52.7491418674339
88.286580637467,-52.735164085301
88.3475940190003,-52.7211831193719
88.4086495658628,-52.7071989637908
88.4697473071941,-52.6932116126888
88.5308872721541,-52.6792210601838
88.5920694899229,-52.6652273003804
88.6532939897007,-52.6512303273701
88.7145608007078,-52.6372301352311
88.7758699521849,-52.6232267180283
88.8372214733927,-52.6092200698133
88.8986153936123,-52.5952101846243
88.960051742145,-52.5811970564859
89.0215305483121,-52.5671806794096
89.0830518414555,-52.5531610473931
89.1446156509372,-52.5391381544207
89.2062220061396,-52.5251119944631
89.2678709364653,-52.5110825614774
89.3295624713371,-52.4970498494071
89.3912966401986,-52.4830138521819
89.4530734725132,-52.4689745637179
89.514892997765,-52.4549319779172
89.5767552454583,-52.4408860886685
89.6386602451179,-52.4268368898464
89.700608026289,-52.4127843753114
89.7625986185371,-52.3987285389106
89.8246320514484,-52.3846693744766
89.8867083546292,-52.3706068758284
89.9488275577065,-52.3565410367707
90.0109896903276,-52.3424718510944
90.0731947821606,-52.3283993125759
90.1354428628937,-52.3143234149776
90.1977339622359,-52.3002441520479
90.2600681099166,-52.2861615175206
90.3224453356858,-52.2720755051155
90.3848656693141,-52.2579861085379
90.4473291405926,-52.2438933214788
90.5098357793329,-52.2297971376147
90.5723856153676,-52.2156975506077
90.6349786785493,-52.2015945541055
90.6976149987516,-52.1874881417412
90.7602946058689,-52.1733783071332
90.8230175298159,-52.1592650438854
90.8857838005283,-52.145148345587
90.9485934479621,-52.1310282058125
91.0114465020944,-52.1169046181216
91.0743429929228,-52.1027775760594
91.1372829504657,-52.0886470731558
91.2002664047621,-52.0745131029262
91.263293385872,-52.0603756588708
91.3263639238761,-52.0462347344751
91.3894780488757,-52.0320903232092
91.4526357909932,-52.0179424185286
91.5158371803715,-52.0037910138733
91.5790822471745,-51.9896361026685
91.6423710215871,-51.9754776783239
91.7057035338147,-51.9613157342342
91.769079814084,-51.9471502637786
91.8324998926421,-51.9329812603213
91.8959637997575,-51.9188087172109
91.9594715657193,-51.9046326277806
92.0230232208376,-51.8904529853481
92.0866187954434,-51.8762697832158
92.1502583198889,-51.8620830146704
92.2139418245469,-51.847892672983
92.2776693398115,-51.8336987514091
92.3414408960977,-51.8195012431885
92.4052565238415,-51.8053001415454
92.4691162534999,-51.7910954396878
92.5330201155511,-51.7768871308085
92.5969681404942,-51.7626752080839
92.6609603588495,-51.7484596646746
92.7249968011581,-51.7342404937256
92.7890774979827,-51.7200176883653
92.8532024799067,-51.7057912417064
92.9173717775349,-51.6915611468456
92.9815854214931,-51.677327396863
93.0458434424283,-51.6630899848229
93.1101458710086,-51.6488489037732
93.1744927379235,-51.6346041467455
93.2388840738837,-51.620355706755
93.3033199096207,-51.6061035768005
93.3678002758878,-51.5918477498645
93.4323252034593,-51.5775882189129
93.4968947231306,-51.563324976895
93.5615088657187,-51.5490580167435
93.6261676620618,-51.5347873313746
93.6908711430192,-51.5205129136876
93.7556193394718,-51.5062347565653
93.8204122823217,-51.4919528528734
93.8852500024924,-51.4776671954611
93.9501325309287,-51.4633777771604
94.0150598985969,-51.4490845907865
94.0800321364846,-51.4347876291375
94.145049275601,-51.4204868849945
94.2101113469764,-51.4061823511217
94.2752183816629,-51.3918740202657
94.3403704107337,-51.3775618851563
94.4055674652839,-51.3632459385058
94.4708095764297,-51.3489261730094
94.536096775309,-51.3346025813447
94.6014290930812,-51.320275156172
94.6668065609271,-51.3059438901342
94.7322292100494,-51.2916087758565
94.7976970716719,-51.2772698059467
94.8632101770403,-51.2629269729949
94.9287685574218,-51.2485802695735
94.9943722441051,-51.2342296882371
95.0600212684008,-51.2198752215227
95.1257156616409,-51.2055168619493
95.191455455179,-51.1911546020181
95.2572406803906,-51.1767884342122
95.3230713686728,-51.1624183509968
95.3889475514444,-51.148044344819
95.4548692601457,-51.1336664081078
95.5208365262391,-51.1192845332742
95.5868493812084,-51.1048987127105
95.6529078565595,-51.0905089387912
95.7190119838196,-51.0761152038722
95.7851617945384,-51.0617175002911
95.8513573202865,-51.047315820367
95.9175985926571,-51.0329101564004
95.9838856432648,-51.0185005006734
96.0502185037462,-51.0040868454495
96.1165972057597,-50.9896691829732
96.1830217809858,-50.9752475054707
96.2494922611265,-50.960821805149
96.316008677906,-50.9463920741965
96.3825710630703,-50.9319583047825
96.4491794483875,-50.9175204890576
96.5158338656475,-50.903078619153
96.5825343466621,-50.8886326871812
96.6492809232652,-50.8741826852351
96.7160736273129,-50.8597286053889
96.7829124906828,-50.845270439697
96.8497975452751,-50.8308081801949
96.9167288230117,-50.8163418188985
96.9837063558365,-50.8018713478043
97.050730175716,-50.7873967588893
97.1178003146379,-50.7729180441108
97.1849168046129,-50.7584351954066
97.2520796776732,-50.7439482046948
97.3192889658736,-50.7294570638738
97.3865447012906,-50.714961764822
97.4538469160233,-50.700462299398
97.5211956421926,-50.6859586594405
97.5885909119419,-50.6714508367681
97.6560327574367,-50.6569388231795
97.7235212108646,-50.6424226104531
97.7910563044357,-50.6279021903472
97.8586380703821,-50.6133775545997
97.9262665409584,-50.5988486949284
97.9939417484414,-50.5843156030306
98.0616637251301,-50.569778270583
98.129432503346,-50.5552366892421
98.1972481154327,-50.5406908506436
98.2651105937565,-50.5261407464025
98.3330199707058,-50.5115863681133
98.4009762786914,-50.4970277073496
98.4689795501467,-50.4824647556641
98.5370298175272,-50.4678975045887
98.6051271133111,-50.4533259456343
98.673271469999,-50.4387500702907
98.7414629201137,-50.4241698700266
98.8097014962009,-50.4095853362897
98.8779872308285,-50.3949964605062
98.9463201565869,-50.3804032340812
99.0147003060891,-50.3658056483982
99.0831277119708,-50.3512036948194
99.15160240689,-50.3365973646854
99.2201244235273,-50.3219866493155
99.2886937945862,-50.3073715400068
99.3573105527922,-50.2927520280353
99.4259747308939,-50.2781281046547
99.4946863616625,-50.2634997610971
99.5634454778916,-50.2488669885726
99.6322521123978,-50.2342297782693
99.70110629802,-50.2195881213533
99.77000806762,-50.2049420089683
99.8389574540824,-50.1902914322361
99.9079544903143,-50.175636382256
99.9769992092458,-50.1609768501051
100.046091643829,-50.1463128268379
100.115231827041,-50.1316443034866
100.184419791878,-50.1169712710605
100.253655571363,-50.1022937205465
100.322939198539,-50.0876116429088
100.392270706472,-50.0729250290887
100.461650128252,-50.0582338700046
100.531077496993,-50.043538156552
100.600552845828,-50.0288378796035
100.670076207917,-50.0141330300083
100.739647616441,-49.9994235985928
100.809267104603,-49.9847095761598
100.87893470563,-49.969990953489
100.948650452774,-49.9552677213367
101.018414379306,-49.9405398704356
101.088226518522,-49.9258073914949
101.158086903742,-49.9110702752003
101.227995568308,-49.8963285122135
101.297952545585,-49.8815820931728
101.36795786896,-49.8668310086922
101.438011571845,-49.8520752493623
101.508113687674,-49.8373148057491
101.578264249905,-49.8225496683948
101.648463292018,-49.8077798278175
101.718710847516,-49.793005274511
101.789006949928,-49.7782259989445
101.859351632801,-49.7634419915632
101.92974492971,-49.7486532427874
102.000186874252,-49.7338597430132
102.070677500044,-49.7190614826116
102.141216840731,-49.7042584519293
102.211804929979,-49.689450641288
102.282441801476,-49.6746380409843
102.353127488935,-49.6598206412902
102.423862026093,-49.6449984324522
102.494645446708,-49.630171404692
102.565477784562,-49.6153395482059
102.636359073463,-49.6005028531649
102.707289347239,-49.5856613097145
102.778268639742,-49.5708149079749
102.84929698485,-49.5559636380406
102.92037441646,-49.5411074899805
102.991500968496,-49.5262464538376
103.062676674905,-49.5113805196293
103.133901569656,-49.4965096773468
103.205175686742,-49.4816339169556
103.27649906018,-49.4667532283948
103.347871724011,-49.4518676015777
103.419293712298,-49.4369770263908
103.490765059128,-49.4220814926948
103.562285798612,-49.4071809903235
103.633855964885,-49.3922755090845
103.705475592105,-49.3773650387585
103.777144714453,-49.3624495690998
103.848863366134,-49.3475290898354
103.920631581379,-49.332603590666
103.992449394438,-49.3176730612648
104.064316839588,-49.3027374912783
104.13623395113,-49.2877968703256
104.208200763387,-49.2728511879986
104.280217310705,-49.2579004338619
104.352283627457,-49.2429445974526
104.424399748037,-49.2279836682801
104.496565706864,-49.2130176358264
104.568781538379,-49.1980464895458
104.64104727705,-49.1830702188646
104.713362957366,-49.1680888131812
104.785728613841,-49.1531022618661
104.858144281012,-49.1381105542616
104.930609993442,-49.1231136796817
105.003125785716,-49.1081116274124
105.075691692443,-49.0931043867109
105.148307748256,-49.0780919468063
105.220973987812,-49.0630742968989
105.293690445793,-49.0480514261602
105.366457156904,-49.0330233237331
105.439274155874,-49.0179899787315
105.512141477456,-49.0029513802403
105.585059156427,-48.9879075173155
105.658027227588,-48.9728583789837
105.731045725765,-48.9578039542423
105.804114685806,-48.9427442320591
105.877234142586,-48.9276792013728
105.950404131001,-48.9126088510922
106.023624685973,-48.8975331700964
106.096895842447,-48.8824521472349
106.170217635395,-48.8673657713271
106.243590099809,-48.8522740311625
106.317013270708,-48.8371769155005
106.390487183134,-48.8220744130701
106.464011872155,-48.8069665125702
106.537587372859,-48.7918532026691
106.611213720364,-48.7767344720047
106.684890949808,-48.7616103091841
106.758619096355,-48.7464807027839
106.832398195193,-48.7313456413495
106.906228281534,-48.7162051133957
106.980109390614,-48.7010591074058
107.054041557696,-48.6859076118324
107.128024818063,-48.6707506150965
107.202059207026,-48.6555881055877
107.276144759919,-48.6404200716641
107.350281512101,-48.6252465016524
107.424469498953,-48.6100673838472
107.498708755885,-48.5948827065114
107.572999318327,-48.5796924578763
107.647341221737,-48.5644966261405
107.721734501594,-48.5492951994707
107.796179193405,-48.5340881660015
107.870675332699,-48.5188755138348
107.945222955031,-48.5036572310402
108.01982209598,-48.4884333056543
108.094472791149,-48.4732037256812
108.169175076167,-48.4579684790922
108.243928986687,-48.4427275538255
108.318734558386,-48.427480937786
108.393591826966,-48.4122286188457
108.468500828155,-48.3969705848431
108.543461597703,-48.3817068235831
108.618474171387,-48.3664373228372
108.693538585009,-48.3511620703431
108.768654874393,-48.3358810538048
108.84382307539,-48.3205942608922
108.919043223876,-48.3053016792411
108.99431535575,-48.2900032964532
109.069639506938,-48.274699100096
109.145015713388,-48.2593890777023
109.220444011076,-48.2440732167705
109.295924436001,-48.2287515047642
109.371457024188,-48.2134239291123
109.447041811684,-48.1980904772088
109.522678834565,-48.1827511364125
109.598368128929,-48.167405894047
109.674109730901,-48.1520547374006
109.749903676629,-48.1366976537264
109.825750002287,-48.1213346302415
109.901648744074,-48.1059656541275
109.977599938214,-48.0905907125303
110.053603620956,-48.0752097925596
110.129659828574,-48.0598228812892
110.205768597367,-48.0444299657565
110.28192996366,-48.0290310329626
110.3581439638,-48.0136260698721
110.434410634163,-47.9982150634131
110.510730011149,-47.9827980004768
110.587102131181,-47.9673748679174
110.66352703071,-47.9519456525524
110.740004746211,-47.9365103411618
110.816535314185,-47.9210689204885
110.893118771155,-47.9056213772379
110.969755153674,-47.8901676980778
111.046444498317,-47.8747078696383
111.123186841685,-47.8592418785116
111.199982220405,-47.843769711252
111.276830671129,-47.8282913543757
111.353732230535,-47.8128067943604
111.430686935323,-47.7973160176456
111.507694822223,-47.7818190106322
111.584755927988,-47.7663157596822
111.661870289395,-47.7508062511192
111.739037943251,-47.7352904712273
111.816258926383,-47.7197684062517
111.893533275647,-47.7042400423984
111.970861027923,-47.6887053658339
112.048242220118,-47.6731643626851
112.125676889162,-47.6576170190392
112.203165072013,-47.6420633209434
112.280706805653,-47.6265032544052
112.358302127091,-47.6109368053916
112.435951073359,-47.5953639598295
112.513653681517,-47.5797847036052
112.59140998865,-47.5641990225644
112.669220031869,-47.5486069025122
112.747083848309,-47.5330083292125
112.825001475132,-47.5174032883884
112.902972949526,-47.5017917657214
112.980998308704,-47.486173746852
113.059077589904,-47.470549217379
113.137210830392,-47.4549181628593
113.215398067458,-47.4392805688082
113.293639338417,-47.423636420699
113.371934680612,-47.4079857039626
113.450284131411,-47.3923284039878
113.528687728207,-47.3766645061206
113.607145508419,-47.3609939956647
113.685657509493,-47.3453168578807
113.7642237689,-47.3296330779863
113.842844324136,-47.3139426411562
113.921519212726,-47.2982455325216
114.000248472217,-47.2825417371701
114.079032140184,-47.2668312401461
114.157870254229,-47.2511140264498
114.236762851978,-47.2353900810375
114.315709971084,-47.2196593888215
114.394711649225,-47.2039219346696
114.473767924107,-47.1881777034052
114.55287883346,-47.172426679807
114.632044415042,-47.156668848609
114.711264706635,-47.1409041945001
114.790539746048,-47.125132702124
114.869869571117,-47.1093543560791
114.949254219704,-47.0935691409182
115.028693729696,-47.0777770411485
115.108188139006,-47.0619780412313
115.187737485576,-47.0461721255818
115.26734180737,-47.030359278569
115.347001142381,-47.0145394845155
115.426715528629,-46.9987127276973
115.506485004158,-46.9828789923436
115.586309607039,-46.9670382626366
115.666189375371,-46.9511905227116
115.746124347276,-46.9353357566563
115.826114560905,-46.919473948511
115.906160054436,-46.9036050822683
115.98626086607,-46.887729141873
116.066417034037,-46.8718461112216
116.146628596594,-46.8559559741628
116.226895592022,-46.8400587144963
116.30721805863,-46.8241543159736
116.387596034753,-46.8082427622971
116.468029558754,-46.7923240371203
116.548518669019,-46.7763981240477
116.629063403965,-46.7604650066339
116.709663802032,-46.7445246683844
116.790319901688,-46.7285770927546
116.871031741427,-46.7126222631501
116.951799359772,-46.6966601629262
117.032622795268,-46.6806907753877
117.113502086491,-46.6647140837891
117.194437272041,-46.6487300713339
117.275428390547,-46.6327387211747
117.356475480662,-46.6167400164129
117.437578581068,-46.6007339400985
117.518737730472,-46.5847204752298
117.599952967608,-46.5686996047535
117.681224331239,-46.5526713115641
117.762551860152,-46.536635578504
117.843935593163,-46.5205923883631
117.925375569112,-46.5045417238787
118.006871826868,-46.4884835677352
118.088424405327,-46.4724179025641
118.170033343412,-46.4563447109435
118.25169868007,-46.4402639753978
118.333420454279,-46.4241756783982
118.415198705041,-46.4080798023615
118.497033471387,-46.3919763296507
118.578924792374,-46.3758652425742
118.660872707084,-46.359746523386
118.74287725463,-46.3436201542851
118.824938474149,-46.3274861174158
118.907056404807,-46.3113443948669
118.989231085796,-46.2951949686717
119.071462556334,-46.2790378208081
119.153750855668,-46.2628729331979
119.236096023071,-46.2467002877066
119.318498097845,-46.2305198661436
119.400957119317,-46.2143316502616
119.483473126841,-46.1981356217564
119.5660461598,-46.1819317622668
119.648676257603,-46.1657200533744
119.731363459687,-46.149500476603
119.814107805515,-46.133273013419
119.896909334579,-46.1170376452303
119.979768086397,-46.1007943533871
120.062684100515,-46.0845431191807
120.145657416506,-46.0682839238439
120.228688073969,-46.0520167485505
120.311776112533,-46.035741574415
120.394921571853,-46.0194583824925
120.478124491612,-46.0031671537785
120.561384911519,-45.9868678692083
120.644702871312,-45.9705605096573
120.728078410755,-45.9542450559403
120.811511569642,-45.9379214888114
120.895002387791,-45.9215897889638
120.97855090505,-45.9052499370295
121.062157161295,-45.8889019135789
121.145821196427,-45.872545699121
121.229543050376,-45.8561812741026
121.313322763101,-45.8398086189083
121.397160374586,-45.8234277138602
121.481055924844,-45.8070385392177
121.565009453916,-45.7906410751772
121.64902100187,-45.7742353018719
121.733090608802,-45.7578211993711
121.817218314835,-45.7413987476808
121.901404160121,-45.7249679267426
121.985648184839,-45.7085287164337
122.069950429195,-45.692081096567
122.154310933425,-45.6756250468902
122.238729737791,-45.659160547086
122.323206882582,-45.6426875767717
122.407742408117,-45.6262061154986
122.492336354743,-45.6097161427524
122.576988762832,-45.5932176379522
122.661699672787,-45.5767105804508
122.746469125037,-45.5601949495339
122.831297160039,-45.5436707244203
122.916183818281,-45.5271378842612
123.001129140274,-45.5105964081403
123.086133166561,-45.4940462750732
123.17119593771,-45.4774874640072
123.256317494321,-45.4609199538211
123.341497877017,-45.4443437233248
123.426737126454,-45.427758751259
123.512035283313,-45.4111650162951
123.597392388303,-45.3945624970346
123.682808482163,-45.3779511720089
123.768283605659,-45.3613310196792
123.853817799586,-45.344702018436
123.939411104765,-45.3280641465987
124.025063562049,-45.3114173824157
124.110775212315,-45.2947617040635
124.196546096471,-45.278097089647
124.282376255454,-45.2614235171986
124.368265730225,-45.2447409646785
124.454214561779,-45.2280494099739
124.540222791134,-45.2113488308989
124.626290459341,-45.1946392051941
124.712417607476,-45.1779205105263
124.798604276645,-45.1611927244883
124.884850507981,-45.1444558245983
124.971156342648,-45.1277097883
125.057521821835,-45.1109545929617
125.143946986764,-45.0941902158765
125.23043187868,-45.0774166342618
125.316976538861,-45.0606338252588
125.403581008611,-45.0438417659323
125.490245329264,-45.0270404332703
125.576969542182,-45.010229804184
125.663753688755,-44.9934098555068
125.750597810402,-44.9765805639946
125.837501948572,-44.9597419063251
125.924466144741,-44.9428938590975
126.011490440413,-44.9260363988322
126.098574877122,-44.9091695019706
126.185719496432,-44.8922931448744
126.272924339932,-44.8754073038255
126.360189449244,-44.8585119550258
126.447514866016,-44.8416070745963
126.534900631924,-44.8246926385772
126.622346788676,-44.8077686229275
126.709853378007,-44.7908350035244
126.797420441681,-44.7738917561632
126.885048021489,-44.7569388565568
126.972736159255,-44.7399762803352
127.060484896829,-44.7230040030454
127.148294276089,-44.7060220001509
127.236164338946,-44.6890302470313
127.324095127335,-44.6720287189819
127.412086683224,-44.6550173912134
127.500139048607,-44.6379962388516
127.58825226551,-44.6209652369366
127.676426375986,-44.603924360423
127.764661422117,-44.5868735841791
127.852957446015,-44.5698128829866
127.941314489821,-44.5527422315403
128.029732595703,-44.5356616044476
128.118211805863,-44.5185709762282
128.206752162527,-44.5014703213135
128.295353707953,-44.4843596140466
128.384016484427,-44.4672388286814
128.472740534265,-44.4501079393824
128.561525899813,-44.4329669202246
128.650372623444,-44.4158157451926
128.739280747562,-44.3986543881804
128.8282503146,-44.381482822991
128.91728136702,-44.3643010233361
129.006373947314,-44.3471089628352
129.095528098002,-44.3299066150159
129.184743861635,-44.3126939533128
129.274021280792,-44.2954709510675
129.363360398082,-44.2782375815281
129.452761256145,-44.2609938178486
129.542223897648,-44.2437396330884
129.631748365288,-44.2264750002123
129.721334701793,-44.2091998920897
129.810982949919,-44.1919142814941
129.900693152452,-44.1746181411029
129.990465352208,-44.157311443497
130.080299592032,-44.1399941611598
130.170195914799,-44.1226662664775
130.260154363413,-44.1053277317381
130.350174980809,-44.0879785291311
130.440257809951,-44.0706186307472
130.530402893831,-44.0532480085777
130.620610275473,-44.0358666345138
130.710879997931,-44.0184744803464
130.801212104286,-44.0010715177659
130.891606637651,-43.983657718361
130.982063641169,-43.966233053619
131.072583158011,-43.9487974949246
131.16316523138,-43.93135101356
131.253809904507,-43.913893580704
131.344517220654,-43.8964251674318
131.435287223112,-43.8789457447144
131.526119955203,-43.8614552834181
131.617015460279,-43.8439537543039
131.70797378172,-43.8264411280272
131.798994962938,-43.8089173751371
131.890079047375,-43.7913824660759
131.981226078501,-43.7738363711791
132.072436099818,-43.7562790606738
132.163709154858,-43.7387105046795
132.255045287182,-43.7211306732063
132.346444540381,-43.7035395361556
132.437906958079,-43.6859370633185
132.529432583925,-43.6683232243759
132.621021461604,-43.6506979888978
132.712673634826,-43.6330613263429
132.804389147334,-43.6154132060578
132.896168042902,-43.5977535972765
132.988010365332,-43.5800824691201
133.079916158457,-43.562399790596
133.17188546614,-43.5447055305975
133.263918332277,-43.5269996579032
133.35601480079,-43.5092821411763
133.448174915635,-43.4915529489643
133.540398720796,-43.4738120496982
133.632686260289,-43.4560594116921
133.72503757816,-43.4382950031425
133.817452718483,-43.4205187921278
133.909931725367,-43.4027307466077
134.002474642949,-43.3849308344225
134.095081515395,-43.3671190232929
134.187752386904,-43.3492952808188
134.280487301705,-43.3314595744792
134.373286304057,-43.3136118716315
134.46614943825,-43.2957521395107
134.559076748604,-43.2778803452291
134.65206827947,-43.2599964557753
134.745124075231,-43.242100438014
134.838244180298,-43.2241922586851
134.931428639114,-43.2062718844032
135.024677496154,-43.188339281657
135.117990795922,-43.1703944168084
135.211368582953,-43.1524372560923
135.304810901813,-43.1344677656157
135.398317797099,-43.1164859113571
135.491889313439,-43.0984916591658
135.585525495492,-43.0804849747614
135.679226387946,-43.062465823733
135.772992035522,-43.0444341715386
135.866822482971,-43.0263899835045
135.960717775076,-43.0083332248245
136.054677956649,-42.9902638605595
136.148703072534,-42.9721818556362
136.242793167607,-42.9540871748474
136.336948286773,-42.9359797828503
136.43116847497,-42.9178596441666
136.525453777166,-42.8997267231814
136.619804238359,-42.8815809841425
136.71421990358,-42.86342239116
136.808700817891,-42.8452509082051
136.903247026384,-42.82706649911
136.997858574183,-42.8088691275668
137.092535506443,-42.7906587571265
137.187277868349,-42.7724353511992
137.28208570512,-42.7541988730524
137.376959062003,-42.7359492858109
137.471897984279,-42.7176865524556
137.566902517258,-42.6994106358232
137.661972706284,-42.6811214986052
137.75710859673,-42.6628191033471
137.852310234001,-42.6445034124478
137.947577663533,-42.6261743881589
138.042910930796,-42.6078319925836
138.138310081287,-42.5894761876764
138.233775160538,-42.5711069352417
138.329306214111,-42.5527241969338
138.4249032876,-42.5343279342553
138.52056642663,-42.5159181085572
138.616295676858,-42.4974946810371
138.712091083972,-42.4790576127392
138.807952693692,-42.4606068645532
138.90388055177,-42.4421423972134
138.999874703989,-42.4236641712981
139.095935196163,-42.4051721472284
139.192062074139,-42.3866662852679
139.288255383795,-42.3681465455215
139.384515171041,-42.3496128879347
139.480841481819,-42.3310652722925
139.577234362101,-42.312503658219
139.673693857893,-42.2939280051762
139.770220015232,-42.2753382724632
139.866812880186,-42.2567344192154
139.963472498856,-42.2381164044038
140.060198917375,-42.2194841868335
140.156992181906,-42.2008377251436
140.253852338646,-42.1821769778058
140.350779433822,-42.1635019031236
140.447773513696,-42.1448124592316
140.544834624558,-42.1261086040943
140.641962812733,-42.1073902955053
140.739158124577,-42.0886574910865
140.836420606478,-42.0699101482871
140.933750304856,-42.0511482243824
141.031147266163,-42.0323716764735
141.128611536883,-42.0135804614855
141.226143163533,-41.9947745361673
141.323742192662,-41.9759538570902
141.42140867085,-41.9571183806473
141.51914264471,-41.9382680630519
141.616944160888,-41.9194028603373
141.71481326606,-41.9005227283552
141.812750006936,-41.881627622775
141.910754430258,-41.8627174990829
142.008826582801,-41.8437923125805
142.10696651137,-41.8248520183842
142.205174262805,-41.8058965714238
142.303449883977,-41.786925926442
142.40179342179,-41.7679400379927
142.50020492318,-41.7489388604405
142.598684435114,-41.7299223479594
142.697232004595,-41.7108904545319
142.795847678655,-41.6918431339476
142.894531504361,-41.6727803398026
142.993283528811,-41.653702025498
143.092103799136,-41.6346081442393
143.190992362499,-41.6154986490345
143.289949266098,-41.596373492694
143.388974557159,-41.5772326278287
143.488068282946,-41.5580760068493
143.587230490752,-41.5389035819651
143.686461227903,-41.5197153051827
143.78576054176,-41.5005111283051
143.885128479715,-41.4812910029304
143.984565089192,-41.4620548804505
144.084070417649,-41.4428027120505
144.183644512577,-41.4235344487068
144.283287421499,-41.4042500411865
144.382999191972,-41.3849494400458
144.482779871584,-41.365632595629
144.582629507957,-41.3462994580674
144.682548148747,-41.3269499772778
144.782535841641,-41.3075841029616
144.882592634359,-41.2882017846032
144.982718574657,-41.2688029714692
145.082913710319,-41.2493876126066
145.183178089166,-41.2299556568423
145.283511759052,-41.2105070527809
145.383914767861,-41.1910417488042
145.484387163512,-41.1715596930695
145.584928993959,-41.1520608335085
145.685540307185,-41.1325451178259
145.78622115121,-41.113012493498
145.886971574085,-41.0934629077718
145.987791623895,-41.0738963076628
146.088681348757,-41.0543126399549
146.189640796824,-41.0347118511977
146.290670016279,-41.0150938877061
146.39176905534,-40.9954586955588
146.492937962259,-40.9758062205963
146.59417678532,-40.9561364084202
146.695485572842,-40.9364492043916
146.796864373174,-40.9167445536295
146.898313234702,-40.8970224010095
146.999832205845,-40.8772826911623
147.101421335053,-40.8575253684726
147.203080670812,-40.8377503770772
147.30481026164,-40.8179576608635
147.406610156089,-40.7981471634684
147.508480402745,-40.7783188282769
147.610421050228,-40.7584725984198
147.71243214719,-40.7386084167731
147.814513742317,-40.7187262259561
147.91666588433,-40.6988259683296
148.018888621983,-40.6789075859949
148.121182004062,-40.6589710207918
148.22354607939,-40.6390162142973
148.325980896821,-40.6190431078239
148.428486505243,-40.599051642418
148.531062953579,-40.5790417588583
148.633710290786,-40.5590133976544
148.736428565854,-40.5389664990447
148.839217827806,-40.5189010029952
148.9420781257,-40.4988168491977
149.045009508629,-40.4787139770681
149.148012025717,-40.4585923257448
149.251085726125,-40.4384518340868
149.354230659046,-40.4182924406723
149.457446873708,-40.3981140837967
149.560734419372,-40.3779167014713
149.664093345334,-40.3577002314209
149.767523700923,-40.3374646110827
149.871025535504,-40.317209777604
149.974598898475,-40.2969356678408
150.078243839267,-40.2766422183559
150.181960407347,-40.2563293654169
150.285748652215,-40.2359970449946
150.389608623406,-40.2156451927611
150.493540370488,-40.195273744088
150.597543943065,-40.1748826340443
150.701619390775,-40.1544717973947
150.805766763288,-40.1340411685979
150.909986110312,-40.1135906818042
151.014277481585,-40.093120270854
151.118640926884,-40.0726298692756
151.223076496017,-40.0521194102835
151.327584238828,-40.0315888267761
151.432164205194,-40.011038051334
151.536816445029,-39.9904670162179
151.641541008279,-39.9698756533664
151.746337944926,-39.9492638943944
151.851207304986,-39.9286316705905
151.956149138509,-39.9079789129154
152.061163495581,-39.8873055519995
152.166250426322,-39.866611518141
152.271409980885,-39.8458967413037
152.376642209461,-39.8251611511148
152.481947162272,-39.8044046768629
152.587324889578,-39.7836272474958
152.692775441671,-39.762828791618
152.79829886888,-39.7420092374891
152.903895221567,-39.7211685130212
153.00956455013,-39.7003065457763
153.115306905001,-39.679423262965
153.221122336648,-39.6585185914433
153.327010895573,-39.6375924577108
153.432972632312,-39.6166447879082
153.539007597439,-39.5956755078151
153.645115841558,-39.5746845428476
153.751297415314,-39.5536718180558
153.857552369382,-39.5326372581217
153.963880754474,-39.5115807873564
154.070282621338,-39.4905023296979
154.176758020755,-39.469401808709
154.283307003542,-39.4482791475739
154.389929620552,-39.4271342690968
154.496625922672,-39.4059670956985
154.603395960825,-39.3847775494145
154.710239785968,-39.363565551892
154.817157449094,-39.3423310243876
154.924149001232,-39.3210738877646
155.031214493445,-39.2997940624906
155.138353976832,-39.2784914686343
155.245567502526,-39.2571660258637
155.352855121698,-39.2358176534423
155.460216885551,-39.2144462702278
155.567652845327,-39.1930517946679
155.6751630523,-39.1716341447988
155.782747557782,-39.1501932382415
155.890406413119,-39.1287289921997
155.998139669694,-39.1072413234563
156.105947378922,-39.0857301483714
156.213829592259,-39.0641953828786
156.321786361191,-39.0426369424827
156.429817737243,-39.0210547422563
156.537923771976,-38.9994486968374
156.646104516983,-38.977818720426
156.754360023897,-38.9561647267814
156.862690344384,-38.9344866292187
156.971095530146,-38.9127843406066
157.079575632922,-38.8910577733634
157.188130704486,-38.8693068394547
157.296760796646,-38.8475314503896
157.40546596125,-38.8257315172181
157.514246250177,-38.8039069505277
157.623101715345,-38.7820576604399
157.732032408707,-38.7601835566077
157.841038382253,-38.7382845482116
157.950119688006,-38.7163605439568
158.059276378028,-38.6944114520695
158.168508504416,-38.6724371802939
158.277816119302,-38.6504376358887
158.387199274856,-38.6284127256236
158.496658023281,-38.6063623557762
158.60619241682,-38.5842864321277
158.715802507749,-38.5621848599607
158.825488348381,-38.5400575440545
158.935249991067,-38.5179043886822
159.04508748819,-38.4957252976069
159.155000892173,-38.473520174078
159.264990255475,-38.4512889208278
159.375055630588,-38.4290314400676
159.485197070045,-38.406747633484
159.595414626411,-38.3844374022353
159.705708352289,-38.3621006469477
159.81607830032,-38.3397372677111
159.926524523178,-38.3173471640758
160.037047073577,-38.2949302350483
160.147646004264,-38.2724863790876
160.258321368026,-38.2500154941006
160.369073217684,-38.2275174774392
160.479901606095,-38.2049922258952
160.590806586154,-38.1824396356971
160.701788210793,-38.1598596025051
160.81284653298,-38.137252021408
160.923981605719,-38.114616786918
161.03519348205,-38.0919537929674
161.146482215052,-38.0692629329034
161.257847857839,-38.0465440994849
161.369290463562,-38.0237971848771
161.480810085408,-38.0010220806479
161.592406776603,-37.978218677763
161.704080590408,-37.9553868665817
161.81583158012,-37.9325265368526
161.927659799076,-37.9096375777083
162.039565300645,-37.8867198776618
162.151548138239,-37.8637733246012
162.263608365301,-37.8407978057853
162.375746035315,-37.8177932078387
162.4879612018,-37.7947594167473
162.600253918312,-37.7716963178534
162.712624238446,-37.7486037958509
162.825072215831,-37.7254817347802
162.937597904136,-37.7023300180234
163.050201357065,-37.6791485282996
163.162882628359,-37.6559371476593
163.275641771799,-37.6326957574797
163.388478841199,-37.6094242384598
163.501393890414,-37.5861224706145
163.614386973334,-37.5627903332701
163.727458143886,-37.5394277050587
163.840607456037,-37.5160344639128
163.953834963787,-37.4926104870603
164.067140721177,-37.4691556510185
164.180524782284,-37.4456698315892
164.293987201221,-37.4221529038526
164.407528032142,-37.3986047421625
164.521147329235,-37.3750252201397
164.634845146727,-37.3514142106671
164.748621538882,-37.3277715858836
164.862476560002,-37.3040972171781
164.976410264425,-37.2803909751842
165.090422706529,-37.2566527297739
165.204513940727,-37.2328823500515
165.318684021473,-37.2090797043479
165.432933003254,-37.1852446602142
165.547260940599,-37.161377084416
165.661667888072,-37.1374768429265
165.776153900276,-37.1135438009209
165.890719031851,-37.0895778227696
166.005363337475,-37.0655787720319
166.120086871865,-37.0415465114498
166.234889689773,-37.0174809029412
166.349771845992,-36.9933818075931
166.46473339535,-36.9692490856556
166.579774392715,-36.9450825965346
166.694894892993,-36.9208821987851
166.810094951125,-36.8966477501043
166.925374622094,-36.8723791073252
167.040733960919,-36.8480761264086
167.156173022656,-36.8237386624371
167.271691862401,-36.7993665696071
167.387290535287,-36.774959701222
167.502969096485,-36.750517909685
167.618727601205,-36.7260410464911
167.734566104695,-36.7015289622207
167.85048466224,-36.6769815065311
167.966483329164,-36.6523985281492
168.08256216083,-36.6277798748642
168.198721212638,-36.6031253935194
168.314960540027,-36.5784349300044
168.431280198474,-36.5537083292476
168.547680243495,-36.5289454352076
168.664160730642,-36.5041460908654
168.78072171551,-36.4793101382164
168.897363253727,-36.4544374182619
169.014085400963,-36.4295277710009
169.130888212927,-36.4045810354215
169.247771745363,-36.3795970494925
169.364736054056,-36.3545756501548
169.48178119483,-36.3295166733129
169.598907223546,-36.3044199538255
169.716114196105,-36.2792853254972
169.833402168445,-36.2541126210694
169.950771196544,-36.2289016722112
170.068221336418,-36.2036523095098
170.185752644123,-36.1783643624621
170.303365175752,-36.1530376594646
170.421058987437,-36.1276720278042
170.53883413535,-36.1022672936485
170.656690675701,-36.0768232820365
170.774628664739,-36.0513398168682
170.892648158752,-36.0258167208954
171.010749214066,-36.0002538157111
171.128931887047,-35.9746509217398
171.2471962341,-35.9490078582271
171.365542311668,-35.9233244432295
171.483970176234,-35.8976004936037
171.60247988432,-35.8718358249964
171.721071492485,-35.8460302518335
171.839745057331,-35.8201835873091
171.958500635496,-35.7942956433748
172.077338283657,-35.7683662307289
172.196258058533,-35.7423951588047
172.315260016879,-35.7163822357596
172.434344215491,-35.6903272684637
172.553510711204,-35.664230062488
172.672759560893,-35.6380904220931
172.79209082147,-35.6119081502173
172.911504549888,-35.5856830484645
173.03100080314,-35.5594149170922
173.150579638257,-35.5331035549996
173.270241112311,-35.5067487597149
173.38998528241,-35.4803503273829
173.509812205706,-35.4539080527526
173.629721939387,-35.4274217291644
173.749714540683,-35.4008911485369
173.869790066862,-35.3743161013541
173.989948575232,-35.3476963766522
174.110190123141,-35.3210317620063
174.230514767975,-35.2943220435167
174.350922567162,-35.2675670057952
174.471413578168,-35.2407664319517
174.591987858499,-35.2139201035797
174.712645465703,-35.1870278007424
174.833386457364,-35.1600893019586
174.954210891107,-35.1331043841878
175.075118824599,-35.1060728228158
175.196110315545,-35.0789943916397
175.31718542169,-35.0518688628533
175.438344200819,-35.0246960070315
175.559586710756,-34.997475593115
175.680913009368,-34.9702073883952
175.802323154559,-34.9428911584978
175.923817204273,-34.9155266673675
176.045395216496,-34.8881136772515
176.167057249253,-34.8606519486834
176.28880336061,-34.8331412404668
176.41063360867,-34.8055813096582
176.532548051581,-34.7779719115509
176.654546747528,-34.7503127996567
176.776629754735,-34.72260372569
176.898797131471,-34.6948444395492
177.02104893604,-34.6670346892996
177.143385226789,-34.639174221155
177.265806062107,-34.61126277946
177.388311500419,-34.5833001066713
177.510901600194,-34.5552859433392
177.63357641994,-34.5272200280889
177.756336018205,-34.499102097601
177.879180453578,-34.4709318865928
178.002109784689,-34.4427091277982
178.125124070208,-34.4144335519481
178.248223368846,-34.3861048877506
178.371407739353,-34.3577228618705
178.494677240521,-34.3292871989086
178.618031931183,-34.300797621381
178.741471870212,-34.2722538496984
178.864997116521,-34.2436556021443
178.988607729065,-34.2150025948535
179.11230376684,-34.1862945417903
179.23608528888,-34.1575311547263
179.359952354263,-34.1287121432182
179.483905022107,-34.0998372145844
179.607943351569,-34.070906073883
179.732067401849,-34.0419184238874
179.856277232188,-34.0128739650635
179.980572901866,-33.9837723955453
180.104954470206,-33.954613411111
180.229421996571,-33.9253967051581
180.353975540365,-33.8961219686789
180.478615161032,-33.8667888902351
180.60334091806,-33.837397155932
180.728152870976,-33.8079464493933
180.853051079349,-33.7784364517343
180.978035602787,-33.7488668415356
181.103106500942,-33.7192372948163
181.228263833507,-33.6895474850065
181.353507660213,-33.6597970829198
181.478838040837,-33.6299857567252
181.604255035195,-33.600113171919
181.729758703142,-33.5701789912958
181.855349104579,-33.5401828749195
181.981026299444,-33.5101244800935
182.10679034772,-33.4800034613313
182.23264130943,-33.4498194703255
182.358579244638,-33.4195721559176
182.48460421345,-33.3892611640668
182.610716276013,-33.3588861378178
182.736915492517,-33.3284467172696
182.863201923191,-33.2979425395423
182.989575628309,-33.2673732387448
183.116036668184,-33.236738445941
183.242585103172,-33.2060377891159
183.36922099367,-33.175270893142
183.495944400118,-33.1444373797434
183.622755382995,-33.1135368674616
183.749654002825,-33.0825689716191
183.876640320172,-33.0515333042831
184.003714395642,-33.0204294742291
184.130876289883,-32.9892570869034
184.258126063587,-32.9580157443851
184.385463777483,-32.9267050453481
184.512889492348,-32.8953245850216
184.640403268996,-32.8638739551514
184.768005168285,-32.8323527439592
184.895695251117,-32.8007605361021
185.023473578432,-32.7690969126318
185.151340211215,-32.7373614509522
185.279295210493,-32.7055537247774
185.407338637334,-32.6736733040886
185.535470552849,-32.6417197550903
185.663691018192,-32.6096926401661
185.792000094556,-32.5775915178337
185.920397843181,-32.5454159426994
186.048884325345,-32.5131654654117
186.177459602372,-32.4808396326143
186.306123735625,-32.4484379868986
186.434876786513,-32.4159600667551
186.563718816483,-32.3834054065244
186.692649887029,-32.3507735363474
186.821670059685,-32.3180639821146
186.950779396027,-32.285276265415
187.079977957676,-32.2524099034836
187.209265806293,-32.2194644091486
187.338643003584,-32.1864392907778
187.468109611294,-32.1533340522239
187.597665691216,-32.1201481927693
187.72731130518,-32.0868812070697
187.857046515064,-32.0535325850968
187.986871382784,-32.0201018120809
188.116785970303,-31.9865883684515
188.246790339623,-31.9529917297775
188.376884552792,-31.9193113667068
188.5070686719,-31.8855467449044
188.637342759078,-31.8516973249897
188.767706876502,-31.8177625624729
188.898161086391,-31.7837419076906
189.028705451005,-31.7496348057396
189.15934003265,-31.7154406964106
189.290064893673,-31.6811590141204
189.420880096464,-31.6467891878427
189.551785703457,-31.6123306410386
189.68278177713,-31.577782791585
189.813868380001,-31.543145051703
189.945045574634,-31.5084168278836
190.076313423636,-31.473597520814
190.207671989656,-31.438686525301
190.339121335388,-31.4036832301944
190.470661523567,-31.3685870183086
190.602292616974,-31.3333972663429
190.734014678431,-31.2981133448004
190.865827770805,-31.2627346179061
190.997731957006,-31.2272604435226
191.129727299988,-31.1916901730661
191.261813862746,-31.1560231514188
191.393991708323,-31.1202587168414
191.526260899801,-31.0843962008842
191.658621500308,-31.0484349282952
191.791073573017,-31.0123742169285
191.92361718114,-30.9762133776498
192.056252387938,-30.9399517142407
192.188979256713,-30.9035885233018
192.32179785081,-30.8671230941533
192.454708233619,-30.8305547087347
192.587710468574,-30.793882641502
192.720804619153,-30.757106159324
192.853990748877,-30.7202245213755
192.987268921311,-30.6832369790305
193.120639200064,-30.6461427757514
193.254101648789,-30.6089411469779
193.387656331184,-30.5716313200133
193.52130331099,-30.5342125139085
193.655042651992,-30.4966839393444
193.788874418019,-30.4590447985123
193.922798672944,-30.4212942849913
194.056815480686,-30.3834315836248
194.190924905205,-30.3454558703933
194.325127010508,-30.3073663122863
194.459421860645,-30.2691620671709
194.59380951971,-30.2308422836583
194.728290051842,-30.192406100968
194.862863521224,-30.1538526487891
194.997529992084,-30.1151810471398
195.132289528693,-30.0763904062234
195.267142195367,-30.0374798262819
195.402088056467,-29.9984483974475
195.537127176398,-29.9592951995904
195.672259619609,-29.9200193021643
195.807485450596,-29.8806197640488
195.942804733896,-29.8410956333888
196.078217534093,-29.801445947431
196.213723915815,-29.761669732357
196.349323943735,-29.7217660031134
196.485017682569,-29.6817337632388
196.62080519708,-29.641572004687
196.756686552075,-29.601279707647
196.892661812405,-29.5608558403599
197.028731042967,-29.5202993589312
197.164894308702,-29.479609207141
197.301151674596,-29.4387843162483
197.43750320568,-29.3978236047938
197.57394896703,-29.3567259783969
197.710489023767,-29.3154903295498
197.847123441057,-29.2741155374069
197.983852284112,-29.2326004675702
198.120675618186,-29.19094397187
198.257593508582,-29.1491448881422
198.394606020645,-29.1072020399997
198.531713219768,-29.0651142366
198.668915171386,-29.0228802724079
198.806211940982,-28.9804989269533
198.943603594082,-28.9379689645835
199.081090196259,-28.8952891342113
199.218671813131,-28.8524581690574
199.356348510361,-28.8094747863868
199.494120353658,-28.7663376872408
199.631987408774,-28.7230455561624
199.76994974151,-28.6795970609164
199.908007417711,-28.6359908522036
200.046160503266,-28.5922255633686
200.184409064111,-28.5482998101011
200.322753166228,-28.5042121901315
200.461192875643,-28.4599612829194
200.59972825843,-28.4155456493355
200.738359380706,-28.3709638313366
200.877086308636,-28.3262143516329
201.015909108429,-28.2812957133492
201.154827846341,-28.2362063996774
201.293842588673,-28.1909448735217
201.432953401772,-28.1455095771366
201.57216035203,-28.0998989317552
201.711463505887,-28.0541113372109
201.850862929828,-28.0081451715495
201.990358690382,-27.9619987906323
202.129950854127,-27.9156705277313
202.269639487685,-27.869158693114
202.409424657726,-27.8224615736189
202.549306430963,-27.7755774322219
202.689284874157,-27.7285045075918
202.829360054116,-27.6812410136352
202.969532037692,-27.6337851390324
203.109800891786,-27.5861350467601
203.250166683342,-27.5382888736047
203.390629479353,-27.4902447296629
203.531189346857,-27.4420006978307
203.671846352937,-27.3935548332807
203.812600564726,-27.3449051629256
203.953452049399,-27.2960496848701
204.094400874182,-27.246986367848
204.235447106344,-27.1977131506473
204.376590813201,-27.1482279415193
204.517832062117,-27.0985286175744
204.659170920502,-27.0486130241624
204.800607455811,-26.9984789742377
204.942141735548,-26.9481242477083
205.083773827262,-26.897546590768
205.22550379855,-26.8467437152129
205.367331717054,-26.7957132977393
205.509257650464,-26.7444529792246
205.651281666516,-26.6929603639887
205.793403832994,-26.6412330190375
205.935624217728,-26.5892684732857
206.077942888595,-26.5370642167606
206.220359913519,-26.4846176997833
206.36287536047,-26.43192633213
206.505489297467,-26.3789874821701
206.648201792574,-26.3257984759818
206.791012913903,-26.2723565964434
206.933922729613,-26.2186590823014
207.07693130791,-26.1647031272121
207.220038717048,-26.1104858787574
207.363245025326,-26.0560044374346
207.506550301093,-26.0012558556176
207.649954612742,-25.9462371364891
207.793458028716,-25.8909452329443
207.937060617505,-25.8353770464628
208.080762447645,-25.7795294259495
208.224563587719,-25.7233991665426
208.368464106361,-25.6669830083877
208.512464072247,-25.6102776353767
208.656563554106,-25.5532796738509
208.800762620709,-25.4959856912666
208.94506134088,-25.4383921948213
209.089459783486,-25.3804956300405
209.233958017445,-25.3222923793231
209.378556111721,-25.2637787604423
209.523254135324,-25.2049510250046
209.668052157315,-25.1458053568602
209.812950246801,-25.0863378704665
209.957948472937,-25.0265446092033
210.103046904926,-24.9664215436345
210.248245612018,-24.9059645697184
210.393544663512,-24.8451695069622
210.538944128753,-24.7840320965189
210.684444077137,-24.7225479992263
210.830044578106,-24.6607127935827
210.975745701149,-24.5985219736602
211.121547515806,-24.5359709469507
211.267450091661,-24.4730550321444
211.413453498351,-24.4097694568353
211.559557805556,-24.3461093551538
211.705763083008,-24.2820697653214
211.852069400487,-24.2176456271262
211.998476827817,-24.1528317793142
212.144985434876,-24.0876229568948
212.291595291587,-24.022013788356
212.438306467921,-23.955998792786
212.585119033899,-23.8895723768981
212.73203305959,-23.822728831953
212.879048615111,-23.7554623305768
213.026165770627,-23.6877669234689
213.173384596352,-23.6196365359953
213.320705162549,-23.5510649646631
213.468127539529,-23.4820458734705
213.615651797653,-23.4125727901282
213.763278007327,-23.3426391021448
213.91100623901,-23.2722380527727
214.058836563206,-23.2013627368069
214.206769050471,-23.1300060962302
214.354803771408,-23.058160915699
214.502940796668,-22.985819817863
214.651180196952,-22.9129752585095
214.79952204301,-22.8396195215262
214.947966405641,-22.7657447136741
215.096513355692,-22.6913427591617
215.24516296406,-22.6164053940102
215.393915301689,-22.5409241602031
215.542770439575,-22.4648903996063
215.691728448761,-22.3882952476523
215.84078940034,-22.3111296267729
215.989953365453,-22.2333842395729
216.139220415291,-22.1550495617285
216.288590621094,-22.0761158346009
216.438064054153,-21.9965730575474
216.587640785805,-21.916410979919
216.737320887438,-21.8356190927265
216.88710443049,-21.7541866199598
217.036991486447,-21.6721025095432
217.186982126846,-21.589355423907
217.337076423271,-21.505933730159
217.487274447358,-21.4218254898312
217.637576270792,-21.3370184481843
217.787981965305,-21.2515000230432
217.938491602683,-21.165257293142
218.089105254757,-21.0782769859505
218.239822993411,-20.990545464956
218.390644890577,-20.9020487163705
218.541571018238,-20.8127723352326
218.692601448425,-20.7227015108712
218.84373625322,-20.6318210116955
218.994975504756,-20.5401151692748
219.146319275212,-20.4475678616678
219.29776763682,-20.354162495959
219.449320661863,-20.2598819899592
219.600978422669,-20.164708753018
219.752740991622,-20.0686246659029
219.904608441152,-19.9716110596848
220.05658084374,-19.8736486935767
220.208658271918,-19.7747177316594
220.360840798267,-19.674797718431
220.513128495418,-19.5738675531072
220.665521436053,-19.4719054625982
220.818019692905,-19.3688889730798
220.970623338756,-19.264794880072
221.123332446438,-19.1595992169341
221.276147088834,-19.0532772216733
221.429067338877,-18.9458033019631
221.582093269552,-18.8371509982545
221.735224953891,-18.7272929448598
221.888462464981,-18.6162008288732
222.041805875956,-18.5038453467907
222.195255260001,-18.3901961586734
222.348810690352,-18.2752218396915
222.502472240298,-18.158889828874
222.656239983175,-18.0411663748722
222.81011399237,-17.9220164785332
222.964094341324,-17.801403832065
223.118181103526,-17.6792907545535
223.272374352516,-17.5556381235763
223.426674161885,-17.4304053026398
223.581080605276,-17.3035500641375
223.735593756381,-17.1750285075123
223.890213688945,-17.0447949722746
224.044940476762,-16.9128019455008
224.199774193678,-16.7789999634103
224.354714913591,-16.6433375065824
224.509762710447,-16.5057608883421
224.664917658247,-16.3662141358076
224.82017983104,-16.2246388630469
224.975549302928,-16.0809741357543
225.131026148063,-15.9351563268038
225.28661044065,-15.7871189619933
225.442302254943,-15.6367925552356
225.598101665248,-15.4841044323984
225.754008745925,-15.3289785429374
225.910023571381,-15.1713352584046
226.066146216078,-15.0110911568487
226.222376754528,-14.8481587920625
226.378715261293,-14.6824464465685
226.53516181099,-14.5138578671671
226.691716478285,-14.3422919818204
226.848379337896,-14.1676425965848
227.005150464593,-13.9897980712773
227.162029933198,-13.8086409725293
227.319017818584,-13.624047702893
227.476114195675,-13.4358881047028
227.63331913945,-13.2440250374862
227.790632724935,-13.0483139278789
227.948055027213,-12.8486022912467
228.105586121415,-12.6447292246001
228.263226082725,-12.4365248709299
228.42097498638,-12.2238098558615
228.578832907668,-12.0063946985924
228.73679992193,-11.7840792005537
228.894876104557,-11.55665181722
229.053061530994,-11.3238890212019
229.211356276737,-11.0855546683965
229.369760417336,-10.8413993838461
229.528274028391,-10.5911599905192
229.686897185556,-10.3345590129778
229.845629964535,-10.0713042996415
230.004472441088,-9.80108882302051
230.163424691023,-9.52359073830719
230.322486790204,-9.23847380878091
230.481658814545,-8.94538834410953
230.640940840015,-8.64397284803001
230.800332942632,-8.3338566393845
230.959835198469,-8.01466380092555
231.119447683652,-7.68601893125444
231.279170474358,-7.34755533668409
231.439003646817,-6.99892651442119
231.598947277313,-6.63982206189363
231.759001442181,-6.26998951758831
231.919166217809,-5.88926411575159
232.079441680639,-5.4976090364465
232.239827907165,-5.09516945622442
232.400324973933,-4.68234452230888
232.560932957544,-4.25988218336846
232.721651934651,-3.8290023755773
232.882481981959,-3.39155390345277
233.043423176226,-2.95020859287066
233.204475594266,-2.50869146950157
233.365639312942,-2.07203568493194
233.526914409172,-1.64683310168954
233.688300959929,-1.24142405624057
233.849799042235,-0.86593477473405
234.011408733169,-0.532038926600036
234.173130109862,-0.252315298168931
234.334963249498,-0.0391320927676551
234.496908229314,0.0968649104644512
234.658965126601,0.148374396758097
234.821134018703,0.112720042602729
234.983414983019,-0.00764630202103805
235.145808096999,-0.205606285441297
235.308313438148,-0.470629210888679
235.470931084025,-0.790389206509978
235.633661112241,-1.15228964222267
235.796503600462,-1.54459951605873
235.959458626407,-1.95711612061532
236.12252626785,-2.38141888917512
236.285706602616,-2.81084144903572
236.448999708587,-3.24028641902103
236.612405663696,-3.66597609091605
236.775924545932,-4.08519691120575
236.939556433337,-4.49606786182721
237.103301404007,-4.89734462588095
237.267159536091,-5.28826110236238
237.431130907795,-5.66840482872173
237.595215597374,-6.03762100763266
237.759413683143,-6.39593962619115
237.923725243467,-6.74352070157881
238.088150356766,-7.08061349298096
238.252689101516,-7.40752633966277
238.417341556244,-7.7246045141027
238.582107799533,-8.03221408384636
238.746987910022,-8.3307302578961
238.911981966402,-8.62052906831549
239.077090047419,-8.90198152463207
239.242312231874,-9.17544959593569
239.407648598621,-9.4412835390649
239.57309922657,-9.69982021380389
239.738664194685,-9.95138211762217
239.904343581985,-10.1962769408737
240.070137467543,-10.4347974944301
240.236045930486,-10.6672218998359
240.402069049997,-10.8938139605259
240.568206905314,-11.1148236539057
240.734459575728,-11.3304876999954
240.900827140586,-11.5410301742097
241.067309679291,-11.7466631407259
241.233907271297,-11.9475872895374
241.400619996117,-12.1439925652259
241.567447933317,-12.3360587791856
241.734391162519,-12.5239561997596
241.901449763398,-12.7078461167817
242.068623815687,-12.8878813784998
242.235913399172,-13.064206899939
242.403318593694,-13.2369601425516
242.57083947915,-13.4062715655477
242.738476135493,-13.5722650496852
242.90622864273,-13.7350582945627
243.074097080923,-13.8947631906076
243.24208153019,-14.0514861670601
243.410182070705,-14.2053285172851
243.578398782696,-14.3563867027571
243.746731746448,-14.5047526370368
243.9151810423,-14.6505139510262
244.083746750647,-14.7937542407344
244.25242895194,-14.93455329873
244.421227726686,-15.0729873303903
244.590143155446,-15.209129156002
244.759175318838,-15.3430483996904
244.928324297536,-15.4748116661045
245.097590172267,-15.6044827057137
245.266973023819,-15.732122569517
245.43647293303,-15.8577897539104
245.606089980798,-15.9815403364041
245.775824248075,-16.1034281028283
245.94567581587,-16.2235046666262
246.115644765247,-16.3418195807834
246.285731177327,-16.4584204429037
246.455935133285,-16.573352993907
246.626256714355,-16.6866612107846
246.796696001826,-16.7983873938187
246.967253077042,-16.9085722486417
247.137928021404,-17.0172549634836
247.30872091637,-17.1244732819288
247.479631843454,-17.2302635714812
247.650660884225,-17.3346608882155
247.82180812031,-17.4376990377698
247.993073633392,-17.5394106329179
248.16445750521,-17.6398271479446
248.33595981756,-17.7389789700237
248.507580652294,-17.8368954477949
248.67932009132,-17.9336049373136
248.851178216606,-18.0291348455368
249.023155110171,-18.1235116715016
249.195250854096,-18.216761045335
249.367465530515,-18.3089077652308
249.539799221622,-18.3999758325125
249.712252009664,-18.4899884849024
249.884823976948,-18.5789682280999
250.057515205838,-18.6669368657709
250.230325778751,-18.7539155280412
250.403255778166,-18.8399246985806
250.576305286615,-18.9249842403594
250.74947438669,-19.0091134201536
250.922763161038,-19.0923309318696
251.096171692364,-19.1746549187538
251.26970006343,-19.2561029945522
251.443348357056,-19.3366922636753
251.617116656117,-19.4164393404246
251.791005043549,-19.4953603673315
251.96501360234,-19.5734710326569
252.139142415541,-19.6507865870962
252.313391566257,-19.7273218597322
252.487761137652,-19.8030912732757
252.662251212945,-19.878108858631
252.836861875415,-19.9523882688219
253.011593208398,-20.0259427923104
253.186445295287,-20.0987853657406
253.361418219534,-20.1709285861347
253.536512064646,-20.2423847225718
253.711726914191,-20.3131657273723
253.887062851793,-20.3832832468149
254.062519961133,-20.4527486314087
254.238098325951,-20.52157294574
254.413798030045,-20.5897669779182
254.58961915727,-20.6573412486376
254.765561791541,-20.724306019873
254.941626016827,-20.7906713032294
255.11781191716,-20.8564468679591
255.294119576626,-20.921642248663
255.470549079371,-20.9862667526914
255.6471005096,-21.050329467257
255.823773951573,-21.1138392662747
256.000569489612,-21.176804816938
256.177487208095,-21.2392345860476
256.354527191458,-21.3011368461007
256.531689524198,-21.3625196811516
256.708974290867,-21.423390992456
256.886381576078,-21.4837585039054
257.063911464501,-21.5436297672632
257.241564040865,-21.6030121672107
257.419339389958,-21.6619129262097
257.597237596627,-21.7203391091911
257.775258745774,-21.7782976280763
257.953402922366,-21.8357952461389
258.131670211422,-21.892838582212
258.310060698026,-21.94943411475
258.488574467315,-22.0055881857476
258.667211604489,-22.0613070045262
258.845972194806,-22.1165966513878
259.024856323581,-22.1714630811473
259.203864076191,-22.2259121265434
259.382995538069,-22.279949501536
259.562250794709,-22.3335808044935
259.741629931663,-22.3868115212745
259.921133034543,-22.4396470282071
260.10076018902,-22.4920925949726
260.280511480824,-22.544153387393
260.460386995744,-22.5958344701309
260.640386819629,-22.6471408093006
260.820511038385,-22.6980772749974
261.000759737982,-22.7486486437453
261.181133004444,-22.7988596008691
261.361630923859,-22.8487147427905
261.542253582372,-22.8982185792544
261.723001066187,-22.9473755354844
261.903873461571,-22.9961899542736
262.084870854846,-23.044666098011
262.265993332397,-23.0928081506454
262.447240980668,-23.1406202195911
262.628613886162,-23.1881063375757
262.810112135442,-23.235270464433
262.991735815131,-23.282116488842
263.173485011912,-23.3286482300156
263.355359812528,-23.3748694393389
263.537360303781,-23.4207838019598
263.719486572535,-23.4663949383334
263.901738705711,-23.5117064057222
264.084116790293,-23.5567216996531
264.266620913324,-23.6014442553319
264.449251161907,-23.6458774490196
264.632007623204,-23.6900245993672
264.81489038444,-23.7338889687158
264.997899532898,-23.7774737643584
265.181035155922,-23.8207821397672
265.364297340917,-23.8638171957876
265.547686175348,-23.9065819817985
265.73120174674,-23.9490794968416
265.914844142679,-23.9913126907196
266.09861345081,-24.0332844650646
266.282509758842,-24.0749976743785
266.466533154541,-24.1164551270444
266.650683725736,-24.1576595863124
266.834961560315,-24.1986137712579
267.019366746229,-24.2393203577163
267.203899371487,-24.2797819791913
267.388559524161,-24.3200012277413
267.573347292382,-24.3599806548415
267.758262764344,-24.3997227722246
267.943306028301,-24.4392300526995
268.128477172568,-24.4785049309492
268.31377628552,-24.5175498043081
268.499203455594,-24.5563670335203
268.684758771289,-24.5949589434785
268.870442321164,-24.6333278239437
269.05625419384,-24.6714759302484
269.242194477998,-24.7094054839812
269.428263262381,-24.7471186736546
269.614460635794,-24.7846176553572
269.800786687102,-24.821904553389
269.987241505233,-24.8589814608818
270.173825179175,-24.8958504404045
270.360537797978,-24.9325135245538
270.547379450754,-24.9689727165304
270.734350226676,-25.0052299907022
270.921450214979,-25.0412872931532
271.108679504959,-25.0771465422201
271.296038185975,-25.1128096290164
271.483526347446,-25.1482784179429
271.671144078855,-25.1835547471884
271.858891469745,-25.2186404292169
272.046768609722,-25.2535372512445
272.234775588452,-25.2882469757053
272.422912495666,-25.3227713407061
272.611179421155,-25.3571120604712
272.799576454772,-25.3912708257771
272.988103686432,-25.4252493043774
273.176761206115,-25.4590491414175
273.365549103858,-25.492671959841
273.554467469765,-25.5261193607862
273.743516394,-25.5593929239745
273.932695966789,-25.5924942080898
274.122006278422,-25.6254247511492
274.31144741925,-25.6581860708667
274.501019479687,-25.6907796650076
274.690722550209,-25.7232070117365
274.880556721355,-25.7554695699564
275.070522083726,-25.787568779642
275.260618727987,-25.8195060621646
275.450846744865,-25.8512828206108
275.641206225148,-25.8829004400939
275.831697259689,-25.9143602880593
276.022319939403,-25.945663714583
276.213074355268,-25.9768120526638
276.403960598324,-26.0078066185098
276.594978759675,-26.0386487118189
276.786128930487,-26.0693396160526
276.97741120199,-26.0998805987055
277.168825665477,-26.130272911568
277.360372412302,-26.1605177909847
277.552051533886,-26.190616458107
277.74386312171,-26.2205701191398
277.935807267319,-26.2503799655852
278.127884062321,-26.2800471744791
278.320093598389,-26.3095729086243
278.512435967258,-26.3389583168192
278.704911260725,-26.3682045340804
278.897519570654,-26.3973126818628
279.090260988969,-26.4262838682738
279.28313560766,-26.4551191882846
279.476143518779,-26.4838197239357
279.669284814442,-26.5123865445403
279.862559586829,-26.5408207068824
280.055967928184,-26.5691232554112
280.249509930814,-26.5972952224326
280.443185687089,-26.6253376282959
280.636995289446,-26.6532514815777
280.830938830382,-26.6810377792619
281.02501640246,-26.7086975069166
281.219228098308,-26.7362316388671
281.413574010615,-26.7636411383664
281.608054232137,-26.7909269577616
281.802668855692,-26.8180900386583
281.997417974163,-26.8451313120807
282.192301680498,-26.8720516986294
282.387320067708,-26.8988521086366
282.582473228869,-26.9255334423176
282.777761257121,-26.95209658992
282.973184245667,-26.9785424318701
283.168742287777,-27.0048718389169
283.364435476785,-27.0310856722729
283.560263906088,-27.0571847837525
283.756227669148,-27.0831700159087
283.952326859491,-27.1090422021658
284.148561570711,-27.1348021669514
284.344931896463,-27.1604507258246
284.541437930467,-27.1859886856033
284.73807976651,-27.2114168444876
284.934857498442,-27.2367359921827
285.131771220178,-27.2619469100183
285.328821025699,-27.2870503710669
285.52600700905,-27.3120471402593
285.723329264342,-27.3369379744983
285.920787885748,-27.3617236227708
286.118382967511,-27.3864048262574
286.316114603935,-27.4109823184405
286.51398288939,-27.4354568252102
286.711987918314,-27.4598290649689
286.910129785206,-27.4840997487334
287.108408584634,-27.508269580236
287.306824411228,-27.5323392560233
287.505377359687,-27.5563094655538
287.704067524773,-27.5801808912933
287.902895001315,-27.6039542088094
288.101859884204,-27.6276300868637
288.300962268402,-27.651209187503
288.500202248932,-27.6746921661486
288.699579920886,-27.6980796716845
288.89909537942,-27.7213723465439
289.098748719755,-27.7445708267942
289.298540037179,-27.7676757422208
289.498469427047,-27.7906877164093
289.698536984777,-27.8136073668268
289.898742805855,-27.8364353049014
290.099086985833,-27.8591721361006
290.299569620327,-27.8818184600083
290.500190805023,-27.9043748704011
290.700950635669,-27.9268419553225
290.901849208082,-27.9492202971566
291.102886618142,-27.9715104727003
291.3040629618,-27.9937130532347
291.50537833507,-28.015828604595
291.706832834031,-28.037857687239
291.908426554833,-28.0598008563156
292.110159593689,-28.0816586617311
292.31203204688,-28.1034316482153
292.514044010751,-28.1251203553856
292.716195581717,-28.1467253178115
292.918486856258,-28.1682470650766
293.120917930921,-28.1896861218406
293.323488902319,-28.2110430079
293.526199867132,-28.2323182382483
293.729050922108,-28.2535123231345
293.93204216406,-28.2746257681211
294.13517368987,-28.2956590741417
294.338445596486,-28.3166127375567
294.541857980921,-28.3374872502094
294.745410940258,-28.3582830994799
294.949104571647,-28.3790007683393
295.152938972302,-28.3996407354025
295.356914239508,-28.4202034749805
295.561030470614,-28.4406894571315
295.76528776304,-28.461099147712
295.969686214269,-28.4814330084261
296.174225921854,-28.5016914968752
296.378906983416,-28.521875066606
296.583729496641,-28.5419841671585
296.788693559284,-28.5620192441127
296.993799269169,-28.5819807391351
297.199046724184,-28.6018690900244
297.404436022288,-28.6216847307565
297.609967261506,-28.6414280915285
297.815640539931,-28.6610995988028
298.021455955724,-28.6806996753499
298.227413607114,-28.7002287402908
298.433513592398,-28.7196872091393
298.63975600994,-28.7390754938426
298.846140958172,-28.7583940028223
299.052668535595,-28.7776431410145
299.259338840778,-28.7968233099092
299.466151972358,-28.815934907589
299.67310802904,-28.8349783287682
299.880207109596,-28.8539539648299
300.087449312868,-28.8728622038638
300.294834737766,-28.8917034307029
300.502363483268,-28.9104780269595
300.71003564842,-28.9291863710616
300.917851332338,-28.9478288382877
301.125810634204,-28.9664058008015
301.333913653271,-28.984917627687
301.54216048886,-29.0033646849815
301.750551240359,-29.0217473357093
301.959086007226,-29.0400659399149
302.167764888988,-29.0583208546952
302.37658798524,-29.0765124342315
302.585555395647,-29.0946410298215
302.794667219942,-29.1127069899098
303.003923557926,-29.1307106601195
303.213324509471,-29.148652383282
303.422870174517,-29.1665324994671
303.632560653072,-29.1843513460125
303.842396045216,-29.2021092575529
304.052376451095,-29.2198065660492
304.262501970926,-29.2374436008163
304.472772704994,-29.2550206885513
304.683188753656,-29.2725381533614
304.893750217334,-29.2899963167907
305.104457196525,-29.3073954978478
305.315309791789,-29.3247360130314
305.526308103761,-29.3420181763577
305.737452233143,-29.3592422993851
305.948742280707,-29.3764086912406
306.160178347295,-29.3935176586448
306.371760533816,-29.4105695059363
306.583488941254,-29.4275645350969
306.795363670659,-29.4445030457758
307.00738482315,-29.4613853353129
307.21955249992,-29.4782116987633
307.431866802228,-29.49498242892
307.644327831404,-29.511697816337
307.85693568885,-29.5283581493524
308.069690476036,-29.5449637141107
308.282592294502,-29.5615147945847
308.495641245859,-29.5780116725976
308.708837431789,-29.5944546278448
308.922180954043,-29.6108439379149
309.135671914442,-29.6271798783111
309.349310414879,-29.6434627224715
309.563096557316,-29.6596927417904
309.777030443786,-29.6758702056381
309.991112176392,-29.6919953813808
310.205341857308,-29.7080685344011
310.41971958878,-29.7240899281168
310.634245473121,-29.7400598240006
310.848919612719,-29.7559784815992
311.06374211003,-29.7718461585519
311.278713067581,-29.7876631106097
311.493832587971,-29.8034295916531
311.709100773869,-29.8191458537106
311.924517728015,-29.8348121469767
312.140083553222,-29.8504287198294
312.35579835237,-29.865995818848
312.571662228413,-29.8815136888301
312.787675284377,-29.8969825728089
313.003837623356,-29.9124027120701
313.220149348517,-29.9277743461685
313.4366105631,-29.9430977129445
313.653221370413,-29.9583730485407
313.869981873838,-29.9736005874173
314.086892176827,-29.9887805623688
314.303952382904,-30.0039132045393
314.521162595665,-30.0189987434381
314.738522918776,-30.0340374069551
314.956033455977,-30.049029421376
315.173694311078,-30.0639750113972
315.391505587961,-30.0788744001408
315.60946739058,-30.0937278091692
315.827579822961,-30.1085354584993
316.045842989202,-30.1232975666173
316.264256993472,-30.1380143504925
316.482821940013,-30.1526860255915
316.701537933138,-30.1673128058919
316.920405077234,-30.1818949038959
317.139423476758,-30.196432530644
317.358593236241,-30.2109258957282
317.577914460284,-30.2253752073055
317.797387253563,-30.2397806721105
318.017011720824,-30.2541424954686
318.236787966887,-30.2684608813088
318.456716096643,-30.2827360321762
318.676796215057,-30.2969681492444
318.897028427166,-30.311157432328
319.117412838078,-30.3253040798949
319.337949552977,-30.3394082890779
319.558638677116,-30.3534702556872
319.779480315824,-30.3674901742218
320.000474574501,-30.3814682378812
320.221621558619,-30.3954046385771
320.442921373724,-30.4092995669449
320.664374125437,-30.4231532123544
320.885979919448,-30.4369657629218
321.107738861522,-30.4507374055199
321.329651057498,-30.4644683257897
321.551716613287,-30.4781587081508
321.773935634873,-30.4918087358121
321.996308228314,-30.5054185907824
322.21883449974,-30.5189884538811
322.441514555357,-30.532518504748
322.664348501442,-30.546008921854
322.887336444345,-30.5594598825111
323.110478490492,-30.5728715628822
323.333774746381,-30.586244137991
323.557225318583,-30.5995777817322
323.780830313744,-30.6128726668806
324.004589838583,-30.6261289651012
324.228503999894,-30.6393468469582
324.452572904541,-30.6525264819248
324.676796659467,-30.6656680383922
324.901175371686,-30.6787716836789
325.125709148285,-30.6918375840397
325.350398096428,-30.7048659046746
325.575242323351,-30.7178568097381
325.800241936364,-30.7308104623474
326.025397042852,-30.7437270245917
326.250707750275,-30.7566066575402
326.476174166165,-30.7694495212513
326.701796398129,-30.7822557747802
326.927574553851,-30.7950255761883
327.153508741085,-30.8077590825503
327.379599067663,-30.8204564499634
327.60584564149,-30.8331178335548
327.832248570547,-30.8457433874896
328.058807962886,-30.8583332649794
328.285523926639,-30.8708876182894
328.512396570007,-30.8834065987464
328.739426001271,-30.895890356747
328.966612328784,-30.9083390417642
329.193955660974,-30.9207528023559
329.421456106344,-30.9331317861717
329.649113773472,-30.9454761399605
329.876928771013,-30.9577860095781
330.104901207694,-30.9700615399937
330.333031192319,-30.9823028752977
330.561318833766,-30.9945101587086
330.789764240991,-31.0066835325799
331.018367523021,-31.0188231384071
331.247128788962,-31.0309291168347
331.476048147994,-31.0430016076626
331.705125709372,-31.0550407498533
331.934361582427,-31.0670466815385
332.163755876566,-31.0790195400254
332.39330870127,-31.0909594618034
332.623020166099,-31.1028665825506
332.852890380684,-31.1147410371402
333.082919454737,-31.126582959647
333.313107498041,-31.1383924833533
333.543454620457,-31.1501697407554
333.773960931923,-31.1619148635696
334.004626542452,-31.1736279827385
334.235451562132,-31.1853092284369
334.466436101129,-31.1969587300779
334.697580269683,-31.2085766163185
334.928884178112,-31.2201630150658
335.16034793681,-31.2317180534828
335.391971656245,-31.243241857994
335.623755446966,-31.2547345542909
335.855699419593,-31.2661962673383
336.087803684827,-31.2776271213792
336.320068353442,-31.2890272399407
336.552493536291,-31.3003967458393
336.785079344303,-31.3117357611865
337.017825888482,-31.3230444073941
337.250733279911,-31.3343228051795
337.483801629749,-31.3455710745709
337.717031049231,-31.3567893349127
337.950421649671,-31.3679777048706
338.183973542456,-31.3791363024367
338.417686839055,-31.3902652449347
338.65156165101,-31.4013646490246
338.885598089942,-31.4124346307081
339.119796267549,-31.4234753053332
339.354156295605,-31.4344867875994
339.588678285963,-31.4454691915622
339.823362350552,-31.4564226306383
340.058208601379,-31.46734721761
340.293217150528,-31.47824306463
340.528388110161,-31.4891102832261
340.763721592517,-31.499948984306
340.999217709912,-31.5107592781617
341.234876574742,-31.5215412744739
341.470698299478,-31.5322950823166
341.706682996669,-31.543020810162
341.942830778944,-31.5537185658842
342.179141759008,-31.5643884567638
342.415616049643,-31.5750305894927
342.652253763712,-31.5856450701778
342.889055014154,-31.5962320043455
343.126019913985,-31.6067914969458
343.363148576301,-31.617323652357
343.600441114276,-31.6278285743889
343.837897641161,-31.6383063662877
344.075518270286,-31.6487571307398
344.31330311506,-31.6591809698758
344.55125228897,-31.6695779852745
344.78936590558,-31.6799482779668
345.027644078534,-31.6902919484399
345.266086921554,-31.7006090966409
345.504694548441,-31.7108998219806
345.743467073074,-31.7211642233376
345.982404609411,-31.731402399062
346.22150727149,-31.741614446979
346.460775173426,-31.7518004643927
346.700208429413,-31.7619605480899
346.939807153725,-31.7720947943436
347.179571460714,-31.7822032989167
347.419501464812,-31.7922861570655
347.659597280529,-31.8023434635434
347.899859022454,-31.8123753126043
348.140286805257,-31.8223817980061
348.380880743686,-31.8323630130144
348.621640952568,-31.8423190504055
348.86256754681,-31.8522500024702
349.103660641397,-31.8621559610169
349.344920351396,-31.8720370173752
349.586346791952,-31.8818932623991
349.827940078289,-31.8917247864702
350.069700325712,-31.9015316795009
350.311627649604,-31.911314030938
350.55372216543,-31.9210719297656
350.795983988733,-31.9308054645083
351.038413235136,-31.9405147232344
351.281010020344,-31.950199793559
351.523774460138,-31.9598607626472
351.766706670382,-31.969497717217
352.00980676702,-31.9791107435425
352.253074866075,-31.9886999274567
352.496511083652,-31.9982653543547
352.740115535932,-32.0078071091968
352.983888339182,-32.0173252765109
353.227829609745,-32.0268199403961
353.471939464046,-32.0362911845249
353.716218018591,-32.0457390921466
353.960665389966,-32.0551637460902
354.205281694837,-32.0645652287664
354.450067049951,-32.0739436221716
354.695021572137,-32.0832990078896
354.940145378302,-32.092631467095
355.185438585436,-32.1019410805557
355.430901310609,-32.1112279286356
355.676533670973,-32.1204920912974
355.922335783759,-32.129733648105
356.16830776628,-32.1389526782265
356.414449735931,-32.1481492604365
356.660761810186,-32.1573234731188
356.907244106603,-32.1664753942691
357.153896742819,-32.1756051014974
357.400719836552,-32.1847126720306
357.647713505604,-32.1937981827148
357.894877867856,-32.2028617100182
358.142213041271,-32.2119033300333
358.389719143894,-32.2209231184792
358.637396293851,-32.2299211507045
358.88524460935,-32.2388975016893
359.133264208682,-32.2478522460476
359.381455210216,-32.25678545803
359.629817732408,-32.2656972115257
359.87835189379,-32.274587580065
360.127057812981,-32.2834566368216
360.37593560868,-32.2923044546148
360.624985399667,-32.3011311059121
360.874207304806,-32.309936662831
361.123601443041,-32.3187211971414
361.373167933401,-32.3274847802681
361.622906894994,-32.3362274832925
361.872818447014,-32.3449493769554
362.122902708733,-32.3536505316587
362.37315979951,-32.3623310174674
362.623589838782,-32.3709909041126
362.874192946073,-32.3796302609924
363.124969240986,-32.3882491571753
363.375918843209,-32.396847661401
363.627041872511,-32.4054258420837
363.878338448746,-32.413983767313
364.129808691847,-32.4225215048568
364.381452721834,-32.431039122163
364.633270658808,-32.4395366863614
364.885262622953,-32.448014264266
365.137428734536,-32.4564719223764
365.389769113907,-32.4649097268804
365.642283881501,-32.4733277436558
365.894973157834,-32.4817260382719
366.147837063506,-32.4901046759919
366.400875719201,-32.4984637217745
366.654089245684,-32.5068032402759
366.907477763808,-32.5151232958519
367.161041394505,-32.5234239525591
367.414780258792,-32.5317052741575
367.668694477771,-32.5399673241119
367.922784172627,-32.5482101655937
368.177049464628,-32.5564338614828
368.431490475126,-32.5646384743695
368.686107325557,-32.5728240665561
368.940900137442,-32.5809907000585
369.195869032384,-32.5891384366085
369.451014132072,-32.5972673376548
369.706335558277,-32.6053774643655
369.961833432856,-32.6134688776289
370.217507877749,-32.6215416380562
370.473359014982,-32.6295958059824
370.729386966663,-32.6376314414681
370.985591854985,-32.6456486043016
371.241973802228,-32.653647354
371.498532930753,-32.6616277498112
371.755269363007,-32.6695898507152
372.012183221522,-32.6775337154259
372.269274628915,-32.6854594023929
372.526543707885,-32.6933669698026
372.78399058122,-32.7012564755801
373.04161537179,-32.7091279773907
373.29941820255,-32.7169815326413
373.557399196542,-32.7248171984821
373.815558476891,-32.7326350318082
374.073896166806,-32.7404350892608
374.332412389586,-32.7482174272291
374.591107268609,-32.7559821018513
374.849980927344,-32.7637291690165
375.109033489341,-32.771458684366
375.368265078237,-32.7791707032948
375.627675817756,-32.786865280953
375.887265831704,-32.7945424722472
376.147035243977,-32.8022023318421
376.406984178552,-32.8098449141616
376.667112759495,-32.8174702733906
376.927421110955,-32.825078463476
377.187909357171,-32.8326695381284
377.448577622463,-32.8402435508234
377.709426031241,-32.8478005548027
377.970454707998,-32.8553406030757
378.231663777314,-32.8628637484211
378.493053363856,-32.8703700433875
378.754623592377,-32.8778595402955
379.016374587714,-32.8853322912386
379.278306474793,-32.8927883480844
379.540419378624,-32.9002277624763
379.802713424307,-32.9076505858345
380.065188737024,-32.9150568693573
380.327845442047,-32.9224466640224
380.590683664732,-32.9298200205883
380.853703530524,-32.9371769895952
381.116905164953,-32.9445176213667
381.380288693635,-32.9518419660106
381.643854242277,-32.9591500734205
381.907601936667,-32.9664419932767
382.171531902685,-32.9737177750475
382.435644266294,-32.9809774679905
382.699939153548,-32.9882211211539
382.964416690584,-32.9954487833772
383.22907700363,-33.0026605032929
383.493920218998,-33.0098563293274
383.75894646309,-33.0170363097021
384.024155862393,-33.0242004924347
384.289548543483,-33.0313489253405
384.555124633023,-33.0384816560329
384.820884257763,-33.0455987319254
385.086827544542,-33.0527002002319
385.352954620286,-33.0597861079685
385.619265612007,-33.0668565019539
385.885760646808,-33.0739114288112
386.152439851877,-33.0809509349684
386.41930335449,-33.08797506666
386.686351282015,-33.0949838699276
386.953583761902,-33.1019773906213
387.221000921693,-33.1089556744003
387.488602889018,-33.1159187667348
387.756389791593,-33.122866712906
388.024361757225,-33.1297995580081
388.292518913808,-33.1367173469485
388.560861389323,-33.1436201244493
388.829389311842,-33.1505079350485
389.098102809524,-33.1573808231002
389.367002010616,-33.1642388327765
389.636087043457,-33.171082008068
389.905358036469,-33.1779103927849
390.174815118169,-33.184724030558
390.444458417157,-33.1915229648395
390.714288062127,-33.1983072389042
390.984304181858,-33.2050768958506
391.254506905221,-33.2118319786012
391.524896361173,-33.2185725299043
391.795472678763,-33.225298592334
392.066235987127,-33.2320102082923
392.337186415493,-33.2387074200088
392.608324093174,-33.2453902695425
392.879649149577,-33.2520587987823
393.151161714195,-33.258713049448
393.422861916612,-33.2653530630914
393.694749886503,-33.2719788810969
393.966825753628,-33.2785905446824
394.239089647842,-33.2851880949004
394.511541699087,-33.2917715726389
394.784182037394,-33.298341018622
395.057010792886,-33.3048964734109
395.330028095775,-33.3114379774049
395.603234076363,-33.317965570842
395.876628865042,-33.3244792937999
396.150212592293,-33.3309791861971
396.42398538869,-33.337465287793
396.697947384894,-33.3439376381897
396.972098711659,-33.350396276832
397.246439499827,-33.3568412430086
397.520969880333,-33.3632725758529
397.795689984201,-33.369690314344
398.070599942544,-33.376094497307
398.345699886569,-33.3824851634142
398.620989947571,-33.3888623511858
398.896470256937,-33.3952260989907
399.172140946144,-33.4015764450473
399.448002146761,-33.4079134274241
399.724053990447,-33.4142370840408
400.000296608953,-33.4205474526688
400.276730134119,-33.4268445709321
400.553354697878,-33.433128476308
400.830170432253,-33.439399206128
401.10717746936,-33.4456567975782
401.384375941404,-33.4519012877005
401.661765980683,-33.4581327133929
401.939347719586,-33.4643511114108
402.217121290593,-33.470556518367
402.495086826276,-33.4767489707331
402.773244459299,-33.4829285048397
403.051594322418,-33.4890951568777
403.330136548478,-33.4952489628983
403.608871270419,-33.5013899588143
403.887798621272,-33.5075181804006
404.166918734159,-33.5136336632947
404.446231742295,-33.5197364429977
404.725737778987,-33.525826554875
405.005436977633,-33.5319040341567
405.285329471724,-33.5379689159384
405.565415394844,-33.544021235182
405.845694880667,-33.5500610267164
406.126168062963,-33.5560883252379
406.406835075592,-33.562103165311
406.687696052506,-33.5681055813693
406.968751127751,-33.5740956077158
407.250000435464,-33.5800732785237
407.531444109878,-33.5860386278371
407.813082285315,-33.5919916895715
408.094915096192,-33.5979324975148
408.376942677018,-33.6038610853273
408.659165162395,-33.6097774865429
408.94158268702,-33.6156817345697
409.224195385679,-33.6215738626901
409.507003393254,-33.6274539040622
409.790006844721,-33.6333218917195
410.073205875147,-33.6391778585724
410.356600619694,-33.6450218374084
410.640191213616,-33.6508538608925
410.923977792262,-33.6566739615682
411.207960491073,-33.662482171858
411.492139445585,-33.6682785240637
411.776514791427,-33.6740630503675
412.061086664321,-33.6798357828319
412.345855200085,-33.6855967534012
412.630820534628,-33.6913459939011
412.915982803955,-33.69708353604
413.201342144164,-33.7028094114093
413.486898691448,-33.708523651484
413.772652582093,-33.7142262876231
414.05860395248,-33.7199173510706
414.344752939084,-33.7255968729554
414.631099678474,-33.7312648842925
414.917644307313,-33.7369214159833
415.204386962361,-33.7425664988161
415.491327780469,-33.7482001634665
415.778466898584,-33.7538224404984
416.065804453749,-33.7594333603641
416.3533405831,-33.765032953405
416.641075423868,-33.7706212498522
416.929009113379,-33.7761982798269
417.217141789055,-33.7817640733412
417.505473588412,-33.787318660298
417.79400464906,-33.7928620704924
418.082735108705,-33.7983943336115
418.37166510515,-33.803915479235
418.66079477629,-33.8094255368363
418.950124260118,-33.8149245357823
419.23965369472,-33.8204125053343
419.52938321828,-33.8258894746482
419.819312969075,-33.8313554727755
420.109443085478,-33.8368105286633
420.399773705961,-33.842254671155
420.690304969086,-33.8476879289908
420.981037013516,-33.8531103308081
421.271969978007,-33.8585219051422
421.563104001411,-33.8639226804264
421.854439222677,-33.8693126849929
422.145975780849,-33.874691947073
422.437713815068,-33.8800604947977
422.729653464571,-33.885418356198
423.02179486869,-33.8907655592056
423.314138166854,-33.8961021316533
423.606683498591,-33.9014281012752
423.89943100352,-33.9067434957078
424.192380821362,-33.9120483424895
424.48553309193,-33.917342669062
424.778887955137,-33.9226265027703
425.072445550991,-33.9278998708629
425.366206019598,-33.9331628004929
425.660169501158,-33.9384153187178
425.954336135972,-33.9436574525004
426.248706064434,-33.948889228709
426.543279427039,-33.9541106741178
426.838056364374,-33.9593218154078
427.133037017129,-33.9645226791663
427.428221526087,-33.9697132918883
427.723610032129,-33.9748936799764
428.019202676235,-33.9800638697414
428.314999599481,-33.9852238874025
428.611000943042,-33.990373759088
428.907206848187,-33.9955135108357
429.203617456288,-34.0006431685929
429.500232908809,-34.0057627582175
429.797053347316,-34.0108723054777
430.094078913472,-34.015971836053
430.391309749036,-34.0210613755342
430.688745995867,-34.026140949424
430.986387795921,-34.0312105831373
431.284235291253,-34.0362703020016
431.582288624015,-34.0413201312577
431.880547936458,-34.0463600960595
432.179013370931,-34.0513902214748
432.477685069881,-34.0564105324859
432.776563175855,-34.0614210539894
433.075647831497,-34.0664218107969
433.374939179549,-34.0714128276355
433.674437362855,-34.076394129148
433.974142524353,-34.0813657398932
434.274054807083,-34.0863276843467
434.574174354184,-34.0912799869007
434.874501308892,-34.0962226718647
435.175035814542,-34.1011557634659
435.475778014571,-34.1060792858495
435.776728052512,-34.1109932630788
436.077886071999,-34.1158977191363
436.379252216764,-34.120792677923
436.680826630638,-34.1256781632599
436.982609457554,-34.1305541988872
437.284600841542,-34.1354208084658
437.586800926733,-34.1402780155768
437.889209857355,-34.1451258437222
438.19182777774,-34.1499643163252
438.494654832315,-34.1547934567307
438.797691165612,-34.1596132882052
439.100936922257,-34.1644238339377
439.404392246981,-34.1692251170396
439.708057284612,-34.1740171605455
440.011932180079,-34.178799987413
440.316017078412,-34.1835736205233
440.620312124741,-34.1883380826817
440.924817464294,-34.1930933966177
441.229533242402,-34.1978395849853
441.534459604496,-34.2025766703635
441.839596696107,-34.2073046752567
442.144944662866,-34.2120236220945
442.450503650506,-34.2167335332328
442.756273804859,-34.2214344309535
443.06225527186,-34.2261263374652
443.368448197543,-34.2308092749031
443.674852728044,-34.2354832653299
443.981469009599,-34.2401483307356
444.288297188545,-34.244804493038
444.595337411323,-34.2494517740832
444.90258982447,-34.2540901956454
445.21005457463,-34.258719779428
445.517731808544,-34.263340547063
445.825621673056,-34.267952520112
446.133724315112,-34.2725557200662
446.442039881758,-34.2771501683467
446.750568520144,-34.281735886305
447.05931037752,-34.286312895223
447.368265601237,-34.2908812163135
447.677434338751,-34.2954408707205
447.986816737615,-34.2999918795195
448.296412945489,-34.3045342637174
448.606223110133,-34.3090680442535
448.916247379407,-34.3135932419994
449.226485901276,-34.3181098777589
449.536938823808,-34.3226179722691
449.847606295169,-34.3271175462002
450.158488463632,-34.3316086201556
450.46958547757,-34.3360912146728
450.780897485459,-34.3405653502231
451.092424635878,-34.345031047212
451.404167077508,-34.3494883259799
451.716124959134,-34.3539372068017
452.028298429642,-34.3583777098877
452.340687638023,-34.3628098553833
452.653292733368,-34.3672336633698
452.966113864875,-34.3716491538645
453.279151181842,-34.3760563468206
453.592404833671,-34.380455262128
453.905874969867,-34.3848459196133
454.21956174004,-34.3892283390401
454.533465293901,-34.3936025401092
454.847585781267,-34.3979685424589
455.161923352055,-34.4023263656655
455.476478156289,-34.4066760292432
455.791250344096,-34.4110175526443
456.106240065705,-34.4153509552601
456.42144747145,-34.4196762564204
456.73687271177,-34.423993475394
457.052515937206,-34.4283026313894
457.368377298404,-34.4326037435542
457.684456946113,-34.4368968309762
458.00075503119,-34.441181912683
458.31727170459,-34.4454590076428
458.634007117378,-34.449728134764
458.95096142072,-34.4539893128961
459.268134765889,-34.4582425608296
459.585527304259,-34.4624878972961
459.903139187313,-34.4667253409689
460.220970566635,-34.4709549104631
460.539021593915,-34.4751766243357
460.857292420949,-34.479390501086
461.175783199637,-34.4835965591557
461.494494081983,-34.4877948169294
461.813425220098,-34.4919852927344
462.132576766196,-34.4961680048415
462.451948872599,-34.5003429714646
462.77154169173,-34.5045102107614
463.091355376122,-34.5086697408334
463.41139007841,-34.5128215797264
463.731645951337,-34.5169657454302
464.052123147749,-34.5211022558794
464.3728218206,-34.5252311289532
464.693742122948,-34.5293523824761
465.014884207958,-34.5334660342174
465.3362482289,-34.5375721018922
465.65783433915,-34.541670603161
465.979642692191,-34.5457615556303
466.30167344161,-34.5498449768529
466.623926741102,-34.5539208843274
466.946402744469,-34.5579892954994
467.269101605616,-34.5620502277611
467.592023478557,-34.5661036984516
467.915168517411,-34.5701497248571
468.238536876406,-34.5741883242114
468.562128709874,-34.5782195136957
468.885944172254,-34.582243310439
469.209983418092,-34.5862597315185
469.534246602042,-34.5902687939594
469.858733878863,-34.5942705147354
470.183445403423,-34.5982649107689
470.508381330694,-34.6022519989309
470.833541815759,-34.6062317960417
471.158927013804,-34.6102043188706
471.484537080127,-34.6141695841365
471.810372170128,-34.6181276085078
472.136432439319,-34.6220784086029
472.462718043317,-34.6260220009901
472.789229137847,-34.6299584021879
473.115965878742,-34.6338876286652
473.442928421942,-34.6378096968418
473.770116923496,-34.641724623088
474.09753153956,-34.6456324237251
474.425172426396,-34.6495331150258
474.753039740379,-34.653426713214
475.081133637986,-34.6573132344653
475.409454275807,-34.6611926949071
475.738001810539,-34.6650651106185
476.066776398985,-34.6689304976311
476.395778198058,-34.6727888719285
476.725007364781,-34.676640249447
477.054464056283,-34.6804846460756
477.384148429803,-34.684322077656
477.714060642687,-34.6881525599832
478.044200852393,-34.6919761088054
478.374569216484,-34.695792739824
478.705165892635,-34.6996024686943
479.035991038628,-34.7034053110252
479.367044812354,-34.7072012823797
479.698327371815,-34.7109903982748
480.029838875121,-34.714772674182
480.361579480491,-34.718548125527
480.693549346253,-34.7223167676905
481.025748630845,-34.7260786160079
481.358177492816,-34.7298336857696
481.690836090821,-34.7335819922212
482.023724583629,-34.7373235505637
482.356843130114,-34.7410583759535
482.690191889265,-34.744786483503
483.023771020176,-34.7485078882802
483.357580682053,-34.7522226053091
483.691621034214,-34.7559306495703
484.025892236084,-34.7596320360003
484.360394447199,-34.7633267794924
484.695127827206,-34.7670148948966
485.030092535862,-34.7706963970197
485.365288733035,-34.7743713006256
485.700716578701,-34.7780396204354
486.036376232951,-34.7817013711274
486.372267855982,-34.7853565673377
486.708391608105,-34.7890052236599
487.044747649739,-34.7926473546454
487.381336141417,-34.7962829748038
487.718157243781,-34.7999120986026
488.055211117584,-34.8035347404679
488.39249792369,-34.807150914784
488.730017823075,-34.8107606358941
489.067770976827,-34.8143639180999
489.405757546143,-34.8179607756624
489.743977692332,-34.8215512228013
490.082431576817,-34.8251352736958
490.421119361129,-34.8287129424844
490.760041206913,-34.8322842432653
491.099197275924,-34.8358491900963
491.438587730031,-34.8394077969949
491.778212731214,-34.8429600779388
492.118072441563,-34.8465060468659
492.458167023282,-34.8500457176742
492.798496638688,-34.8535791042223
493.139061450207,-34.8571062203294
493.47986162038,-34.8606270797754
493.82089731186,-34.864141696301
494.162168687411,-34.867650083608
494.50367590991,-34.8711522553595
494.845419142348,-34.8746482251798
495.187398547827,-34.8781380066546
495.529614289562,-34.8816216133314
495.872066530881,-34.8850990587192
496.214755435226,-34.8885703562891
496.55768116615,-34.8920355194741
496.900843887319,-34.8954945616695
497.244243762515,-34.8989474962327
497.587880955629,-34.9023943364838
497.93175563067,-34.9058350957053
498.275867951755,-34.9092697871425
498.620218083119,-34.9126984240034
498.964806189109,-34.9161210194594
499.309632434184,-34.9195375866444
499.654696982918,-34.9229481386562
500,-34.9263526885556
500.34554165023,-34.9297512493671
500.691322098525,-34.9331438340787
501.037341509913,-34.9365304556424
501.383600049538,-34.939911126974
501.730097882657,-34.9432858609534
502.076835174642,-34.9466546704246
502.42381209098,-34.950017568196
502.77102879727,-34.9533745670406
503.118485459227,-34.9567256796956
503.466182242681,-34.9600709188633
503.814119313576,-34.9634102972105
504.16229683797,-34.9667438273692
504.510714982037,-34.9700715219364
504.859373912065,-34.9733933934743
505.208273794456,-34.9767094545103
505.55741479573,-34.9800197175376
505.90679708252,-34.9833241950147
506.256420821573,-34.9866228993659
506.606286179754,-34.9899158429813
506.956393324042,-34.9932030382169
507.30674242153,-34.9964844973951
507.657333639429,-34.999760232804
508.008167145063,-35.0030302566983
508.359243105875,-35.0062945812993
508.710561689421,-35.0095532187944
509.062123063372,-35.0128061813381
509.413927395519,-35.0160534810514
509.765974853764,-35.0192951300225
510.118265606128,-35.0225311403064
510.470799820749,-35.0257615239253
510.823577665878,-35.0289862928687
511.176599309885,-35.0322054590935
511.529864921254,-35.035419034524
511.883374668588,-35.0386270310522
512.237128720605,-35.0418294605378
512.59112724614,-35.0450263348083
512.945370414144,-35.0482176656593
513.299858393687,-35.0514034648543
513.654591353951,-35.054583744125
514.009569464241,-35.0577585151714
514.364792893975,-35.0609277896621
514.720261812689,-35.0640915792338
515.075976390037,-35.0672498954922
515.431936795788,-35.0704027500116
515.788143199832,-35.0735501543351
516.144595772174,-35.0766921199748
516.501294682935,-35.0798286584118
516.858240102357,-35.0829597810966
517.215432200797,-35.0860854994486
517.572871148732,-35.0892058248569
517.930557116754,-35.0923207686799
518.288490275576,-35.0954303422457
518.646670796027,-35.0985345568521
519.005098849053,-35.1016334237666
519.363774605722,-35.1047269542268
519.722698237217,-35.1078151594401
520.081869914839,-35.1108980505843
520.441289810009,-35.113975638807
520.800958094267,-35.1170479352266
521.16087493927,-35.1201149509316
521.521040516795,-35.1231766969813
521.881454998735,-35.1262331844052
522.242118557105,-35.1292844242041
522.603031364037,-35.1323304273492
522.964193591783,-35.1353712047829
523.325605412713,-35.1384067674184
523.687266999317,-35.1414371261402
524.049178524205,-35.1444622918041
524.411340160103,-35.147482275237
524.77375207986,-35.1504970872374
525.136414456443,-35.1535067385754
525.499327462938,-35.1565112399925
525.862491272551,-35.1595106022021
526.225906058608,-35.1625048358895
526.589571994555,-35.1654939517116
526.953489253957,-35.1684779602975
527.3176580105,-35.1714568722486
527.68207843799,-35.1744306981382
528.046750710351,-35.1773994485121
528.411675001629,-35.1803631338883
528.776851485992,-35.1833217647575
529.142280337724,-35.1862753515828
529.507961731233,-35.1892239048001
529.873895841047,-35.192167434818
530.240082841813,-35.1951059520181
530.606522908299,-35.1980394667546
530.973216215397,-35.2009679893552
531.340162938116,-35.2038915301204
531.707363251586,-35.206810099324
532.074817331062,-35.2097237072132
532.442525351915,-35.2126323640085
532.810487489641,-35.2155360799039
533.178703919855,-35.2184348650672
533.547174818296,-35.2213287296395
533.915900360821,-35.224217683736
534.284880723411,-35.2271017374455
534.654116082168,-35.2299809008308
535.023606613315,-35.2328551839289
535.393352493198,-35.2357245967506
535.763353898284,-35.2385891492812
536.133611005162,-35.2414488514801
536.504123990543,-35.2443037132811
536.874893031261,-35.2471537445925
537.245918304272,-35.2499989552971
537.617199986653,-35.2528393552523
537.988738255604,-35.2556749542902
538.360533288449,-35.2585057622179
538.732585262632,-35.261331788817
539.104894355721,-35.2641530438444
539.477460745407,-35.2669695370319
539.850284609503,-35.2697812780864
540.223366125946,-35.27258827669
540.596705472794,-35.2753905425003
540.970302828231,-35.2781880851499
541.344158370561,-35.2809809142471
541.718272278213,-35.2837690393758
542.092644729738,-35.2865524700953
542.467275903814,-35.2893312159408
542.842165979238,-35.2921052864231
543.217315134932,-35.2948746910289
543.592723549943,-35.2976394392209
543.968391403441,-35.3003995404378
544.344318874718,-35.3031550040943
544.720506143193,-35.3059058395814
545.096953388407,-35.3086520562663
545.473660790026,-35.3113936634925
545.850628527839,-35.3141306705799
546.227856781761,-35.3168630868248
546.60534573183,-35.3195909215003
546.983095558208,-35.322314183856
547.361106441182,-35.325032883118
547.739378561166,-35.3277470284896
548.117912098694,-35.3304566291506
548.496707234429,-35.333161694258
548.875764149157,-35.3358622329456
549.255083023788,-35.3385582543244
549.634664039359,-35.3412497674825
550.014507377031,-35.3439367814854
550.394613218091,-35.3466193053756
550.774981743949,-35.3492973481734
551.155613136144,-35.3519709188761
551.536507576338,-35.3546400264588
551.917665246318,-35.3573046798743
552.299086327999,-35.3599648880528
552.680771003421,-35.3626206599023
553.062719454747,-35.3652720043088
553.44493186427,-35.367918930136
553.827408414406,-35.3705614462257
554.210149287699,-35.3731995613977
554.593154666817,-35.3758332844497
554.976424734557,-35.3784626241578
555.359959673841,-35.3810875892764
555.743759667716,-35.3837081885379
556.127824899358,-35.3863244306533
556.512155552068,-35.3889363243122
556.896751809273,-35.3915438781823
557.28161385453,-35.3941471009102
557.666741871519,-35.3967460011211
558.052136044048,-35.3993405874189
558.437796556055,-35.4019308683862
558.823723591601,-35.4045168525847
559.209917334877,-35.4070985485548
559.596377970199,-35.4096759648159
559.983105682013,-35.4122491098666
560.37010065489,-35.4148179921845
560.75736307353,-35.4173826202265
561.144893122761,-35.4199430024286
561.532690987537,-35.4224991472064
561.920756852941,-35.4250510629546
562.309090904184,-35.4275987580474
562.697693326606,-35.4301422408388
563.086564305672,-35.4326815196619
563.475704026977,-35.4352166028299
563.865112676246,-35.4377474986356
564.254790439329,-35.4402742153513
564.644737502207,-35.4427967612295
565.034954050987,-35.4453151445024
565.425440271909,-35.4478293733822
565.816196351336,-35.4503394560612
566.207222475766,-35.4528454007117
566.598518831819,-35.4553472154862
566.990085606249,-35.4578449085175
567.381922985939,-35.4603384879184
567.774031157898,-35.4628279617825
568.166410309266,-35.4653133381833
568.559060627314,-35.4677946251751
568.951982299439,-35.4702718307926
569.345175513171,-35.4727449630511
569.738640456166,-35.4752140299466
570.132377316212,-35.4776790394557
570.526386281228,-35.4801399995359
570.920667539259,-35.4825969181254
571.315221278483,-35.4850498031433
571.710047687208,-35.4874986624897
572.10514695387,-35.4899435040457
572.500519267038,-35.4923843356734
572.896164815409,-35.4948211652161
573.292083787811,-35.4972540004983
573.688276373203,-35.4996828493256
574.084742760675,-35.5021077194849
574.481483139446,-35.5045286187448
574.878497698868,-35.5069455548548
575.275786628421,-35.5093585355461
575.67335011772,-35.5117675685317
576.071188356507,-35.5141726615056
576.469301534657,-35.5165738221439
576.867689842176,-35.5189710581043
577.266353469201,-35.5213643770261
577.665292606002,-35.5237537865306
578.064507442978,-35.5261392942208
578.463998170661,-35.5285209076818
578.863764979714,-35.5308986344804
579.263808060934,-35.5332724821657
579.664127605246,-35.5356424582688
580.06472380371,-35.5380085703029
580.465596847517,-35.5403708257634
580.866746927991,-35.542729232128
581.268174236586,-35.5450837968566
581.66987896489,-35.5474345273916
582.071861304624,-35.5497814311576
582.47412144764,-35.5521245155619
582.876659585923,-35.5544637879942
583.279475911591,-35.5567992558268
583.682570616895,-35.5591309264145
584.085943894219,-35.561458807095
584.489595936078,-35.5637829051886
584.893526935123,-35.5661032279983
585.297737084135,-35.56841978281
585.702226576032,-35.5707325768926
586.106995603861,-35.5730416174978
586.512044360806,-35.5753469118603
586.917373040183,-35.5776484671979
587.322981835442,-35.5799462907115
587.728870940165,-35.5822403895849
588.135040548071,-35.5845307709856
588.541490853009,-35.5868174420637
588.948222048966,-35.5891004099532
589.355234330061,-35.5913796817709
589.762527890546,-35.5936552646175
590.170102924808,-35.5959271655768
590.577959627371,-35.5981953917162
590.98609819289,-35.6004599500866
591.394518816155,-35.6027208477225
591.803221692093,-35.6049780916422
592.212207015764,-35.6072316888474
592.621474982362,-35.6094816463239
593.031025787216,-35.6117279710408
593.440859625793,-35.6139706699515
593.850976693692,-35.616209749993
594.261377186647,-35.6184452180865
594.67206130053,-35.6206770811368
595.083029231345,-35.622905346033
595.494281175235,-35.6251300196483
595.905817328475,-35.6273511088398
596.317637887478,-35.6295686204489
596.729743048793,-35.6317825613013
597.142133009102,-35.6339929382068
597.554807965226,-35.6361997579596
597.967768114121,-35.6384030273383
598.381013652879,-35.6406027531057
598.794544778727,-35.6427989420093
599.208361689031,-35.6449916007809
599.622464581291,-35.6471807361371
600.036853653144,-35.6493663547786
600.451529102365,-35.6515484633912
600.866491126864,-35.6537270686452
601.281739924688,-35.6559021771957
601.697275694022,-35.6580737956823
602.113098633187,-35.6602419307298
602.529208940641,-35.6624065889475
602.94560681498,-35.6645677769299
603.362292454937,-35.6667255012562
603.77926605938,-35.6688797684907
604.196527827318,-35.6710305851827
604.614077957896,-35.6731779578667
605.031916650396,-35.6753218930621
605.450044104239,-35.6774623972736
605.868460518983,-35.6795994769911
606.287166094323,-35.6817331386897
606.706161030095,-35.6838633888299
607.12544552627,-35.6859902338574
607.545019782958,-35.6881136802033
607.964884000408,-35.6902337342842
608.385038379008,-35.6923504025021
608.805483119282,-35.6944636912445
609.226218421894,-35.6965736068846
609.647244487649,-35.6986801557808
610.068561517487,-35.7007833442777
610.490169712487,-35.702883178705
610.912069273871,-35.7049796653785
611.334260402996,-35.7070728105995
611.756743301361,-35.7091626206554
612.1795181706,-35.7112491018192
612.602585212492,-35.7133322603498
613.025944628952,-35.7154121024921
613.449596622035,-35.7174886344769
613.873541393935,-35.719561862521
614.297779146987,-35.7216317928273
614.722310083665,-35.7236984315846
615.147134406585,-35.7257617849682
615.5722523185,-35.7278218591391
615.997664022304,-35.7298786602448
616.423369721033,-35.731932194419
616.849369617861,-35.7339824677816
617.275663916104,-35.7360294864388
617.702252819217,-35.7380732564833
618.129136530798,-35.7401137839941
618.556315254582,-35.7421510750366
618.98378919445,-35.7441851356627
619.411558554418,-35.7462159719109
619.839623538647,-35.7482435898062
620.267984351439,-35.7502679953601
620.696641197235,-35.7522891945708
621.125594280618,-35.7543071934233
621.554843806315,-35.756321997889
621.98438997919,-35.7583336139262
622.414233004252,-35.7603420474802
622.84437308665,-35.7623473044827
623.274810431676,-35.7643493908526
623.705545244764,-35.7663483124956
624.136577731487,-35.7683440753041
624.567908097565,-35.7703366851577
624.999536548855,-35.7723261479231
625.431463291359,-35.7743124694537
625.863688531223,-35.7762956555903
626.296212474732,-35.7782757121607
626.729035328315,-35.7802526449798
627.162157298544,-35.7822264598496
627.595578592134,-35.7841971625596
628.029299415943,-35.7861647588864
628.463319976969,-35.7881292545937
628.897640482357,-35.790090655433
629.332261139394,-35.7920489671426
629.767182155509,-35.7940041954487
630.202403738275,-35.7959563460646
630.637926095409,-35.7979054246913
631.073749434771,-35.7998514370171
631.509873964364,-35.801794388718
631.946299892337,-35.8037342854575
632.383027426981,-35.8056711328867
632.820056776731,-35.8076049366443
633.257388150166,-35.809535702357
633.69502175601,-35.8114634356387
634.132957803131,-35.8133881420915
634.57119650054,-35.815309827305
635.009738057396,-35.8172284968568
635.448582682997,-35.8191441563121
635.887730586791,-35.8210568112244
636.327181978367,-35.8229664671347
636.766937067462,-35.8248731295721
637.206996063955,-35.8267768040538
637.647359177872,-35.8286774960849
638.088026619383,-35.8305752111586
638.528998598803,-35.8324699547561
638.970275326595,-35.8343617323469
639.411857013364,-35.8362505493884
639.853743869863,-35.8381364113264
640.295936106989,-35.8400193235948
640.738433935785,-35.8418992916159
641.181237567442,-35.8437763208
641.624347213293,-35.845650416546
642.067763084822,-35.8475215842409
642.511485393654,-35.8493898292603
642.955514351564,-35.8512551569682
643.399850170472,-35.8531175727168
643.844493062444,-35.854977081847
644.289443239693,-35.8568336896882
644.734700914579,-35.8586874015582
645.180266299609,-35.8605382227635
645.626139607435,-35.8623861585991
646.072321050859,-35.8642312143487
646.518810842828,-35.8660733952846
646.965609196435,-35.8679127066679
647.412716324923,-35.8697491537484
647.860132441681,-35.8715827417646
648.307857760246,-35.8734134759437
648.755892494302,-35.8752413615019
649.20423685768,-35.8770664036441
649.652891064361,-35.8788886075643
650.101855328472,-35.8807079784451
650.551129864288,-35.8825245214583
651.000714886233,-35.8843382417646
651.450610608879,-35.8861491445135
651.900817246946,-35.8879572348438
652.351335015302,-35.8897625178832
652.802164128965,-35.8915649987487
653.253304803099,-35.893364682546
653.70475725302,-35.8951615743704
654.156521694189,-35.8969556793061
654.60859834222,-35.8987470024267
655.060987412872,-35.9005355487947
655.513689122056,-35.9023213234623
655.966703685832,-35.9041043314707
656.420031320408,-35.9058845778505
656.873672242141,-35.9076620676218
657.327626667541,-35.9094368057937
657.781894813262,-35.911208797365
658.236476896113,-35.9129780473241
658.69137313305,-35.9147445606484
659.14658374118,-35.9165083423052
659.60210893776,-35.9182693972511
660.057948940195,-35.9200277304323
660.514103966044,-35.9217833467847
660.970574233014,-35.9235362512336
661.427359958963,-35.9252864486941
661.884461361899,-35.9270339440709
662.34187865998,-35.9287787422583
662.799612071518,-35.9305208481406
663.257661814973,-35.9322602665915
663.716028108956,-35.9339970024747
664.17471117223,-35.9357310606436
664.63371122371,-35.9374624459415
665.09302848246,-35.9391911632015
665.552663167697,-35.9409172172465
666.01261549879,-35.9426406128896
666.472885695257,-35.9443613549335
666.933473976771,-35.9460794481711
667.394380563155,-35.947794897385
667.855605674384,-35.9495077073483
668.317149530585,-35.9512178828236
668.779012352037,-35.952925428564
669.241194359172,-35.9546303493124
669.703695772574,-35.956332649802
670.16651681298,-35.958032334756
670.629657701277,-35.959729408888
671.093118658508,-35.9614238769016
671.556899905868,-35.9631157434907
672.021001664702,-35.9648050133395
672.485424156511,-35.9664916911222
672.950167602949,-35.9681757815038
673.415232225822,-35.9698572891392
673.880618247089,-35.9715362186738
674.346325888864,-35.9732125747435
674.812355373413,-35.9748863619743
675.278706923157,-35.9765575849831
675.745380760668,-35.9782262483767
676.212377108675,-35.9798923567529
676.67969619006,-35.9815559146996
677.147338227858,-35.9832169267955
677.615303445259,-35.9848753976097
678.083592065607,-35.986531331702
678.5522043124,-35.9881847336226
679.021140409291,-35.9898356079127
679.490400580088,-35.9914839591038
679.959985048752,-35.9931297917182
680.429894039401,-35.9947731102689
680.900127776307,-35.9964139192597
681.370686483894,-35.9980522231851
681.841570386747,-35.9996880265304
682.312779709601,-36.0013213337715
682.78431467735,-36.0029521493755
683.25617551504,-36.0045804778001
683.728362447875,-36.0062063234938
684.200875701214,-36.0078296908963
684.673715500572,-36.0094505844379
685.14688207162,-36.01106900854
685.620375640182,-36.012684967615
686.094196432243,-36.0142984660662
686.56834467394,-36.015909508288
687.042820591569,-36.0175180986657
687.517624411582,-36.0191242415758
687.992756360585,-36.0207279413859
688.468216665344,-36.0223292024546
688.94400555278,-36.0239280291316
689.42012324997,-36.025524425758
689.89656998415,-36.0271183966657
690.373345982711,-36.0287099461781
690.850451473203,-36.0302990786098
691.327886683332,-36.0318857982665
691.805651840962,-36.0334701094452
692.283747174114,-36.0350520164343
692.762172910967,-36.0366315235134
693.240929279856,-36.0382086349535
693.720016509278,-36.0397833550169
694.199434827883,-36.0413556879574
694.679184464482,-36.04292563802
695.159265648043,-36.0444932094412
695.639678607693,-36.0460584064492
696.120423572717,-36.0476212332632
696.601500772558,-36.0491816940943
697.082910436818,-36.0507397931449
697.564652795257,-36.052295534609
698.046728077796,-36.0538489226721
698.529136514512,-36.0553999615114
699.011878335642,-36.0569486552955
699.494953771584,-36.0584950081848
699.978363052892,-36.0600390243313
700.462106410282,-36.0615807078786
700.946184074628,-36.063120062962
701.430596276964,-36.0646570937085
701.915343248483,-36.066191804237
702.40042522054,-36.0677241986579
702.885842424646,-36.0692542810734
703.371595092476,-36.0707820555777
703.857683455863,-36.0723075262566
704.344107746801,-36.0738306971878
704.830868197443,-36.0753515724408
705.317965040103,-36.0768701560771
705.805398507258,-36.07838645215
706.293168831541,-36.0799004647047
706.78127624575,-36.0814121977784
707.269720982842,-36.0829216554001
707.758503275935,-36.0844288415911
708.247623358308,-36.0859337603644
708.737081463403,-36.0874364157251
709.226877824819,-36.0889368116704
709.717012676322,-36.0904349521893
710.207486251836,-36.0919308412633
710.698298785447,-36.0934244828657
711.189450511403,-36.0949158809619
711.680941664116,-36.0964050395097
712.172772478156,-36.0978919624587
712.664943188259,-36.099376653751
713.15745402932,-36.1008591173207
713.650305236399,-36.1023393570941
714.143497044717,-36.1038173769899
714.637029689657,-36.1052931809188
715.130903406767,-36.1067667727842
715.625118431755,-36.1082381564813
716.119675000493,-36.1097073358979
716.614573349018,-36.1111743149141
717.109813713526,-36.1126390974023
717.60539633038,-36.1141016872272
718.101321436105,-36.1155620882462
718.597589267388,-36.1170203043086
719.094200061082,-36.1184763392567
719.591154054203,-36.1199301969248
720.088451483929,-36.1213818811398
720.586092587605,-36.1228313957212
721.084077602736,-36.1242787444809
721.582406766996,-36.1257239312233
722.081080318219,-36.1271669597454
722.580098494406,-36.1286078338367
723.079461533721,-36.1300465572794
723.579169674493,-36.1314831338481
724.079223155216,-36.1329175673102
724.57962221455,-36.1343498614257
725.080367091317,-36.1357800199471
725.581458024506,-36.1372080466197
726.08289525327,-36.1386339451815
726.58467901693,-36.1400577193632
727.086809554969,-36.1414793728882
727.589287107038,-36.1428989094725
728.092111912952,-36.1443163328252
728.595284212693,-36.1457316466478
729.098804246407,-36.1471448546348
729.602672254408,-36.1485559604736
730.106888477174,-36.1499649678443
730.611453155352,-36.1513718804198
731.116366529753,-36.1527767018659
731.621628841356,-36.1541794358413
732.127240331304,-36.1555800859978
732.63320124091,-36.1569786559798
733.13951181165,-36.1583751494248
733.646172285172,-36.1597695699633
734.153182903285,-36.1611619212186
734.66054390797,-36.1625522068072
735.168255541372,-36.1639404303384
735.676318045806,-36.1653265954146
736.184731663752,-36.1667107056314
736.693496637859,-36.1680927645772
737.202613210944,-36.1694727758337
737.71208162599,-36.1708507429756
738.22190212615,-36.1722266695706
738.732074954744,-36.1736005591796
739.24260035526,-36.1749724153568
739.753478571355,-36.1763422416494
740.264709846853,-36.1777100415977
740.776294425749,-36.1790758187354
741.288232552204,-36.1804395765893
741.800524470549,-36.1818013186793
742.313170425284,-36.1831610485189
742.826170661077,-36.1845187696145
743.339525422767,-36.1858744854659
743.853234955359,-36.1872281995663
744.36729950403,-36.188579915402
744.881719314126,-36.1899296364528
745.396494631163,-36.1912773661917
745.911625700825,-36.1926231080853
746.427112768967,-36.1939668655933
746.942956081612,-36.1953086421689
747.459155884957,-36.1966484412588
747.975712425366,-36.1979862663029
748.492625949374,-36.1993221207347
749.009896703685,-36.2006560079811
749.527524935177,-36.2019879314626
750.045510890896,-36.203317894593
750.563854818058,-36.2046459007796
751.082556964053,-36.2059719534235
751.601617576438,-36.2072960559189
752.121036902945,-36.2086182116539
752.640815191474,-36.2099384240101
753.160952690098,-36.2112566963625
753.681449647061,-36.2125730320798
754.202306310779,-36.2138874345244
754.72352292984,-36.2151999070522
755.245099753002,-36.2165104530129
755.767037029196,-36.2178190757496
756.289335007526,-36.2191257785994
756.811993937266,-36.2204305648927
757.335014067865,-36.2217334379539
757.858395648941,-36.2230344011011
758.382138930288,-36.224333457646
758.906244161871,-36.2256306108941
759.430711593827,-36.2269258641447
759.955541476467,-36.2282192206909
760.480734060274,-36.2295106838194
761.006289595905,-36.230800256811
761.532208334191,-36.2320879429402
762.058490526133,-36.2333737454751
762.585136422911,-36.2346576676781
763.112146275872,-36.235939712805
763.639520336543,-36.237219884106
764.167258856619,-36.2384981848246
764.695362087974,-36.2397746181988
765.223830282653,-36.2410491874601
765.752663692876,-36.2423218958341
766.281862571038,-36.2435927465404
766.811427169706,-36.2448617427925
767.341357741626,-36.2461288877978
767.871654539715,-36.2473941847579
768.402317817064,-36.2486576368682
768.933347826943,-36.2499192473184
769.464744822794,-36.2511790192919
769.996509058234,-36.2524369559664
770.528640787058,-36.2536930605136
771.061140263232,-36.2549473360993
771.594007740903,-36.2561997858834
772.127243474388,-36.2574504130198
772.660847718185,-36.2586992206566
773.194820726963,-36.2599462119362
773.72916275557,-36.2611913899949
774.26387405903,-36.2624347579633
774.798954892542,-36.2636763189661
775.334405511483,-36.2649160761223
775.870226171405,-36.2661540325451
776.406417128037,-36.2673901913418
776.942978637285,-36.268624555614
777.479910955232,-36.2698571284577
778.017214338136,-36.2710879129629
778.554889042437,-36.272316912214
779.092935324746,-36.2735441292898
779.631353441856,-36.2747695672633
780.170143650735,-36.2759932292016
780.709306208531,-36.2772151181666
781.248841372566,-36.2784352372142
781.788749400343,-36.2796535893947
782.329030549542,-36.2808701777529
782.86968507802,-36.2820850053278
783.410713243815,-36.283298075153
783.95211530514,-36.2845093902564
784.493891520389,-36.2857189536602
785.036042148132,-36.2869267683813
785.57856744712,-36.288132837431
786.121467676283,-36.2893371638148
786.664743094728,-36.2905397505329
787.208393961742,-36.29174060058
787.752420536792,-36.2929397169452
788.296823079523,-36.2941371026122
788.841601849759,-36.2953327605592
789.386757107506,-36.2965266937588
789.932289112948,-36.2977189051785
790.47819812645,-36.29890939778
791.024484408553,-36.3000981745197
791.571148219984,-36.3012852383488
792.118189821645,-36.3024705922127
792.665609474622,-36.3036542390518
793.21340744018,-36.3048361818009
793.761583979763,-36.3060164233894
794.310139354999,-36.3071949667417
794.859073827695,-36.3083718147765
795.408387659837,-36.3095469704072
795.958081113595,-36.3107204365422
796.50815445132,-36.3118922160843
797.058607935542,-36.3130623119311
797.609441828975,-36.314230726975
798.160656394513,-36.3153974641031
798.712251895232,-36.3165625261972
799.26422859439,-36.3177259161338
799.816586755428,-36.3188876367845
800.369326641966,-36.3200476910154
800.922448517809,-36.3212060816873
801.475952646945,-36.3223628116562
802.02983929354,-36.3235178837727
802.584108721947,-36.3246713008821
803.1387611967,-36.3258230658248
803.693796982516,-36.326973181436
804.249216344295,-36.3281216505457
804.805019547119,-36.3292684759787
805.361206856255,-36.330413660555
805.917778537152,-36.3315572070892
806.474734855444,-36.332699118391
807.032076076946,-36.333839397265
807.589802467659,-36.3349780465107
808.147914293767,-36.3361150689225
808.706411821639,-36.33725046729
809.265295317824,-36.3383842443975
809.824565049061,-36.3395164030244
810.384221282269,-36.3406469459453
810.944264284554,-36.3417758759294
811.504694323206,-36.3429031957413
812.065511665698,-36.3440289081405
812.626716579691,-36.3451530158814
813.188309333027,-36.3462755217137
813.750290193738,-36.3473964283822
814.312659430036,-36.3485157386264
814.875417310322,-36.3496334551813
815.438564103181,-36.3507495807768
816.002100077385,-36.351864118138
816.566025501889,-36.3529770699851
817.130340645837,-36.3540884390334
817.695045778558,-36.3551982279934
818.260141169565,-36.3563064395708
818.82562708856,-36.3574130764663
819.391503805431,-36.358518141376
819.95777159025,-36.359621636991
820.524430713279,-36.3607235659977
821.091481444965,-36.3618239310778
821.658924055943,-36.3629227349081
822.226758817032,-36.3640199801607
822.794985999243,-36.3651156695028
823.36360587377,-36.3662098055972
823.932618711997,-36.3673023911015
824.502024785494,-36.3683934286691
825.071824366019,-36.3694829209482
825.64201772552,-36.3705708705827
826.212605136128,-36.3716572802115
826.783586870168,-36.3727421524691
827.354963200149,-36.3738254899851
827.926734398771,-36.3749072953846
828.498900738919,-36.375987571288
829.07146249367,-36.377066320311
829.644419936288,-36.3781435450648
830.217773340227,-36.379219248156
830.791522979128,-36.3802934321864
831.365669126823,-36.3813660997535
831.940212057333,-36.3824372534499
832.515152044869,-36.3835068958638
833.090489363827,-36.384575029579
833.666224288799,-36.3856416571743
834.242357094564,-36.3867067812245
834.818888056089,-36.3877704042995
835.395817448534,-36.3888325289647
835.973145547247,-36.3898931577812
836.550872627769,-36.3909522933055
837.128998965828,-36.3920099380894
837.707524837345,-36.3930660946807
838.286450518431,-36.3941207656222
838.865776285387,-36.3951739534526
839.445502414706,-36.396225660706
840.025629183071,-36.3972758899121
840.606156867359,-36.3983246435962
841.187085744635,-36.3993719242792
841.768416092156,-36.4004177344774
842.350148187373,-36.401462076703
842.932282307926,-36.4025049534636
843.514818731649,-36.4035463672624
844.097757736566,-36.4045863205984
844.681099600894,-36.4056248159662
845.264844603043,-36.4066618558559
845.848993021615,-36.4076974427534
846.433545135404,-36.4087315791403
847.018501223397,-36.4097642674937
847.603861564774,-36.4107955102866
848.189626438908,-36.4118253099876
848.775796125364,-36.412853669061
849.362370903901,-36.4138805899668
849.949351054473,-36.4149060751608
850.536736857224,-36.4159301270944
851.124528592495,-36.4169527482151
851.712726540818,-36.4179739409657
852.30133098292,-36.4189937077849
852.890342199723,-36.4200120511075
853.479760472342,-36.4210289733637
854.069586082086,-36.4220444769797
854.659819310459,-36.4230585643773
855.250460439159,-36.4240712379743
855.84150975008,-36.4250825001844
856.43296752531,-36.4260923534169
857.024834047131,-36.427100800077
857.617109598021,-36.4281078425659
858.209794460654,-36.4291134832805
858.802888917898,-36.4301177246137
859.396393252816,-36.4311205689542
859.99030774867,-36.4321220186865
860.584632688913,-36.4331220761912
861.179368357198,-36.4341207438447
861.774515037371,-36.4351180240192
862.370073013476,-36.436113919083
862.966042569753,-36.4371084314004
863.562423990638,-36.4381015633314
864.159217560763,-36.4390933172321
864.756423564959,-36.4400836954545
865.354042288251,-36.4410727003467
865.952074015863,-36.4420603342526
866.550519033215,-36.4430465995122
867.149377625925,-36.4440314984614
867.748650079807,-36.4450150334323
868.348336680875,-36.4459972067527
868.948437715338,-36.4469780207469
869.548953469604,-36.4479574777346
870.149884230281,-36.4489355800322
870.75123028417,-36.4499123299516
871.352991918275,-36.4508877298012
871.955169419797,-36.4518617818851
872.557763076134,-36.4528344885036
873.160773174883,-36.4538058519533
873.764200003842,-36.4547758745266
874.368043851005,-36.4557445585121
874.972305004567,-36.4567119061946
875.576983752921,-36.457677919855
876.182080384661,-36.4586426017701
876.787595188579,-36.4596059542131
877.393528453665,-36.4605679794533
877.999880469111,-36.461528679756
878.60665152431,-36.4624880573829
879.213841908853,-36.4634461145917
879.82145191253,-36.4644028536363
880.429481825334,-36.4653582767668
881.037931937457,-36.4663123862295
881.646802539292,-36.467265184267
882.256093921431,-36.4682166731179
882.86580637467,-36.4691668550173
883.475940190004,-36.4701157321961
884.086495658628,-36.471063306882
884.697473071941,-36.4720095812985
885.308872721541,-36.4729545576656
885.920694899229,-36.4738982381993
886.532939897006,-36.4748406251123
887.145608007078,-36.4757817206131
887.758699521849,-36.4767215269068
888.372214733927,-36.4776600461946
888.986153936123,-36.4785972806743
889.60051742145,-36.4795332325397
890.215305483121,-36.4804679039811
890.830518414555,-36.481401297185
891.446156509372,-36.4823334143343
892.062220061396,-36.4832642576082
892.678709364653,-36.4841938291825
893.295624713372,-36.4851221312289
893.912966401986,-36.4860491659159
894.530734725132,-36.4869749354081
895.148929977649,-36.4878994418666
895.767552454582,-36.488822687449
896.386602451179,-36.489744674309
897.00608026289,-36.4906654045969
897.625986185371,-36.4915848804595
898.246320514484,-36.4925031040398
898.867083546292,-36.4934200774775
899.488275577065,-36.4943358029085
900.109896903276,-36.4952502824651
900.731947821606,-36.4961635182765
901.354428628937,-36.4970755124677
901.977339622359,-36.4979862671608
902.600681099167,-36.498895784474
903.224453356859,-36.499804066522
903.848656693142,-36.5007111154162
904.473291405926,-36.5016169332643
905.09835779333,-36.5025215221706
905.723856153675,-36.5034248842359
906.349786785492,-36.5043270215575
906.976149987516,-36.5052279362293
907.602946058689,-36.5061276303417
908.230175298159,-36.5070261059816
908.857838005283,-36.5079233652324
909.485934479621,-36.5088194101743
910.114465020944,-36.5097142428839
910.743429929228,-36.5106078654343
911.372829504656,-36.5115002798954
912.002664047621,-36.5123914883334
912.632933858721,-36.5132814928115
913.263639238761,-36.514170295389
913.894780488757,-36.5150578981223
914.526357909931,-36.5159443030642
915.158371803714,-36.516829512264
915.790822471744,-36.5177135277678
916.42371021587,-36.5185963516183
917.057035338147,-36.519477985855
917.690798140839,-36.5203584325138
918.324998926421,-36.5212376936273
918.959637997575,-36.5221157712251
919.594715657193,-36.522992667333
920.230232208376,-36.5238683839737
920.866187954434,-36.5247429231668
921.502583198889,-36.5256162869283
922.139418245469,-36.526488477271
922.776693398115,-36.5273594962045
923.414408960978,-36.5282293457349
924.052565238415,-36.5290980278654
924.691162535,-36.5299655445955
925.330201155512,-36.5308318979218
925.969681404942,-36.5316970898374
926.609603588494,-36.5325611223324
927.249968011581,-36.5334239973934
927.890774979827,-36.5342857170039
928.532024799067,-36.5351462831443
929.173717775349,-36.5360056977915
929.815854214931,-36.5368639629195
930.458434424283,-36.5377210804988
931.101458710086,-36.538577052497
931.744927379236,-36.5394318808782
932.388840738837,-36.5402855676036
933.033199096207,-36.5411381146312
933.678002758878,-36.5419895239156
934.323252034593,-36.5428397974083
934.968947231306,-36.543688937058
935.615088657187,-36.5445369448098
936.261676620618,-36.5453838226058
936.908711430192,-36.5462295723852
937.556193394718,-36.5470741960837
938.204122823216,-36.5479176956342
938.852500024923,-36.5487600729663
939.501325309287,-36.5496013300064
940.150598985969,-36.5504414686782
940.800321364846,-36.5512804909019
941.45049275601,-36.5521183985948
942.101113469764,-36.5529551936711
942.752183816629,-36.5537908780419
943.403704107337,-36.5546254536152
944.055674652839,-36.5554589222961
944.708095764297,-36.5562912859864
945.36096775309,-36.557122546585
946.014290930812,-36.5579527059879
946.668065609272,-36.5587817660878
947.322292100494,-36.5596097287744
947.976970716719,-36.5604365959346
948.632101770403,-36.5612623694521
949.287685574217,-36.5620870512077
949.943722441051,-36.562910643079
950.600212684008,-36.5637331469409
951.257156616409,-36.5645545646651
951.91455455179,-36.5653748981203
952.572406803906,-36.5661941491724
953.230713686728,-36.5670123196842
953.889475514444,-36.5678294115156
954.548692601457,-36.5686454265234
955.208365262391,-36.5694603665616
955.868493812085,-36.5702742334814
956.529078565595,-36.5710870291306
957.190119838197,-36.5718987553545
957.851617945383,-36.5727094139953
958.513573202865,-36.5735190068923
959.17598592657,-36.5743275358819
959.838856432647,-36.5751350027976
960.502185037461,-36.57594140947
961.165972057598,-36.5767467577267
961.830217809858,-36.5775510493925
962.494922611265,-36.5783542862894
963.16008677906,-36.5791564702364
963.825710630703,-36.5799576030497
964.491794483875,-36.5807576865426
965.158338656475,-36.5815567225256
965.825343466621,-36.5823547128062
966.492809232652,-36.5831516591893
967.160736273129,-36.5839475634767
967.829124906829,-36.5847424274675
968.497975452752,-36.585536252958
969.167288230117,-36.5863290417416
969.837063558366,-36.587120795609
970.507301757159,-36.5879115163479
971.178003146379,-36.5887012057435
971.849168046129,-36.5894898655778
972.520796776732,-36.5902774976303
973.192889658736,-36.5910641036778
973.865447012906,-36.5918496854939
974.538469160233,-36.5926342448498
975.211956421926,-36.5934177835139
975.885909119419,-36.5942003032517
976.560327574367,-36.594981805826
977.235212108646,-36.5957622929968
977.910563044357,-36.5965417665215
978.586380703821,-36.5973202281546
979.262665409584,-36.5980976796481
979.939417484414,-36.5988741227509
980.616637251301,-36.5996495592095
981.294325033459,-36.6004239907676
981.972481154327,-36.6011974191661
982.651105937565,-36.6019698461433
983.330199707058,-36.6027412734348
984.009762786914,-36.6035117027735
984.689795501467,-36.6042811358895
985.370298175272,-36.6050495745104
986.051271133111,-36.605817020361
986.73271469999,-36.6065834751635
987.414629201137,-36.6073489406374
988.097014962009,-36.6081134184995
988.779872308284,-36.608876910464
989.463201565869,-36.6096394182425
990.147003060892,-36.6104009435439
990.831277119709,-36.6111614880744
991.5160240689,-36.6119210535378
992.201244235274,-36.612679641635
992.886937945861,-36.6134372540644
993.573105527921,-36.6141938925218
994.259747308939,-36.6149495587005
994.946863616625,-36.6157042542909
995.634454778916,-36.6164579809812
996.322521123978,-36.6172107404565
997.0110629802,-36.6179625343999
997.7000806762,-36.6187133644915
998.389574540824,-36.6194632324089
999.079544903143,-36.6202121398273
999.769992092458,-36.6209600884191
1000.46091643829,-36.6217070798544
1001.15231827041,-36.6224531158006
1001.84419791878,-36.6231981979224
1002.53655571363,-36.6239423278823
1003.22939198538,-36.62468550734
1003.92270706472,-36.6254277379528
1004.61650128252,-36.6261690213754
1005.31077496993,-36.6269093592601
1006.00552845828,-36.6276487532564
1006.70076207917,-36.6283872050117
1007.39647616441,-36.6291247161705
1008.09267104603,-36.6298612883751
1008.7893470563,-36.6305969232652
1009.48650452774,-36.6313316224779
1010.18414379306,-36.6320653876479
1010.88226518522,-36.6327982204076
1011.58086903742,-36.6335301223867
1012.27995568308,-36.6342610952124
1012.97952545585,-36.6349911405097
1013.6795786896,-36.6357202599008
1014.38011571845,-36.6364484550057
1015.08113687674,-36.637175727442
1015.78264249905,-36.6379020788245
1016.48463292018,-36.638627510766
1017.18710847516,-36.6393520248767
1017.89006949928,-36.6400756227641
1018.59351632801,-36.6407983060338
1019.2974492971,-36.6415200762885
1020.00186874252,-36.6422409351288
1020.70677500044,-36.6429608841527
1021.41216840731,-36.643679924956
1022.11804929979,-36.644398059132
1022.82441801476,-36.6451152882716
1023.53127488935,-36.6458316139632
1024.23862026093,-36.646547037793
1024.94645446708,-36.6472615613448
1025.65477784562,-36.6479751862
1026.36359073463,-36.6486879139376
1027.07289347239,-36.6493997461342
1027.78268639742,-36.6501106843642
1028.4929698485,-36.6508207301996
1029.2037441646,-36.6515298852099
1029.91500968496,-36.6522381509624
1030.62676674905,-36.6529455290221
1031.33901569656,-36.6536520209516
1032.05175686742,-36.6543576283111
1032.7649906018,-36.6550623526587
1033.47871724011,-36.6557661955499
1034.19293712298,-36.6564691585381
1034.90765059128,-36.6571712431744
1035.62285798612,-36.6578724510073
1036.33855964885,-36.6585727835835
1037.05475592105,-36.659272242447
1037.77144714453,-36.6599708291397
1038.48863366134,-36.6606685452011
1039.20631581379,-36.6613653921685
1039.92449394438,-36.662061371577
1040.64316839588,-36.6627564849593
1041.3623395113,-36.6634507338459
1042.08200763387,-36.6641441197651
1042.80217310705,-36.6648366442427
1043.52283627457,-36.6655283088026
1044.24399748037,-36.6662191149661
1044.96565706864,-36.6669090642527
1045.68781538379,-36.6675981581792
1046.4104727705,-36.6682863982605
1047.13362957366,-36.6689737860091
1047.85728613841,-36.6696603229353
1048.58144281012,-36.6703460105473
1049.30609993442,-36.671030850351
1050.03125785716,-36.6717148438501
1050.75691692443,-36.6723979925461
1051.48307748256,-36.6730802979383
1052.20973987812,-36.6737617615237
1052.93690445793,-36.6744423847974
1053.66457156904,-36.6751221692521
1054.39274155874,-36.6758011163783
1055.12141477456,-36.6764792276644
1055.85059156427,-36.6771565045966
1056.58027227588,-36.6778329486591
1057.31045725765,-36.6785085613336
1058.04114685806,-36.6791833440999
1058.77234142586,-36.6798572984357
1059.50404131001,-36.6805304258163
1060.23624685973,-36.681202727715
1060.96895842447,-36.6818742056031
1061.70217635395,-36.6825448609495
1062.43590099809,-36.6832146952211
1063.17013270708,-36.6838837098828
1063.90487183134,-36.684551906397
1064.64011872154,-36.6852192862245
1065.37587372859,-36.6858858508237
1066.11213720364,-36.6865516016507
1066.84890949808,-36.68721654016
1067.58619096355,-36.6878806678035
1068.32398195193,-36.6885439860313
1069.06228281534,-36.6892064962914
1069.80109390614,-36.6898682000296
1070.54041557696,-36.6905290986897
1071.28024818063,-36.6911891937134
1072.02059207026,-36.6918484865403
1072.76144759919,-36.692506978608
1073.50281512101,-36.693164671352
1074.24469498953,-36.6938215662057
1074.98708755885,-36.6944776646005
1075.72999318327,-36.6951329679657
1076.47341221737,-36.6957874777287
1077.21734501594,-36.6964411953147
1077.96179193405,-36.6970941221469
1078.70675332699,-36.6977462596465
1079.45222955031,-36.6983976092326
1080.1982209598,-36.6990481723225
1080.94472791149,-36.6996979503311
1081.69175076167,-36.7003469446716
1082.43928986687,-36.7009951567551
1083.18734558386,-36.7016425879906
1083.93591826966,-36.7022892397853
1084.68500828155,-36.7029351135442
1085.43461597703,-36.7035802106703
1086.18474171387,-36.7042245325649
1086.93538585009,-36.704868080627
1087.68654874393,-36.7055108562537
1088.4382307539,-36.7061528608402
1089.19043223876,-36.7067940957796
1089.9431535575,-36.7074345624632
1090.69639506938,-36.7080742622802
1091.45015713388,-36.7087131966179
1092.20444011076,-36.7093513668616
1092.95924436001,-36.7099887743947
1093.71457024188,-36.7106254205986
1094.47041811684,-36.7112613068527
1095.22678834565,-36.7118964345348
1095.98368128929,-36.7125308050202
1096.74109730901,-36.7131644196828
1097.49903676629,-36.7137972798942
1098.25750002287,-36.7144293870243
1099.01648744074,-36.715060742441
1099.77599938214,-36.7156913475103
1100.53603620956,-36.7163212035962
1101.29659828574,-36.7169503120609
1102.05768597367,-36.7175786742646
1102.81929963659,-36.7182062915658
1103.581439638,-36.7188331653209
1104.34410634163,-36.7194592968844
1105.10730011149,-36.7200846876091
1105.87102131181,-36.7207093388458
1106.6352703071,-36.7213332519433
1107.40004746211,-36.7219564282488
1108.16535314185,-36.7225788691074
1108.93118771155,-36.7232005758624
1109.69755153674,-36.7238215498553
1110.46444498317,-36.7244417924257
1111.23186841685,-36.7250613049112
1111.99982220405,-36.7256800886478
1112.7683067113,-36.7262981449695
1113.53732230535,-36.7269154752084
1114.30686935323,-36.727532080695
1115.07694822223,-36.7281479627577
1115.84755927987,-36.7287631227232
1116.61870289395,-36.7293775619164
1117.39037943251,-36.7299912816602
1118.16258926383,-36.7306042832759
1118.93533275647,-36.7312165680828
1119.70861027923,-36.7318281373986
1120.48242220118,-36.732438992539
1121.25676889162,-36.7330491348179
1122.03165072013,-36.7336585655475
1122.80706805653,-36.7342672860382
1123.58302127091,-36.7348752975984
1124.35951073359,-36.7354826015351
1125.13653681517,-36.7360891991531
1125.9140998865,-36.7366950917557
1126.69220031869,-36.7373002806443
1127.47083848309,-36.7379047671186
1128.25001475132,-36.7385085524763
1129.02972949526,-36.7391116380137
1129.80998308704,-36.7397140250251
1130.59077589904,-36.7403157148029
1131.37210830392,-36.7409167086382
1132.15398067458,-36.7415170078199
1132.93639338417,-36.7421166136354
1133.71934680612,-36.7427155273703
1134.50284131411,-36.7433137503083
1135.28687728207,-36.7439112837316
1136.07145508419,-36.7445081289206
1136.85657509493,-36.7451042871539
1137.642237689,-36.7456997597083
1138.42844324136,-36.7462945478592
1139.21519212726,-36.7468886528799
1140.00248472217,-36.7474820760421
1140.79032140184,-36.748074818616
1141.57870254229,-36.7486668818699
1142.36762851978,-36.7492582670703
1143.15709971084,-36.7498489754822
1143.94711649225,-36.7504390083689
1144.73767924107,-36.7510283669917
1145.5287883346,-36.7516170526107
1146.32044415042,-36.7522050664839
1147.11264706635,-36.7527924098677
1147.90539746048,-36.7533790840171
1148.69869571118,-36.753965090185
1149.49254219704,-36.754550429623
1150.28693729696,-36.7551351035808
1151.08188139006,-36.7557191133064
1151.87737485576,-36.7563024600464
1152.6734180737,-36.7568851450455
1153.47001142381,-36.7574671695469
1154.26715528629,-36.758048534792
1155.06485004158,-36.7586292420206
1155.86309607039,-36.7592092924709
1156.66189375371,-36.7597886873795
1157.46124347276,-36.7603674279812
1158.26114560905,-36.7609455155094
1159.06160054436,-36.7615229511957
1159.8626086607,-36.76209973627
1160.66417034037,-36.7626758719608
1161.46628596594,-36.7632513594948
1162.26895592022,-36.7638262000973
1163.0721805863,-36.7644003949916
1163.87596034753,-36.7649739453998
1164.68029558754,-36.7655468525421
1165.48518669019,-36.7661191176374
1166.29063403965,-36.7666907419026
1167.09663802032,-36.7672617265534
1167.90319901688,-36.7678320728036
1168.71031741427,-36.7684017818656
1169.51799359772,-36.7689708549502
1170.32622795268,-36.7695392932665
1171.13502086491,-36.770107098022
1171.94437272041,-36.7706742704229
1172.75428390547,-36.7712408116736
1173.56475480662,-36.7718067229769
1174.37578581068,-36.7723720055342
1175.18737730472,-36.7729366605451
1175.99952967609,-36.773500689208
1176.81224331239,-36.7740640927193
1177.62551860153,-36.7746268722743
1178.43935593163,-36.7751890290663
1179.25375569112,-36.7757505642875
1180.06871826868,-36.7763114791282
1180.88424405327,-36.7768717747774
1181.70033343412,-36.7774314524224
1182.5169868007,-36.777990513249
1183.33420454279,-36.7785489584416
1184.15198705041,-36.779106789183
1184.97033471387,-36.7796640066543
1185.78924792374,-36.7802206120353
1186.60872707084,-36.7807766065044
1187.4287725463,-36.781331991238
1188.2493847415,-36.7818867674116
1189.07056404807,-36.7824409361986
1189.89231085796,-36.7829944987715
1190.71462556334,-36.7835474563007
1191.53750855668,-36.7840998099556
1192.36096023071,-36.7846515609038
1193.18498097845,-36.7852027103115
1194.00957119317,-36.7857532593435
1194.83473126841,-36.786303209163
1195.660461598,-36.7868525609317
1196.48676257603,-36.7874013158099
1197.31363459687,-36.7879494749565
1198.14107805515,-36.7884970395288
1198.96909334579,-36.7890440106826
1199.79768086397,-36.7895903895723
1200.62684100515,-36.7901361773509
1201.45657416506,-36.7906813751698
1202.28688073969,-36.7912259841792
1203.11776112533,-36.7917700055275
1203.94921571853,-36.7923134403619
1204.78124491612,-36.7928562898281
1205.61384911519,-36.7933985550703
1206.44702871312,-36.7939402372313
1207.28078410755,-36.7944813374524
1208.11511569642,-36.7950218568737
1208.95002387791,-36.7955617966335
1209.7855090505,-36.796101157869
1210.62157161295,-36.7966399417158
1211.45821196427,-36.7971781493082
1212.29543050376,-36.7977157817789
1213.13322763101,-36.7982528402593
1213.97160374586,-36.7987893258795
1214.81055924844,-36.7993252397679
1215.65009453916,-36.7998605830518
1216.4902100187,-36.8003953568569
1217.33090608802,-36.8009295623077
1218.17218314835,-36.8014632005269
1219.01404160121,-36.8019962726363
1219.85648184839,-36.802528779756
1220.69950429195,-36.8030607230049
1221.54310933425,-36.8035921035002
1222.3872973779,-36.8041229223581
1223.23206882582,-36.8046531806933
1224.07742408117,-36.8051828796189
1224.92336354743,-36.8057120202469
1225.76988762832,-36.8062406036878
1226.61699672787,-36.8067686310509
1227.46469125037,-36.8072961034438
1228.31297160039,-36.8078230219731
1229.16183818281,-36.8083493877439
1230.01129140274,-36.8088752018598
1230.86133166561,-36.8094004654233
1231.7119593771,-36.8099251795354
1232.56317494321,-36.8104493452958
1233.41497877017,-36.8109729638028
1234.26737126454,-36.8114960361535
1235.12035283312,-36.8120185634434
1235.97392388303,-36.8125405467671
1236.82808482163,-36.8130619872173
1237.68283605659,-36.8135828858859
1238.53817799586,-36.8141032438632
1239.39411104765,-36.8146230622382
1240.25063562049,-36.8151423420986
1241.10775212315,-36.8156610845308
1241.96546096471,-36.81617929062
1242.82376255454,-36.8166969614498
1243.68265730225,-36.8172140981027
1244.54214561779,-36.8177307016599
1245.40222791135,-36.8182467732013
1246.26290459341,-36.8187623138054
1247.12417607476,-36.8192773245495
1247.98604276645,-36.8197918065095
1248.84850507981,-36.8203057607601
1249.71156342648,-36.8208191883747
1250.57521821835,-36.8213320904254
1251.43946986763,-36.8218444679831
1252.3043187868,-36.8223563221172
1253.16976538861,-36.8228676538961
1254.03581008611,-36.8233784643867
1254.90245329264,-36.8238887546548
1255.76969542182,-36.8243985257648
1256.63753688755,-36.8249077787799
1257.50597810402,-36.825416514762
1258.37501948572,-36.8259247347719
1259.24466144741,-36.8264324398688
1260.11490440413,-36.8269396311111
1260.98574877122,-36.8274463095555
1261.85719496432,-36.8279524762578
1262.72924339932,-36.8284581322724
1263.60189449244,-36.8289632786524
1264.47514866016,-36.8294679164497
1265.34900631924,-36.8299720467151
1266.22346788676,-36.8304756704981
1267.09853378007,-36.8309787888467
1267.97420441681,-36.8314814028082
1268.85048021489,-36.8319835134281
1269.72736159255,-36.8324851217511
1270.60484896829,-36.8329862288206
1271.48294276089,-36.8334868356785
1272.36164338946,-36.8339869433658
1273.24095127335,-36.8344865529223
1274.12086683224,-36.8349856653863
1275.00139048608,-36.8354842817951
1275.8825226551,-36.8359824031848
1276.76426375986,-36.8364800305903
1277.64661422117,-36.8369771650452
1278.52957446015,-36.837473807582
1279.4131448982,-36.8379699592319
1280.29732595703,-36.8384656210251
1281.18211805863,-36.8389607939904
1282.06752162527,-36.8394554791555
1282.95353707953,-36.839949677547
1283.84016484427,-36.8404433901901
1284.72740534265,-36.8409366181092
1285.61525899813,-36.8414293623271
1286.50372623444,-36.8419216238656
1287.39280747562,-36.8424134037455
1288.282503146,-36.8429047029862
1289.1728136702,-36.843395522606
1290.06373947314,-36.8438858636221
1290.95528098002,-36.8443757270505
1291.84743861635,-36.844865113906
1292.74021280792,-36.8453540252022
1293.63360398082,-36.8458424619519
1294.52761256145,-36.8463304251662
1295.42223897648,-36.8468179158555
1296.31748365288,-36.8473049350289
1297.21334701793,-36.8477914836942
1298.10982949919,-36.8482775628584
1299.00693152452,-36.8487631735271
1299.90465352208,-36.8492483167049
1300.80299592032,-36.8497329933952
1301.70195914799,-36.8502172046002
1302.60154363413,-36.8507009513212
1303.50174980809,-36.8511842345581
1304.40257809951,-36.85166705531
1305.30402893831,-36.8521494145745
1306.20610275473,-36.8526313133485
1307.10879997931,-36.8531127526274
1308.01212104286,-36.8535937334057
1308.91606637651,-36.8540742566769
1309.82063641169,-36.8545543234331
1310.72583158011,-36.8550339346655
1311.6316523138,-36.8555130913641
1312.53809904507,-36.855991794518
1313.44517220654,-36.8564700451149
1314.35287223112,-36.8569478441417
1315.26119955203,-36.857425192584
1316.17015460279,-36.8579020914264
1317.0797378172,-36.8583785416524
1317.98994962938,-36.8588545442444
1318.90079047375,-36.8593301001838
1319.81226078501,-36.8598052104509
1320.72436099818,-36.8602798760247
1321.63709154858,-36.8607540978836
1322.55045287182,-36.8612278770044
1323.46444540381,-36.8617012143632
1324.37906958078,-36.8621741109349
1325.29432583925,-36.8626465676934
1326.21021461604,-36.8631185856114
1327.12673634826,-36.8635901656607
1328.04389147334,-36.864061308812
1328.96168042902,-36.8645320160349
1329.88010365332,-36.8650022882979
1330.79916158457,-36.8654721265687
1331.7188546614,-36.8659415318136
1332.63918332277,-36.8664105049982
1333.5601480079,-36.8668790470868
1334.48174915635,-36.8673471590429
1335.40398720797,-36.8678148418286
1336.32686260289,-36.8682820964054
1337.2503757816,-36.8687489237335
1338.17452718483,-36.8692153247721
1339.09931725367,-36.8696813004794
1340.02474642949,-36.8701468518127
1340.95081515395,-36.8706119797281
1341.87752386904,-36.8710766851808
1342.80487301705,-36.8715409691248
1343.73286304057,-36.8720048325133
1344.6614943825,-36.8724682762984
1345.59076748604,-36.8729313014312
1346.5206827947,-36.8733939088618
1347.45124075231,-36.8738560995393
1348.38244180298,-36.8743178744117
1349.31428639114,-36.8747792344262
1350.24677496154,-36.8752401805288
1351.17990795922,-36.8757007136646
1352.11368582953,-36.8761608347778
1353.04810901813,-36.8766205448114
1353.98317797099,-36.8770798447075
1354.91889313439,-36.8775387354074
1355.85525495491,-36.8779972178511
1356.79226387946,-36.8784552929778
1357.72992035522,-36.8789129617257
1358.66822482971,-36.879370225032
1359.60717775076,-36.879827083833
1360.54677956649,-36.880283539064
1361.48703072534,-36.8807395916592
1362.42793167607,-36.8811952425519
1363.36948286773,-36.8816504926747
1364.3116847497,-36.8821053429588
1365.25453777166,-36.8825597943347
1366.19804238359,-36.8830138477319
1367.1421990358,-36.883467504079
1368.08700817891,-36.8839207643034
1369.03247026384,-36.884373629332
1369.97858574183,-36.8848261000902
1370.92535506443,-36.885278177503
1371.87277868349,-36.885729862494
1372.82085705119,-36.8861811559862
1373.76959062003,-36.8866320589014
1374.71897984279,-36.8870825721606
1375.66902517258,-36.8875326966838
1376.61972706284,-36.8879824333902
1377.5710859673,-36.888431783198
1378.52310234001,-36.8888807470243
1379.47577663533,-36.8893293257856
1380.42910930796,-36.8897775203972
1381.38310081287,-36.8902253317736
1382.33775160538,-36.8906727608283
1383.29306214111,-36.8911198084741
1384.249032876,-36.8915664756225
1385.2056642663,-36.8920127631845
1386.16295676858,-36.89245867207
1387.12091083972,-36.8929042031879
1388.07952693692,-36.8933493574464
1389.0388055177,-36.8937941357526
1389.99874703989,-36.8942385390128
1390.95935196163,-36.8946825681325
1391.92062074139,-36.895126224016
1392.88255383795,-36.8955695075671
1393.84515171041,-36.8960124196883
1394.80841481819,-36.8964549612816
1395.77234362101,-36.8968971332478
1396.73693857893,-36.8973389364871
1397.70220015232,-36.8977803718985
1398.66812880186,-36.8982214403803
1399.63472498856,-36.8986621428299
1400.60198917375,-36.8991024801439
1401.56992181906,-36.8995424532179
1402.53852338646,-36.8999820629466
1403.50779433822,-36.900421310224
1404.47773513696,-36.9008601959432
1405.44834624558,-36.9012987209962
1406.41962812733,-36.9017368862743
1407.39158124577,-36.9021746926681
1408.36420606478,-36.902612141067
1409.33750304856,-36.9030492323599
1410.31147266163,-36.9034859674346
1411.28611536883,-36.9039223471781
1412.26143163533,-36.9043583724766
1413.23742192662,-36.9047940442153
1414.2140867085,-36.9052293632788
1415.1914264471,-36.9056643305507
1416.16944160888,-36.9060989469137
1417.1481326606,-36.9065332132499
1418.12750006936,-36.9069671304402
1419.10754430258,-36.907400699365
1420.088265828,-36.9078339209037
1421.0696651137,-36.9082667959349
1422.05174262805,-36.9086993253364
1423.03449883977,-36.9091315099851
1424.0179342179,-36.9095633507572
1425.0020492318,-36.9099948485278
1425.98684435114,-36.9104260041716
1426.97232004595,-36.9108568185621
1427.95847678655,-36.9112872925721
1428.94531504361,-36.9117174270738
1429.93283528811,-36.9121472229383
1430.92103799136,-36.912576681036
1431.90992362499,-36.9130058022365
1432.89949266098,-36.9134345874085
1433.88974557159,-36.9138630374201
1434.88068282946,-36.9142911531384
1435.87230490752,-36.9147189354298
1436.86461227903,-36.9151463851599
1437.8576054176,-36.9155735031934
1438.85128479715,-36.9160002903943
1439.84565089192,-36.9164267476258
1440.84070417649,-36.9168528757503
1441.83644512577,-36.9172786756295
1442.83287421499,-36.9177041481241
1443.82999191972,-36.9181292940941
1444.82779871584,-36.9185541143989
1445.82629507957,-36.918978609897
1446.82548148747,-36.9194027814459
1447.82535841641,-36.9198266299027
1448.82592634359,-36.9202501561235
1449.82718574656,-36.9206733609636
1450.82913710319,-36.9210962452778
1451.83178089166,-36.9215188099197
1452.83511759051,-36.9219410557425
1453.8391476786,-36.9223629835986
1454.84387163512,-36.9227845943394
1455.84928993959,-36.9232058888157
1456.85540307185,-36.9236268678776
1457.8622115121,-36.9240475323743
1458.86971574085,-36.9244678831544
1459.87791623895,-36.9248879210656
1460.88681348757,-36.925307646955
1461.89640796824,-36.9257270616687
1462.90670016279,-36.9261461660525
1463.9176905534,-36.9265649609509
1464.92937962259,-36.9269834472081
1465.94176785321,-36.9274016256674
1466.95485572842,-36.9278194971713
1467.96864373174,-36.9282370625617
1468.98313234702,-36.9286543226796
1469.99832205845,-36.9290712783654
1471.01421335053,-36.9294879304587
1472.03080670812,-36.9299042797984
1473.0481026164,-36.9303203272228
1474.06610156089,-36.9307360735692
1475.08480402745,-36.9311515196744
1476.10421050228,-36.9315666663744
1477.1243214719,-36.9319815145045
1478.14513742317,-36.9323960648992
1479.1666588433,-36.9328103183925
1480.18888621983,-36.9332242758174
1481.21182004062,-36.9336379380064
1482.2354607939,-36.9340513057912
1483.2598089682,-36.9344643800029
1484.28486505243,-36.9348771614718
1485.31062953579,-36.9352896510274
1486.33710290786,-36.9357018494988
1487.36428565854,-36.936113757714
1488.39217827806,-36.9365253765007
1489.420781257,-36.9369367066856
1490.45009508629,-36.9373477490948
1491.48012025717,-36.9377585045539
1492.51085726125,-36.9381689738876
1493.54230659046,-36.9385791579199
1494.57446873708,-36.9389890574742
1495.60734419372,-36.9393986733731
1496.64093345334,-36.9398080064388
1497.67523700923,-36.9402170574925
1498.71025535504,-36.9406258273549
1499.74598898475,-36.941034316846
1500.78243839267,-36.941442526785
1501.81960407347,-36.9418504579907
1502.85748652215,-36.9422581112808
1503.89608623406,-36.9426654874729
1504.93540370488,-36.9430725873834
1505.97543943065,-36.9434794118284
1507.01619390775,-36.9438859616231
1508.05766763288,-36.9442922375821
1509.09986110312,-36.9446982405196
1510.14277481585,-36.9451039712487
1511.18640926884,-36.9455094305821
1512.23076496017,-36.9459146193319
1513.27584238828,-36.9463195383094
1514.32164205194,-36.9467241883254
1515.36816445029,-36.9471285701898
1516.41541008279,-36.9475326847122
1517.46337944926,-36.9479365327012
1518.51207304986,-36.9483401149651
1519.56149138509,-36.9487434323113
1520.61163495581,-36.9491464855467
1521.66250426322,-36.9495492754774
1522.71409980885,-36.9499518029091
1523.76642209461,-36.9503540686467
1524.81947162272,-36.9507560734946
1525.87324889578,-36.9511578182563
1526.92775441671,-36.9515593037351
1527.9829886888,-36.9519605307333
1529.03895221567,-36.9523615000527
1530.0956455013,-36.9527622124945
1531.15306905001,-36.9531626688593
1532.21122336648,-36.9535628699471
1533.27010895573,-36.9539628165572
1534.32972632312,-36.9543625094882
1535.39007597439,-36.9547619495384
1536.45115841559,-36.9551611375051
1537.51297415314,-36.9555600741854
1538.57552369382,-36.9559587603754
1539.63880754474,-36.9563571968709
1540.70282621338,-36.9567553844669
1541.76758020755,-36.9571533239579
1542.83307003542,-36.9575510161377
1543.89929620552,-36.9579484617997
1544.96625922672,-36.9583456617365
1546.03395960825,-36.9587426167402
1547.10239785968,-36.9591393276022
1548.17157449094,-36.9595357951135
1549.24149001232,-36.9599320200644
1550.31214493445,-36.9603280032445
1551.38353976832,-36.9607237454431
1552.45567502526,-36.9611192474487
1553.52855121698,-36.9615145100491
1554.60216885551,-36.9619095340319
1555.67652845327,-36.9623043201839
1556.751630523,-36.9626988692912
1557.82747557782,-36.9630931821395
1558.90406413119,-36.9634872595139
1559.98139669694,-36.9638811021989
1561.05947378922,-36.9642747109784
1562.13829592259,-36.9646680866359
1563.21786361191,-36.9650612299541
1564.29817737243,-36.9654541417152
1565.37923771976,-36.9658468227011
1566.46104516983,-36.9662392736926
1567.54360023897,-36.9666314954705
1568.62690344384,-36.9670234888147
1569.71095530147,-36.9674152545047
1570.79575632922,-36.9678067933193
1571.88130704486,-36.9681981060369
1572.96760796646,-36.9685891934353
1574.0546596125,-36.9689800562917
1575.14246250177,-36.9693706953828
1576.23101715345,-36.9697611114848
1577.32032408707,-36.9701513053732
1578.41038382253,-36.9705412778232
1579.50119688006,-36.9709310296092
1580.59276378028,-36.9713205615052
1581.68508504416,-36.9717098742847
1582.77816119302,-36.9720989687206
1583.87199274856,-36.9724878455852
1584.96658023281,-36.9728765056505
1586.0619241682,-36.9732649496876
1587.15802507749,-36.9736531784675
1588.25488348381,-36.9740411927603
1589.35249991067,-36.9744289933359
1590.4508748819,-36.9748165809633
1591.55000892173,-36.9752039564114
1592.64990255475,-36.9755911204483
1593.75055630588,-36.9759780738416
1594.85197070045,-36.9763648173585
1595.95414626411,-36.9767513517656
1597.05708352289,-36.977137677829
1598.1607830032,-36.9775237963143
1599.26524523178,-36.9779097079866
1600.37047073577,-36.9782954136106
1601.47646004264,-36.9786809139502
1602.58321368026,-36.979066209769
1603.69073217684,-36.9794513018302
1604.79901606095,-36.9798361908963
1605.90806586154,-36.9802208777293
1607.01788210794,-36.9806053630908
1608.1284653298,-36.980989647742
1609.23981605719,-36.9813737324433
1610.3519348205,-36.981757617955
1611.46482215052,-36.9821413050365
1612.57847857839,-36.982524794447
1613.69290463562,-36.9829080869451
1614.80810085408,-36.983291183289
1615.92406776603,-36.9836740842363
1617.04080590408,-36.9840567905441
1618.1583158012,-36.9844393029692
1619.27659799076,-36.9848216222679
1620.39565300645,-36.9852037491957
1621.51548138239,-36.985585684508
1622.63608365301,-36.9859674289595
1623.75746035315,-36.9863489833046
1624.879612018,-36.9867303482971
1626.00253918312,-36.9871115246904
1627.12624238446,-36.9874925132374
1628.25072215831,-36.9878733146905
1629.37597904136,-36.9882539298016
1630.50201357065,-36.9886343593224
1631.62882628359,-36.9890146040038
1632.75641771799,-36.9893946645964
1633.88478841199,-36.9897745418504
1635.01393890414,-36.9901542365154
1636.14386973334,-36.9905337493407
1637.27458143886,-36.9909130810751
1638.40607456037,-36.9912922324667
1639.53834963787,-36.9916712042636
1640.67140721177,-36.9920499972132
1641.80524782284,-36.9924286120623
1642.93987201222,-36.9928070495576
1644.07528032142,-36.9931853104451
1645.21147329236,-36.9935633954704
1646.34845146727,-36.9939413053789
1647.48621538882,-36.9943190409151
1648.62476560002,-36.9946966028235
1649.76410264425,-36.995073991848
1650.90422706529,-36.995451208732
1652.04513940727,-36.9958282542186
1653.18684021473,-36.9962051290503
1654.32933003254,-36.9965818339693
1655.47260940599,-36.9969583697173
1656.61667888072,-36.9973347370358
1657.76153900276,-36.9977109366655
1658.90719031851,-36.998086969347
1660.05363337475,-36.9984628358202
1661.20086871865,-36.9988385368249
1662.34889689773,-36.9992140731002
1663.49771845992,-36.999589445385
1664.6473339535,-36.9999646544176
1665.79774392715,-37.0003397009359
1666.94894892992,-37.0007145856777
1668.10094951125,-37.0010893093799
1669.25374622094,-37.0014638727794
1670.40733960919,-37.0018382766125
1671.56173022656,-37.0022125216151
1672.71691862401,-37.0025866085228
1673.87290535287,-37.0029605380707
1675.02969096485,-37.0033343109935
1676.18727601205,-37.0037079280255
1677.34566104695,-37.0040813899006
1678.5048466224,-37.0044546973525
1679.66483329164,-37.0048278511143
1680.8256216083,-37.0052008519187
1681.98721212638,-37.005573700498
1683.14960540027,-37.0059463975843
1684.31280198474,-37.0063189439091
1685.47680243495,-37.0066913402036
1686.64160730642,-37.0070635871987
1687.8072171551,-37.0074356856248
1688.97363253727,-37.0078076362119
1690.14085400963,-37.0081794396897
1691.30888212927,-37.0085510967875
1692.47771745363,-37.0089226082341
1693.64736054056,-37.0092939747583
1694.8178119483,-37.0096651970881
1695.98907223546,-37.0100362759513
1697.16114196105,-37.0104072120753
1698.33402168445,-37.0107780061872
1699.50771196544,-37.0111486590138
1700.68221336418,-37.0115191712812
1701.85752644123,-37.0118895437156
1703.03365175752,-37.0122597770424
1704.21058987437,-37.0126298719869
1705.3883413535,-37.0129998292741
1706.56690675701,-37.0133696496283
1707.74628664739,-37.0137393337739
1708.92648158752,-37.0141088824345
1710.10749214066,-37.0144782963337
1711.28931887047,-37.0148475761945
1712.471962341,-37.0152167227397
1713.65542311668,-37.0155857366917
1714.83970176234,-37.0159546187726
1716.0247988432,-37.0163233697041
1717.21071492485,-37.0166919902075
1718.39745057331,-37.0170604810038
1719.58500635496,-37.0174288428139
1720.77338283657,-37.0177970763579
1721.96258058533,-37.0181651823559
1723.15260016879,-37.0185331615276
1724.34344215491,-37.0189010145923
1725.53510711204,-37.019268742269
1726.72759560893,-37.0196363452763
1727.9209082147,-37.0200038243327
1729.11504549888,-37.0203711801561
1730.3100080314,-37.0207384134642
1731.50579638257,-37.0211055249743
1732.70241112311,-37.0214725154036
1733.8998528241,-37.0218393854686
1735.09812205706,-37.0222061358858
1736.29721939387,-37.0225727673712
1737.49714540683,-37.0229392806406
1738.69790066862,-37.0233056764095
1739.89948575232,-37.0236719553929
1741.10190123141,-37.0240381183056
1742.30514767975,-37.0244041658622
1743.50922567162,-37.0247700987767
1744.71413578168,-37.0251359177631
1745.91987858499,-37.025501623535
1747.12645465703,-37.0258672168055
1748.33386457363,-37.0262326982877
1749.54210891107,-37.0265980686941
1750.75118824599,-37.0269633287372
1751.96110315545,-37.0273284791289
1753.1718542169,-37.027693520581
1754.38344200819,-37.0280584538049
1755.59586710757,-37.0284232795119
1756.80913009368,-37.0287879984127
1758.02323154559,-37.0291526112178
1759.23817204273,-37.0295171186377
1760.45395216496,-37.0298815213822
1761.67057249253,-37.0302458201611
1762.8880336061,-37.0306100156836
1764.1063360867,-37.0309741086591
1765.32548051581,-37.0313380997962
1766.54546747527,-37.0317019898036
1767.76629754735,-37.0320657793895
1768.9879713147,-37.0324294692618
1770.2104893604,-37.0327930601284
1771.43385226789,-37.0331565526966
1772.65806062107,-37.0335199476736
1773.88311500419,-37.0338832457662
1775.10901600194,-37.0342464476812
1776.3357641994,-37.0346095541247
1777.56336018205,-37.0349725658029
1778.79180453578,-37.0353354834216
1780.02109784689,-37.0356983076863
1781.25124070208,-37.0360610393023
1782.48223368846,-37.0364236789745
1783.71407739353,-37.0367862274078
1784.94677240521,-37.0371486853066
1786.18031931183,-37.0375110533751
1787.41471870212,-37.0378733323172
1788.64997116521,-37.0382355228368
1789.88607729065,-37.0385976256372
1791.1230376684,-37.0389596414216
1792.3608528888,-37.039321570893
1793.59952354263,-37.039683414754
1794.83905022107,-37.0400451737072
1796.07943351569,-37.0404068484546
1797.32067401849,-37.0407684396983
1798.56277232188,-37.0411299481399
1799.80572901866,-37.041491374481
1801.04954470206,-37.0418527194226
1802.29421996571,-37.0422139836658
1803.53975540365,-37.0425751679114
1804.78615161032,-37.0429362728598
1806.0334091806,-37.0432972992113
1807.28152870976,-37.0436582476659
1808.53051079348,-37.0440191189234
1809.78035602787,-37.0443799136833
1811.03106500942,-37.0447406326451
1812.28263833507,-37.0451012765077
1813.53507660213,-37.0454618459701
1814.78838040837,-37.0458223417309
1816.04255035195,-37.0461827644884
1817.29758703142,-37.046543114941
1818.55349104579,-37.0469033937866
1819.81026299444,-37.047263601723
1821.06790347721,-37.0476237394475
1822.3264130943,-37.0479838076577
1823.58579244638,-37.0483438070505
1824.8460421345,-37.0487037383229
1826.10716276013,-37.0490636021715
1827.36915492517,-37.0494233992928
1828.63201923191,-37.049783130383
1829.89575628309,-37.0501427961382
1831.16036668184,-37.0505023972541
1832.42585103172,-37.0508619344264
1833.69220993671,-37.0512214083505
1834.95944400118,-37.0515808197217
1836.22755382995,-37.0519401692348
1837.49654002825,-37.0522994575848
1838.76640320172,-37.0526586854662
1840.03714395642,-37.0530178535734
1841.30876289883,-37.0533769626007
1842.58126063587,-37.053736013242
1843.85463777483,-37.0540950061911
1845.12889492348,-37.0544539421418
1846.40403268996,-37.0548128217874
1847.68005168285,-37.0551716458212
1848.95695251117,-37.0555304149362
1850.23473578432,-37.0558891298253
1851.51340211215,-37.0562477911812
1852.79295210493,-37.0566063996963
1854.07338637334,-37.0569649560631
1855.35470552849,-37.0573234609735
1856.63691018192,-37.0576819151196
1857.92000094556,-37.0580403191932
1859.20397843181,-37.0583986738858
1860.48884325345,-37.0587569798888
1861.77459602372,-37.0591152378935
1863.06123735625,-37.059473448591
1864.34876786513,-37.0598316126722
1865.63718816483,-37.0601897308277
1866.92649887029,-37.0605478037482
1868.21670059685,-37.060905832124
1869.50779396027,-37.0612638166454
1870.79977957676,-37.0616217580024
1872.09265806293,-37.0619796568849
1873.38643003584,-37.0623375139826
1874.68109611294,-37.0626953299852
1875.97665691216,-37.0630531055819
1877.2731130518,-37.0634108414622
1878.57046515064,-37.063768538315
1879.86871382784,-37.0641261968292
1881.16785970303,-37.0644838176938
1882.46790339623,-37.0648414015973
1883.76884552792,-37.0651989492282
1885.070686719,-37.0655564612748
1886.37342759078,-37.0659139384253
1887.67706876502,-37.0662713813677
1888.98161086391,-37.06662879079
1890.28705451005,-37.0669861673798
1891.5934003265,-37.0673435118248
1892.90064893673,-37.0677008248124
1894.20880096464,-37.0680581070299
1895.51785703457,-37.0684153591646
1896.8278177713,-37.0687725819034
1898.13868380001,-37.0691297759332
1899.45045574634,-37.0694869419409
1900.76313423636,-37.069844080613
1902.07671989656,-37.0702011926361
1903.39121335388,-37.0705582786965
1904.70661523567,-37.0709153394804
1906.02292616974,-37.071272375674
1907.34014678431,-37.0716293879632
1908.65827770805,-37.071986377034
1909.97731957006,-37.072343343572
1911.29727299988,-37.0727002882628
1912.61813862746,-37.0730572117919
1913.93991708323,-37.0734141148448
1915.26260899801,-37.0737709981066
1916.58621500308,-37.0741278622625
1917.91073573017,-37.0744847079974
1919.2361718114,-37.0748415359964
1920.56252387938,-37.0751983469441
1921.88979256713,-37.0755551415253
1923.2179785081,-37.0759119204244
1924.54708233619,-37.076268684326
1925.87710468574,-37.0766254339145
1927.20804619153,-37.0769821698739
1928.53990748877,-37.0773388928885
1929.87268921311,-37.0776956036423
1931.20639200064,-37.0780523028192
1932.54101648789,-37.0784089911031
1933.87656331184,-37.0787656691775
1935.2130331099,-37.0791223377263
1936.55042651992,-37.0794789974328
1937.88874418019,-37.0798356489806
1939.22798672944,-37.0801922930529
1940.56815480686,-37.080548930333
1941.90924905205,-37.0809055615041
1943.25127010508,-37.0812621872491
1944.59421860645,-37.081618808251
1945.9380951971,-37.0819754251929
1947.28290051842,-37.0823320387573
1948.62863521224,-37.082688649627
1949.97529992084,-37.0830452584846
1951.32289528693,-37.0834018660128
1952.67142195367,-37.0837584728938
1954.02088056467,-37.0841150798102
1955.37127176398,-37.0844716874441
1956.72259619609,-37.0848282964778
1958.07485450596,-37.0851849075935
1959.42804733896,-37.0855415214732
1960.78217534093,-37.0858981387988
1962.13723915815,-37.0862547602524
1963.49323943735,-37.0866113865157
1964.85017682569,-37.0869680182706
1966.2080519708,-37.0873246561986
1967.56686552075,-37.0876813009816
1968.92661812405,-37.088037953301
1970.28731042967,-37.0883946138383
1971.64894308702,-37.088751283275
1973.01151674596,-37.0891079622925
1974.3750320568,-37.0894646515721
1975.7394896703,-37.0898213517951
1977.10489023767,-37.0901780636426
1978.47123441057,-37.0905347877958
1979.83852284112,-37.0908915249358
1981.20675618186,-37.0912482757437
1982.57593508582,-37.0916050409003
1983.94606020645,-37.0919618210868
1985.31713219768,-37.0923186169838
1986.68915171386,-37.0926754292723
1988.06211940982,-37.093032258633
1989.43603594082,-37.0933891057467
1990.81090196259,-37.093745971294
1992.18671813131,-37.0941028559557
1993.56348510361,-37.0944597604123
1994.94120353658,-37.0948166853443
1996.31987408775,-37.0951736314324
1997.69949741511,-37.095530599357
1999.08007417711,-37.0958875897985
2000.46160503266,-37.0962446034373
2001.84409064111,-37.0966016409538
2003.22753166228,-37.0969587030284
2004.61192875643,-37.0973157903414
2005.9972825843,-37.097672903573
2007.38359380706,-37.0980300434036
2008.77086308636,-37.0983872105132
2010.15909108429,-37.0987444055821
2011.54827846341,-37.0991016292906
2012.93842588673,-37.0994588823186
2014.32953401772,-37.0998161653463
2015.7216035203,-37.100173479054
2017.11463505887,-37.1005308241215
2018.50862929828,-37.1008882012289
2019.90358690382,-37.1012456110564
2021.29950854127,-37.1016030542839
2022.69639487685,-37.1019605315914
2024.09424657726,-37.1023180436589
2025.49306430963,-37.1026755911665
2026.89284874157,-37.1030331747939
2028.29360054116,-37.1033907952214
2029.69532037692,-37.1037484531286
2031.09800891786,-37.1041061491957
2032.50166683342,-37.1044638841025
2033.90629479353,-37.104821658529
2035.31189346856,-37.105179473155
2036.71846352937,-37.1055373286606
2038.12600564726,-37.1058952257255
2039.53452049399,-37.1062531650298
2040.94400874182,-37.1066111472534
2042.35447106344,-37.1069691730761
2043.76590813201,-37.1073272431779
2045.17832062117,-37.1076853582387
2046.59170920502,-37.1080435189385
2048.00607455811,-37.1084017259572
2049.42141735548,-37.1087599799748
2050.83773827262,-37.1091182816711
2052.2550379855,-37.1094766317263
2053.67331717054,-37.1098350308201
2055.09257650464,-37.1101934796328
2056.51281666516,-37.1105519788442
2057.93403832994,-37.1109105291344
2059.35624217728,-37.1112691311835
2060.77942888595,-37.1116277856715
2062.20359913519,-37.1119864932784
2063.6287536047,-37.1123452546845
2065.05489297467,-37.1127040705698
2066.48201792574,-37.1130629416144
2067.91012913903,-37.1134218684986
2069.33922729613,-37.1137808519026
2070.7693130791,-37.1141398925066
2072.20038717048,-37.1144989909908
2073.63245025326,-37.1148581480355
2075.06550301093,-37.1152173643211
2076.49954612742,-37.1155766405278
2077.93458028716,-37.1159359773362
2079.37060617505,-37.1162953754266
2080.80762447645,-37.1166548354794
2082.24563587719,-37.1170143581753
2083.68464106361,-37.1173739441946
2085.12464072247,-37.117733594218
2086.56563554106,-37.118093308926
2088.00762620709,-37.1184530889994
2089.4506134088,-37.1188129351189
2090.89459783487,-37.1191728479652
2092.33958017445,-37.119532828219
2093.78556111721,-37.1198928765613
2095.23254135324,-37.1202529936729
2096.68052157315,-37.1206131802347
2098.12950246801,-37.1209734369278
2099.57948472937,-37.1213337644332
2101.03046904926,-37.121694163432
2102.48245612018,-37.1220546346053
2103.93544663512,-37.1224151786343
2105.38944128753,-37.1227757962004
2106.84444077137,-37.1231364879848
2108.30044578106,-37.1234972546689
2109.75745701149,-37.1238580969342
2111.21547515806,-37.1242190154622
2112.67450091661,-37.1245800109344
2114.13453498351,-37.1249410840326
2115.59557805556,-37.1253022354383
2117.05763083009,-37.1256634658334
2118.52069400487,-37.1260247758996
2119.98476827817,-37.126386166319
2121.44985434876,-37.1267476377735
2122.91595291587,-37.1271091909452
2124.38306467921,-37.1274708265161
2125.85119033899,-37.1278325451684
2127.3203305959,-37.1281943475846
2128.79048615111,-37.1285562344468
2130.26165770627,-37.1289182064376
2131.73384596352,-37.1292802642395
2133.20705162549,-37.129642408535
2134.68127539529,-37.1300046400069
2136.15651797653,-37.1303669593378
2137.63278007327,-37.1307293672107
2139.1100623901,-37.1310918643084
2140.58836563206,-37.1314544513141
2142.06769050471,-37.1318171289107
2143.54803771408,-37.1321798977815
2145.02940796668,-37.1325427586099
2146.51180196952,-37.1329057120791
2147.9952204301,-37.1332687588726
2149.47966405641,-37.133631899674
2150.96513355692,-37.133995135167
2152.4516296406,-37.1343584660354
2153.93915301689,-37.1347218929629
2155.42770439575,-37.1350854166336
2156.91728448761,-37.1354490377315
2158.4078940034,-37.1358127569408
2159.89953365453,-37.1361765749458
2161.39220415291,-37.1365404924307
2162.88590621094,-37.1369045100802
2164.38064054153,-37.1372686285787
2165.87640785805,-37.1376328486109
2167.37320887438,-37.1379971708618
2168.8710443049,-37.1383615960161
2170.36991486447,-37.1387261247589
2171.86982126846,-37.1390907577754
2173.37076423271,-37.1394554957508
2174.87274447358,-37.1398203393703
2176.37576270792,-37.1401852893197
2177.87981965305,-37.1405503462843
2179.38491602683,-37.1409155109501
2180.89105254757,-37.1412807840027
2182.39822993411,-37.1416461661281
2183.90644890577,-37.1420116580125
2185.41571018238,-37.1423772603421
2186.92601448425,-37.1427429738031
2188.4373625322,-37.1431087990821
2189.94975504756,-37.1434747368656
2191.46319275212,-37.1438407878404
2192.9776763682,-37.1442069526932
2194.49320661863,-37.1445732321111
2196.0097842267,-37.1449396267813
2197.52740991622,-37.1453061373908
2199.04608441152,-37.1456727646271
2200.5658084374,-37.1460395091778
2202.08658271918,-37.1464063717304
2203.60840798267,-37.1467733529728
2205.13128495418,-37.1471404535929
2206.65521436053,-37.1475076742787
2208.18019692905,-37.1478750157186
2209.70623338756,-37.1482424786008
2211.23332446438,-37.1486100636138
2212.76147088834,-37.1489777714463
2214.29067338877,-37.1493456027872
2215.82093269552,-37.1497135583252
2217.35224953892,-37.1500816387496
2218.88462464981,-37.1504498447495
2220.41805875956,-37.1508181770145
2221.95255260001,-37.1511866362339
2223.48810690353,-37.1515552230976
2225.02472240298,-37.1519239382953
2226.56239983174,-37.1522927825171
2228.1011399237,-37.1526617564533
2229.64094341324,-37.153030860794
2231.18181103526,-37.1534000962298
2232.72374352516,-37.1537694634513
2234.26674161885,-37.1541389631495
2235.81080605276,-37.1545085960151
2237.35593756381,-37.1548783627395
2238.90213688945,-37.1552482640139
2240.44940476762,-37.1556183005298
2241.99774193678,-37.1559884729789
2243.54714913591,-37.1563587820529
2245.09762710447,-37.1567292284438
2246.64917658247,-37.1570998128439
2248.2017983104,-37.1574705359454
2249.75549302928,-37.1578413984409
2251.31026148063,-37.1582124010231
2252.8661044065,-37.1585835443847
2254.42302254943,-37.158954829219
2255.98101665248,-37.159326256219
2257.54008745925,-37.1596978260782
2259.10023571381,-37.1600695394902
2260.66146216078,-37.1604413971487
2262.22376754528,-37.1608133997478
2263.78715261293,-37.1611855479814
2265.3516181099,-37.1615578425441
2266.91716478285,-37.1619302841302
2268.48379337896,-37.1623028734345
2270.05150464593,-37.1626756111519
2271.62029933198,-37.1630484979774
2273.19017818584,-37.1634215346064
2274.76114195675,-37.1637947217342
2276.33319139449,-37.1641680600567
2277.90632724935,-37.1645415502696
2279.48055027213,-37.164915193069
2281.05586121415,-37.1652889891511
2282.63226082725,-37.1656629392125
2284.2097498638,-37.1660370439497
2285.78832907668,-37.1664113040597
2287.3679992193,-37.1667857202395
2288.94876104557,-37.1671602931864
2290.53061530994,-37.1675350235978
2292.11356276737,-37.1679099121714
2293.69760417336,-37.1682849596052
2295.28274028391,-37.1686601665972
2296.86897185556,-37.1690355338458
2298.45629964535,-37.1694110620494
2300.04472441088,-37.1697867519069
2301.63424691023,-37.1701626041171
2303.22486790204,-37.1705386193792
2304.81658814545,-37.1709147983926
2306.40940840015,-37.171291141857
2308.00332942632,-37.171667650472
2309.59835198469,-37.1720443249378
2311.19447683652,-37.1724211659547
2312.79170474358,-37.1727981742231
2314.39003646817,-37.1731753504436
2315.98947277313,-37.1735526953174
2317.59001442181,-37.1739302095454
2319.19166217809,-37.1743078938292
2320.79441680639,-37.1746857488702
2322.39827907165,-37.1750637753704
2324.00324973933,-37.1754419740318
2325.60932957544,-37.1758203455568
2327.21651934651,-37.1761988906478
2328.82481981959,-37.1765776100077
2330.43423176226,-37.1769565043394
2332.04475594266,-37.1773355743463
2333.65639312942,-37.1777148207317
2335.26914409172,-37.1780942441994
2336.88300959929,-37.1784738454535
2338.49799042235,-37.1788536251979
2340.11408733169,-37.1792335841373
2341.73130109862,-37.1796137229764
2343.34963249498,-37.1799940424199
2344.96908229314,-37.1803745431733
2346.58965126601,-37.1807552259417
2348.21134018703,-37.181136091431
2349.83414983019,-37.1815171403471
2351.45808096999,-37.1818983733961
2353.08313438148,-37.1822797912846
2354.70931084025,-37.182661394719
2356.33661112241,-37.1830431844065
2357.96503600462,-37.1834251610541
2359.59458626407,-37.1838073253694
2361.2252626785,-37.1841896780601
2362.85706602616,-37.184572219834
2364.48999708587,-37.1849549513995
2366.12405663696,-37.1853378734651
2367.75924545932,-37.1857209867394
2369.39556433337,-37.1861042919315
2371.03301404007,-37.1864877897507
2372.67159536092,-37.1868714809066
2374.31130907795,-37.1872553661088
2375.95215597375,-37.1876394460676
2377.59413683143,-37.1880237214933
2379.23725243467,-37.1884081930964
2380.88150356766,-37.188792861588
2382.52689101516,-37.1891777276791
2384.17341556244,-37.1895627920812
2385.82107799533,-37.189948055506
2387.46987910022,-37.1903335186656
2389.11981966402,-37.1907191822721
2390.77090047419,-37.1911050470381
2392.42312231874,-37.1914911136765
2394.07648598621,-37.1918773829004
2395.7309922657,-37.1922638554232
2397.38664194685,-37.1926505319585
2399.04343581985,-37.1930374132203
2400.70137467543,-37.1934244999228
2402.36045930486,-37.1938117927807
2404.02069049997,-37.1941992925087
2405.68206905314,-37.1945869998219
2407.34459575728,-37.1949749154358
2409.00827140586,-37.195363040066
2410.6730967929,-37.1957513744285
2412.33907271297,-37.1961399192397
2414.00619996117,-37.196528675216
2415.67447933317,-37.1969176430744
2417.34391162519,-37.197306823532
2419.01449763398,-37.1976962173064
2420.68623815687,-37.1980858251152
2422.35913399172,-37.1984756476765
2424.03318593694,-37.1988656857089
2425.7083947915,-37.1992559399308
2427.38476135493,-37.1996464110613
2429.0622864273,-37.2000370998197
2430.74097080923,-37.2004280069255
2432.4208153019,-37.2008191330988
2434.10182070705,-37.2012104790596
2435.78398782696,-37.2016020455286
2437.46731746448,-37.2019938332265
2439.151810423,-37.2023858428745
2440.83746750647,-37.2027780751941
2442.5242895194,-37.203170530907
2444.21227726686,-37.2035632107353
2445.90143155446,-37.2039561154016
2447.59175318838,-37.2043492456283
2449.28324297536,-37.2047426021387
2450.97590172267,-37.2051361856561
2452.66973023819,-37.2055299969042
2454.3647293303,-37.205924036607
2456.06089980798,-37.2063183054888
2457.75824248075,-37.2067128042744
2459.4567581587,-37.2071075336886
2461.15644765247,-37.2075024944569
2462.85731177327,-37.2078976873048
2464.55935133285,-37.2082931129584
2466.26256714355,-37.2086887721439
2467.96696001826,-37.209084665588
2469.67253077041,-37.2094807940177
2471.37928021404,-37.2098771581603
2473.0872091637,-37.2102737587434
2474.79631843454,-37.210670596495
2476.50660884225,-37.2110676721435
2478.2180812031,-37.2114649864174
2479.93073633392,-37.2118625400458
2481.6445750521,-37.2122603337581
2483.3595981756,-37.2126583682839
2485.07580652294,-37.2130566443533
2486.7932009132,-37.2134551626966
2488.51178216606,-37.2138539240445
2490.23155110171,-37.2142529291282
2491.95250854096,-37.214652178679
2493.67465530515,-37.2150516734287
2495.39799221622,-37.2154514141094
2497.12252009664,-37.2158514014536
2498.84823976949,-37.2162516361942
2500.57515205838,-37.2166521190642
2502.30325778751,-37.2170528507972
2504.03255778166,-37.2174538321272
2505.76305286615,-37.2178550637883
2507.4947438669,-37.2182565465152
2509.22763161038,-37.2186582810428
2510.96171692364,-37.2190602681065
2512.6970006343,-37.2194625084419
2514.43348357056,-37.2198650027851
2516.17116656117,-37.2202677518726
2517.91005043549,-37.220670756441
2519.6501360234,-37.2210740172276
2521.39142415541,-37.2214775349699
2523.13391566257,-37.2218813104057
2524.87761137651,-37.2222853442733
2526.62251212944,-37.2226896373114
2528.36861875415,-37.223094190259
2530.11593208398,-37.2234990038553
2531.86445295287,-37.2239040788402
2533.61418219534,-37.2243094159539
2535.36512064646,-37.2247150159367
2537.11726914191,-37.2251208795296
2538.87062851793,-37.2255270074739
2540.62519961133,-37.2259334005111
2542.38098325951,-37.2263400593834
2544.13798030045,-37.2267469848331
2545.8961915727,-37.227154177603
2547.65561791541,-37.2275616384363
2549.41626016827,-37.2279693680765
2551.1781191716,-37.2283773672677
2552.94119576626,-37.2287856367541
2554.70549079371,-37.2291941772804
2556.471005096,-37.2296029895919
2558.23773951573,-37.230012074434
2560.00569489612,-37.2304214325525
2561.77487208095,-37.2308310646939
2563.54527191458,-37.2312409716047
2565.31689524198,-37.2316511540322
2567.08974290867,-37.2320616127237
2568.86381576078,-37.2324723484273
2570.63911464501,-37.232883361891
2572.41564040865,-37.2332946538637
2574.19339389958,-37.2337062250945
2575.97237596627,-37.2341180763328
2577.75258745774,-37.2345302083285
2579.53402922366,-37.2349426218319
2581.31670211422,-37.2353553175938
2583.10060698026,-37.2357682963653
2584.88574467315,-37.2361815588978
2586.67211604489,-37.2365951059434
2588.45972194806,-37.2370089382544
2590.24856323581,-37.2374230565835
2592.03864076191,-37.2378374616839
2593.82995538069,-37.2382521543093
2595.62250794709,-37.2386671352136
2597.41629931663,-37.2390824051512
2599.21133034543,-37.239497964877
2601.0076018902,-37.2399138151463
2602.80511480824,-37.2403299567147
2604.60386995744,-37.2407463903384
2606.40386819629,-37.2411631167738
2608.20511038385,-37.2415801367779
2610.00759737982,-37.2419974511081
2611.81133004444,-37.2424150605222
2613.61630923859,-37.2428329657784
2615.42253582372,-37.2432511676354
2617.23001066187,-37.2436696668523
2619.03873461571,-37.2440884641885
2620.84870854846,-37.244507560404
2622.65993332397,-37.2449269562593
2624.47240980668,-37.2453466525151
2626.28613886162,-37.2457666499326
2628.10112135442,-37.2461869492736
2629.91735815131,-37.2466075513002
2631.73485011912,-37.247028456775
2633.55359812528,-37.2474496664609
2635.37360303781,-37.2478711811213
2637.19486572535,-37.2482930015203
2639.01738705711,-37.248715128422
2640.84116790293,-37.2491375625914
2642.66620913324,-37.2495603047935
2644.49251161906,-37.249983355794
2646.32007623204,-37.2504067163592
2648.1489038444,-37.2508303872554
2649.97899532898,-37.2512543692498
2651.81035155922,-37.2516786631098
2653.64297340917,-37.2521032696032
2655.47686175348,-37.2525281894986
2657.3120174674,-37.2529534235646
2659.14844142679,-37.2533789725706
2660.9861345081,-37.2538048372863
2662.82509758842,-37.2542310184818
2664.66533154541,-37.2546575169279
2666.50683725736,-37.2550843333956
2668.34961560315,-37.2555114686565
2670.19366746229,-37.2559389234827
2672.03899371487,-37.2563666986465
2673.88559524161,-37.2567947949211
2675.73347292382,-37.2572232130797
2677.58262764344,-37.2576519538963
2679.43306028301,-37.2580810181453
2681.28477172568,-37.2585104066015
2683.1377628552,-37.2589401200401
2684.99203455594,-37.2593701592369
2686.84758771289,-37.2598005249683
2688.70442321165,-37.2602312180108
2690.5625419384,-37.2606622391417
2692.42194477998,-37.2610935891386
2694.28263262381,-37.2615252687796
2696.14460635794,-37.2619572788435
2698.00786687102,-37.2623896201092
2699.87241505233,-37.2628222933564
2701.73825179175,-37.2632552993651
2703.60537797978,-37.2636886389158
2705.47379450754,-37.2641223127896
2707.34350226676,-37.264556321768
2709.21450214978,-37.2649906666329
2711.08679504959,-37.2654253481669
2712.96038185975,-37.2658603671528
2714.83526347446,-37.2662957243743
2716.71144078855,-37.2667314206151
2718.58891469745,-37.2671674566597
2720.46768609722,-37.2676038332931
2722.34775588452,-37.2680405513006
2724.22912495666,-37.2684776114683
2726.11179421155,-37.2689150145824
2727.99576454772,-37.26935276143
2729.88103686432,-37.2697908527983
2731.76761206115,-37.2702292894754
2733.65549103858,-37.2706680722496
2735.54467469765,-37.2711072019097
2737.43516394,-37.2715466792453
2739.32695966789,-37.2719865050463
2741.22006278422,-37.2724266801029
2743.1144741925,-37.2728672052062
2745.01019479687,-37.2733080811476
2746.90722550209,-37.273749308719
2748.80556721355,-37.2741908887129
2750.70522083726,-37.2746328219221
2752.60618727988,-37.2750751091402
2754.50846744865,-37.2755177511611
2756.41206225148,-37.2759607487794
2758.31697259689,-37.27640410279
2760.22319939403,-37.2768478139884
2762.13074355268,-37.2772918831706
2764.03960598324,-37.2777363111333
2765.94978759675,-37.2781810986735
2767.86128930487,-37.2786262465888
2769.7741120199,-37.2790717556772
2771.68825665477,-37.2795176267374
2773.60372412302,-37.2799638605686
2775.52051533886,-37.2804104579705
2777.4386312171,-37.2808574197431
2779.35807267319,-37.2813047466874
2781.27884062321,-37.2817524396045
2783.20093598389,-37.2822004992962
2785.12435967258,-37.2826489265648
2787.04911260725,-37.2830977222132
2788.97519570654,-37.2835468870447
2790.9026098897,-37.2839964218633
2792.8313560766,-37.2844463274734
2794.76143518779,-37.28489660468
2796.69284814442,-37.2853472542886
2798.62559586829,-37.2857982771052
2800.55967928184,-37.2862496739364
2802.49509930814,-37.2867014455894
2804.43185687089,-37.2871535928719
2806.36995289446,-37.2876061165919
2808.30938830382,-37.2880590175584
2810.2501640246,-37.2885122965806
2812.19228098308,-37.2889659544683
2814.13574010615,-37.2894199920319
2816.08054232137,-37.2898744100825
2818.02668855692,-37.2903292094313
2819.97417974163,-37.2907843908905
2821.92301680498,-37.2912399552727
2823.87320067708,-37.291695903391
2825.82473228869,-37.2921522360591
2827.77761257121,-37.2926089540912
2829.73184245667,-37.2930660583021
2831.68742287777,-37.2935235495071
2833.64435476785,-37.2939814285223
2835.60263906088,-37.294439696164
2837.56227669148,-37.2948983532492
2839.52326859491,-37.2953574005956
2841.48561570711,-37.2958168390213
2843.44931896463,-37.296276669345
2845.41437930467,-37.2967368923859
2847.3807976651,-37.297197508964
2849.34857498442,-37.2976585198996
2851.31771220178,-37.2981199260136
2853.28821025699,-37.2985817281276
2855.2600700905,-37.2990439270638
2857.23329264342,-37.2995065236447
2859.20787885748,-37.2999695186937
2861.18382967511,-37.3004329130345
2863.16114603935,-37.3008967074915
2865.1398288939,-37.3013609028897
2867.11987918314,-37.3018255000547
2869.10129785206,-37.3022904998125
2871.08408584634,-37.3027559029898
2873.06824411228,-37.3032217104139
2875.05377359687,-37.3036879229127
2877.04067524773,-37.3041545413145
2879.02895001314,-37.3046215664485
2881.01859884204,-37.3050889991441
2883.00962268402,-37.3055568402316
2885.00202248932,-37.3060250905417
2886.99579920886,-37.3064937509058
2888.9909537942,-37.3069628221558
2890.98748719755,-37.3074323051242
2892.98540037179,-37.3079022006441
2894.98469427047,-37.3083725095493
2896.98536984777,-37.308843232674
2898.98742805855,-37.3093143708531
2900.99086985832,-37.3097859249221
2902.99569620327,-37.310257895717
2905.00190805023,-37.3107302840746
2907.00950635669,-37.3112030908321
2909.01849208082,-37.3116763168273
2911.02886618142,-37.3121499628988
2913.040629618,-37.3126240298855
2915.0537833507,-37.3130985186272
2917.06832834031,-37.313573429964
2919.08426554833,-37.3140487647369
2921.10159593689,-37.3145245237874
2923.12032046879,-37.3150007079574
2925.14044010751,-37.3154773180898
2927.16195581717,-37.3159543550277
2929.18486856258,-37.3164318196151
2931.20917930921,-37.3169097126964
2933.23488902318,-37.3173880351168
2935.26199867132,-37.317866787722
2937.29050922108,-37.3183459713584
2939.3204216406,-37.3188255868729
2941.3517368987,-37.319305635113
2943.38445596486,-37.319786116927
2945.41857980921,-37.3202670331636
2947.45410940258,-37.3207483846723
2949.49104571647,-37.3212301723031
2951.52938972302,-37.3217123969066
2953.56914239508,-37.3221950593341
2955.61030470614,-37.3226781604375
2957.6528776304,-37.3231617010694
2959.69686214269,-37.3236456820828
2961.74225921854,-37.3241301043316
2963.78906983416,-37.3246149686701
2965.83729496641,-37.3251002759534
2967.88693559284,-37.3255860270371
2969.93799269169,-37.3260722227775
2971.99046724184,-37.3265588640314
2974.04436022288,-37.3270459516565
2976.09967261506,-37.3275334865109
2978.15640539931,-37.3280214694533
2980.21455955724,-37.3285099013434
2982.27413607114,-37.328998783041
2984.33513592398,-37.329488115407
2986.3975600994,-37.3299778993026
2988.46140958172,-37.3304681355899
2990.52668535595,-37.3309588251315
2992.59338840778,-37.3314499687906
2994.66151972358,-37.3319415674312
2996.7310802904,-37.3324336219178
2998.80207109596,-37.3329261331156
3000.87449312868,-37.3334191018904
3002.94834737766,-37.3339125291088
3005.02363483268,-37.3344064156378
3007.1003564842,-37.3349007623452
3009.17851332338,-37.3353955700995
3011.25810634204,-37.3358908397698
3013.33913653271,-37.3363865722257
3015.4216048886,-37.3368827683376
3017.50551240358,-37.3373794289767
3019.59086007226,-37.3378765550145
3021.67764888988,-37.3383741473234
3023.7658798524,-37.3388722067764
3025.85555395647,-37.3393707342471
3027.94667219942,-37.3398697306099
3030.03923557926,-37.3403691967398
3032.13324509471,-37.3408691335123
3034.22870174517,-37.3413695418038
3036.32560653072,-37.3418704224912
3038.42396045216,-37.3423717764521
3040.52376451095,-37.3428736045649
3042.62501970926,-37.3433759077084
3044.72772704994,-37.3438786867623
3046.83188753656,-37.3443819426068
3048.93750217334,-37.344885676123
3051.04457196525,-37.3453898881923
3053.15309791789,-37.3458945796972
3055.26308103761,-37.3463997515205
3057.37452233144,-37.3469054045459
3059.48742280707,-37.3474115396577
3061.60178347295,-37.3479181577409
3063.71760533817,-37.3484252596811
3065.83488941254,-37.3489328463646
3067.95363670659,-37.3494409186785
3070.0738482315,-37.3499494775105
3072.1955249992,-37.3504585237489
3074.31866802228,-37.3509680582827
3076.44327831404,-37.3514780820017
3078.5693568885,-37.3519885957963
3080.69690476036,-37.3524996005576
3082.82592294502,-37.3530110971773
3084.95641245859,-37.353523086548
3087.08837431789,-37.3540355695627
3089.22180954043,-37.3545485471153
3091.35671914442,-37.3550620201003
3093.49310414879,-37.3555759894129
3095.63096557316,-37.3560904559491
3097.77030443786,-37.3566054206053
3099.91112176392,-37.357120884279
3102.05341857308,-37.3576368478681
3104.1971958878,-37.3581533122712
3106.34245473121,-37.3586702783877
3108.48919612719,-37.3591877471177
3110.6374211003,-37.359705719362
3112.78713067581,-37.360224196022
3114.93832587971,-37.3607431779998
3117.09100773869,-37.3612626661983
3119.24517728015,-37.3617826615212
3121.40083553222,-37.3623031648725
3123.5579835237,-37.3628241771574
3125.71662228413,-37.3633456992814
3127.87675284377,-37.363867732151
3130.03837623356,-37.3643902766732
3132.20149348517,-37.3649133337557
3134.366105631,-37.3654369043072
3136.53221370413,-37.3659609892368
3138.69981873838,-37.3664855894544
3140.86892176827,-37.3670107058707
3143.03952382904,-37.3675363393969
3145.21162595665,-37.3680624909451
3147.38522918776,-37.3685891614281
3149.56033455977,-37.3691163517594
3151.73694311078,-37.3696440628531
3153.91505587961,-37.3701722956242
3156.0946739058,-37.3707010509882
3158.27579822961,-37.3712303298616
3160.45842989202,-37.3717601331613
3162.64256993472,-37.3722904618053
3164.82821940013,-37.3728213167119
3167.01537933138,-37.3733526988004
3169.20405077234,-37.3738846089908
3171.39423476758,-37.3744170482037
3173.58593236241,-37.3749500173606
3175.77914460284,-37.3754835173835
3177.97387253563,-37.3760175491953
3180.17011720824,-37.3765521137196
3182.36787966887,-37.3770872118808
3184.56716096643,-37.3776228446038
3186.76796215057,-37.3781590128144
3188.97028427166,-37.3786957174392
3191.17412838078,-37.3792329594053
3193.37949552977,-37.3797707396408
3195.58638677117,-37.3803090590743
3197.79480315824,-37.3808479186353
3200.00474574501,-37.381387319254
3202.21621558619,-37.3819272618612
3204.42921373724,-37.3824677473887
3206.64374125437,-37.3830087767688
3208.85979919448,-37.3835503509347
3211.07738861522,-37.3840924708202
3213.29651057498,-37.38463513736
3215.51716613287,-37.3851783514894
3217.73935634873,-37.3857221141445
3219.96308228314,-37.3862664262622
3222.1883449974,-37.38681128878
3224.41514555357,-37.3873567026364
3226.64348501442,-37.3879026687704
3228.87336444345,-37.3884491881218
3231.10478490492,-37.3889962616312
3233.33774746381,-37.38954389024
3235.57225318583,-37.3900920748903
3237.80830313744,-37.3906408165249
3240.04589838583,-37.3911901160874
3242.28503999893,-37.3917399745221
3244.52572904541,-37.3922903927742
3246.76796659467,-37.3928413717895
3249.01175371686,-37.3933929125146
3251.25709148285,-37.393945015897
3253.50398096428,-37.3944976828847
3255.75242323351,-37.3950509144267
3258.00241936364,-37.3956047114726
3260.25397042852,-37.3961590749728
3262.50707750275,-37.3967140058785
3264.76174166165,-37.3972695051416
3267.01796398129,-37.3978255737149
3269.27574553851,-37.3983822125519
3271.53508741085,-37.3989394226067
3273.79599067663,-37.3994972048343
3276.0584564149,-37.4000555601907
3278.32248570547,-37.4006144896322
3280.58807962886,-37.4011739941162
3282.85523926639,-37.4017340746008
3285.12396570007,-37.4022947320448
3287.39426001271,-37.4028559674079
3289.66612328784,-37.4034177816504
3291.93955660973,-37.4039801757336
3294.21456106344,-37.4045431506194
3296.49113773472,-37.4051067072704
3298.76928771013,-37.4056708466503
3301.04901207694,-37.4062355697233
3303.33031192319,-37.4068008774544
3305.61318833766,-37.4073667708095
3307.89764240991,-37.4079332507551
3310.18367523021,-37.4085003182588
3312.47128788962,-37.4090679742886
3314.76048147994,-37.4096362198136
3317.05125709372,-37.4102050558034
3319.34361582427,-37.4107744832287
3321.63755876566,-37.4113445030606
3323.9330870127,-37.4119151162714
3326.23020166099,-37.4124863238339
3328.52890380684,-37.4130581267218
3330.82919454736,-37.4136305259095
3333.13107498041,-37.4142035223724
3335.43454620457,-37.4147771170864
3337.73960931923,-37.4153513110283
3340.04626542452,-37.4159261051759
3342.35451562132,-37.4165015005076
3344.66436101129,-37.4170774980024
3346.97580269683,-37.4176540986406
3349.28884178112,-37.4182313034028
3351.6034793681,-37.4188091132707
3353.91971656246,-37.4193875292267
3356.23755446966,-37.4199665522539
3358.55699419593,-37.4205461833364
3360.87803684827,-37.421126423459
3363.20068353442,-37.4217072736072
3365.52493536291,-37.4222887347675
3367.85079344302,-37.422870807927
3370.17825888482,-37.4234534940738
3372.50733279911,-37.4240367941967
3374.83801629749,-37.4246207092852
3377.17031049231,-37.4252052403299
3379.50421649671,-37.4257903883219
3381.83973542456,-37.4263761542532
3384.17686839055,-37.4269625391168
3386.5156165101,-37.4275495439062
3388.85598089942,-37.4281371696159
3391.19796267549,-37.4287254172411
3393.54156295605,-37.429314287778
3395.88678285963,-37.4299037822235
3398.23362350552,-37.4304939015752
3400.58208601379,-37.4310846468316
3402.93217150528,-37.4316760189922
3405.28388110161,-37.432268019057
3407.63721592517,-37.432860648027
3409.99217709912,-37.433453906904
3412.34876574742,-37.4340477966906
3414.70698299478,-37.4346423183901
3417.06682996669,-37.435237473007
3419.42830778944,-37.4358332615461
3421.79141759008,-37.4364296850134
3424.15616049643,-37.4370267444155
3426.52253763712,-37.4376244407601
3428.89055014154,-37.4382227750554
3431.26019913985,-37.4388217483105
3433.63148576301,-37.4394213615356
3436.00441114276,-37.4400216157414
3438.37897641161,-37.4406225119395
3440.75518270286,-37.4412240511424
3443.1330311506,-37.4418262343635
3445.5125228897,-37.4424290626168
3447.8936590558,-37.4430325369173
3450.27644078534,-37.4436366582808
3452.66086921554,-37.4442414277239
3455.04694548441,-37.4448468462641
3457.43467073074,-37.4454529149196
3459.82404609411,-37.4460596347095
3462.2150727149,-37.4466670066539
3464.60775173426,-37.4472750317734
3467.00208429413,-37.4478837110896
3469.39807153725,-37.4484930456252
3471.79571460714,-37.4491030364032
3474.19501464812,-37.449713684448
3476.59597280529,-37.4503249907843
3478.99859022454,-37.4509369564381
3481.40286805257,-37.4515495824359
3483.80880743686,-37.4521628698053
3486.21640952568,-37.4527768195746
3488.6256754681,-37.4533914327729
3491.03660641397,-37.4540067104302
3493.44920351396,-37.4546226535775
3495.86346791952,-37.4552392632464
3498.27940078289,-37.4558565404694
3500.69700325712,-37.4564744862799
3503.11627649604,-37.4570931017122
3505.5372216543,-37.4577123878013
3507.95983988733,-37.4583323455832
3510.38413235137,-37.4589529760946
3512.81010020344,-37.4595742803732
3515.23774460138,-37.4601962594575
3517.66706670382,-37.4608189143866
3520.0980676702,-37.461442246201
3522.53074866075,-37.4620662559414
3524.96511083651,-37.4626909446499
3527.40115535932,-37.4633163133692
3529.83888339182,-37.4639423631428
3532.27829609745,-37.4645690950152
3534.71939464046,-37.4651965100317
3537.16218018591,-37.4658246092384
3539.60665389966,-37.4664533936824
3542.05281694837,-37.4670828644114
3544.50067049951,-37.4677130224743
3546.95021572137,-37.4683438689206
3549.40145378302,-37.4689754048007
3551.85438585436,-37.4696076311659
3554.3090131061,-37.4702405490685
3556.76533670973,-37.4708741595613
3559.22335783759,-37.4715084636983
3561.6830776628,-37.4721434625343
3564.14449735931,-37.4727791571248
3566.60761810186,-37.4734155485263
3569.07244106603,-37.4740526377961
3571.53896742819,-37.4746904259925
3574.00719836552,-37.4753289141744
3576.47713505604,-37.4759681034019
3578.94877867856,-37.4766079947357
3581.42213041271,-37.4772485892375
3583.89719143894,-37.4778898879698
3586.37396293851,-37.478531891996
3588.8524460935,-37.4791746023804
3591.33264208682,-37.4798180201881
3593.81455210216,-37.4804621464852
3596.29817732408,-37.4811069823384
3598.7835189379,-37.4817525288156
3601.27057812981,-37.4823987869854
3603.7593560868,-37.4830457579173
3606.24985399667,-37.4836934426816
3608.74207304806,-37.4843418423495
3611.23601443041,-37.4849909579933
3613.73167933401,-37.4856407906859
3616.22906894995,-37.4862913415011
3618.72818447014,-37.4869426115137
3621.22902708733,-37.4875946017994
3623.7315979951,-37.4882473134346
3626.23589838782,-37.4889007474966
3628.74192946073,-37.4895549050638
3631.24969240986,-37.4902097872153
3633.75918843209,-37.4908653950312
3636.27041872512,-37.4915217295921
3638.78338448746,-37.4921787919801
3641.29808691847,-37.4928365832777
3643.81452721834,-37.4934951045684
3646.33270658808,-37.4941543569366
3648.85262622952,-37.4948143414678
3651.37428734535,-37.495475059248
3653.89769113907,-37.4961365113643
3656.42283881501,-37.4967986989048
3658.94973157834,-37.4974616229581
3661.47837063506,-37.4981252846141
3664.008757192,-37.4987896849633
3666.54089245684,-37.4994548250972
3669.07477763808,-37.5001207061083
3671.61041394504,-37.5007873290898
3674.14780258792,-37.5014546951358
3676.68694477772,-37.5021228053415
3679.22784172627,-37.5027916608026
3681.77049464628,-37.5034612626162
3684.31490475126,-37.5041316118798
3686.86107325558,-37.5048027096921
3689.40900137442,-37.5054745571525
3691.95869032384,-37.5061471553616
3694.51014132072,-37.5068205054205
3697.06335558277,-37.5074946084314
3699.61833432856,-37.5081694654973
3702.17507877749,-37.5088450777224
3704.73359014982,-37.5095214462113
3707.29386966663,-37.5101985720698
3709.85591854985,-37.5108764564047
3712.41973802228,-37.5115551003233
3714.98532930753,-37.5122345049342
3717.55269363007,-37.5129146713466
3720.12183221522,-37.5135956006709
3722.69274628915,-37.5142772940181
3725.26543707885,-37.5149597525002
3727.8399058122,-37.5156429772301
3730.4161537179,-37.5163269693217
3732.99418202551,-37.5170117298897
3735.57399196542,-37.5176972600497
3738.1555847689,-37.5183835609181
3740.73896166806,-37.5190706336125
3743.32412389586,-37.519758479251
3745.91107268609,-37.520447098953
3748.49980927344,-37.5211364938385
3751.09033489341,-37.5218266650286
3753.68265078237,-37.5225176136451
3756.27675817756,-37.523209340811
3758.87265831705,-37.5239018476498
3761.47035243977,-37.5245951352862
3764.06984178552,-37.5252892048457
3766.67112759494,-37.5259840574548
3769.27421110955,-37.5266796942409
3771.87909357171,-37.527376116332
3774.48577622463,-37.5280733248575
3777.09426031241,-37.5287713209472
3779.70454707998,-37.5294701057322
3782.31663777314,-37.5301696803444
3784.93053363857,-37.5308700459164
3787.54623592377,-37.5315712035821
3790.16374587714,-37.5322731544758
3792.78306474793,-37.5329758997332
3795.40419378624,-37.5336794404905
3798.02713424307,-37.5343837778852
3800.65188737024,-37.5350889130554
3803.27845442047,-37.5357948471402
3805.90683664732,-37.5365015812797
3808.53703530524,-37.5372091166147
3811.16905164953,-37.5379174542871
3813.80288693635,-37.5386265954397
3816.43854242277,-37.5393365412161
3819.07601936667,-37.5400472927609
3821.71531902684,-37.5407588512196
3824.35644266294,-37.5414712177385
3826.99939153548,-37.542184393465
3829.64416690584,-37.5428983795472
3832.2907700363,-37.5436131771343
3834.93920218998,-37.5443287873764
3837.5894646309,-37.5450452114243
3840.24155862393,-37.5457624504299
3842.89548543483,-37.546480505546
3845.55124633023,-37.5471993779262
3848.20884257764,-37.5479190687252
3850.86827544543,-37.5486395790985
3853.52954620286,-37.5493609102024
3856.19265612007,-37.5500830631944
3858.85760646808,-37.5508060392326
3861.52439851877,-37.5515298394762
3864.1930335449,-37.5522544650853
3866.86351282014,-37.5529799172209
3869.53583761902,-37.5537061970448
3872.21000921693,-37.55443330572
3874.88602889018,-37.55516124441
3877.56389791593,-37.5558900142796
3880.24361757225,-37.5566196164944
3882.92518913808,-37.5573500522207
3885.60861389323,-37.558081322626
3888.29389311842,-37.5588134288786
3890.98102809524,-37.5595463721477
3893.67002010617,-37.5602801536034
3896.36087043457,-37.5610147744169
3899.05358036469,-37.5617502357599
3901.74815118169,-37.5624865388056
3904.44458417157,-37.5632236847275
3907.14288062127,-37.5639616747005
3909.84304181858,-37.5647005099002
3912.5450690522,-37.5654401915031
3915.24896361173,-37.5661807206867
3917.95472678763,-37.5669220986293
3920.66235987127,-37.5676643265103
3923.37186415493,-37.5684074055099
3926.08324093174,-37.5691513368092
3928.79649149577,-37.5698961215902
3931.51161714195,-37.5706417610359
3934.22861916612,-37.5713882563303
3936.94749886503,-37.572135608658
3939.66825753629,-37.5728838192048
3942.39089647842,-37.5736328891573
3945.11541699087,-37.5743828197032
3947.84182037394,-37.5751336120307
3950.57010792886,-37.5758852673294
3953.30028095775,-37.5766377867895
3956.03234076363,-37.5773911716022
3958.76628865042,-37.5781454229597
3961.50212592293,-37.578900542055
3964.2398538869,-37.579656530082
3966.97947384894,-37.5804133882358
3969.72098711659,-37.581171117712
3972.46439499827,-37.5819297197073
3975.20969880333,-37.5826891954195
3977.95689984201,-37.583449546047
3980.70599942544,-37.5842107727894
3983.45699886569,-37.5849728768469
3986.20989947571,-37.585735859421
3988.96470256937,-37.5864997217138
3991.72140946144,-37.5872644649285
3994.48002146761,-37.588030090269
3997.24053990448,-37.5887965989405
4000.00296608953,-37.5895639921486
4002.76730134119,-37.5903322711004
4005.53354697878,-37.5911014370034
4008.30170432253,-37.5918714910663
4011.0717746936,-37.5926424344986
4013.84375941404,-37.5934142685108
4016.61765980683,-37.5941869943143
4019.39347719586,-37.5949606131214
4022.17121290593,-37.5957351261452
4024.95086826276,-37.5965105345999
4027.73244459299,-37.5972868397006
4030.51594322418,-37.5980640426631
4033.30136548478,-37.5988421447044
4036.08871270419,-37.5996211470422
4038.87798621272,-37.6004010508952
4041.66918734159,-37.6011818574831
4044.46231742295,-37.6019635680262
4047.25737778987,-37.6027461837462
4050.05436977633,-37.6035297058653
4052.85329471724,-37.6043141356068
4055.65415394844,-37.6050994741948
4058.45694880667,-37.6058857228545
4061.26168062963,-37.6066728828118
4064.06835075592,-37.6074609552936
4066.87696052506,-37.6082499415279
4069.68751127751,-37.6090398427432
4072.50000435464,-37.6098306601693
4075.31444109878,-37.6106223950366
4078.13082285315,-37.6114150485768
4080.94915096192,-37.6122086220221
4083.76942677018,-37.6130031166058
4086.59165162395,-37.6137985335621
4089.4158268702,-37.6145948741261
4092.24195385679,-37.6153921395339
4095.07003393254,-37.6161903310224
4097.90006844721,-37.6169894498293
4100.73205875147,-37.6177894971934
4103.56600619694,-37.6185904743544
4106.40191213616,-37.6193923825529
4109.23977792262,-37.6201952230302
4112.07960491073,-37.6209989970287
4114.92139445585,-37.6218037057918
4117.76514791427,-37.6226093505635
4120.61086664321,-37.6234159325891
4123.45855200085,-37.6242234531143
4126.30820534628,-37.6250319133863
4129.15982803955,-37.6258413146526
4132.01342144164,-37.6266516581621
4134.86898691448,-37.6274629451643
4137.72652582093,-37.6282751769098
4140.5860395248,-37.6290883546499
4143.44752939084,-37.6299024796369
4146.31099678474,-37.6307175531241
4149.17644307313,-37.6315335763656
4152.04386962361,-37.6323505506163
4154.91327780469,-37.6331684771322
4157.78466898584,-37.6339873571701
4160.65804453749,-37.6348071919877
4163.533405831,-37.6356279828435
4166.41075423868,-37.6364497309971
4169.29009113379,-37.6372724377089
4172.17141789055,-37.6380961042402
4175.05473588412,-37.6389207318531
4177.9400464906,-37.6397463218108
4180.82735108705,-37.6405728753771
4183.7166510515,-37.6414003938171
4186.6079477629,-37.6422288783963
4189.50124260118,-37.6430583303816
4192.3965369472,-37.6438887510404
4195.2938321828,-37.6447201416412
4198.19312969075,-37.6455525034533
4201.09443085478,-37.6463858377469
4203.99773705961,-37.6472201457932
4206.90304969086,-37.6480554288641
4209.81037013516,-37.6488916882324
4212.71969978007,-37.6497289251721
4215.63104001411,-37.6505671409577
4218.54439222677,-37.6514063368648
4221.45975780849,-37.6522465141698
4224.37713815068,-37.65308767415
4227.29653464571,-37.6539298180836
4230.2179486869,-37.6547729472498
4233.14138166854,-37.6556170629283
4236.06683498591,-37.6564621664002
4238.9943100352,-37.657308258947
4241.92380821362,-37.6581553418514
4244.8553309193,-37.659003416397
4247.78887955137,-37.659852483868
4250.72445550991,-37.6607025455496
4253.66206019598,-37.6615536027281
4256.60169501158,-37.6624056566903
4259.54336135972,-37.6632587087241
4262.48706064434,-37.6641127601182
4265.43279427038,-37.6649678121624
4268.38056364375,-37.6658238661469
4271.33037017129,-37.6666809233633
4274.28221526087,-37.6675389851036
4277.23610032129,-37.668398052661
4280.19202676235,-37.6692581273295
4283.14999599482,-37.6701192104038
4286.11000943042,-37.6709813031797
4289.07206848187,-37.6718444069536
4292.03617456287,-37.6727085230231
4295.00232908809,-37.6735736526863
4297.97053347316,-37.6744397972425
4300.94078913472,-37.6753069579916
4303.91309749036,-37.6761751362345
4306.88745995867,-37.6770443332729
4309.86387795921,-37.6779145504093
4312.84235291253,-37.6787857889473
4315.82288624015,-37.6796580501911
4318.80547936458,-37.6805313354459
4321.79013370931,-37.6814056460176
4324.77685069881,-37.6822809832131
4327.76563175855,-37.6831573483402
4330.75647831496,-37.6840347427072
4333.74939179549,-37.6849131676238
4336.74437362854,-37.6857926244
4339.74142524353,-37.6866731143471
4342.74054807083,-37.6875546387769
4345.74174354184,-37.6884371990022
4348.74501308892,-37.6893207963366
4351.75035814542,-37.6902054320947
4354.75778014571,-37.6910911075917
4357.76728052512,-37.6919778241438
4360.77886071999,-37.692865583068
4363.79252216764,-37.693754385682
4366.80826630638,-37.6946442333046
4369.82609457554,-37.6955351272552
4372.84600841542,-37.6964270688542
4375.86800926733,-37.6973200594228
4378.89209857355,-37.6982141002828
4381.9182777774,-37.6991091927571
4384.94654832315,-37.7000053381694
4387.97691165611,-37.7009025378441
4391.00936922257,-37.7018007931066
4394.04392246981,-37.7027001052829
4397.08057284612,-37.7036004756999
4400.11932180079,-37.7045019056855
4403.16017078412,-37.7054043965682
4406.20312124741,-37.7063079496774
4409.24817464294,-37.7072125663433
4412.29533242402,-37.708118247897
4415.34459604496,-37.7090249956702
4418.39596696107,-37.7099328109956
4421.44944662866,-37.7108416952067
4424.50503650506,-37.7117516496377
4427.56273804859,-37.7126626756237
4430.6225527186,-37.7135747745007
4433.68448197543,-37.7144879476051
4436.74852728044,-37.7154021962746
4439.81469009599,-37.7163175218475
4442.88297188545,-37.7172339256627
4445.95337411323,-37.7181514090602
4449.0258982447,-37.7190699733806
4452.1005457463,-37.7199896199655
4455.17731808544,-37.720910350157
4458.25621673056,-37.7218321652982
4461.33724315112,-37.722755066733
4464.42039881758,-37.7236790558059
4467.50568520144,-37.7246041338624
4470.5931037752,-37.7255303022486
4473.68265601238,-37.7264575623116
4476.77434338751,-37.727385915399
4479.86816737615,-37.7283153628595
4482.96412945489,-37.7292459060422
4486.06223110132,-37.7301775462973
4489.16247379407,-37.7311102849756
4492.26485901276,-37.7320441234288
4495.36938823808,-37.7329790630091
4498.47606295169,-37.7339151050698
4501.58488463632,-37.7348522509648
4504.6958547757,-37.7357905020487
4507.80897485459,-37.7367298596771
4510.92424635878,-37.737670325206
4514.04167077508,-37.7386118999924
4517.16124959134,-37.7395545853941
4520.28298429642,-37.7404983827694
4523.40687638023,-37.7414432934777
4526.53292733368,-37.7423893188787
4529.66113864875,-37.7433364603334
4532.79151181842,-37.744284719203
4535.92404833671,-37.7452340968497
4539.05874969867,-37.7461845946366
4542.1956174004,-37.7471362139272
4545.33465293901,-37.748088956086
4548.47585781267,-37.749042822478
4551.61923352055,-37.7499978144691
4554.76478156289,-37.750953933426
4557.91250344096,-37.7519111807158
4561.06240065705,-37.7528695577068
4564.2144747145,-37.7538290657675
4567.3687271177,-37.7547897062675
4570.52515937206,-37.755751480577
4573.68377298404,-37.7567143900669
4576.84456946114,-37.7576784361088
4580.0075503119,-37.758643620075
4583.1727170459,-37.7596099433385
4586.34007117378,-37.7605774072732
4589.5096142072,-37.7615460132534
4592.68134765889,-37.7625157626542
4595.85527304259,-37.7634866568516
4599.03139187313,-37.764458697222
4602.20970566635,-37.7654318851426
4605.39021593915,-37.7664062219914
4608.57292420949,-37.767381709147
4611.75783199637,-37.7683583479886
4614.94494081984,-37.7693361398962
4618.13425220098,-37.7703150862505
4621.32576766196,-37.7712951884328
4624.51948872598,-37.772276447825
4627.7154169173,-37.7732588658098
4630.91355376122,-37.7742424437706
4634.1139007841,-37.7752271830913
4637.31645951337,-37.7762130851567
4640.52123147749,-37.7772001513519
4643.728218206,-37.7781883830631
4646.93742122948,-37.7791777816768
4650.14884207958,-37.7801683485802
4653.362482289,-37.7811600851614
4656.5783433915,-37.7821529928089
4659.79642692191,-37.7831470729119
4663.0167344161,-37.7841423268603
4666.23926741102,-37.7851387560445
4669.46402744469,-37.7861363618557
4672.69101605616,-37.7871351456857
4675.92023478557,-37.7881351089267
4679.15168517411,-37.7891362529718
4682.38536876406,-37.7901385792147
4685.62128709874,-37.7911420890496
4688.85944172254,-37.7921467838713
4692.09983418092,-37.7931526650752
4695.34246602042,-37.7941597340576
4698.58733878863,-37.795167992215
4701.83445403422,-37.7961774409448
4705.08381330694,-37.7971880816448
4708.33541815759,-37.7981999157135
4711.58927013804,-37.79921294455
4714.84537080127,-37.8002271695538
4718.10372170128,-37.8012425921254
4721.36432439319,-37.8022592136654
4724.62718043317,-37.8032770355754
4727.89229137847,-37.8042960592572
4731.15965878742,-37.8053162861134
4734.42928421943,-37.8063377175471
4737.70116923496,-37.8073603549621
4740.9753153956,-37.8083841997625
4744.25172426396,-37.8094092533531
4747.53039740379,-37.8104355171393
4750.81133637986,-37.811462992527
4754.09454275807,-37.8124916809227
4757.38001810539,-37.8135215837332
4760.66776398985,-37.8145527023663
4763.95778198058,-37.8155850382298
4767.25007364781,-37.8166185927324
4770.54464056283,-37.8176533672833
4773.84148429803,-37.818689363292
4777.14060642687,-37.8197265821687
4780.44200852393,-37.8207650253241
4783.74569216484,-37.8218046941694
4787.05165892635,-37.8228455901163
4790.35991038628,-37.8238877145769
4793.67044812354,-37.8249310689641
4796.98327371815,-37.8259756546909
4800.29838875121,-37.827021473171
4803.61579480491,-37.8280685258187
4806.93549346253,-37.8291168140486
4810.25748630845,-37.8301663392757
4813.58177492816,-37.8312171029158
4816.90836090821,-37.8322691063849
4820.23724583629,-37.8333223510995
4823.56843130114,-37.8343768384767
4826.90191889265,-37.8354325699339
4830.23771020176,-37.836489546889
4833.57580682053,-37.8375477707604
4836.91621034214,-37.8386072429668
4840.25892236084,-37.8396679649277
4843.60394447199,-37.8407299380626
4846.95127827206,-37.8417931637916
4850.30092535862,-37.8428576435353
4853.65288733035,-37.8439233787146
4857.00716578701,-37.8449903707509
4860.36376232951,-37.8460586210661
4863.72267855982,-37.8471281310823
4867.08391608105,-37.848198902222
4870.44747649739,-37.8492709359084
4873.81336141417,-37.8503442335647
4877.18157243781,-37.8514187966148
4880.55211117584,-37.8524946264829
4883.9249792369,-37.8535717245934
4887.30017823075,-37.8546500923712
4890.67770976827,-37.8557297312417
4894.05757546143,-37.8568106426305
4897.43977692332,-37.8578928279636
4900.82431576817,-37.8589762886674
4904.21119361129,-37.8600610261684
4907.60041206913,-37.8611470418939
4910.99197275924,-37.8622343372711
4914.38587730031,-37.8633229137278
4917.78212731214,-37.864412772692
4921.18072441563,-37.8655039155921
4924.58167023282,-37.8665963438567
4927.98496638688,-37.8676900589149
4931.39061450207,-37.8687850621958
4934.7986162038,-37.8698813551292
4938.2089731186,-37.8709789391449
4941.62168687411,-37.872077815673
4945.0367590991,-37.873177986144
4948.45419142348,-37.8742794519887
4951.87398547827,-37.875382214638
4955.29614289562,-37.8764862755232
4958.72066530881,-37.8775916360758
4962.14755435226,-37.8786982977277
4965.5768116615,-37.8798062619107
4969.00843887319,-37.8809155300573
4972.44243762515,-37.8820261035998
4975.87880955629,-37.8831379839711
4979.31755630669,-37.884251172604
4982.75867951755,-37.8853656709318
4986.20218083119,-37.8864814803879
4989.64806189109,-37.8875986024058
4993.09632434184,-37.8887170384192
4996.54696982918,-37.8898367898623
5000,-37.8909578581691
5003.4554165023,-37.892080244774
5006.91322098525,-37.8932039511115
5010.37341509913,-37.8943289786163
5013.83600049538,-37.8954553287233
5017.30097882657,-37.8965830028673
5020.76835174642,-37.8977120024837
5024.2381209098,-37.8988423290075
5027.7102879727,-37.8999739838744
5031.18485459227,-37.9011069685197
5034.66182242681,-37.9022412843793
5038.14119313576,-37.9033769328887
5041.6229683797,-37.904513915484
5045.10714982037,-37.905652233601
5048.59373912065,-37.9067918886759
5052.08273794456,-37.9079328821449
5055.5741479573,-37.909075215444
5059.0679708252,-37.9102188900097
5062.56420821573,-37.9113639072782
5066.06286179754,-37.9125102686861
5069.56393324042,-37.9136579756697
5073.0674242153,-37.9148070296656
5076.57333639428,-37.9159574321102
5080.08167145063,-37.9171091844402
5083.59243105875,-37.9182622880922
5087.10561689421,-37.9194167445027
5090.62123063372,-37.9205725551082
5094.13927395519,-37.9217297213455
5097.65974853764,-37.922888244651
5101.18265606129,-37.9240481264613
5104.70799820749,-37.9252093682128
5108.23577665878,-37.9263719713422
5111.76599309885,-37.9275359372858
5115.29864921254,-37.92870126748
5118.83374668588,-37.9298679633611
5122.37128720605,-37.9310360263653
5125.9112724614,-37.9322054579288
5129.45370414144,-37.9333762594877
5132.99858393686,-37.934548432478
5136.54591353951,-37.9357219783355
5140.09569464241,-37.936896898496
5143.64792893975,-37.9380731943952
5147.20261812689,-37.9392508674684
5150.75976390037,-37.9404299191512
5154.31936795789,-37.9416103508788
5157.88143199832,-37.942792164086
5161.44595772174,-37.943975360208
5165.01294682935,-37.9451599406794
5168.58240102357,-37.9463459069347
5172.15432200797,-37.9475332604082
5175.72871148732,-37.9487220025342
5179.30557116754,-37.9499121347465
5182.88490275576,-37.9511036584788
5186.46670796027,-37.9522965751646
5190.05098849053,-37.953490886237
5193.63774605722,-37.9546865931292
5197.22698237216,-37.9558836972737
5200.81869914839,-37.9570822001031
5204.41289810009,-37.9582821030494
5208.00958094268,-37.9594834075446
5211.60874939271,-37.9606861150202
5215.21040516795,-37.9618902269075
5218.81454998735,-37.9630957446374
5222.42118557105,-37.9643026696404
5226.03031364037,-37.9655110033469
5229.64193591783,-37.9667207471867
5233.25605412713,-37.9679319025894
5236.87266999317,-37.9691444709842
5240.49178524205,-37.9703584537998
5244.11340160103,-37.9715738524646
5247.7375207986,-37.9727906684066
5251.36414456443,-37.9740089030533
5254.99327462937,-37.9752285578319
5258.6249127255,-37.9764496341691
5262.25906058608,-37.977672133491
5265.89571994555,-37.9788960572235
5269.53489253958,-37.9801214067918
5273.17658010501,-37.9813481836208
5276.8207843799,-37.9825763891348
5280.46750710351,-37.9838060247576
5284.11675001629,-37.9850370919124
5287.76851485992,-37.986269592022
5291.42280337724,-37.9875035265087
5295.07961731233,-37.988738896794
5298.73895841047,-37.989975704299
5302.40082841812,-37.9912139504442
5306.06522908299,-37.9924536366496
5309.73216215397,-37.9936947643343
5313.40162938115,-37.9949373349171
5317.07363251586,-37.9961813498161
5320.74817331061,-37.9974268104485
5324.42525351915,-37.9986737182311
5328.10487489641,-37.9999220745801
5331.78703919856,-38.0011718809106
5335.47174818296,-38.0024231386376
5339.15900360821,-38.0036758491748
5342.84880723411,-38.0049300139356
5346.54116082168,-38.0061856343324
5350.23606613315,-38.007442711777
5353.93352493198,-38.0087012476803
5357.63353898283,-38.0099612434527
5361.33611005161,-38.0112227005034
5365.04123990543,-38.0124856202411
5368.74893031261,-38.0137500040735
5372.45918304272,-38.0150158534076
5376.17199986653,-38.0162831696494
5379.88738255604,-38.0175519542043
5383.60533288448,-38.0188222084764
5387.32585262631,-38.0200939338693
5391.04894355721,-38.0213671317855
5394.77460745407,-38.0226418036266
5398.50284609503,-38.0239179507932
5402.23366125946,-38.025195574685
5405.96705472794,-38.0264746767007
5409.70302828231,-38.0277552582382
5413.44158370561,-38.0290373206941
5417.18272278213,-38.0303208654641
5420.92644729739,-38.0316058939429
5424.67275903814,-38.0328924075242
5428.42165979238,-38.0341804076004
5432.17315134932,-38.0354698955631
5435.92723549943,-38.0367608728025
5439.6839140344,-38.038053340708
5443.44318874718,-38.0393473006676
5447.20506143193,-38.0406427540683
5450.96953388408,-38.0419397022958
5454.73660790026,-38.0432381467347
5458.5062852784,-38.0445380887685
5462.27856781761,-38.0458395297793
5466.0534573183,-38.0471424711479
5469.83095558208,-38.0484469142541
5473.61106441182,-38.0497528604761
5477.39378561166,-38.0510603111912
5481.17912098694,-38.052369267775
5484.96707234429,-38.0536797316019
5488.75764149157,-38.0549917040451
5492.55083023788,-38.0563051864762
5496.34664039359,-38.0576201802655
5500.14507377031,-38.058936686782
5503.9461321809,-38.060254707393
5507.74981743949,-38.0615742434647
5511.55613136144,-38.0628952963615
5515.36507576338,-38.0642178674465
5519.17665246319,-38.0655419580813
5522.99086328,-38.0668675696258
5526.80771003421,-38.0681947034385
5530.62719454747,-38.0695233608763
5534.4493186427,-38.0708535432944
5538.27408414406,-38.0721852520467
5542.10149287699,-38.073518488485
5545.93154666817,-38.0748532539597
5549.76424734557,-38.0761895498196
5553.59959673841,-38.0775273774117
5557.43759667716,-38.0788667380812
5561.27824899358,-38.0802076331716
5565.12155552068,-38.0815500640248
5568.96751809273,-38.0828940319805
5572.81613854529,-38.0842395383771
5576.66741871518,-38.0855865845508
5580.52136044049,-38.0869351718359
5584.37796556055,-38.0882853015652
5588.23723591601,-38.0896369750692
5592.09917334877,-38.0909901936767
5595.96377970199,-38.0923449587143
5599.83105682013,-38.0937012715068
5603.7010065489,-38.0950591333771
5607.5736307353,-38.0964185456457
5611.44893122761,-38.0977795096315
5615.32690987537,-38.0991420266508
5619.20756852941,-38.1005060980183
5623.09090904184,-38.1018717250462
5626.97693326606,-38.1032389090447
5630.86564305672,-38.1046076513218
5634.75704026977,-38.1059779531832
5638.65112676245,-38.1073498159324
5642.54790439329,-38.1087232408707
5646.44737502207,-38.1100982292969
5650.34954050988,-38.1114747825078
5654.25440271909,-38.1128529017975
5658.16196351337,-38.1142325884579
5662.07222475765,-38.1156138437785
5665.98518831819,-38.1169966690463
5669.90085606249,-38.1183810655458
5673.81922985939,-38.1197670345591
5677.74031157898,-38.1211545773656
5681.66410309266,-38.1225436952424
5685.59060627314,-38.1239343894637
5689.51982299439,-38.1253266613013
5693.4517551317,-38.1267205120242
5697.38640456165,-38.1281159428989
5701.32377316212,-38.129512955189
5705.26386281227,-38.1309115501554
5709.20667539259,-38.1323117290563
5713.15221278484,-38.1337134931469
5717.10047687208,-38.1351168436798
5721.05146953871,-38.1365217819046
5725.00519267038,-38.1379283090678
5728.96164815409,-38.1393364264133
5732.92083787811,-38.1407461351817
5736.88276373203,-38.1421574366108
5740.84742760675,-38.1435703319353
5744.81483139446,-38.1449848223866
5748.78497698868,-38.1464009091933
5752.75786628421,-38.1478185935806
5756.7335011772,-38.1492378767707
5760.71188356507,-38.1506587599822
5764.69301534656,-38.1520812444309
5768.67689842175,-38.1535053313289
5772.66353469201,-38.1549310218852
5776.65292606002,-38.1563583173053
5780.64507442978,-38.1577872187912
5784.63998170661,-38.1592177275416
5788.63764979714,-38.1606498447516
5792.63808060934,-38.1620835716127
5796.64127605246,-38.1635189093129
5800.6472380371,-38.1649558590365
5804.65596847517,-38.1663944219642
5808.66746927991,-38.1678345992729
5812.68174236586,-38.1692763921358
5816.6987896489,-38.1707198017224
5820.71861304624,-38.1721648291981
5824.7412144764,-38.1736114757245
5828.76659585923,-38.1750597424595
5832.79475911591,-38.1765096305567
5836.82570616895,-38.1779611411658
5840.85943894219,-38.1794142754325
5844.89595936078,-38.1808690344983
5848.93526935123,-38.1823254195006
5852.97737084136,-38.1837834315725
5857.02226576032,-38.1852430718428
5861.06995603861,-38.1867043414363
5865.12044360807,-38.188167241473
5869.17373040183,-38.1896317730688
5873.22981835442,-38.1910979373351
5877.28870940165,-38.1925657353786
5881.35040548071,-38.1940351683017
5885.41490853009,-38.195506237202
5889.48222048966,-38.1969789431725
5893.5523433006,-38.1984532873015
5897.62527890545,-38.1999292706725
5901.70102924808,-38.2014068943641
5905.77959627371,-38.2028861594502
5909.8609819289,-38.2043670669996
5913.94518816156,-38.2058496180761
5918.03221692094,-38.2073338137386
5922.12207015764,-38.2088196550407
5926.21474982362,-38.2103071430309
5930.31025787216,-38.2117962787526
5934.40859625793,-38.2132870632438
5938.50976693692,-38.214779497537
5942.61377186647,-38.2162735826595
5946.7206130053,-38.2177693196331
5950.83029231345,-38.219266709474
5954.94281175235,-38.2207657531928
5959.05817328475,-38.2222664517945
5963.17637887478,-38.2237688062783
5967.29743048792,-38.2252728176377
5971.42133009102,-38.2267784868602
5975.54807965226,-38.2282858149274
5979.67768114121,-38.229794802815
5983.81013652879,-38.2313054514925
5987.94544778727,-38.2328177619234
5992.08361689031,-38.234331735065
5996.22464581291,-38.2358473718681
6000.36853653144,-38.2373646732773
6004.51529102365,-38.2388836402309
6008.66491126864,-38.2404042736604
6012.81739924688,-38.2419265744909
6016.97275694022,-38.2434505436409
6021.13098633187,-38.244976182022
6025.29208940641,-38.2465034905392
6029.4560681498,-38.2480324700904
6033.62292454936,-38.2495631215666
6037.7926605938,-38.2510954458518
6041.96527827318,-38.2526294438229
6046.14077957896,-38.2541651163494
6050.31916650396,-38.2557024642937
6054.50044104239,-38.2572414885107
6058.68460518983,-38.2587821898478
6062.87166094324,-38.2603245691449
6067.06161030095,-38.2618686272343
6071.2544552627,-38.2634143649405
6075.45019782958,-38.2649617830801
6079.64884000408,-38.2665108824619
6083.85038379008,-38.2680616638864
6088.05483119282,-38.2696141281465
6092.26218421894,-38.2711682760263
6096.47244487649,-38.2727241083021
6100.68561517486,-38.2742816257414
6104.90169712487,-38.2758408291034
6109.12069273871,-38.2774017191387
6113.34260402996,-38.278964296589
6117.56743301361,-38.2805285621875
6121.79518170601,-38.2820945166581
6126.02585212493,-38.283662160716
6130.25944628952,-38.285231495067
6134.49596622034,-38.2868025204078
6138.73541393934,-38.2883752374257
6142.97779146987,-38.2899496467985
6147.22310083665,-38.2915257491946
6151.47134406585,-38.2931035452723
6155.722523185,-38.2946830356804
6159.97664022304,-38.2962642210577
6164.23369721033,-38.2978471020328
6168.49369617861,-38.2994316792242
6172.75663916104,-38.3010179532403
6177.02252819217,-38.3026059246786
6181.29136530797,-38.3041955941264
6185.56315254582,-38.3057869621601
6189.8378919445,-38.3073800293454
6194.11558554418,-38.3089747962371
6198.39623538647,-38.3105712633786
6202.67984351439,-38.3121694313023
6206.96641197235,-38.3137693005293
6211.25594280618,-38.3153708715689
6215.54843806315,-38.3169741449189
6219.8438997919,-38.3185791210653
6224.14233004252,-38.3201858004821
6228.4437308665,-38.3217941836313
6232.74810431676,-38.3234042709624
6237.05545244764,-38.3250160629128
6241.36577731487,-38.326629559907
6245.67908097564,-38.328244762357
6249.99536548854,-38.3298616706619
6254.31463291359,-38.3314802852076
6258.63688531223,-38.3331006063669
6262.96212474732,-38.3347226344991
6267.29035328315,-38.33634636995
6271.62157298544,-38.3379718130518
6275.95578592134,-38.3395989641224
6280.29299415943,-38.3412278234661
6284.63319976969,-38.3428583913725
6288.97640482357,-38.344490668117
6293.32261139394,-38.3461246539602
6297.67182155509,-38.347760349148
6302.02403738275,-38.349397753911
6306.37926095409,-38.351036868465
6310.73749434771,-38.3526776930099
6315.09873964364,-38.3543202277303
6319.46299892337,-38.3559644727948
6323.83027426981,-38.357610428356
6328.2005677673,-38.3592580945503
6332.57388150166,-38.3609074714974
6336.9502175601,-38.3625585593006
6341.32957803131,-38.364211358046
6345.71196500541,-38.3658658678028
6350.09738057396,-38.3675220886227
6354.48582682997,-38.3691800205397
6358.87730586791,-38.3708396635701
6363.27181978367,-38.3725010177121
6367.66937067462,-38.3741640829454
6372.06996063955,-38.3758288592312
6376.47359177872,-38.3774953465121
6380.88026619383,-38.3791635447113
6385.28998598803,-38.3808334537326
6389.70275326595,-38.3825050734605
6394.11857013364,-38.3841784037592
6398.53743869863,-38.3858534444732
6402.95936106988,-38.3875301954261
6407.38433935786,-38.389208656421
6411.81237567442,-38.3908888272399
6416.24347213294,-38.3925707076436
6420.67763084822,-38.3942542973711
6425.11485393654,-38.3959395961396
6429.55514351564,-38.3976266036441
6433.99850170472,-38.3993153195569
6438.44493062444,-38.4010057435275
6442.89443239693,-38.4026978751824
6447.34700914579,-38.4043917141243
6451.80266299609,-38.4060872599321
6456.26139607435,-38.4077845121607
6460.72321050859,-38.4094834703402
6465.18810842827,-38.4111841339759
6469.65609196435,-38.4128865025479
6474.12716324923,-38.4145905755104
6478.60132441681,-38.4162963522921
6483.07857760246,-38.4180038322947
6487.55892494302,-38.4197130148935
6492.04236857681,-38.4214238994367
6496.52891064361,-38.4231364852446
6501.01855328472,-38.4248507716098
6505.51129864288,-38.4265667577963
6510.00714886233,-38.4282844430395
6514.50610608879,-38.4300038265454
6519.00817246946,-38.4317249074903
6523.51335015302,-38.4334476850204
6528.02164128965,-38.4351721582514
6532.53304803099,-38.4368983262678
6537.04757253019,-38.4386261881227
6541.56521694189,-38.440355742837
6546.08598342219,-38.4420869893993
6550.60987412872,-38.4438199267651
6555.13689122057,-38.4455545538565
6559.66703685833,-38.4472908695613
6564.20031320408,-38.4490288727332
6568.73672242142,-38.4507685621904
6573.27626667541,-38.4525099367156
6577.81894813262,-38.4542529950555
6582.36476896113,-38.4559977359196
6586.9137313305,-38.4577441579805
6591.4658374118,-38.4594922598725
6596.0210893776,-38.4612420401917
6600.57948940195,-38.4629934974947
6605.14103966044,-38.4647466302987
6609.70574233014,-38.4665014370801
6614.27359958963,-38.4682579162744
6618.84461361898,-38.4700160662755
6623.4187865998,-38.4717758854346
6627.99612071518,-38.47353737206
6632.57661814973,-38.4753005244161
6637.16028108956,-38.4770653407229
6641.74711172231,-38.4788318191549
6646.3371122371,-38.4805999578407
6650.9302848246,-38.4823697548623
6655.52663167697,-38.484141208254
6660.1261549879,-38.4859143160015
6664.72885695257,-38.4876890760419
6669.33473976771,-38.4894654862618
6673.94380563155,-38.4912435444973
6678.55605674384,-38.4930232485325
6683.17149530584,-38.4948045960993
6687.79012352037,-38.4965875848758
6692.41194359172,-38.4983722124859
6697.03695772574,-38.5001584764981
6701.66516812979,-38.5019463744246
6706.29657701278,-38.5037359037204
6710.93118658509,-38.5055270617821
6715.56899905868,-38.5073198459472
6720.21001664702,-38.5091142534929
6724.85424156512,-38.5109102816348
6729.5016760295,-38.5127079275262
6734.15232225822,-38.5145071882567
6738.80618247089,-38.5163080608514
6743.46325888864,-38.5181105422694
6748.12355373413,-38.5199146294026
6752.78706923157,-38.5217203190748
6757.45380760668,-38.5235276080404
6762.12377108675,-38.5253364929828
6766.7969619006,-38.5271469705135
6771.47338227858,-38.5289590371704
6776.15303445259,-38.5307726894171
6780.83592065607,-38.5325879236406
6785.522043124,-38.5344047361506
6790.21140409291,-38.5362231231779
6794.90400580088,-38.5380430808727
6799.59985048753,-38.5398646053032
6804.29894039402,-38.5416876924543
6809.00127776307,-38.5435123382257
6813.70686483894,-38.5453385384302
6818.41570386747,-38.5471662887925
6823.12779709601,-38.5489955849471
6827.8431467735,-38.5508264224367
6832.5617551504,-38.5526587967104
6837.28362447875,-38.5544927031219
6842.00875701214,-38.5563281369277
6846.73715500572,-38.558165093285
6851.46882071619,-38.5600035672501
6856.20375640182,-38.5618435537759
6860.94196432242,-38.5636850477102
6865.68344673941,-38.5655280437936
6870.4282059157,-38.5673725366573
6875.17624411582,-38.5692185208207
6879.92756360585,-38.5710659906895
6884.68216665344,-38.5729149405532
6889.4400555278,-38.5747653645825
6894.2012324997,-38.5766172568273
6898.9656998415,-38.578470611214
6903.73345982711,-38.580325421543
6908.50451473203,-38.5821816814858
6913.27886683332,-38.5840393845829
6918.05651840962,-38.5858985242404
6922.83747174114,-38.5877590937277
6927.62172910966,-38.5896210861742
6932.40929279856,-38.5914844945668
6937.20016509277,-38.5933493117462
6941.99434827883,-38.5952155304044
6946.79184464482,-38.5970831430813
6951.59265648043,-38.5989521421609
6956.39678607693,-38.6008225198689
6961.20423572717,-38.6026942682684
6966.01500772558,-38.6045673792567
6970.82910436818,-38.6064418445615
6975.64652795257,-38.6083176557372
6980.46728077796,-38.6101948041612
6985.29136514512,-38.6120732810296
6990.11878335642,-38.6139530773535
6994.94953771584,-38.6158341839546
6999.78363052892,-38.6177165914607
7004.62106410282,-38.6196002903019
7009.46184074628,-38.6214852707054
7014.30596276964,-38.6233715226912
7019.15343248483,-38.6252590360671
7024.0042522054,-38.6271478004241
7028.85842424646,-38.629037805131
7033.71595092476,-38.6309290393292
7038.57683455863,-38.6328214919275
7043.44107746801,-38.6347151515965
7048.30868197443,-38.6366100067628
7053.17965040103,-38.6385060456035
7058.05398507258,-38.6404032560398
7062.93168831541,-38.6423016257308
7067.8127624575,-38.6442011420676
7072.69720982842,-38.6461017921661
7077.58503275935,-38.6480035628608
7082.47623358308,-38.6499064406973
7087.37081463402,-38.6518104119257
7092.26877824819,-38.6537154624927
7097.17012676322,-38.6556215780343
7102.07486251835,-38.6575287438677
7106.98298785447,-38.6594369449836
7111.89450511404,-38.6613461660374
7116.80941664116,-38.6632563913408
7121.72772478156,-38.6651676048532
7126.64943188259,-38.667079790172
7131.5745402932,-38.6689929305236
7136.50305236399,-38.6709070087535
7141.43497044717,-38.6728220073162
7146.37029689657,-38.6747379082651
7151.30903406767,-38.6766546932415
7156.25118431755,-38.6785723434635
7161.19675000493,-38.680490839715
7166.14573349018,-38.6824101623336
7171.09813713526,-38.6843302911984
7176.0539633038,-38.6862512057176
7181.01321436105,-38.6881728848153
7185.97589267389,-38.6900953069184
7190.94200061083,-38.6920184499423
7195.91154054203,-38.693942291277
7200.8845148393,-38.6958668077717
7205.86092587605,-38.6977919757199
7210.84077602737,-38.6997177708436
7215.82406766996,-38.7016441682762
7220.81080318219,-38.7035711425464
7225.80098494406,-38.7054986675597
7230.79461533721,-38.7074267165811
7235.79169674493,-38.7093552622152
7240.79223155216,-38.7112842763875
7245.7962221455,-38.713213730324
7250.80367091316,-38.7151435945296
7255.81458024505,-38.7170738387673
7260.8289525327,-38.7190044320348
7265.8467901693,-38.7209353425416
7270.8680955497,-38.7228665376848
7275.89287107039,-38.7247979840237
7280.92111912953,-38.7267296472539
7285.95284212693,-38.72866149218
7290.98804246407,-38.7305934826878
7296.02672254408,-38.732525581715
7301.06888477174,-38.7344577512208
7306.11453155352,-38.7363899521545
7311.16366529753,-38.7383221444228
7316.21628841356,-38.7402542868559
7321.27240331304,-38.742186337172
7326.3320124091,-38.7441182519407
7331.3951181165,-38.7460499865447
7336.46172285172,-38.7479814951401
7341.53182903285,-38.749912730615
7346.6054390797,-38.7518436445467
7351.68255541372,-38.7537741871563
7356.76318045806,-38.7557043072626
7361.84731663752,-38.7576339522332
7366.93496637859,-38.7595630679338
7372.02613210944,-38.7614915986756
7377.1208162599,-38.7634194871598
7382.2190212615,-38.7653466744207
7387.32074954744,-38.7672730997653
7392.4260035526,-38.7691987007113
7397.53478571355,-38.7711234129211
7402.64709846853,-38.7730471701343
7407.76294425749,-38.7749699040963
7412.88232552204,-38.7768915444838
7418.00524470549,-38.7788120188269
7423.13170425284,-38.7807312524284
7428.26170661077,-38.7826491682782
7433.39525422766,-38.7845656869646
7438.53234955359,-38.7864807265809
7443.6729950403,-38.7883942026286
7448.81719314127,-38.7903060279146
7453.96494631163,-38.7922161124445
7459.11625700825,-38.7941243633105
7464.27112768967,-38.7960306845739
7469.42956081613,-38.7979349771419
7474.59155884957,-38.7998371386378
7479.75712425366,-38.8017370632657
7484.92625949374,-38.8036346416674
7490.09896703685,-38.8055297607731
7495.27524935177,-38.8074223036436
7500.45510890896,-38.8093121493049
7505.63854818058,-38.8111991725738
7510.82556964052,-38.8130832438751
7516.01617576438,-38.8149642290483
7521.21036902944,-38.8168419891444
7526.40815191474,-38.8187163802124
7531.60952690098,-38.8205872530727
7536.81449647061,-38.8224544530798
7542.0230631078,-38.8243178198705
7547.2352292984,-38.8261771870992
7552.45099753002,-38.8280323821577
7557.67037029196,-38.829883225879
7562.89335007526,-38.8317295322245
7568.11993937266,-38.8335711079529
7573.35014067865,-38.8354077522696
7578.58395648941,-38.8372392564561
7583.82138930289,-38.8390654034761
7589.06244161871,-38.8408859675595
7594.30711593827,-38.8427007137591
7599.55541476466,-38.8445093974823
7604.80734060274,-38.8463117639919
7610.06289595905,-38.8481075478767
7615.32208334191,-38.8498964724879
7620.58490526134,-38.8516782493399
7625.85136422911,-38.8534525774719
7631.12146275873,-38.8552191427684
7636.39520336543,-38.8569776172336
7641.67258856619,-38.8587276582184
7646.95362087974,-38.8604689075943
7652.23830282653,-38.8622009908714
7657.52663692876,-38.863923516255
7662.81862571038,-38.8656360736361
7668.11427169706,-38.8673382335102
7673.41357741626,-38.8690295458195
7678.71654539714,-38.8707095387098
7684.02317817064,-38.8723777171971
7689.33347826943,-38.8740335617347
7694.64744822793,-38.875676526672
7699.96509058235,-38.8773060385965
7705.28640787058,-38.8789214945472
7710.61140263233,-38.8805222600886
7715.94007740903,-38.8821076672318
7721.27243474389,-38.8836770121881
7726.60847718185,-38.8852295529411
7731.94820726963,-38.8867645066165
7737.2916275557,-38.8882810466337
7742.6387405903,-38.8897782996135
7747.98954892542,-38.8912553420216
7753.34405511483,-38.8927111965176
7758.70226171405,-38.8941448279805
7764.06417128037,-38.8955551391771
7769.42978637285,-38.8969409660344
7774.79910955231,-38.898301072473
7780.17214338136,-38.8996341447548
7785.54889042436,-38.9009387852888
7790.92935324746,-38.9022135058346
7796.31353441856,-38.9034567200337
7801.70143650736,-38.9046667351909
7807.09306208531,-38.905841743214
7812.48841372566,-38.906979810612
7817.88749400343,-38.9080788674348
7823.29030549542,-38.9091366950199
7828.69685078021,-38.910150912396
7834.10713243815,-38.9111189611664
7839.5211530514,-38.9120380886703
7844.93891520388,-38.9129053291904
7850.36042148132,-38.9137174829345
7855.7856744712,-38.91447109248
7861.21467676283,-38.9151624163143
7866.64743094728,-38.9157873990465
7872.08393961742,-38.9163416377899
7877.52420536791,-38.9168203441298
7882.96823079523,-38.9172183009836
7888.4160184976,-38.9175298135366
7893.86757107507,-38.9177486532797
7899.32289112949,-38.9178679939921
7904.7819812645,-38.9178803382831
7910.24484408553,-38.9177774330265
7915.71148219984,-38.9175501716784
7921.18189821645,-38.9171884810426
7926.65609474622,-38.9166811895138
7932.1340744018,-38.9160158731674
7937.61583979763,-38.9151786752229
7943.10139354999,-38.9141540933491
7948.59073827694,-38.9129247279216
7954.08387659836,-38.9114709826078
7959.58081113595,-38.9097707064013
7965.08154451319,-38.9077987633005
7970.58607935542,-38.9055265119708
7976.09441828975,-38.9029211726319
7981.60656394513,-38.8999450515826
7987.12251895232,-38.8965545845645
7992.6422859439,-38.8926991475885
7998.16586755428,-38.8883195664939
8003.69326641966,-38.8833462322726
8009.22448517809,-38.8776966948888
8014.75952646944,-38.8712725591015
8020.2983929354,-38.8639554340668
8025.84108721947,-38.8556015822107
8031.387611967,-38.8460347524925
8036.93796982516,-38.8350364362897
8042.49216344294,-38.8223323955815
8048.05019547119,-38.8075736864054
8053.61206856255,-38.7903093616882
8059.17778537152,-38.7699462615603
8064.74734855445,-38.7456881553142
8070.32076076947,-38.7164407069471
8075.8980246766,-38.6806575612561
8081.47914293768,-38.6360800918004
8087.06411821638,-38.5792739461294
8092.65295317824,-38.5047496007706
8098.24565049061,-38.4031546904237
8103.84221282269,-38.2571511495674
8109.44264284554,-38.0305788279807
8115.04694323206,-37.6333978463726
8120.65511665698,-36.7616585054569
8126.26716579691,-33.3190215225446
8131.88309333027,-47.2198635064672
8137.50290193738,-42.0955591445629
8143.12659430036,-40.8198710157773
8148.75417310322,-40.3102541707194
8154.38564103181,-40.0373288393551
8160.02100077385,-39.8678564645793
8165.6602550189,-39.752772004109
8171.30340645838,-39.669796423879
8176.95045778558,-39.6073558142636
8182.60141169565,-39.5588418958608
8188.2562708856,-39.5202071731377
8193.91503805431,-39.4888341580669
8199.5777159025,-39.4629551201117
8205.24430713279,-39.441333150107
8210.91481444965,-39.4230768343284
8216.58924055943,-39.4075275016983
8222.26758817033,-39.394187920563
8227.94985999243,-39.3826756947903
8233.6360587377,-39.3726919224789
8239.32618711997,-39.3639995877019
8245.02024785493,-39.3564083325284
8250.7182436602,-39.3497635145568
8256.4201772552,-39.343938205968
8262.12605136129,-39.3388272511527
8267.83586870169,-39.3343427903984
8273.5496320015,-39.3304108443291
8279.26734398771,-39.3269686769815
8284.98900738919,-39.3239627380124
8290.7146249367,-39.3213470408885
8296.44419936288,-39.3190818729684
8302.17773340227,-39.3171327608528
8307.91522979128,-39.315469633948
8313.65669126823,-39.314066143313
8319.40212057333,-39.3128991031663
8325.15152044868,-39.311948030035
8330.90489363827,-39.3111947601923
8336.66224288799,-39.3106231302964
8342.42357094563,-39.3102187093749
8348.18888056089,-39.3099685727752
8353.95817448534,-39.3098611106099
8359.73145547248,-39.3098858647081
8365.50872627769,-39.3100333892436
8371.28998965828,-39.3102951311233
8377.07524837345,-39.3106633269426
8382.86450518431,-39.3111309138918
8388.65776285387,-39.3116914524575
8394.45502414706,-39.3123390591375
8400.25629183071,-39.3130683476875
8406.06156867359,-39.313874377663
8411.87085744635,-39.3147526092222
8417.68416092156,-39.3156988633176
8423.50148187373,-39.3167092865423
8429.32282307926,-39.3177803200076
8435.14818731648,-39.3189086717226
8440.97757736565,-39.3200912920257
8446.81099600894,-39.3213253516792
8452.64844603043,-39.3226082222997
8458.48993021615,-39.3239374588347
8464.33545135404,-39.3253107838446
8470.18501223397,-39.326726073372
8476.03861564774,-39.3281813442186
8481.89626438908,-39.3296747424663
8487.75796125364,-39.3312045331029
8493.62370903901,-39.332769090632
8499.49351054473,-39.3343668905582
8505.36736857224,-39.3359965016542
8511.24528592495,-39.3376565789281
8517.12726540818,-39.3393458572175
8523.0133098292,-39.3410631453453
8528.90342199723,-39.3428073207828
8534.79760472341,-39.3445773247666
8540.69586082086,-39.3463721578278
8546.59819310459,-39.3481908756908
8552.50460439159,-39.3500325855088
8558.4150975008,-39.3518964424025
8564.3296752531,-39.3537816462748
8570.24834047131,-39.3556874388759
8576.17109598021,-39.3576131010964
8582.09794460654,-39.3595579504671
8588.02888917898,-39.3615213388485
8593.96393252816,-39.3635026502929
8599.9030774867,-39.365501299064
8605.84632688913,-39.3675167278008
8611.79368357198,-39.3695484058138
8617.74515037371,-39.371595827503
8623.70073013476,-39.3736585108858
8629.66042569753,-39.3757359962287
8635.62423990638,-39.3778278447722
8641.59217560764,-39.3799336375423
8647.5642356496,-39.3820529742423
8653.54042288251,-39.3841854722179
8659.52074015863,-39.3863307654899
8665.50519033215,-39.3884885038511
8671.49377625925,-39.3906583520193
8677.48650079807,-39.3928399888461
8683.48336680875,-39.3950331065742
8689.48437715338,-39.3972374101416
8695.48953469604,-39.3994526165284
8701.4988423028,-39.4016784541433
8707.5123028417,-39.4039146622482
8713.52991918275,-39.4061609904155
8719.55169419797,-39.4084171980191
8725.57763076133,-39.4106830537543
8731.60773174883,-39.4129583351862
8737.64200003841,-39.4152428283233
8743.68043851005,-39.4175363272162
8749.72305004568,-39.4198386335785
8755.76983752922,-39.4221495564291
8761.82080384662,-39.4244689117538
8767.87595188578,-39.4267965221865
8773.93528453664,-39.4291322167064
8779.99880469111,-39.4314758303528
8786.0665152431,-39.4338272039543
8792.13841908853,-39.4361861838725
8798.2145191253,-39.4385526217593
8804.29481825334,-39.4409263743271
8810.37931937457,-39.44330730313
8816.46802539291,-39.445695274357
8822.56093921431,-39.4480901586351
8828.6580637467,-39.4504918308432
8834.75940190003,-39.4529001699339
8840.86495658629,-39.4553150587654
8846.97473071941,-39.4577363839409
8853.08872721541,-39.460164035656
8859.20694899229,-39.4625979075538
8865.32939897007,-39.465037896586
8871.45608007078,-39.467483902882
8877.58699521849,-39.4699358296226
8883.72214733927,-39.4723935829212
8889.86153936123,-39.4748570717089
8896.0051742145,-39.4773262076262
8902.15305483121,-39.479800904919
8908.30518414555,-39.4822810803395
8914.46156509372,-39.4847666530512
8920.62220061396,-39.4872575445389
8926.78709364652,-39.489753678522
8932.95624713371,-39.4922549808717
8939.12966401985,-39.4947613795322
8945.30734725132,-39.497272804445
8951.4892997765,-39.4997891874765
8957.67552454583,-39.5023104623489
8963.86602451179,-39.5048365645733
8970.0608026289,-39.5073674313871
8976.25986185372,-39.5099030016922
8982.46320514484,-39.5124432159973
8988.67083546292,-39.5149880163614
8994.88275577065,-39.5175373463408
9001.09896903276,-39.520091150937
9007.31947821606,-39.5226493765476
9013.54428628937,-39.525211970919
9019.77339622359,-39.5277788831005
9026.00681099166,-39.5303500634012
9032.24453356858,-39.5329254633473
9038.48656693141,-39.5355050356422
9044.73291405926,-39.5380887341277
9050.9835779333,-39.5406765137463
9057.23856153676,-39.5432683305059
9063.49786785493,-39.5458641414449
9069.76149987517,-39.5484639045993
9076.02946058689,-39.5510675789704
9082.3017529816,-39.5536751244944
9088.57838005283,-39.5562865020125
9094.85934479621,-39.5589016732427
9101.14465020944,-39.561520600752
9107.43429929228,-39.5641432479302
9113.72829504656,-39.5667695789642
9120.02664047621,-39.5693995588134
9126.3293385872,-39.5720331531863
9132.63639238761,-39.5746703285172
9138.94780488757,-39.5773110519444
9145.26357909931,-39.5799552912888
9151.58371803715,-39.5826030150335
9157.90822471745,-39.5852541923038
9164.23710215871,-39.5879087928482
9170.57035338147,-39.5905667870197
9176.9079814084,-39.5932281457583
9183.24998926421,-39.5958928405734
9189.59637997575,-39.5985608435274
9195.94715657193,-39.6012321272192
9202.30232208376,-39.603906664769
9208.66187954434,-39.6065844298034
9215.02583198889,-39.6092653964402
9221.39418245469,-39.6119495392748
9227.76693398115,-39.6146368333666
9234.14408960977,-39.6173272542255
9240.52565238415,-39.6200207777993
9246.91162534999,-39.6227173804617
9253.30201155511,-39.6254170389995
9259.69681404943,-39.6281197306021
9266.09603588495,-39.6308254328493
9272.49968011581,-39.6335341237011
9278.90774979827,-39.636245781487
9285.32024799068,-39.6389603848954
9291.73717775349,-39.6416779129646
9298.15854214931,-39.6443983450723
9304.58434424283,-39.6471216609271
9311.01458710086,-39.6498478405586
9317.44927379236,-39.6525768643098
9323.88840738837,-39.6553087128276
9330.33199096207,-39.6580433670552
9336.78002758878,-39.660780808224
9343.23252034593,-39.6635210178456
9349.68947231306,-39.6662639777046
9356.15088657187,-39.6690096698515
9362.61676620617,-39.6717580765949
9369.08711430192,-39.6745091804955
9375.56193394718,-39.6772629643587
9382.04122823217,-39.6800194112287
9388.52500024924,-39.6827785043816
9395.01325309287,-39.6855402273201
9401.50598985969,-39.6883045637667
9408.00321364846,-39.6910714976585
9414.5049275601,-39.6938410131413
9421.01113469764,-39.6966130945644
9427.52183816629,-39.6993877264751
9434.03704107337,-39.7021648936133
9440.55674652839,-39.7049445809073
9447.08095764297,-39.7077267734679
9453.6096775309,-39.7105114565844
9460.14290930812,-39.7132986157196
9466.68065609271,-39.7160882365056
9473.22292100494,-39.718880304739
9479.76970716719,-39.7216748063772
9486.32101770403,-39.7244717275336
9492.87685574218,-39.7272710544742
9499.43722441051,-39.7300727736134
9506.00212684008,-39.7328768715098
9512.57156616408,-39.7356833348634
9519.1455455179,-39.7384921505108
9525.72406803907,-39.7413033054228
9532.30713686729,-39.7441167867
9538.89475514444,-39.7469325815703
9545.48692601457,-39.7497506773847
9552.08365262391,-39.7525710616151
9558.68493812084,-39.7553937218503
9565.29078565595,-39.7582186457936
9571.90119838196,-39.7610458212595
9578.51617945383,-39.763875236171
9585.13573202865,-39.7667068785568
9591.75985926571,-39.7695407365482
9598.38856432648,-39.7723767983769
9605.02185037462,-39.7752150523724
9611.65972057598,-39.7780554869588
9618.30217809858,-39.780898090653
9624.94922611265,-39.7837428520622
9631.6008677906,-39.7865897598812
9638.25710630703,-39.7894388028903
9644.91794483875,-39.7922899699529
9651.58338656475,-39.7951432500136
9658.25343466621,-39.7979986320959
9664.92809232652,-39.8008561052999
9671.60736273129,-39.8037156588004
9678.29124906828,-39.8065772818451
9684.97975452751,-39.8094409637524
9691.67288230117,-39.8123066939094
9698.37063558367,-39.8151744617705
9705.0730175716,-39.8180442568548
9711.7800314638,-39.8209160687453
9718.49168046129,-39.8237898870862
9725.20796776732,-39.8266657015819
9731.92889658736,-39.8295435019949
9738.65447012906,-39.8324232781444
9745.38469160233,-39.8353050199048
9752.11956421926,-39.8381887172038
9758.85909119419,-39.841074360021
9765.60327574367,-39.8439619383869
9772.35212108646,-39.8468514423804
9779.10563044357,-39.8497428621287
9785.86380703821,-39.8526361878046
9792.62665409584,-39.8555314096261
9799.39417484413,-39.8584285178546
9806.16637251301,-39.8613275027939
9812.9432503346,-39.8642283547884
9819.72481154327,-39.8671310642224
9826.51105937565,-39.8700356215186
9833.30199707058,-39.8729420171371
9840.09762786914,-39.875850241574
9846.89795501467,-39.8787602853602
9853.70298175272,-39.8816721390606
9860.51271133111,-39.8845857932728
9867.3271469999,-39.887501238626
9874.14629201137,-39.8904184657801
9880.97014962009,-39.8933374654244
9887.79872308285,-39.8962582282768
9894.63201565869,-39.8991807450828
9901.47003060891,-39.9021050066145
9908.31277119708,-39.9050310036695
9915.160240689,-39.9079587270702
9922.01244235274,-39.9108881676628
9928.86937945862,-39.9138193163163
9935.73105527922,-39.9167521639219
9942.59747308939,-39.9196867013916
9949.46863616625,-39.9226229196581
9956.34454778916,-39.9255608096733
9963.22521123978,-39.9285003624079
9970.11062980199,-39.9314415688505
9977.000806762,-39.9343844200067
9983.89574540824,-39.9373289068985
9990.79544903143,-39.9402750205634
9997.69992092458,-39.943222752054
10004.6091643829,-39.9461720924367
10011.5231827041,-39.9491230327916
10018.4419791878,-39.9520755642112
10025.3655571363,-39.9550296778006
10032.2939198538,-39.9579853646756
10039.2270706472,-39.9609426159634
10046.1650128252,-39.9639014228008
10053.1077496993,-39.9668617763343
10060.0552845828,-39.9698236677192
10067.0076207917,-39.972787088119
10073.9647616441,-39.975752028705
10080.9267104603,-39.9787184806553
10087.893470563,-39.9816864351548
10094.8650452774,-39.984655883394
10101.8414379306,-39.9876268165691
10108.8226518522,-39.9905992258808
10115.8086903742,-39.9935731025345
10122.7995568308,-39.9965484377392
10129.7952545585,-39.9995252227069
10136.795786896,-40.0025034486529
10143.8011571845,-40.0054831067944
10150.8113687674,-40.0084641883506
10157.8264249905,-40.0114466845418
10164.8463292018,-40.0144305865894
10171.8710847516,-40.017415885715
10178.9006949928,-40.0204025731403
10185.9351632801,-40.0233906400865
10192.974492971,-40.0263800777738
10200.0186874252,-40.029370877421
10207.0677500044,-40.0323630302453
10214.1216840731,-40.0353565274617
10221.1804929979,-40.0383513602823
10228.2441801476,-40.0413475199168
10235.3127488935,-40.0443449975711
10242.3862026093,-40.0473437844474
10249.4645446708,-40.050343871744
10256.5477784562,-40.0533452506546
10263.6359073463,-40.056347912368
10270.7289347239,-40.0593518480678
10277.8268639742,-40.0623570489323
10284.929698485,-40.0653635061335
10292.037441646,-40.0683712108375
10299.1500968496,-40.0713801542039
10306.2676674905,-40.0743903273851
10313.3901569656,-40.0774017215267
10320.5175686742,-40.0804143277665
10327.649906018,-40.0834281372347
10334.7871724011,-40.0864431410532
10341.9293712298,-40.0894593303358
10349.0765059128,-40.0924766961873
10356.2285798612,-40.0954952297037
10363.3855964885,-40.0985149219719
10370.5475592105,-40.101535764069
10377.7144714453,-40.1045577470624
10384.8863366134,-40.1075808620097
10392.0631581379,-40.1106050999579
10399.2449394438,-40.1136304519435
10406.4316839588,-40.1166569089923
10413.623395113,-40.1196844621191
10420.8200763387,-40.1227131023274
10428.0217310705,-40.1257428206089
10435.2283627457,-40.128773607944
10442.4399748037,-40.1318054553009
10449.6565706864,-40.1348383536356
10456.8781538379,-40.1378722938918
10464.104727705,-40.1409072670006
10471.3362957366,-40.1439432638801
10478.5728613841,-40.1469802754357
10485.8144281012,-40.1500182925594
10493.0609993442,-40.1530573061298
10500.3125785716,-40.1560973070119
10507.5691692443,-40.1591382860569
10514.8307748256,-40.1621802341022
10522.0973987812,-40.165223141971
10529.3690445793,-40.168267000472
10536.6457156904,-40.1713118003997
10543.9274155874,-40.1743575325339
10551.2141477456,-40.1774041876394
10558.5059156427,-40.1804517564663
10565.8027227588,-40.1835002297495
10573.1045725765,-40.1865495982085
10580.4114685806,-40.1895998525477
10587.7234142586,-40.1926509834556
10595.0404131001,-40.1957029816054
10602.3624685973,-40.1987558376541
10609.6895842447,-40.2018095422431
10617.0217635395,-40.2048640859974
10624.3590099809,-40.2079194595261
10631.7013270708,-40.2109756534218
10639.0487183134,-40.2140326582608
10646.4011872155,-40.2170904646028
10653.7587372859,-40.2201490629907
10661.1213720364,-40.223208443951
10668.4890949808,-40.226268597993
10675.8619096355,-40.2293295156092
10683.2398195193,-40.232391187275
10690.6228281534,-40.2354536034489
10698.0109390614,-40.2385167545717
10705.4041557696,-40.2415806310675
10712.8024818063,-40.2446452233425
10720.2059207026,-40.2477105217857
10727.6144759919,-40.2507765167685
10735.0281512101,-40.2538431986448
10742.4469498953,-40.2569105577507
10749.8708755885,-40.2599785844045
10757.2999318327,-40.2630472689071
10764.7341221737,-40.2661166015412
10772.1734501594,-40.2691865725717
10779.6179193405,-40.2722571722456
10787.0675332699,-40.275328390792
10794.5222955031,-40.2784002184219
10801.982209598,-40.2814726453282
10809.4472791149,-40.2845456616858
10816.9175076167,-40.2876192576516
10824.3928986687,-40.2906934233642
10831.8734558386,-40.2937681489441
10839.3591826966,-40.2968434244935
10846.8500828155,-40.2999192400968
10854.3461597703,-40.3029955858198
10861.8474171387,-40.3060724517103
10869.3538585009,-40.309149827798
10876.8654874393,-40.3122277040942
10884.382307539,-40.3153060705922
10891.9043223876,-40.318384917267
10899.431535575,-40.3214642340755
10906.9639506938,-40.3245440109566
10914.5015713388,-40.3276242378308
10922.0444011076,-40.3307049046009
10929.5924436001,-40.3337860011513
10937.1457024188,-40.3368675173486
10944.7041811684,-40.3399494430414
10952.2678834565,-40.3430317680604
10959.8368128929,-40.3461144822184
10967.4109730901,-40.3491975753104
10974.9903676629,-40.3522810371136
10982.5750002287,-40.3553648573877
10990.1648744074,-40.3584490258746
10997.7599938214,-40.3615335322988
11005.3603620956,-40.3646183663673
11012.9659828574,-40.3677035177697
11020.5768597367,-40.3707889761783
11028.1929963659,-40.3738747312484
11035.81439638,-40.376960772618
11043.4410634163,-40.3800470899083
11051.0730011149,-40.3831336727237
11058.7102131181,-40.3862205106516
11066.352703071,-40.389307593263
11074.0004746211,-40.3923949101125
11081.6535314184,-40.3954824507381
11089.3118771155,-40.3985702046618
11096.9755153674,-40.4016581613896
11104.6444498317,-40.4047463104115
11112.3186841685,-40.4078346412018
11119.9982220405,-40.4109231432192
11127.6830671129,-40.4140118059072
11135.3732230535,-40.4171006186939
11143.0686935323,-40.4201895709927
11150.7694822223,-40.4232786522018
11158.4755927988,-40.4263678517052
11166.1870289395,-40.4294571588722
11173.9037943251,-40.4325465630582
11181.6258926383,-40.4356360536046
11189.3533275647,-40.4387256198392
11197.0861027923,-40.4418152510761
11204.8242220118,-40.4449049366166
11212.5676889162,-40.4479946657488
11220.3165072013,-40.4510844277483
11228.0706805653,-40.4541742118785
11235.8302127091,-40.4572640073904
11243.5951073359,-40.4603538035237
11251.3653681517,-40.4634435895063
11259.140998865,-40.4665333545552
11266.9220031869,-40.4696230878767
11274.7083848309,-40.4727127786665
11282.5001475132,-40.4758024161105
11290.2972949526,-40.4788919893846
11298.0998308704,-40.4819814876559
11305.9077589904,-40.4850709000821
11313.7210830392,-40.4881602158129
11321.5398067458,-40.4912494239895
11329.3639338417,-40.4943385137459
11337.1934680612,-40.4974274742088
11345.0284131411,-40.5005162944982
11352.8687728207,-40.5036049637279
11360.7145508419,-40.506693471006
11368.5657509493,-40.5097818054355
11376.42237689,-40.5128699561147
11384.2844324136,-40.5159579121379
11392.1519212726,-40.5190456625958
11400.0248472217,-40.5221331965761
11407.9032140184,-40.5252205031643
11415.7870254229,-40.5283075714442
11423.6762851978,-40.5313943904985
11431.5709971084,-40.5344809494096
11439.4711649225,-40.5375672372601
11447.3767924107,-40.5406532431337
11455.287883346,-40.5437389561158
11463.2044415042,-40.5468243652944
11471.1264706635,-40.5499094597608
11479.0539746048,-40.5529942286103
11486.9869571118,-40.5560786609435
11494.9254219704,-40.5591627458664
11502.8693729696,-40.562246472492
11510.8188139006,-40.5653298299409
11518.7737485576,-40.5684128073423
11526.734180737,-40.5714953938351
11534.7001142381,-40.5745775785686
11542.6715528629,-40.577659350704
11550.6485004158,-40.5807406994153
11558.6309607039,-40.5838216138903
11566.6189375371,-40.5869020833319
11574.6124347276,-40.5899820969595
11582.6114560905,-40.5930616440097
11590.6160054436,-40.5961407137382
11598.626086607,-40.599219295421
11606.6417034037,-40.6022973783555
11614.6628596594,-40.6053749518622
11622.6895592022,-40.6084520052861
11630.721805863,-40.6115285279984
11638.7596034753,-40.6146045093978
11646.8029558754,-40.6176799389126
11654.8518669019,-40.6207548060018
11662.9063403965,-40.6238291001575
11670.9663802032,-40.6269028109065
11679.0319901688,-40.6299759278121
11687.1031741427,-40.6330484404762
11695.1799359772,-40.6361203385414
11703.2622795268,-40.6391916116931
11711.3502086491,-40.6422622496618
11719.4437272041,-40.6453322422251
11727.5428390547,-40.6484015792107
11735.6475480662,-40.651470250498
11743.7578581068,-40.6545382460217
11751.8737730472,-40.6576055557737
11759.9952967608,-40.6606721698063
11768.1224331239,-40.6637380782348
11776.2551860152,-40.6668032712409
11784.3935593163,-40.6698677390756
11792.5375569112,-40.6729314720623
11800.6871826868,-40.6759944606005
11808.8424405327,-40.6790566951694
11817.0033343412,-40.6821181663313
11825.169868007,-40.6851788647354
11833.3420454279,-40.6882387811221
11841.5198705042,-40.691297906327
11849.7033471387,-40.6943562312853
11857.8924792374,-40.6974137470362
11866.0872707084,-40.7004704447277
11874.287725463,-40.7035263156217
11882.4938474149,-40.7065813510987
11890.7056404807,-40.7096355426638
11898.9231085796,-40.7126888819516
11907.1462556334,-40.7157413607326
11915.3750855668,-40.7187929709193
11923.6096023071,-40.7218437045722
11931.8498097845,-40.7248935539069
11940.0957119317,-40.727942511301
11948.3473126841,-40.7309905693011
11956.60461598,-40.734037720631
11964.8676257603,-40.7370839581997
11973.1363459687,-40.7401292751092
11981.4107805515,-40.7431736646641
11989.6909334579,-40.7462171203804
11997.9768086397,-40.7492596359953
12006.2684100515,-40.7523012054775
12014.5657416506,-40.7553418230379
12022.8688073969,-40.7583814831405
12031.1776112533,-40.7614201805148
12039.4921571853,-40.7644579101676
12047.8124491612,-40.7674946673965
12056.1384911519,-40.7705304478035
12064.4702871312,-40.7735652473093
12072.8078410755,-40.7765990621685
12081.1511569642,-40.779631888986
12089.5002387791,-40.7826637247335
12097.855090505,-40.7856945667675
12106.2157161295,-40.788724412848
12114.5821196427,-40.7917532611584
12122.9543050376,-40.7947811103264
12131.3322763101,-40.7978079594462
12139.7160374586,-40.8008338081019
12148.1055924844,-40.803858656392
12156.5009453916,-40.806882504956
12164.902100187,-40.8099053550017
12173.3090608802,-40.8129272083349
12181.7218314835,-40.8159480673905
12190.1404160121,-40.8189679352653
12198.5648184839,-40.8219868157532
12206.9950429195,-40.8250047133826
12215.4310933425,-40.8280216334555
12223.8729737791,-40.8310375820902
12232.3206882582,-40.8340525662654
12240.7742408117,-40.8370665938682
12249.2336354743,-40.8400796737449
12257.6988762832,-40.8430918157549
12266.1699672787,-40.8461030308285
12274.6469125037,-40.8491133310287
12283.1297160039,-40.8521227296168
12291.6183818281,-40.8551312411231
12300.1129140274,-40.8581388814218
12308.6133166561,-40.8611456678122
12317.119593771,-40.8641516191049
12325.6317494321,-40.8671567557143
12334.1497877017,-40.8701610997588
12342.6737126454,-40.873164675167
12351.2035283313,-40.8761675077933
12359.7392388303,-40.8791696255415
12368.2808482163,-40.8821710584981
12376.8283605659,-40.8851718390763
12385.3817799586,-40.888172002171
12393.9411104765,-40.8911715853266
12402.5063562049,-40.8941706289187
12411.0775212315,-40.89716917635
12419.6546096471,-40.9001672742634
12428.2376255454,-40.9031649727731
12436.8265730225,-40.9061623257152
12445.4214561779,-40.9091593909205
12454.0222791134,-40.912156230512
12462.6290459341,-40.9151529112281
12471.2417607476,-40.9181495047767
12479.8604276645,-40.9211460882211
12488.4850507981,-40.9241427444029
12497.1156342648,-40.9271395624056
12505.7521821835,-40.9301366380629
12514.3946986763,-40.9331340745179
12523.043187868,-40.936131982838
12531.6976538861,-40.9391304826939
12540.3581008611,-40.942129703108
12549.0245329264,-40.9451297832837
12557.6969542182,-40.9481308735231
12566.3753688755,-40.9511331362464
12575.0597810402,-40.9541367471255
12583.7501948572,-40.9571418963465
12592.4466144741,-40.9601487900201
12601.1490440413,-40.9631576517592
12609.8574877122,-40.9661687244469
12618.5719496432,-40.9691822722243
12627.2924339932,-40.9721985827287
12636.0189449244,-40.9752179696203
12644.7514866016,-40.9782407754422
12653.4900631924,-40.9812673748662
12662.2346788676,-40.9842981783853
12670.9853378007,-40.9873336365281
12679.7420441681,-40.9903742446818
12688.5048021489,-40.9934205486294
12697.2736159255,-40.9964731509282
12706.0484896829,-40.999532718281
12714.8294276089,-41.0025999900872
12723.6164338946,-41.005675788398
12732.4095127335,-41.0087610295543
12741.2086683224,-41.0118567378474
12750.0139048607,-41.0149640616242
12758.825226551,-41.0180842923663
12767.6426375986,-41.0212188873995
12776.4661422117,-41.0243694970694
12785.2957446015,-41.0275379974413
12794.1314489821,-41.0307265298802
12802.9732595704,-41.0339375492613
12811.8211805863,-41.0371738830903
12820.6752162527,-41.040438804525
12829.5353707953,-41.0437361232681
12838.4016484427,-41.0470702996509
12847.2740534265,-41.0504465891171
12856.1525899813,-41.0538712269964
12865.0372623444,-41.0573516673148
12873.9280747562,-41.0608968950212
12882.82503146,-41.0645178393821
12891.728136702,-41.0682279289729
12900.6373947314,-41.0720438482675
12909.5528098002,-41.0759865867625
12918.4743861635,-41.0800829216762
12927.4021280792,-41.0843675587123
12936.3360398082,-41.0888862988213
12945.2761256145,-41.0937008543644
12954.2223897648,-41.0988964120697
12963.1748365288,-41.1045939620619
12972.1334701793,-41.1109713074104
12981.0982949919,-41.1183008300765
12990.0693152452,-41.1270219879514
12999.0465352208,-41.1378925265578
13008.0299592032,-41.1523400374534
13017.0195914799,-41.1734107107577
13026.0154363413,-41.2089609019625
13035.0174980809,-41.2871944727678
13044.0257809951,-41.6193285383926
13053.0402893831,-40.5290360703028
13062.0610275473,-40.9101013144129
13071.0879997931,-40.9906026005931
13080.1212104286,-41.0267213555752
13089.1606637651,-41.0480038712288
13098.2063641169,-41.0625391978013
13107.2583158011,-41.0734407043908
13116.316523138,-41.082161287372
13125.3809904507,-41.0894699656401
13134.4517220654,-41.0958118418833
13143.5287223112,-41.1014623799618
13152.6119955203,-41.1066011819222
13161.7015460279,-41.1113503455103
13170.797378172,-41.1157957697863
13179.8994962938,-41.1199996421689
13189.0079047375,-41.1240080903217
13198.1226078501,-41.1278560506519
13207.2436099818,-41.1315704670633
13216.3709154858,-41.1351724519317
13225.5045287181,-41.1386787819437
13234.6444540381,-41.1421029559827
13243.7906958079,-41.1454559576937
13252.9432583925,-41.1487468146309
13262.1021461604,-41.1519830145977
13271.2673634826,-41.155170819994
13280.4389147334,-41.1583155081758
13289.6168042902,-41.1614215573771
13298.8010365332,-41.1644927920549
13307.9916158457,-41.1675324976263
13317.188546614,-41.1705435118618
13326.3918332277,-41.1735282982958
13335.601480079,-41.1764890056486
13344.8174915635,-41.1794275162765
13354.0398720796,-41.1823454859418
13363.2686260289,-41.1852443766636
13372.503757816,-41.188125484016
13381.7452718483,-41.1909899599377
13390.9931725367,-41.1938388318902
13400.2474642949,-41.1966730190312
13409.5081515395,-41.199493345929
13418.7752386904,-41.2023005542467
13428.0487301705,-41.2050953127345
13437.3286304057,-41.2078782258134
13446.614943825,-41.2106498409726
13455.9076748604,-41.213410655171
13465.206827947,-41.2161611203932
13474.5124075231,-41.2189016484894
13483.8244180298,-41.2216326154033
13493.1428639114,-41.2243543648769
13502.4677496154,-41.2270672117069
13511.7990795922,-41.2297714446129
13521.1368582953,-41.2324673287728
13530.4810901813,-41.2351551080674
13539.8317797099,-41.237835007074
13549.1889313439,-41.2405072328398
13558.5525495492,-41.2431719764641
13567.9226387946,-41.2458294145126
13577.2992035522,-41.2484797102836
13586.6822482971,-41.2511230149449
13596.0717775076,-41.2537594685556
13605.4677956649,-41.2563892009869
13614.8703072534,-41.2590123327534
13624.2793167607,-41.2616289757635
13633.6948286773,-41.2642392340005
13643.116847497,-41.2668432041387
13652.5453777166,-41.2694409761048
13661.9804238359,-41.2720326335872
13671.421990358,-41.2746182545008
13680.8700817891,-41.2771979114111
13690.3247026384,-41.2797716719218
13699.7858574183,-41.2823395990289
13709.2535506443,-41.2849017514458
13718.7277868349,-41.2874581839008
13728.208570512,-41.2900089474113
13737.6959062003,-41.2925540895352
13747.1897984279,-41.2950936546024
13756.6902517258,-41.2976276839286
13766.1972706284,-41.3001562160121
13775.710859673,-41.3026792867162
13785.2310234001,-41.3051969294371
13794.7577663533,-41.30770917526
13804.2910930796,-41.3102160531031
13813.8310081287,-41.3127175898521
13823.3775160538,-41.315213810484
13832.9306214111,-41.3177047381827
13842.49032876,-41.3201903944468
13852.056642663,-41.3226707991891
13861.6295676858,-41.3251459708304
13871.2091083972,-41.3276159263859
13880.7952693692,-41.3300806815464
13890.388055177,-41.3325402507547
13899.9874703989,-41.3349946472755
13909.5935196163,-41.3374438832623
13919.2062074139,-41.3398879698195
13928.8255383795,-41.3423269170601
13938.4515171041,-41.3447607341607
13948.0841481819,-41.3471894294124
13957.7234362101,-41.3496130102691
13967.3693857893,-41.3520314833924
13977.0220015232,-41.3544448546941
13986.6812880186,-41.3568531293766
13996.3472498856,-41.3592563119698
14006.0198917375,-41.3616544063674
14015.6992181906,-41.3640474158598
14025.3852338646,-41.3664353431655
14035.0779433822,-41.3688181904617
14044.7773513696,-41.3711959594116
14054.4834624558,-41.3735686511915
14064.1962812733,-41.3759362665157
14073.9158124577,-41.3782988056607
14083.6420606478,-41.3806562684874
14093.3750304856,-41.3830086544625
14103.1147266163,-41.385355962679
14112.8611536883,-41.3876981918753
14122.6143163533,-41.3900353404534
14132.3742192662,-41.3923674064965
14142.140867085,-41.394694387785
14151.914264471,-41.3970162818127
14161.6944160888,-41.3993330858013
14171.4813266059,-41.401644796715
14181.2750006936,-41.4039514112735
14191.0754430258,-41.4062529259653
14200.8826582801,-41.4085493370598
14210.696651137,-41.4108406406192
14220.5174262805,-41.4131268325094
14230.3449883977,-41.4154079084108
14240.179342179,-41.4176838638286
14250.020492318,-41.4199546941025
14259.8684435114,-41.4222203944159
14269.7232004595,-41.4244809598053
14279.5847678655,-41.4267363851681
14289.4531504361,-41.4289866652715
14299.3283528811,-41.4312317947599
14309.2103799136,-41.4334717681629
14319.0992362499,-41.4357065799018
14328.9949266097,-41.4379362242975
14338.8974557159,-41.4401606955763
14348.8068282946,-41.4423799878768
14358.7230490752,-41.444594095256
14368.6461227903,-41.4468030116952
14378.576054176,-41.4490067311057
14388.5128479715,-41.4512052473344
14398.4565089192,-41.4533985541688
14408.4070417649,-41.4555866453426
14418.3644512577,-41.4577695145404
14428.3287421499,-41.4599471554024
14438.2999191972,-41.462119561529
14448.2779871584,-41.4642867264855
14458.2629507957,-41.4664486438062
14468.2548148747,-41.4686053069986
14478.2535841641,-41.4707567095477
14488.2592634359,-41.4729028449195
14498.2718574656,-41.4750437065649
14508.2913710319,-41.4771792879237
14518.3178089166,-41.4793095824279
14528.3511759052,-41.4814345835053
14538.3914767861,-41.4835542845827
14548.4387163512,-41.4856686790894
14558.4928993959,-41.4877777604604
14568.5540307185,-41.4898815221392
14578.622115121,-41.4919799575813
14588.6971574085,-41.494073060257
14598.7791623895,-41.4961608236539
14608.8681348757,-41.4982432412804
14618.9640796824,-41.500320306668
14629.0670016279,-41.5023920133741
14639.176905534,-41.5044583549848
14649.2937962259,-41.5065193251172
14659.417678532,-41.5085749174222
14669.5485572842,-41.510625125587
14679.6864373174,-41.5126699433371
14689.8313234702,-41.5147093644395
14699.9832205845,-41.5167433827042
14710.1421335053,-41.5187719919873
14720.3080670812,-41.5207951861925
14730.481026164,-41.5228129592742
14740.6610156089,-41.5248253052389
14750.8480402745,-41.526832218148
14761.0421050228,-41.5288336921198
14771.243214719,-41.5308297213314
14781.4513742317,-41.5328203000211
14791.666588433,-41.5348054224904
14801.8888621983,-41.5367850831061
14812.1182004062,-41.5387592763021
14822.354607939,-41.540727996582
14832.598089682,-41.5426912385206
14842.8486505243,-41.5446489967661
14853.1062953579,-41.5466012660421
14863.3710290786,-41.5485480411497
14873.6428565854,-41.5504893169692
14883.9217827806,-41.5524250884625
14894.20781257,-41.5543553506746
14904.5009508629,-41.5562800987358
14914.8012025717,-41.5581993278638
14925.1085726125,-41.5601130333654
14935.4230659046,-41.5620212106386
14945.7446873708,-41.5639238551746
14956.0734419372,-41.5658209625597
14966.4093345334,-41.5677125284772
14976.7523700923,-41.5695985487097
14987.1025535504,-41.5714790191406
14997.4598898475,-41.5733539357565
15007.8243839267,-41.5752232946491
15018.1960407347,-41.5770870920172
15028.5748652215,-41.5789453241685
15038.9608623406,-41.5807979875224
15049.3540370488,-41.5826450786109
15059.7543943065,-41.5844865940819
15070.1619390775,-41.5863225307003
15080.5766763288,-41.588152885351
15090.9986110312,-41.5899776550401
15101.4277481585,-41.5917968368981
15111.8640926884,-41.5936104281813
15122.3076496017,-41.5954184262743
15132.7584238828,-41.5972208286924
15143.2164205194,-41.5990176330836
15153.6816445029,-41.6008088372312
15164.1541008279,-41.6025944390561
15174.6337944926,-41.6043744366189
15185.1207304986,-41.6061488281227
15195.6149138509,-41.6079176119153
15206.1163495581,-41.609680786492
15216.6250426322,-41.6114383504978
15227.1409980885,-41.6131903027303
15237.6642209461,-41.6149366421421
15248.1947162272,-41.6166773678439
15258.7324889578,-41.6184124791066
15269.2775441671,-41.6201419753649
15279.829886888,-41.6218658562194
15290.3895221567,-41.6235841214401
15300.956455013,-41.6252967709692
15311.5306905001,-41.627003804924
15322.1122336648,-41.6287052236002
15332.7010895573,-41.6304010274752
15343.2972632312,-41.632091217211
15353.9007597439,-41.6337757936579
15364.5115841559,-41.6354547578579
15375.1297415314,-41.6371281110479
15385.7552369382,-41.6387958546636
15396.3880754474,-41.6404579903434
15407.0282621338,-41.6421145199314
15417.6758020755,-41.6437654454823
15428.3307003542,-41.6454107692645
15438.9929620552,-41.6470504937649
15449.6625922672,-41.6486846216925
15460.3395960825,-41.6503131559833
15471.0239785968,-41.6519360998043
15481.7157449094,-41.6535534565585
15492.4149001232,-41.6551652298892
15503.1214493445,-41.6567714236849
15513.8353976832,-41.6583720420848
15524.5567502526,-41.6599670894832
15535.2855121698,-41.6615565705354
15546.0216885551,-41.6631404901629
15556.7652845327,-41.6647188535588
15567.51630523,-41.6662916661942
15578.2747557782,-41.6678589338237
15589.0406413119,-41.6694206624918
15599.8139669694,-41.670976858539
15610.5947378922,-41.672527528609
15621.3829592258,-41.6740726796548
15632.1786361191,-41.6756123189462
15642.9817737243,-41.6771464540769
15653.7923771976,-41.6786750929721
15664.6104516983,-41.6801982438962
15675.4360023897,-41.6817159154608
15686.2690344384,-41.6832281166333
15697.1095530146,-41.6847348567454
15707.9575632922,-41.6862361455016
15718.8130704486,-41.6877319929891
15729.6760796646,-41.6892224096873
15740.546596125,-41.6907074064773
15751.4246250177,-41.6921869946526
15762.3101715345,-41.6936611859295
15773.2032408707,-41.6951299924587
15784.1038382253,-41.6965934268363
15795.0119688006,-41.6980515021158
15805.9276378028,-41.699504231821
15816.8508504416,-41.7009516299585
15827.7816119302,-41.7023937110309
15838.7199274856,-41.7038304900514
15849.6658023281,-41.7052619825578
15860.619241682,-41.7066882046275
15871.5802507749,-41.7081091728938
15882.5488348381,-41.7095249045615
15893.5249991066,-41.7109354174245
15904.508748819,-41.7123407298831
15915.5000892173,-41.7137408609626
15926.4990255475,-41.7151358303329
15937.5055630589,-41.7165256583278
15948.5197070045,-41.7179103659666
15959.5414626411,-41.7192899749758
15970.5708352289,-41.7206645078116
15981.607830032,-41.722033987684
15992.6524523178,-41.7233984385814
16003.7047073577,-41.7247578852971
16014.7646004265,-41.7261123534556
16025.8321368026,-41.7274618695417
16036.9073217684,-41.7288064609298
16047.9901606095,-41.7301461559153
16059.0806586154,-41.7314809837467
16070.1788210793,-41.7328109746599
16081.284653298,-41.7341361599139
16092.3981605719,-41.735456571828
16103.519348205,-41.7367722438212
16114.6482215052,-41.7380832104533
16125.7847857839,-41.7393895074678
16136.9290463562,-41.7406911718372
16148.0810085408,-41.7419882418108
16159.2406776603,-41.7432807569646
16170.4080590408,-41.7445687582535
16181.583158012,-41.7458522880666
16192.7659799076,-41.7471313902855
16203.9565300645,-41.7484061103452
16215.1548138239,-41.7496764952985
16226.3608365301,-41.7509425938835
16237.5746035315,-41.7522044565954
16248.79612018,-41.7534621357616
16260.0253918312,-41.7547156856211
16271.2624238446,-41.7559651624085
16282.5072215831,-41.757210624442
16293.7597904136,-41.7584521322178
16305.0201357065,-41.759689748508
16316.2882628359,-41.7609235384657
16327.5641771799,-41.7621535697353
16338.8478841199,-41.76337991257
16350.1393890414,-41.7646026399552
16361.4386973334,-41.7658218277406
16372.7458143886,-41.7670375547791
16384.0607456037,-41.7682499030751
16395.3834963787,-41.7694589579413
16406.7140721177,-41.770664808166
16418.0524782284,-41.7718675461898
16429.3987201221,-41.7730672682949
16440.7528032142,-41.7742640748059
16452.1147329235,-41.7754580703034
16463.4845146727,-41.7766493638524
16474.8621538882,-41.7778380692455
16486.2476560002,-41.7790243052622
16497.6410264425,-41.7802081959466
16509.0422706529,-41.7813898709035
16520.4513940727,-41.7825694656157
16531.8684021473,-41.7837471217833
16543.2933003254,-41.7849229876875
16554.7260940599,-41.78609721858
16566.1667888072,-41.7872699771024
16577.6153900276,-41.7884414337348
16589.0719031851,-41.7896117672792
16600.5363337475,-41.7907811653792
16612.0086871865,-41.7919498250798
16623.4889689773,-41.7931179534308
16634.9771845992,-41.7942857681376
16646.473339535,-41.795453498264
16657.9774392715,-41.7966213849925
16669.4894892993,-41.7977896824464
16681.0094951125,-41.7989586585809
16692.5374622094,-41.8001285961488
16704.0733960919,-41.80129979375
16715.6173022656,-41.8024725669707
16727.1691862401,-41.8036472496251
16738.7290535287,-41.8048241951058
16750.2969096485,-41.8060037778594
16761.8727601205,-41.8071863949963
16773.4566104695,-41.8083724680523
16785.048466224,-41.8095624449178
16796.6483329164,-41.8107568019535
16808.256216083,-41.8119560463143
16819.8721212638,-41.813160718505
16831.4960540027,-41.8143713951966
16843.1280198474,-41.815588692333
16854.7680243495,-41.8168132685653
16866.4160730642,-41.8180458290534
16878.072171551,-41.8192871296826
16889.7363253727,-41.820537981748
16901.4085400963,-41.82179925717
16913.0888212927,-41.8230718943102
16924.7771745363,-41.8243569044719
16936.4736054056,-41.8256553791807
16948.178119483,-41.8269684983559
16959.8907223546,-41.8282975395032
16971.6114196105,-41.8296438880802
16983.3402168445,-41.8310090492145
16995.0771196544,-41.832394660983
17006.8221336418,-41.8338025095017
17018.5752644123,-41.8352345461207
17030.3365175752,-41.8366929070758
17042.1058987437,-41.8381799360137
17053.883413535,-41.8396982098974
17065.6690675701,-41.8412505688952
17077.4628664739,-41.8428401509885
17089.2648158752,-41.8444704321919
17101.0749214066,-41.8461452734752
17112.8931887047,-41.8478689757296
17124.71962341,-41.8496463444329
17136.5542311668,-41.8514827660732
17148.3970176234,-41.8533842989015
17160.247988432,-41.8553577812524
17172.1071492485,-41.8574109615303
17183.9745057331,-41.8595526550955
17195.8500635496,-41.8617929347753
17207.7338283657,-41.864143363723
17219.6258058533,-41.8666172820324
17231.5260016879,-41.8692301621668
17243.4344215491,-41.8720000532865
17255.3510711204,-41.8749481415523
17267.2759560893,-41.8780994633342
17279.209082147,-41.8814838223411
17291.1504549888,-41.8851369821142
17303.100080314,-41.8891022354491
17315.0579638257,-41.8934324975082
17327.0241112311,-41.8981931385585
17338.998528241,-41.9034658804119
17350.9812205706,-41.9093542538014
17362.9721939387,-41.9159913986249
17374.9714540683,-41.9235514712393
17386.9790066862,-41.9322667678286
17398.9948575232,-41.9424542108638
17411.0190123141,-41.954557772122
17423.0514767975,-41.9692192687286
17435.0922567162,-41.9874024532493
17447.1413578168,-42.0106239265669
17459.19878585,-42.041416144045
17471.2645465703,-42.0843494597512
17483.3386457364,-42.1485990487552
17495.4210891107,-42.2556977350967
17507.5118824599,-42.4708901690519
17519.6110315545,-43.1277321622445
17531.718542169,-42.2069340928658
17543.8344200819,-40.632683275087
17555.9586710757,-41.2238323674469
17568.0913009368,-41.4274642891667
17580.2323154559,-41.5314914445521
17592.3817204273,-41.5961537389172
17604.5395216496,-41.6440556577778
17616.7057249253,-41.7097605978409
17628.880336061,-41.644649597839
17641.0633608671,-41.6857429398973
17653.2548051581,-41.7052834975221
17665.4546747528,-41.7193813351174
17677.6629754735,-41.7305833556529
17689.879713147,-41.7398663709822
17702.104893604,-41.7477529487208
17714.3385226789,-41.7545707636136
17726.5806062107,-41.7605438989223
17738.8311500419,-41.7658339903771
17751.0901600194,-41.7705619295131
17763.357641994,-41.7748205703993
17775.6336018205,-41.7786827226954
17787.9180453578,-41.7822064456236
17800.2109784689,-41.7854386924168
17812.5124070208,-41.7884178959175
17824.8223368845,-41.7911758480474
17837.1407739352,-41.7937390937849
17849.4677240521,-41.796129982882
17861.8031931183,-41.7983674751745
17874.1471870212,-41.8004677652715
17886.4997116521,-41.8024447727622
17898.8607729065,-41.8043105308964
17911.230376684,-41.806075497675
17923.608528888,-41.8077488069777
17935.9952354263,-41.8093384728855
17948.3905022107,-41.8108515571287
17960.7943351569,-41.8122943072399
17973.2067401849,-41.8136722712484
17985.6277232188,-41.8149903934564
17998.0572901866,-41.8162530948528
18010.4954470206,-41.8174643409739
18022.9421996571,-41.8186276994479
18035.3975540364,-41.8197463890106
18047.8615161032,-41.8208233214372
18060.334091806,-41.8218611375578
18072.8152870976,-41.8228622383107
18085.3051079349,-41.8238288116155
18097.8035602787,-41.8247628557079
18110.3106500942,-41.8256661994696
18122.8263833507,-41.826540520197
18135.3507660213,-41.8273873591758
18147.8838040837,-41.8282081353734
18160.4255035195,-41.8290041575087
18172.9758703142,-41.82977663472
18185.5349104579,-41.8305266860174
18198.1026299444,-41.8312553486776
18210.679034772,-41.8319635857188
18223.264130943,-41.8326522925692
18235.8579244638,-41.8333223030294
18248.460421345,-41.8339743946161
18261.0716276013,-41.8346092933578
18273.6915492517,-41.8352276781102
18286.3201923191,-41.8358301844437
18298.9575628309,-41.8364174081543
18311.6036668184,-41.8369899084373
18324.2585103172,-41.8375482107632
18336.9220993671,-41.8380928094865
18349.5944400118,-41.8386241702164
18362.2755382995,-41.8391427319744
18374.9654002825,-41.8396489091611
18387.6640320172,-41.8401430933504
18400.3714395642,-41.8406256549307
18413.0876289883,-41.8410969446053
18425.8126063587,-41.8415572947688
18438.5463777483,-41.8420070207691
18451.2889492348,-41.8424464220669
18464.0403268996,-41.842875783302
18476.8005168285,-41.8432953752757
18489.5695251117,-41.8437054558554
18502.3473578432,-41.8441062708106
18515.1340211215,-41.8444980545841
18527.9295210493,-41.8448810310057
18540.7338637334,-41.8452554139529
18553.5470552849,-41.8456214079628
18566.3691018192,-41.8459792088
18579.2000094556,-41.8463290039834
18592.0397843181,-41.8466709732761
18604.8884325345,-41.8470052891406
18617.7459602372,-41.8473321171627
18630.6123735625,-41.8476516164465
18643.4876786513,-41.8479639399828
18656.3718816483,-41.8482692349919
18669.2649887029,-41.8485676432453
18682.1670059685,-41.8488593013649
18695.0779396028,-41.8491443411036
18707.9977957676,-41.849422889608
18720.9265806293,-41.8496950696637
18733.8643003584,-41.849960999926
18746.8109611294,-41.8502207951358
18759.7665691216,-41.8504745663226
18772.731130518,-41.8507224209947
18785.7046515064,-41.8509644633184
18798.6871382784,-41.8512007942861
18811.6785970303,-41.8514315118746
18824.6790339623,-41.8516567111943
18837.6884552792,-41.8518764846297
18850.70686719,-41.8520909219714
18863.7342759078,-41.8523001105413
18876.7706876502,-41.8525041353104
18889.816108639,-41.8527030790096
18902.8705451005,-41.8528970222351
18915.934003265,-41.8530860435475
18929.0064893673,-41.8532702195659
18942.0880096464,-41.8534496250563
18955.1785703457,-41.8536243330161
18968.278177713,-41.8537944147536
18981.3868380001,-41.853959939963
18994.5045574634,-41.8541209767965
19007.6313423636,-41.8542775919318
19020.7671989656,-41.8544298506361
19033.9121335388,-41.8545778168279
19047.0661523567,-41.854721553134
19060.2292616974,-41.8548611209454
19073.4014678431,-41.8549965804692
19086.5827770805,-41.8551279907782
19099.7731957006,-41.8552554098584
19112.9727299987,-41.8553788946542
19126.1813862746,-41.8554985011108
19139.3991708323,-41.8556142842152
19152.6260899801,-41.8557262980351
19165.8621500308,-41.8558345957557
19179.1073573017,-41.8559392297151
19192.361718114,-41.8560402514379
19205.6252387938,-41.8561377116675
19218.8979256713,-41.8562316603962
19232.179785081,-41.8563221468947
19245.4708233619,-41.8564092197403
19258.7710468574,-41.8564929268428
19272.0804619153,-41.8565733154705
19285.3990748877,-41.8566504322744
19298.7268921311,-41.8567243233113
19312.0639200064,-41.856795034066
19325.4101648789,-41.8568626094727
19338.7656331184,-41.8569270939353
19352.130331099,-41.8569885313467
19365.5042651992,-41.8570469651074
19378.8874418019,-41.8571024381438
19392.2798672944,-41.8571549929243
19405.6815480686,-41.8572046714768
19419.0924905205,-41.8572515154033
19432.5127010508,-41.8572955658957
19445.9421860645,-41.8573368637497
19459.380951971,-41.8573754493789
19472.8290051842,-41.8574113628278
19486.2863521224,-41.8574446437844
19499.7529992084,-41.8574753315928
19513.2289528693,-41.8575034652645
19526.7142195367,-41.8575290834896
19540.2088056467,-41.8575522246478
19553.7127176398,-41.8575729268186
19567.2259619609,-41.857591227791
19580.7485450596,-41.8576071650734
19594.2804733896,-41.8576207759026
19607.8217534093,-41.8576320972524
19621.3723915815,-41.8576411658422
19634.9323943735,-41.8576480181454
19648.5017682569,-41.8576526903965
19662.080519708,-41.8576552185992
19675.6686552075,-41.8576556385336
19689.2661812405,-41.8576539857626
19702.8731042967,-41.8576502956392
19716.4894308702,-41.8576446033124
19730.1151674596,-41.8576369437337
19743.750320568,-41.8576273516629
19757.394896703,-41.8576158616738
19771.0489023767,-41.8576025081599
19784.7123441057,-41.8575873253391
19798.3852284112,-41.8575703472596
19812.0675618186,-41.8575516078042
19825.7593508582,-41.857531140695
19839.4606020645,-41.8575089794985
19853.1713219768,-41.8574851576292
19866.8915171386,-41.8574597083545
19880.6211940982,-41.8574326647981
19894.3603594082,-41.8574040599446
19908.1090196259,-41.8573739266425
19921.8671813131,-41.8573422976083
19935.6348510361,-41.85730920543
19949.4120353658,-41.8572746825699
19963.1987408774,-41.8572387613685
19976.994974151,-41.8572014740472
19990.8007417711,-41.8571628527114
20004.6160503265,-41.8571229293533
20018.4409064111,-41.8570817358548
20032.2753166228,-41.8570393039898
20046.1192875643,-41.8569956654272
20059.972825843,-41.8569508517332
20073.8359380706,-41.8569048943736
20087.7086308636,-41.856857824716
20101.5909108429,-41.8568096740322
20115.4827846341,-41.8567604735002
20129.3842588673,-41.8567102542061
20143.2953401772,-41.8566590471464
20157.216035203,-41.8566068832291
20171.1463505887,-41.8565537932767
20185.0862929828,-41.8564998080266
20199.0358690382,-41.8564449581337
20212.9950854127,-41.8563892741715
20226.9639487685,-41.8563327866339
20240.9424657726,-41.8562755259363
20254.9306430963,-41.8562175224172
20268.9284874157,-41.8561588063396
20282.9360054116,-41.8560994078922
20296.9532037692,-41.8560393571904
20310.9800891786,-41.8559786842775
20325.0166683342,-41.8559174191263
20339.0629479353,-41.8558555916392
20353.1189346856,-41.8557932316502
20367.1846352937,-41.855730368925
20381.2600564726,-41.8556670331622
20395.3452049399,-41.8556032539944
20409.4400874182,-41.8555390609882
20423.5447106344,-41.8554744836459
20437.6590813201,-41.8554095514053
20451.7832062117,-41.8553442936409
20465.9170920502,-41.8552787396641
20480.0607455811,-41.8552129187238
20494.2141735548,-41.8551468600071
20508.3773827263,-41.8550805926394
20522.550379855,-41.8550141456848
20536.7331717054,-41.8549475481465
20550.9257650464,-41.854880828967
20565.1281666516,-41.8548140170282
20579.3403832994,-41.8547471411518
20593.5624217728,-41.854680230099
20607.7942888595,-41.8546133125707
20622.0359913519,-41.8545464172074
20636.287536047,-41.8544795725891
20650.5489297467,-41.8544128072352
20664.8201792574,-41.8543461496039
20679.1012913903,-41.8542796280921
20693.3922729613,-41.8542132710351
20707.693130791,-41.8541471067056
20722.0038717048,-41.8540811633136
20736.3245025326,-41.8540154690054
20750.6550301093,-41.8539500518629
20764.9954612742,-41.8538849399024
20779.3458028716,-41.853820161074
20793.7060617505,-41.85375574326
20808.0762447645,-41.8536917142739
20822.4563587719,-41.8536281018587
20836.8464106361,-41.8535649336853
20851.2464072247,-41.8535022373507
20865.6563554106,-41.853440040376
20880.0762620709,-41.8533783702042
20894.506134088,-41.8533172541977
20908.9459783486,-41.8532567196356
20923.3958017445,-41.8531967937106
20937.855611172,-41.8531375035261
20952.3254135324,-41.8530788760921
20966.8052157315,-41.8530209383215
20981.2950246801,-41.8529637170255
20995.7948472937,-41.8529072389092
21010.3046904926,-41.8528515305659
21024.8245612018,-41.8527966184711
21039.3544663512,-41.8527425289767
21053.8944128753,-41.8526892883032
21068.4444077137,-41.8526369225321
21083.0044578106,-41.8525854575975
21097.5745701149,-41.8525349192759
21112.1547515806,-41.8524853331762
21126.7450091661,-41.8524367247273
21141.3453498351,-41.8523891191658
21155.9557805556,-41.8523425415207
21170.5763083008,-41.852297016598
21185.2069400486,-41.8522525689624
21199.8476827817,-41.8522092229173
21214.4985434876,-41.8521670024828
21229.1595291587,-41.8521259313704
21243.8306467921,-41.8520860329554
21258.5119033899,-41.8520473302455
21273.203305959,-41.8520098458457
21287.9048615111,-41.8519736019186
21302.6165770627,-41.8519386201399
21317.3384596352,-41.8519049216481
21332.0705162549,-41.8518725269872
21346.8127539529,-41.851841456042
21361.5651797653,-41.8518117279649
21376.3278007327,-41.8517833610911
21391.100623901,-41.8517563728434
21405.8836563206,-41.8517307796217
21420.6769050471,-41.8517065966769
21435.4803771408,-41.851683837965
21450.2940796668,-41.851662515979
21465.1180196952,-41.8516426415528
21479.9522043011,-41.8516242236345
21494.7966405641,-41.8516072690203
21509.6513355692,-41.851591782043
21524.516296406,-41.8515777642052
21539.3915301689,-41.8515652137456
21554.2770439575,-41.8515541251235
21569.1728448761,-41.8515444884042
21584.078940034,-41.8515362885208
21598.9953365453,-41.8515295043845
21613.9220415291,-41.8515241078048
21628.8590621094,-41.8515200621708
21643.8064054153,-41.8515173208311
21658.7640785805,-41.8515158250878
21673.7320887438,-41.8515155016941
21688.710443049,-41.8515162597066
21703.6991486447,-41.8515179864899
21718.6982126846,-41.8515205425959
21733.7076423271,-41.8515237551295
21748.7274447358,-41.8515274090554
21763.7576270792,-41.8515312356579
21778.7981965305,-41.8515348970089
21793.8491602683,-41.8515379647321
21808.9105254757,-41.8515398904674
21823.9822993411,-41.8515399639881
21839.0644890577,-41.851537252502
21854.1571018238,-41.8515305104831
21869.2601448425,-41.8515180418778
21884.373625322,-41.8514974825142
21899.4975504756,-41.8514654430564
21914.6319275212,-41.851416895776
21929.776763682,-41.8513440615871
21944.9320661863,-41.851234247585
21960.097842267,-41.8510652652609
21975.2740991622,-41.8507945478932
21990.4608441152,-41.850328852422
22005.658084374,-41.8494170324987
22020.8658271918,-41.8470708208531
22036.0840798267,-41.831413982259
22051.3128495418,-41.8651562725015
22066.5521436053,-41.8577689766596
22081.8019692905,-41.8560484506341
22097.0623338756,-41.8553229816562
22112.3332446438,-41.854950914356
22127.6147088834,-41.8547459553808
22142.9067338877,-41.8546341226468
22158.2093269552,-41.8545802149164
22173.5224953891,-41.8545653624898
22188.8462464981,-41.8545785550766
22204.1805875955,-41.8546129486812
22219.5255260001,-41.854664076778
22234.8810690353,-41.8547289109401
22250.2472240298,-41.8548053348993
22265.6239983175,-41.854891834332
22281.011399237,-41.8549873058137
22296.4094341324,-41.8550909348169
22311.8181103526,-41.8552021153686
22327.2374352516,-41.855320395737
22342.6674161885,-41.8554454408899
22358.1080605276,-41.8555770060583
22373.5593756381,-41.8557149178361
22389.0213688945,-41.8558590605143
22404.4940476762,-41.8560093661281
22419.9774193678,-41.8561658071964
22435.4714913591,-41.8563283914572
22450.9762710447,-41.8564971581157
22466.4917658247,-41.8566721752716
22482.017983104,-41.8568535382912
22497.5549302928,-41.8570413689656
22513.1026148063,-41.8572358153464
22528.661044065,-41.8574370521927
22544.2302254943,-41.8576452819955
22559.8101665248,-41.857860736572
22575.4008745925,-41.8580836792463
22591.0023571381,-41.858314407658
22606.6146216078,-41.8585532572622
22622.2376754528,-41.8588006056132
22637.8715261293,-41.8590568775522
22653.516181099,-41.8593225514589
22669.1716478285,-41.8595981667671
22684.8379337896,-41.8598843330061
22700.5150464593,-41.8601817406945
22716.2029933198,-41.8604911745121
22731.9017818584,-41.8608135292885
22747.6114195675,-41.8611498295131
22763.331913945,-41.8615012532749
22779.0632724935,-41.8618691618337
22794.8055027213,-41.8622551364051
22810.5586121415,-41.8626610242821
22826.3226082725,-41.8630889971603
22842.097498638,-41.8635416255882
22857.8832907668,-41.864021974974
22873.679992193,-41.8645337307803
22889.4876104557,-41.8650813637825
22905.3061530994,-41.8656703511566
22921.1356276737,-41.8663074766652
22936.9760417336,-41.867001244967
22952.8274028391,-41.8677624639626
22968.6897185556,-41.8686050802042
22984.5629964535,-41.8695474052203
23000.4472441088,-41.8706139632565
23016.3424691023,-41.8718383595911
23032.2486790204,-41.8732678888275
23048.1658814545,-41.8749712404527
23064.0940840015,-41.8770520008079
23080.0332942632,-41.8796736517188
23095.9835198469,-41.8831089324325
23111.9447683652,-41.8878445176165
23127.9170474358,-41.8948158875813
23143.9003646817,-41.9058558695972
23159.8947277313,-41.9203673994841
23175.9001442181,-39.6955248015559
23191.9166217809,-41.6441111919592
23207.9441680639,-41.7804539973132
23223.9827907165,-41.813617365678
23240.0324973933,-41.8283181341362
23256.0932957545,-41.836647495925
23272.1651934651,-41.842056861604
23288.2481981959,-41.8458927651895
23304.3423176226,-41.84878663643
23320.4475594266,-41.8510731767514
23336.5639312942,-41.8529461054497
23352.6914409172,-41.854525230152
23368.8300959929,-41.855888590998
23384.9799042235,-41.8570891864411
23401.1408733169,-41.8581642640213
23417.3130109862,-41.8591407634865
23433.4963249498,-41.8600386501244
23449.6908229314,-41.8608730339364
23465.8965126601,-41.861655560815
23482.1134018703,-41.8623953515515
23498.3414983019,-41.8630996512487
23514.5808096999,-41.8637742881964
23530.8313438148,-41.8644240043668
23547.0931084025,-41.8650526975487
23563.3661112241,-41.8656636014984
23579.6503600462,-41.8662594218539
23595.9458626408,-41.8668424399843
23612.252626785,-41.867414593263
23628.5706602616,-41.8679775377791
23644.8999708587,-41.8685326978115
23661.2405663696,-41.8690813052136
23677.5924545932,-41.8696244310292
23693.9556433337,-41.870163011071
23710.3301404007,-41.8706978667635
23726.7159536091,-41.871229722244
23743.1130907795,-41.8717592184814
23759.5215597375,-41.8722869250023
23775.9413683143,-41.8728133496851
23792.3725243467,-41.8733389469825
23808.8150356766,-41.8738641248595
23825.2689101516,-41.8743892506748
23841.7341556244,-41.8749146561891
23858.2107799533,-41.8754406418464
23874.6987910022,-41.8759674804506
23891.1981966402,-41.8764954203325
23907.7090047419,-41.8770246880899
23924.2312231874,-41.8775554909642
23940.7648598621,-41.8780880189104
23957.309922657,-41.8786224464046
23973.8664194685,-41.8791589340274
23990.4343581985,-41.8796976298546
24007.0137467543,-41.8802386706824
24023.6045930486,-41.8807821831096
24040.2069049997,-41.8813282844952
24056.8206905314,-41.881877083809
24073.4459575728,-41.8824286823877
24090.0827140586,-41.8829831746089
24106.730967929,-41.8835406484942
24123.3907271297,-41.8841011862477
24140.0619996117,-41.8846648647403
24156.7447933317,-41.8852317559444
24173.4391162519,-41.8858019273253
24190.1449763398,-41.8863754421944
24206.8623815687,-41.886952360028
24223.5913399172,-41.8875327367565
24240.3318593694,-41.8881166250256
24257.083947915,-41.8887040744343
24273.8476135493,-41.8892951317508
24290.622864273,-41.8898898411091
24307.4097080923,-41.8904882441882
24324.208153019,-41.8910903803763
24341.0182070705,-41.8916962869199
24357.8398782696,-41.892305999061
24374.6731746448,-41.8929195501625
24391.51810423,-41.8935369718238
24408.3746750647,-41.8941582939856
24425.242895194,-41.8947835450281
24442.1227726686,-41.8954127518599
24459.0143155446,-41.8960459400005
24475.9175318838,-41.8966831336566
24492.8324297536,-41.897324355792
24509.7590172267,-41.8979696281923
24526.6973023819,-41.8986189715252
24543.647293303,-41.8992724053957
24560.6089980798,-41.8999299483976
24577.5824248075,-41.900591618161
24594.567581587,-41.9012574313963
24611.5644765247,-41.9019274039355
24628.5731177327,-41.9026015507699
24645.5935133285,-41.9032798860857
24662.6256714355,-41.9039624232967
24679.6696001826,-41.9046491750749
24696.7253077042,-41.9053401533789
24713.7928021404,-41.9060353694805
24730.872091637,-41.9067348339892
24747.9631843454,-41.9074385568752
24765.0660884225,-41.9081465474909
24782.180812031,-41.9088588145906
24799.3073633392,-41.9095753663496
24816.445750521,-41.9102962103809
24833.595981756,-41.9110213537518
24850.7580652294,-41.9117508029991
24867.932009132,-41.9124845641426
24885.1178216605,-41.9132226426987
24902.3155110171,-41.9139650436927
24919.5250854096,-41.9147117716696
24936.7465530515,-41.9154628307056
24953.9799221622,-41.916218224417
24971.2252009664,-41.9169779559706
24988.4823976949,-41.917742028091
25005.7515205838,-41.9185104430696
25023.0325778751,-41.9192832027717
25040.3255778166,-41.9200603086432
25057.6305286615,-41.9208417617175
25074.947438669,-41.9216275626207
25092.2763161038,-41.9224177115781
25109.6171692364,-41.9232122084187
25126.970006343,-41.92401105258
25144.3348357056,-41.9248142431127
25161.7116656117,-41.9256217786845
25179.1005043549,-41.9264336575843
25196.501360234,-41.9272498777251
25213.9142415542,-41.9280704366481
25231.3391566257,-41.928895331525
25248.7761137652,-41.9297245591616
25266.2251212945,-41.9305581159998
25283.6861875415,-41.9313959981206
25301.1593208398,-41.9322382012467
25318.6445295287,-41.9330847207445
25336.1418219534,-41.9339355516266
25353.6512064646,-41.9347906885542
25371.1726914191,-41.9356501258395
25388.7062851793,-41.936513857448
25406.2519961133,-41.9373818770014
25423.8098325951,-41.9382541777799
25441.3798030045,-41.9391307527258
25458.961915727,-41.9400115944467
25476.5561791541,-41.9408966952189
25494.1626016827,-41.9417860469926
25511.781191716,-41.9426796413962
25529.4119576626,-41.9435774697423
25547.0549079371,-41.9444795230346
25564.71005096,-41.9453857919756
25582.3773951573,-41.9462962669761
25600.0569489612,-41.947210938166
25617.7487208095,-41.948129795407
25635.4527191458,-41.9490528283082
25653.1689524198,-41.9499800262441
25670.8974290867,-41.950911378376
25688.6381576078,-41.9518468736776
25706.3911464501,-41.9527865009654
25724.1564040865,-41.9537302489351
25741.9339389958,-41.9546781062055
25759.7237596626,-41.9556300613703
25777.5258745774,-41.9565861030613
25795.3402922366,-41.9575462200246
25813.1670211422,-41.9585104012126
25831.0060698026,-41.9594786358963
25848.8574467315,-41.9604509138022
25866.7211604489,-41.9614272252807
25884.5972194806,-41.9624075615141
25902.4856323581,-41.9633919147745
25920.3864076191,-41.9643802787459
25938.2995538069,-41.9653726489307
25956.2250794709,-41.9663690231636
25974.1629931663,-41.9673694022707
25992.1133034543,-41.9683737909192
26010.076018902,-41.9693821987262
26028.0511480824,-41.9703946417231
26046.0386995744,-41.9714111443113
26064.0386819628,-41.9724317419143
26082.0511038385,-41.9734564846287
26100.0759737982,-41.9744854423416
26118.1133004444,-41.9755187120453
26136.1630923859,-41.9765564285326
26154.2253582372,-41.9775987804384
26172.3001066187,-41.9786460350265
26190.3873461571,-41.9796985778263
26208.4870854846,-41.980756978639
26226.5993332397,-41.9818221069175
26244.7240980668,-41.9828953457205
26262.8613886162,-41.9839790187701
26281.0112135442,-41.9850773274882
26299.1735815131,-41.9861986849691
26317.3485011912,-41.987362679648
26335.5359812528,-41.9886276738579
26353.7360303781,-41.990279981022
26371.9486572535,-42.0387254306313
26390.1738705711,-41.9900188033637
26408.4116790293,-41.991725199076
26426.6620913324,-41.9930137346664
26444.9251161907,-41.9942019408057
26463.2007623204,-41.9953520140231
26481.489038444,-41.9964844781479
26499.7899532898,-41.9976080552191
26518.1035155922,-41.9987270633846
26536.4297340917,-41.999843869163
26554.7686175348,-42.000959864629
26573.120174674,-42.0020759103289
26591.4844142679,-42.0031925562261
26609.861345081,-42.0043101604233
26628.2509758842,-42.0054289568617
26646.6533154541,-42.0065490958429
26665.0683725736,-42.0076706692783
26683.4961560315,-42.0087937269603
26701.9366746229,-42.0099182873477
26720.3899371487,-42.0110443448854
26738.8559524161,-42.0121718750677
26757.3347292382,-42.0133008379949
26775.8262764344,-42.0144311808984
26794.3306028301,-42.0155628399432
26812.8477172568,-42.0166957415152
26831.377628552,-42.0178298031308
26849.9203455594,-42.0189649340665
26868.4758771289,-42.0201010357748
26887.0442321165,-42.0212380021336
26905.625419384,-42.0223757195634
26924.2194477998,-42.0235140670354
26942.8263262381,-42.0246529159886
26961.4460635794,-42.0257921301675
26980.0786687102,-42.0269315653889
26998.7241505233,-42.0280710692435
27017.3825179175,-42.0292104807349
27036.0537797978,-42.0303496298587
27054.7379450754,-42.0314883371211
27073.4350226676,-42.0326264129957
27092.1450214978,-42.0337636573163
27110.8679504959,-42.0348998586031
27129.6038185975,-42.0360347933166
27148.3526347446,-42.037168225035
27167.1144078855,-42.0382999035482
27185.8891469745,-42.0394295638612
27204.6768609722,-42.0405569250978
27223.4775588452,-42.0416816892948
27242.2912495666,-42.0428035400758
27261.1179421155,-42.0439221411905
27279.9576454772,-42.0450371349059
27298.8103686432,-42.046148140231
27317.6761206115,-42.0472547509568
27336.5549103858,-42.0483565334886
27355.4467469765,-42.0494530244458
27374.3516394,-42.0505437279996
27393.2695966789,-42.0516281129154
27412.2006278422,-42.052705609262
27431.144741925,-42.0537756047421
27450.1019479687,-42.0548374405939
27469.0722550209,-42.0558904070041
27488.0556721355,-42.0569337379632
27507.0522083726,-42.0579666054828
27526.0618727987,-42.0589881130807
27545.0846744865,-42.0599972884244
27564.1206225148,-42.0609930750024
27583.1697259689,-42.0619743226717
27602.2319939403,-42.0629397768996
27621.3074355268,-42.0638880664851
27640.3960598324,-42.0648176895044
27659.4978759675,-42.0657269971716
27678.6128930487,-42.0666141752476
27697.741120199,-42.067477222549
27716.8825665477,-42.0683139260175
27736.0372412302,-42.0691218316896
27755.2051533886,-42.0698982107578
27774.386312171,-42.070640019728
27793.5807267319,-42.0713438534397
27812.7884062321,-42.0720058894112
27832.0093598389,-42.0726218215822
27851.2435967258,-42.0731867810224
27870.4911260725,-42.0736952405105
27889.7519570654,-42.0741408990257
27909.0260988969,-42.0745165410372
27928.313560766,-42.0748138639358
27947.6143518779,-42.0750232648653
27966.9284814442,-42.0751335753533
27986.2559586829,-42.0751317281982
28005.5967928184,-42.0750023355377
28024.9509930814,-42.074727149191
28044.3185687089,-42.0742843630827
28063.6995289446,-42.0736477010747
28083.0938830382,-42.0727852090324
28102.501640246,-42.0716576328518
28121.9228098308,-42.0702162068503
28141.3574010615,-42.0683995863213
28160.8054232137,-42.0661295112406
28180.2668855692,-42.0633045434563
28199.7417974163,-42.0597907989691
28219.2301680498,-42.0554078470703
28238.7320067708,-42.0499065558775
28258.2473228869,-42.0429329533923
28277.776125712,-42.0339665947786
28297.3184245667,-42.0222096589911
28316.8742287778,-42.0063737591007
28336.4435476785,-41.9842344160793
28356.0263906088,-41.9515922402133
28375.6227669148,-41.8994562058511
28395.2326859491,-41.8044828266928
28414.8561570711,-41.5813313034671
28434.4931896463,-40.4713513786672
28454.1437930467,-43.8525324233167
28473.807976651,-42.7156377566912
28493.4857498442,-42.4901614623302
28513.1771220178,-42.3945592862499
28532.8821025699,-42.3421824777989
28552.600700905,-42.309438313923
28572.3329264342,-42.2872613386049
28592.0787885748,-42.2714236789604
28611.8382967511,-42.2596880692795
28631.6114603935,-42.2507597060159
28651.398288939,-42.2438372758344
28671.1987918314,-42.2383983156184
28691.0129785206,-42.234087635183
28710.8408584634,-42.2306553460666
28730.6824411228,-42.2279205415593
28750.5377359687,-42.2257490403012
28770.4067524773,-42.2240392255153
28790.2895001314,-42.2227127408174
28810.1859884204,-42.2217082045558
28830.0962268402,-42.2209768588776
28850.0202248932,-42.2204794927604
28869.9579920886,-42.2201842241679
28889.909537942,-42.2200648740193
28909.8748719755,-42.2200997556819
28929.8540037179,-42.2202707612767
28949.8469427047,-42.2205626633401
28969.8536984777,-42.2209625749813
28989.8742805855,-42.2214595282296
29009.9086985833,-42.2220441415826
29029.9569620327,-42.2227083556391
29050.0190805023,-42.2234452212444
29070.0950635669,-42.2242487285434
29090.1849208082,-42.2251136682002
29110.2886618142,-42.2260355181434
29130.40629618,-42.2270103507494
29150.537833507,-42.2280347565373
29170.6832834031,-42.2291057813251
29190.8426554833,-42.2302208744709
29211.0159593689,-42.2313778463363
29231.2032046879,-42.232574833516
29251.4044010751,-42.2338102706964
29271.6195581717,-42.2350828682631
29291.8486856258,-42.2363915949885
29312.0917930921,-42.2377356653059
29332.3488902319,-42.2391145308322
29352.6199867132,-42.2405278759376
29372.9050922108,-42.2419756172886
29393.204216406,-42.2434579074226
29413.517368987,-42.2449751425403
29433.8445596486,-42.2465279748531
29454.1857980921,-42.2481173299823
29474.5410940258,-42.2497444301107
29494.9104571646,-42.25141082382
29515.2938972302,-42.2531184238563
29535.6914239508,-42.2548695544415
29556.1030470614,-42.2566670102535
29576.5287763039,-42.2585141298489
29596.9686214268,-42.2604148871773
29617.4225921854,-42.2623740060143
29637.8906983416,-42.2643971037523
29658.3729496641,-42.2664908732135
29678.8693559284,-42.2686633142739
29699.3799269169,-42.270924031521
29719.9046724184,-42.2732846205658
29740.4436022288,-42.2757591749981
29760.9967261506,-42.2783649599411
29781.5640539931,-42.2811233193734
29802.1455955724,-42.2840609172829
29822.7413607114,-42.2872114649054
29843.3513592398,-42.2906181712485
29863.975600994,-42.2943372963441
29884.6140958172,-42.2984434326609
29905.2668535595,-42.3030375812922
29925.9338840778,-42.3082599146887
29946.6151972358,-42.3143107378647
29967.310802904,-42.3214865282211
29988.0207109596,-42.3302454314141
30008.7449312868,-42.3413347277876
30029.4834737766,-42.3560614774217
30050.2363483268,-42.3769371680341
30071.003564842,-42.4094796269562
30091.7851332338,-42.4686295175671
30112.5810634204,-42.61381000232
30133.3913653271,-43.5864380689471
30154.216048886,-41.5989696285958
30175.0551240359,-42.0093779212033
30195.9086007226,-42.1129041508354
30216.7764888988,-42.1606698365632
30237.658798524,-42.1885482019579
30258.5555395647,-42.2070765029358
30279.4667219942,-42.2204657619671
30300.3923557926,-42.2307285859397
30321.3324509471,-42.2389481113676
30342.2870174517,-42.24575899586
30363.2560653072,-42.2515577381161
30384.2396045216,-42.2566047884097
30405.2376451095,-42.2610782704496
30426.2501970926,-42.2651041066707
30447.2772704994,-42.2687738109816
30468.3188753656,-42.2721554577933
30489.3750217334,-42.275300687791
30510.4457196525,-42.2782493076088
30531.5309791789,-42.2810323536128
30552.6308103761,-42.2836740791736
30573.7452233143,-42.2861929468894
30594.8742280707,-42.2886007485369
30616.0178347294,-42.2908923806606
30637.1760533816,-42.2928330962241
30658.3488941254,-42.2956497520776
30679.5363670659,-42.2976556894629
30700.738482315,-42.2996995505205
30721.955249992,-42.3017119535711
30743.1866802228,-42.3036870233732
30764.4327831404,-42.3056258352686
30785.693568885,-42.3075308126109
30806.9690476036,-42.3094045706779
30828.2592294502,-42.3112496056719
30849.5641245859,-42.3130682087666
30870.8837431789,-42.314862451711
30892.2180954043,-42.3166341969058
30913.5671914442,-42.3183851154305
30934.9310414879,-42.3201167067597
30956.3096557316,-42.3218303177411
30977.7030443786,-42.3235271599566
30999.1112176392,-42.3252083252305
31020.5341857308,-42.3268747993227
31041.971958878,-42.3285274739521
31063.4245473121,-42.3301671573297
31084.8919612719,-42.331794583382
31106.374211003,-42.3334104198325
31127.8713067581,-42.3350152752934
31149.3832587971,-42.3366097054988
31170.9100773869,-42.3381942187943
31192.4517728015,-42.3397692809834
31214.0083553222,-42.3413353196133
31235.579835237,-42.3428927277772
31257.1662228413,-42.3444418674919
31278.7675284377,-42.3459830727082
31300.3837623356,-42.3475166519982
31322.0149348517,-42.3490428909617
31343.66105631,-42.3505620543843
31365.3221370413,-42.3520743881797
31386.9981873838,-42.3535801211397
31408.6892176827,-42.3550794665172
31430.3952382904,-42.3565726234597
31452.1162595665,-42.3580597783121
31473.8522918776,-42.3595411058036
31495.6033455977,-42.3610167701317
31517.3694311078,-42.3624869259559
31539.1505587961,-42.3639517193105
31560.946739058,-42.3654112884461
31582.7579822961,-42.3668657646094
31604.5842989202,-42.3683152727657
31626.4256993472,-42.3697599322739
31648.2821940013,-42.3711998575182
31670.1537933138,-42.3726351585015
31692.0405077234,-42.3740659414075
31713.9423476758,-42.375492309134
31735.8593236241,-42.3769143618023
31757.7914460284,-42.3783321972469
31779.7387253563,-42.3797459114893
31801.7011720824,-42.3811555991984
31823.6787966887,-42.3825613541419
31845.6716096643,-42.3839632696317
31867.6796215057,-42.3853614389662
31889.7028427166,-42.3867559558732
31911.7412838078,-42.3881469149555
31933.7949552977,-42.3895344121449
31955.8638677116,-42.3909185451643
31977.9480315824,-42.3922994140056
32000.0474574501,-42.3936771214232
32022.1621558619,-42.3950517734504
32044.2921373724,-42.3964234799404
32066.4374125437,-42.3977923551383
32088.5979919447,-42.3991585182881
32110.7738861522,-42.4005220942811
32132.9651057498,-42.4018832143513
32155.1716613287,-42.4032420168249
32177.3935634873,-42.4045986479316
32199.6308228314,-42.4059532626871
32221.883449974,-42.4073060258559
32244.1514555357,-42.4086571130057
32266.4348501442,-42.4100067116667
32288.7336444345,-42.4113550226104
32311.0478490492,-42.4127022612647
32333.3774746381,-42.4140486592847
32355.7225318583,-42.4153944663017
32378.0830313744,-42.4167399518771
32400.4589838583,-42.4180854076907
32422.8503999893,-42.4194311500003
32445.2572904541,-42.4207775224133
32467.6796659467,-42.4221248990197
32490.1175371686,-42.4234736879451
32512.5709148285,-42.4248243353921
32535.0398096428,-42.4261773302516
32557.5242323351,-42.4275332093835
32580.0241936364,-42.4288925636817
32602.5397042852,-42.4302560450675
32625.0707750275,-42.4316243745819
32647.6174166165,-42.4329983517836
32670.1796398129,-42.4343788657105
32692.7574553851,-42.4357669077152
32715.3508741085,-42.4371635865623
32737.9599067663,-42.4385701462682
32760.584564149,-42.4399879872841
32783.2248570547,-42.4414186917782
32805.8807962886,-42.4428640539758
32828.5523926638,-42.4443261167786
32851.2396570008,-42.445807216238
32873.9426001271,-42.4473100359196
32896.6612328784,-42.4488376738272
32919.3955660974,-42.4503937254096
32942.1456106344,-42.4519823873485
32964.9113773472,-42.4536085884637
32987.6928771013,-42.4552781563812
33010.4901207694,-42.4569980319078
33033.3031192319,-42.4587765478459
33056.1318833766,-42.4606237960395
33078.9764240991,-42.4625521170465
33101.8367523021,-42.4645767630512
33124.7128788962,-42.4667168100099
33147.6048147994,-42.4689964356616
33170.5125709372,-42.471446746882
33193.4361582427,-42.4741084531326
33216.3755876565,-42.4770358812784
33239.330870127,-42.4803031886177
33262.3020166099,-42.4840143193014
33285.2890380684,-42.4883196291937
33308.2919454737,-42.4934450445515
33331.3107498041,-42.499746363212
33354.3454620457,-42.5078182356923
33377.3960931923,-42.5187350186979
33400.4626542452,-42.5346566936313
33423.5451562132,-42.5606635758727
33446.6436101129,-42.6122110879369
33469.7580269683,-42.7692224924751
33492.8884178112,-36.0123005851799
33516.034793681,-42.1844534200747
33539.1971656245,-42.3230609488052
33562.3755446966,-42.3711794142405
33585.5699419593,-42.3959597038114
33608.7803684827,-42.4112845520508
33632.0068353442,-42.4218462694391
33655.2493536291,-42.4296719070972
33678.5079344303,-42.4357803065228
33701.7825888482,-42.4407396076327
33725.0733279911,-42.4448916561321
33748.3801629749,-42.4484544736617
33771.7031049231,-42.4515736719173
33795.0421649671,-42.4543502137194
33818.3973542456,-42.4568563121323
33841.7686839055,-42.4591449877407
33865.156165101,-42.4612560513748
33888.5598089942,-42.4632199805328
33911.9796267549,-42.4650605067166
33935.4156295605,-42.4667963875624
33958.8678285963,-42.4684426484963
33982.3362350552,-42.4700114703893
34005.8208601379,-42.4715128356399
34029.3217150528,-42.4729550060759
34052.8388110161,-42.474344881648
34076.3721592517,-42.4756882732424
34099.9217709912,-42.4769901127026
34123.4876574742,-42.4782546163203
34147.0698299478,-42.4794854134161
34170.6682996669,-42.4806856484326
34194.2830778944,-42.4818580627175
34217.9141759008,-42.4830050605858
34241.5616049643,-42.4841287631029
34265.2253763712,-42.4852310521999
34288.9055014154,-42.4863136071185
34312.6019913985,-42.4873779347306
34336.3148576301,-42.488425394931
34360.0441114276,-42.4894572220513
34383.7897641161,-42.4904745430397
34407.5518270287,-42.4914783930035
34431.3303115061,-42.4924697285947
34455.125228897,-42.4934494396271
34478.936590558,-42.494418359243
34502.7644078534,-42.4953772728948
34526.6086921554,-42.4963269263616
34550.4694548441,-42.4972680329926
34574.3467073074,-42.4982012803452
34598.2404609411,-42.499127336375
34622.150727149,-42.5000468553386
34646.0775173426,-42.5009604835932
34670.0208429413,-42.5018688655462
34693.9807153725,-42.5027726501703
34717.9571460714,-42.5036724989053
34741.9501464812,-42.5045690968425
34765.9597280529,-42.5054631723406
34789.9859022454,-42.5063555419153
34814.0286805258,-42.5072472515847
34838.0880743686,-42.5081402735483
34862.1640952568,-42.5090470760815
34886.256754681,-42.509892537925
34910.3660641397,-42.5107997906752
34934.4920351396,-42.5116989946216
34958.6346791952,-42.5126005382281
34982.7940078289,-42.5135066376134
35006.9700325712,-42.5144188121379
35031.1627649604,-42.5153385084657
35055.372216543,-42.516267242157
35079.5983988733,-42.5172066551077
35103.8413235136,-42.5181585534473
35128.1010020344,-42.5191249420776
35152.3774460138,-42.5201080615664
35176.6706670382,-42.5211104303654
35200.980676702,-42.5221348946629
35225.3074866076,-42.5231846882513
35249.6511083651,-42.5242635052383
35274.0115535932,-42.525375589173
35298.3888339182,-42.5265258432325
35322.7829609745,-42.5277199676187
35347.1939464046,-42.5289646324179
35371.6218018591,-42.5302676971444
35396.0665389966,-42.5316384924218
35420.5281694837,-42.5330881853775
35445.0067049951,-42.5346302593312
35469.5021572137,-42.5362811518154
35494.0145378302,-42.5380611154854
35518.5438585436,-42.5399953984088
35543.0901310609,-42.5421158911134
35567.6533670973,-42.5444634709644
35592.2335783759,-42.5470914145007
35616.830776628,-42.5500704919725
35641.4449735931,-42.5534967982138
35666.0761810186,-42.5575042031192
35690.7244106603,-42.5622849477883
35715.3896742819,-42.5681253646146
35740.0719836552,-42.5754714842837
35764.7713505604,-42.5850584297223
35789.4877867856,-42.5981899364939
35814.2213041271,-42.6174198995817
35838.9719143894,-42.6485230711435
35863.7396293851,-42.7079078440923
35888.524460935,-42.8679093137958
35913.3264208682,-44.745228964783
35938.1455210216,-42.033952293006
35962.9817732407,-42.300489144983
35987.835189379,-42.3791604270358
36012.7057812981,-42.4169522465152
36037.593560868,-42.4392383205146
36062.4985399667,-42.4539919321264
36087.4207304806,-42.4645183307791
36112.3601443041,-42.4724346715917
36137.3167933401,-42.4786256820209
36162.2906894995,-42.4836161424812
36187.2818447014,-42.4877370428925
36212.2902708733,-42.4912074792111
36237.315979951,-42.4941782553207
36262.3589838782,-42.496756570634
36287.4192946073,-42.4990207203337
36312.4969240986,-42.5010292242516
36337.5918843209,-42.5028267014659
36362.7041872511,-42.5044477681469
36387.8338448745,-42.5059196934563
36412.9808691847,-42.5072642518824
36438.1452721834,-42.5084990420377
36463.3270658808,-42.5096384429933
36488.5262622953,-42.5106943192823
36513.7428734536,-42.5116765483949
36538.9769113907,-42.5125934208059
36564.2283881501,-42.5134519470767
36589.4973157834,-42.5142580962744
36614.7837063506,-42.5150169829822
36640.08757192,-42.515733015382
36665.4089245684,-42.5164100135427
36690.7477763808,-42.517051304678
36716.1041394505,-42.5176598004373
36741.4780258792,-42.5182380600582
36766.8694477771,-42.5187883423062
36792.2784172627,-42.5193126484524
36817.7049464628,-42.5198127580387
36843.1490475126,-42.520290258799
36868.6107325558,-42.5207465718173
36894.0900137442,-42.5211829727764
36919.5869032384,-42.5216006099847
36945.1014132072,-42.5220005197284
36970.6335558277,-42.5223836393952
36996.1833432856,-42.5227508187287
37021.7507877749,-42.5231028295103
37047.3359014982,-42.5234403739069
37072.9386966662,-42.5237640916864
37098.5591854985,-42.5240745664623
37124.1973802228,-42.5243723311034
37149.8532930753,-42.5246578724229
37175.5269363007,-42.5249316352368
37201.2183221522,-42.5251940258714
37226.9274628914,-42.5254454151819
37252.6543707885,-42.525686141134
37278.399058122,-42.5259165109909
37304.161537179,-42.5261368031382
37329.9418202551,-42.5263472685709
37355.7399196542,-42.5265481320611
37381.5558476891,-42.526739593015
37407.3896166806,-42.5269218260225
37433.2412389586,-42.5270949810935
37459.1107268609,-42.527259183569
37484.9980927344,-42.5274145336817
37510.9033489341,-42.527561105734
37536.8265078237,-42.5276989468459
37562.7675817756,-42.527828075208
37588.7265831704,-42.5279484777565
37614.7035243977,-42.5280601071607
37640.6984178552,-42.5281628779771
37666.7112759494,-42.5282566617833
37692.7421110955,-42.5283412810444
37718.7909357171,-42.5284165013839
37744.8577622464,-42.5284820218275
37770.9426031241,-42.5285374624352
37797.0454707998,-42.5285823485334
37823.1663777314,-42.5286160904671
37849.3053363857,-42.5286379573713
37875.4623592377,-42.5286470428542
37901.6374587714,-42.5286422195816
37927.8306474793,-42.5286220783949
37954.0419378624,-42.5285848455047
37980.2713424307,-42.5285282680198
38006.5188737024,-42.5284494527841
38032.7845442047,-42.5283446347406
38059.0683664732,-42.5282088361111
38085.3703530524,-42.5280353512954
38111.6905164952,-42.5278149439033
38138.0288693635,-42.527534549033
38164.3854242277,-42.5271750845275
38190.7601936667,-42.5267075653336
38217.1531902685,-42.5260857584956
38243.5644266294,-42.5252311597118
38269.9939153548,-42.5239989509212
38296.4416690584,-42.5220893377951
38322.907700363,-42.5187647059781
38349.3920218998,-42.5115912447208
38375.894646309,-42.4849739944926
38402.4155862393,-42.6625913868681
38428.9548543483,-42.5584925598075
38455.5124633023,-42.5464726789835
38482.0884257763,-42.54182322501
38508.6827544542,-42.5393523194617
38535.2954620286,-42.5378157410038
38561.9265612007,-42.5367642360006
38588.5760646808,-42.5359960723567
38615.2439851877,-42.5354072191594
38641.9303354491,-42.5349385949114
38668.6351282015,-42.5345541627235
38695.3583761902,-42.5342306969976
38722.1000921693,-42.5339525579691
38748.8602889018,-42.5337088305693
38775.6389791593,-42.5334916670447
38802.4361757225,-42.5332952811696
38829.2518913808,-42.5331153135363
38856.0861389323,-42.5329484174167
38882.9389311842,-42.5327919806097
38909.8102809524,-42.5326439337853
38936.7002010616,-42.5325026152797
38963.6087043457,-42.5323666732981
38990.5358036469,-42.5322349921569
39017.4815118168,-42.5321066275677
39044.4458417157,-42.5319806794434
39071.4288062127,-42.5318727862137
39098.4304181858,-42.5317355195351
39125.4506905221,-42.5316138116731
39152.4896361173,-42.5314927400579
39179.5472678763,-42.531371824525
39206.6235987127,-42.5312507169671
39233.7186415492,-42.5311291187211
39260.8324093174,-42.5310067633124
39287.9649149577,-42.5308834084764
39315.1161714195,-42.530758830863
39342.2861916613,-42.5306328219591
39369.4749886503,-42.5305051847414
39396.6825753628,-42.5303757308317
39423.9089647842,-42.5302442780242
39451.1541699087,-42.5301106480957
39478.4182037394,-42.5299746648329
39505.7010792887,-42.5298361522247
39533.0028095776,-42.5296949327795
39560.3234076363,-42.52955082593
39587.6628865042,-42.5294036464978
39615.0212592293,-42.5292532031906
39642.398538869,-42.5290992971069
39669.7947384894,-42.5289417202285
39697.2098711659,-42.5287802538773
39724.6439499827,-42.528614667118
39752.0969880333,-42.5284447150835
39779.5689984201,-42.5282701372037
39807.0599942544,-42.5280906553148
39834.5699886569,-42.5279059716241
39862.0989947571,-42.5277157665056
39889.6470256937,-42.5275196960962
39917.2140946144,-42.5273173896615
39944.8002146761,-42.5271084466943
39972.4053990448,-42.5268924337041
40000.0296608953,-42.5266688806515
40027.6730134119,-42.5264372769723
40055.3354697878,-42.5261970671291
40083.0170432253,-42.5259476456163
40110.717746936,-42.525688351334
40138.4375941404,-42.5254184612303
40166.1765980683,-42.5251371830937
40193.9347719586,-42.5248436473555
40221.7121290593,-42.524536897737
40249.5086826276,-42.5242158805424
40277.3244459299,-42.5238794323607
40305.1594322418,-42.5235262658906
40333.0136548478,-42.5231549535424
40360.8871270419,-42.522763908398
40388.7798621272,-42.5223513620169
40416.691873416,-42.5219153384581
40444.6231742296,-42.521453623744
40472.5737778987,-42.5209637298037
40500.5436977633,-42.520442851693
40528.5329471724,-42.5198878165841
40556.5415394844,-42.5192950226147
40584.5694880667,-42.5186603651667
40612.6168062963,-42.517979147453
40640.6835075592,-42.5172459713755
40668.7696052506,-42.5164546033857
40696.8751127751,-42.5155978084066
40725.0000435464,-42.5146671425841
40753.1444109878,-42.513652692455
40781.3082285315,-42.5125427436522
40809.4915096192,-42.5113233559027
40837.6942677018,-42.5099778118858
40865.9165162395,-42.5084858940192
40894.158268702,-42.5068229230858
40922.4195385679,-42.5049584619235
40950.7003393254,-42.5028545396956
40979.0006844721,-42.5004631763573
41007.3205875147,-42.4977228630286
41035.6600619694,-42.4945534457836
41064.0191213616,-42.4908484989443
41092.3977792262,-42.4864636228791
41120.7960491073,-42.4811978773873
41149.2139445585,-42.4747631443448
41177.6514791427,-42.4667311521529
41206.1086664321,-42.4564365328409
41234.5855200085,-42.4427865064836
41263.0820534628,-42.4238522092669
41291.5982803955,-42.3958802838421
41320.1342144164,-42.350468190561
41348.6898691448,-42.2641383365653
41377.2652582094,-42.0370455865164
41405.860395248,-39.8363272957372
41434.4752939084,-43.3528265552216
41463.1099678474,-42.8965903665538
41491.7644307313,-42.7698477568274
41520.4386962361,-42.7104876087498
41549.1327780469,-42.676147801039
41577.8466898584,-42.6538295489749
41606.5804453749,-42.6382140886315
41635.33405831,-42.6267212100979
41664.1075423868,-42.617948183051
41692.9009113379,-42.6110673163517
41721.7141789055,-42.6055591363633
41750.5473588412,-42.6010815992772
41779.400464906,-42.59740077972
41808.2735108705,-42.5943517932841
41837.166510515,-42.5918156341185
41866.079477629,-42.589704875217
41895.0124260118,-42.5879545471302
41923.965369472,-42.5865161747376
41952.938321828,-42.5853538200677
41981.9312969075,-42.5844414554621
42010.9443085478,-42.5837612660752
42039.9773705961,-42.5833026490398
42069.0304969086,-42.5830617895645
42098.1037013516,-42.5830417820745
42127.1969978007,-42.5832533493149
42156.3104001411,-42.5837163162866
42185.4439222677,-42.5844621502291
42214.5975780849,-42.5855381377966
42243.7713815068,-42.5870142463382
42272.9653464571,-42.5889946467599
42302.1794868689,-42.5916378175827
42331.4138166855,-42.5951935071095
42360.6683498591,-42.600075487721
42389.943100352,-42.6070180619768
42419.2380821362,-42.6174551947376
42448.553309193,-42.6346060865765
42477.8887955137,-42.6674934546427
42507.2445550991,-42.7546937222028
42536.6206019598,-43.6166734443851
42566.0169501158,-42.257347666946
42595.4336135972,-42.4270419723902
42624.8706064434,-42.4747154392172
42654.3279427039,-42.4971310311067
42683.8056364374,-42.5101443639143
42713.3037017129,-42.5186423958973
42742.8221526087,-42.5246291011457
42772.3610032129,-42.529077735806
42801.9202676235,-42.5325176353574
42831.4999599482,-42.5352610520097
42861.1000943042,-42.5375037054754
42890.7206848187,-42.5393740458228
42920.3617456288,-42.5409592615316
42950.0232908809,-42.5423197435222
42979.7053347316,-42.5434972732263
43009.4078913472,-42.5445192916866
43039.1309749036,-42.5453998649286
43068.8745995867,-42.5461358494436
43098.6387795921,-42.5466907709348
43128.4235291253,-42.5469298748529
43158.2288624015,-42.5462235537658
43188.0547936458,-42.5309075100999
43217.901337093,-42.5553593617655
43247.7685069881,-42.553385435351
43277.6563175855,-42.5532317571959
43307.5647831497,-42.5534466847627
43337.4939179549,-42.553789626411
43367.4437362855,-42.5541876107128
43397.4142524353,-42.5546118039825
43427.4054807083,-42.5550490408381
43457.4174354184,-42.5554927907886
43487.4501308892,-42.5559396766131
43517.5035814542,-42.5563879428767
43547.5778014571,-42.5568367149242
43577.6728052512,-42.5572856139313
43607.7886071999,-42.5577345458341
43637.9252216764,-42.5581835807352
43668.0826630638,-42.5586328818398
43698.2609457554,-42.5590826626412
43728.4600841542,-42.559533160758
43758.6800926732,-42.5599846218553
43788.9209857355,-42.5604372897998
43819.182777774,-42.5608914007333
43849.4654832316,-42.5613471796345
43879.7691165611,-42.5618048384733
43910.0936922257,-42.5622645753826
43940.4392246981,-42.5627265744778
43970.8057284612,-42.5631910060807
44001.1932180079,-42.5636580271897
44031.6017078412,-42.5641277820897
44062.0312124741,-42.5646004030337
44092.4817464294,-42.5650760109502
44122.9533242402,-42.5655547161462
44153.4459604496,-42.5660366189889
44183.9596696107,-42.5665218105526
44214.4944662866,-42.5670103732263
44245.0503650506,-42.5675023812766
44275.6273804859,-42.5679979013664
44306.225527186,-42.5684969930295
44336.8448197543,-42.5689997091006
44367.4852728044,-42.5695060961046
44398.1469009599,-42.5700161946051
44428.8297188545,-42.5705300395153
44459.5337411323,-42.5710476603725
44490.258982447,-42.5715690815782
44521.005457463,-42.5720943226056
44551.7731808544,-42.5726233981756
44582.5621673056,-42.573156318403
44613.3724315112,-42.573693088913
44644.2039881758,-42.5742337109299
44675.0568520144,-42.574778181337
44705.931037752,-42.5753264927101
44736.8265601237,-42.5758786333211
44767.743433875,-42.5764345871151
44798.6816737615,-42.5769943336573
44829.641294549,-42.5775578480499
44860.6223110133,-42.5781251008175
44891.6247379407,-42.5786960577588
44922.6485901277,-42.5792706797621
44953.6938823808,-42.5798489225822
44984.7606295169,-42.5804307365748
45015.8488463632,-42.5810160663839
45046.958547757,-42.5816048505784
45078.0897485459,-42.5821970212304
45109.2424635878,-42.5827925034297
45140.4167077508,-42.5833912147252
45171.6124959134,-42.5839930644845
45202.8298429642,-42.5845979531598
45234.0687638023,-42.585205771446
45265.3292733368,-42.5858163993167
45296.6113864875,-42.5864297049181
45327.9151181842,-42.5870455432982
45359.2404833671,-42.5876637549452
45390.5874969867,-42.588284164103
45421.956174004,-42.5889065768253
45453.3465293901,-42.5895307787217
45484.7585781267,-42.5901565323402
45516.1923352055,-42.5907835741181
45547.6478156289,-42.5914116108184
45579.1250344096,-42.5920403153483
45610.6240065705,-42.592669321837
45642.144747145,-42.5932982198137
45673.687271177,-42.5939265472934
45705.2515937206,-42.594553782526
45736.8377298404,-42.5951793340997
45768.4456946113,-42.5958025290069
45800.0755031189,-42.5964225981691
45831.727170459,-42.5970386587718
45863.4007117378,-42.5976496925605
45895.0961420721,-42.5982545189866
45926.8134765889,-42.5988517617222
45958.5527304259,-42.5994398065605
45990.3139187313,-42.6000167480102
46022.0970566635,-42.6005803208832
46053.9021593915,-42.6011278117304
46085.7292420949,-42.6016559428559
46117.5783199637,-42.6021607184849
46149.4494081984,-42.6026372178733
46181.3425220098,-42.6030793127357
46213.2576766196,-42.6034792746371
46245.1948872598,-42.6038272189366
46277.154169173,-42.604110300052
46309.1355376122,-42.6043115179435
46341.139007841,-42.6044078976477
46373.1645951336,-42.6043676210137
46405.2123147749,-42.6041453328199
46437.28218206,-42.6036741055763
46469.3742122948,-42.6028509164429
46501.4884207958,-42.6015085792283
46533.62482289,-42.5993566963581
46565.783433915,-42.5958428049483
46597.9642692191,-42.5897716016331
46630.167344161,-42.5779916738528
46662.3926741102,-42.5486861497327
46694.6402744469,-42.3915689608503
46726.9101605616,-42.7681961962249
46759.2023478557,-42.6903963382975
46791.5168517411,-42.6665949412155
46823.8536876406,-42.656349178597
46856.2128709874,-42.6509516239727
46888.5944172253,-42.6478268851958
46920.9983418092,-42.6459502288989
46953.4246602042,-42.6448344191966
46985.8733878863,-42.6442185431754
47018.3445403422,-42.6439504879439
47050.8381330694,-42.6439357496949
47083.3541815759,-42.6441126700241
47115.8927013804,-42.6444394512845
47148.4537080127,-42.6448868993489
47181.0372170128,-42.6454341523739
47213.6432439319,-42.6460660582802
47246.2718043317,-42.646771507725
47278.9229137847,-42.6475423445445
47311.5965878742,-42.6483726386529
47344.2928421942,-42.6492581950962
47377.0116923496,-42.6501962298792
47409.7531539559,-42.6511850528302
47442.5172426396,-42.6522242197919
47475.3039740378,-42.6533140504573
47508.1133637986,-42.6544559076235
47540.9454275808,-42.6556521403775
47573.8001810539,-42.6569062010753
47606.6776398985,-42.6582228408543
47639.5778198058,-42.659608436158
47672.5007364781,-42.661071539507
47705.4464056283,-42.6626238605179
47738.4148429803,-42.6642821836734
47771.4060642687,-42.6660726550822
47804.4200852393,-42.6680423365911
47837.4569216484,-42.6703001909068
47870.5165892635,-42.6732508000289
47903.5991038628,-42.6833440703448
47936.7044812354,-42.6726532760001
47969.8327371815,-42.677292694315
48002.9838875121,-42.6808770431431
48036.1579480491,-42.6846079073003
48069.3549346253,-42.6887877832484
48102.5748630845,-42.6936555977512
48135.8177492816,-42.699514054808
48169.0836090821,-42.7068198877423
48202.3724583629,-42.7163323410916
48235.6843130115,-42.7294348875282
48269.0191889265,-42.7489580294381
48302.3771020176,-42.7817545120331
48335.7580682053,-42.8497962348255
48369.1621034214,-43.083145062124
48402.5892236084,-40.8701396180264
48436.0394447199,-42.3752951206811
48469.5127827206,-42.5077925285062
48503.0092535862,-42.5577274704207
48536.5288733034,-42.5842294848436
48570.0716578701,-42.6008477809278
48603.6376232951,-42.6123741803544
48637.2267855982,-42.6209341283903
48670.8391608105,-42.6276147899782
48704.4747649739,-42.6330300351343
48738.1336141417,-42.637552707703
48771.8157243781,-42.6414223370116
48805.5211117584,-42.644799826739
48839.249792369,-42.6477972636206
48873.0017823075,-42.6504951207942
48906.7770976827,-42.6529526652783
48940.5757546143,-42.6552145081496
48974.3977692332,-42.6573148682952
49008.2431576817,-42.6592804296871
49042.1119361129,-42.6611323052601
49076.0041206913,-42.6628874171621
49109.9197275924,-42.6645594861862
49143.8587730031,-42.666159753681
49177.8212731214,-42.6676975166971
49211.8072441563,-42.6691805304193
49245.8167023282,-42.67061531477
49279.8496638688,-42.6720073907987
49313.9061450207,-42.6733614649388
49347.986162038,-42.6746815740811
49382.089731186,-42.6759712008645
49416.2168687411,-42.677233366093
49450.367590991,-42.6784707034181
49484.5419142348,-42.6796855201478
49518.7398547827,-42.6808798471124
49552.9614289562,-42.6820554798346
49587.2066530881,-42.6832140127394
49621.4755435226,-42.6843568677558
49655.7681166149,-42.6854853183743
49690.0843887319,-42.686600510001
49724.4243762515,-42.6877034772774
49758.7880955629,-42.6887951589057
49793.175563067,-42.6898764104125
49827.5867951755,-42.6909480152067
49862.0218083119,-42.6920106942191
49896.4806189109,-42.6930651143647
49930.9632434184,-42.6941118960261
49965.4696982918,-42.6951516197237
50000,-42.6961848321163
