Frequency_Hz,TargetStrength_dB_re_1m
50,-108.816098118254
50.034554165023,-108.80407951234
50.0691322098525,-108.792060882326
50.1037341509913,-108.780042228177
50.1383600049538,-108.76802354986
50.1730097882657,-108.756004847342
50.2076835174642,-108.743986120589
50.242381209098,-108.731967369568
50.277102879727,-108.719948594244
50.3118485459228,-108.707929794584
50.3466182242682,-108.695910970555
50.3814119313576,-108.683892122122
50.416229683797,-108.671873249252
50.4510714982037,-108.659854351911
50.4859373912065,-108.647835430064
50.5208273794457,-108.635816483679
50.5557414795731,-108.62379751272
50.590679708252,-108.611778517155
50.6256420821574,-108.599759496948
50.6606286179754,-108.587740452065
50.6956393324042,-108.575721382473
50.730674242153,-108.563702288137
50.7657333639429,-108.551683169022
50.8008167145063,-108.539664025095
50.8359243105875,-108.527644856321
50.8710561689421,-108.515625662665
50.9062123063373,-108.503606444094
50.9413927395519,-108.491587200571
50.9765974853764,-108.479567932064
51.0118265606129,-108.467548638537
51.0470799820749,-108.455529319955
51.0823577665878,-108.443509976284
51.1176599309885,-108.431490607489
51.1529864921254,-108.419471213535
51.1883374668588,-108.407451794387
51.2237128720605,-108.39543235001
51.259112724614,-108.38341288037
51.2945370414145,-108.371393385431
51.3299858393686,-108.359373865158
51.3654591353951,-108.347354319516
51.4009569464241,-108.33533474847
51.4364792893975,-108.323315151985
51.472026181269,-108.311295530025
51.5075976390037,-108.299275882554
51.5431936795789,-108.287256209539
51.5788143199833,-108.275236510943
51.6144595772174,-108.26321678673
51.6501294682935,-108.251197036865
51.6858240102357,-108.239177261313
51.7215432200797,-108.227157460039
51.7572871148732,-108.215137633005
51.7930557116754,-108.203117780177
51.8288490275576,-108.191097901519
51.8646670796027,-108.179077996994
51.9005098849054,-108.167058066568
51.9363774605722,-108.155038110204
51.9722698237216,-108.143018127866
52.0081869914839,-108.130998119519
52.0441289810009,-108.118978085125
52.0800958094268,-108.106958024649
52.1160874939271,-108.094937938055
52.1521040516795,-108.082917825307
52.1881454998735,-108.070897686368
52.2242118557105,-108.058877521202
52.2603031364037,-108.046857329773
52.2964193591783,-108.034837112043
52.3325605412713,-108.022816867978
52.3687266999318,-108.010796597539
52.4049178524205,-107.998776300692
52.4411340160103,-107.986755977398
52.477375207986,-107.974735627621
52.5136414456443,-107.962715251325
52.5499327462938,-107.950694848472
52.5862491272551,-107.938674419027
52.6225906058608,-107.926653962951
52.6589571994555,-107.914633480209
52.6953489253958,-107.902612970762
52.7317658010501,-107.890592434575
52.768207843799,-107.87857187161
52.8046750710351,-107.866551281829
52.841167500163,-107.854530665196
52.8776851485992,-107.842510021674
52.9142280337724,-107.830489351224
52.9507961731233,-107.81846865381
52.9873895841047,-107.806447929395
53.0240082841813,-107.79442717794
53.06065229083,-107.782406399409
53.0973216215397,-107.770385593763
53.1340162938116,-107.758364760966
53.1707363251586,-107.746343900979
53.2074817331062,-107.734323013765
53.2442525351915,-107.722302099286
53.2810487489641,-107.710281157505
53.3178703919856,-107.698260188382
53.3547174818296,-107.686239191881
53.3915900360821,-107.674218167964
53.4284880723411,-107.662197116591
53.4654116082168,-107.650176037727
53.5023606613315,-107.638154931331
53.5393352493198,-107.626133797366
53.5763353898284,-107.614112635794
53.6133611005162,-107.602091446576
53.6504123990543,-107.590070229675
53.6874893031261,-107.578048985051
53.7245918304272,-107.566027712666
53.7617199986653,-107.554006412483
53.7988738255604,-107.541985084461
53.8360533288449,-107.529963728563
53.8732585262632,-107.517942344749
53.9104894355721,-107.505920932982
53.9477460745407,-107.493899493222
53.9850284609503,-107.481878025431
54.0223366125946,-107.469856529569
54.0596705472795,-107.457835005598
54.0970302828231,-107.445813453478
54.1344158370561,-107.433791873171
54.1718272278213,-107.421770264638
54.2092644729739,-107.409748627839
54.2467275903814,-107.397726962735
54.2842165979238,-107.385705269287
54.3217315134932,-107.373683547456
54.3592723549943,-107.361661797202
54.396839140344,-107.349640018486
54.4344318874718,-107.337618211267
54.4720506143193,-107.325596375508
54.5096953388408,-107.313574511167
54.5473660790027,-107.301552618207
54.585062852784,-107.289530696585
54.6227856781762,-107.277508746264
54.660534573183,-107.265486767203
54.6983095558208,-107.253464759363
54.7361106441182,-107.241442722702
54.7739378561166,-107.229420657182
54.8117912098694,-107.217398562763
54.8496707234429,-107.205376439403
54.8875764149157,-107.193354287064
54.9255083023788,-107.181332105705
54.9634664039359,-107.169309895285
55.0014507377031,-107.157287655764
55.039461321809,-107.145265387103
55.0774981743949,-107.13324308926
55.1155613136144,-107.121220762194
55.1536507576338,-107.109198405867
55.1917665246319,-107.097176020236
55.2299086328,-107.085153605261
55.2680771003421,-107.073131160902
55.3062719454747,-107.061108687118
55.344493186427,-107.049086183867
55.3827408414406,-107.037063651109
55.4210149287699,-107.025041088804
55.4593154666817,-107.013018496909
55.4976424734558,-107.000995875385
55.5359959673841,-106.988973224189
55.5743759667716,-106.976950543281
55.6127824899358,-106.964927832619
55.6512155552068,-106.952905092163
55.6896751809273,-106.94088232187
55.728161385453,-106.9288595217
55.7666741871518,-106.916836691611
55.8052136044049,-106.904813831561
55.8437796556055,-106.89279094151
55.8823723591601,-106.880768021414
55.9209917334877,-106.868745071233
55.9596377970199,-106.856722090925
55.9983105682013,-106.844699080448
56.037010065489,-106.83267603976
56.075736307353,-106.820652968819
56.1144893122761,-106.808629867583
56.1532690987537,-106.796606736011
56.1920756852941,-106.78458357406
56.2309090904185,-106.772560381687
56.2697693326606,-106.760537158852
56.3086564305672,-106.748513905511
56.3475704026977,-106.736490621622
56.3865112676246,-106.724467307142
56.4254790439329,-106.71244396203
56.4644737502207,-106.700420586243
56.5034954050988,-106.688397179738
56.5425440271909,-106.676373742473
56.5816196351337,-106.664350274404
56.6207222475766,-106.652326775489
56.6598518831819,-106.640303245686
56.6990085606249,-106.628279684952
56.7381922985939,-106.616256093242
56.7774031157898,-106.604232470516
56.8166410309266,-106.592208816729
56.8559060627314,-106.580185131838
56.8951982299439,-106.5681614158
56.9345175513171,-106.556137668573
56.9738640456166,-106.544113890112
57.0132377316212,-106.532090080374
57.0526386281228,-106.520066239317
57.0920667539259,-106.508042366896
57.1315221278484,-106.496018463068
57.1710047687208,-106.483994527789
57.2105146953871,-106.471970561016
57.2500519267038,-106.459946562705
57.2896164815409,-106.447922532812
57.3292083787811,-106.435898471294
57.3688276373203,-106.423874378106
57.4084742760675,-106.411850253205
57.4481483139446,-106.399826096546
57.4878497698868,-106.387801908086
57.5275786628422,-106.37577768778
57.567335011772,-106.363753435584
57.6071188356507,-106.351729151454
57.6469301534657,-106.339704835346
57.6867689842176,-106.327680487214
57.7266353469201,-106.315656107016
57.7665292606002,-106.303631694705
57.8064507442978,-106.291607250238
57.8463998170661,-106.279582773571
57.8863764979715,-106.267558264657
57.9263808060934,-106.255533723453
57.9664127605246,-106.243509149914
58.006472380371,-106.231484543995
58.0465596847518,-106.21945990565
58.0866746927991,-106.207435234835
58.1268174236586,-106.195410531506
58.166987896489,-106.183385795615
58.2071861304624,-106.17136102712
58.247412144764,-106.159336225973
58.2876659585923,-106.147311392131
58.3279475911591,-106.135286525547
58.3682570616895,-106.123261626176
58.4085943894219,-106.111236693972
58.4489595936079,-106.099211728891
58.4893526935123,-106.087186730886
58.5297737084136,-106.075161699911
58.5702226576032,-106.063136635922
58.6106995603862,-106.051111538871
58.6512044360807,-106.039086408714
58.6917373040184,-106.027061245404
58.7322981835442,-106.015036048895
58.7728870940165,-106.003010819141
58.8135040548071,-105.990985556096
58.854149085301,-105.978960259713
58.8948222048966,-105.966934929947
58.9355234330061,-105.954909566752
58.9762527890545,-105.94288417008
59.0170102924808,-105.930858739885
59.0577959627371,-105.918833276121
59.098609819289,-105.906807778741
59.1394518816156,-105.894782247698
59.1803221692094,-105.882756682946
59.2212207015764,-105.870731084438
59.2621474982362,-105.858705452127
59.3031025787217,-105.846679785966
59.3440859625793,-105.834654085908
59.3850976693692,-105.822628351906
59.4261377186647,-105.810602583913
59.467206130053,-105.798576781881
59.5083029231345,-105.786550945765
59.5494281175235,-105.774525075515
59.5905817328475,-105.762499171085
59.6317637887478,-105.750473232427
59.6729743048793,-105.738447259495
59.7142133009102,-105.726421252239
59.7554807965226,-105.714395210613
59.7967768114122,-105.702369134569
59.8381013652879,-105.690343024058
59.8794544778727,-105.678316879034
59.9208361689031,-105.666290699449
59.9622464581291,-105.654264485253
60.0036853653144,-105.6422382364
60.0451529102365,-105.630211952841
60.0866491126864,-105.618185634528
60.1281739924688,-105.606159281412
60.1697275694022,-105.594132893446
60.2113098633187,-105.582106470581
60.2529208940641,-105.570080012768
60.294560681498,-105.558053519959
60.3362292454936,-105.546026992106
60.377926605938,-105.534000429159
60.4196527827318,-105.52197383107
60.4614077957896,-105.509947197791
60.5031916650397,-105.497920529272
60.545004410424,-105.485893825464
60.5868460518983,-105.473867086319
60.6287166094324,-105.461840311787
60.6706161030096,-105.449813501819
60.712544552627,-105.437786656367
60.7545019782958,-105.42575977538
60.7964884000408,-105.413732858809
60.8385038379008,-105.401705906606
60.8805483119282,-105.38967891872
60.9226218421895,-105.377651895101
60.9647244487649,-105.365624835702
61.0068561517486,-105.35359774047
61.0490169712487,-105.341570609358
61.0912069273871,-105.329543442315
61.1334260402996,-105.317516239291
61.1756743301361,-105.305489000236
61.2179518170601,-105.293461725101
61.2602585212493,-105.281434413834
61.3025944628952,-105.269407066386
61.3449596622035,-105.257379682708
61.3873541393935,-105.245352262747
61.4297779146987,-105.233324806454
61.4722310083665,-105.221297313779
61.5147134406585,-105.209269784671
61.55722523185,-105.197242219079
61.5997664022304,-105.185214616953
61.6423369721033,-105.173186978242
61.6849369617861,-105.161159302895
61.7275663916104,-105.149131590861
61.7702252819217,-105.13710384209
61.8129136530798,-105.12507605653
61.8556315254582,-105.11304823413
61.898378919445,-105.101020374839
61.9411558554418,-105.088992478606
61.9839623538648,-105.07696454538
62.0267984351439,-105.064936575109
62.0696641197235,-105.052908567742
62.1125594280619,-105.040880523226
62.1554843806315,-105.028852441512
62.198438997919,-105.016824322546
62.2414233004252,-105.004796166277
62.284437308665,-104.992767972654
62.3274810431677,-104.980739741625
62.3705545244764,-104.968711473136
62.4136577731487,-104.956683167138
62.4567908097564,-104.944654823577
62.4999536548854,-104.932626442401
62.5431463291359,-104.920598023558
62.5863688531223,-104.908569566996
62.6296212474732,-104.896541072662
62.6729035328315,-104.884512540504
62.7162157298545,-104.872483970469
62.7595578592135,-104.860455362505
62.8029299415943,-104.848426716559
62.8463319976969,-104.836398032578
62.8897640482358,-104.82436931051
62.9332261139394,-104.812340550301
62.9767182155509,-104.800311751899
63.0202403738275,-104.78828291525
63.0637926095409,-104.776254040302
63.1073749434771,-104.764225127001
63.1509873964364,-104.752196175294
63.1946299892337,-104.740167185127
63.2383027426981,-104.728138156447
63.2820056776731,-104.716109089201
63.3257388150166,-104.704079983336
63.369502175601,-104.692050838796
63.4132957803131,-104.680021655529
63.4571196500541,-104.667992433482
63.5009738057396,-104.655963172599
63.5448582682997,-104.643933872827
63.5887730586791,-104.631904534112
63.6327181978368,-104.619875156401
63.6766937067462,-104.607845739638
63.7206996063955,-104.595816283769
63.7647359177872,-104.583786788741
63.8088026619383,-104.571757254499
63.8528998598803,-104.559727680988
63.8970275326595,-104.547698068154
63.9411857013364,-104.535668415942
63.9853743869863,-104.523638724297
64.0295936106989,-104.511608993165
64.0738433935786,-104.499579222491
64.1181237567442,-104.48754941222
64.1624347213294,-104.475519562297
64.2067763084822,-104.463489672666
64.2511485393654,-104.451459743274
64.2955514351564,-104.439429774063
64.3399850170472,-104.42739976498
64.3844493062444,-104.415369715968
64.4289443239693,-104.403339626973
64.4734700914579,-104.391309497938
64.5180266299609,-104.379279328808
64.5626139607435,-104.367249119528
64.6072321050859,-104.355218870041
64.6518810842827,-104.343188580291
64.6965609196435,-104.331158250224
64.7412716324923,-104.319127879782
64.7860132441681,-104.30709746891
64.8307857760247,-104.295067017551
64.8755892494302,-104.28303652565
64.9204236857681,-104.271005993149
64.9652891064361,-104.258975419993
65.0101855328472,-104.246944806125
65.0551129864288,-104.234914151488
65.1000714886233,-104.222883456026
65.145061060888,-104.210852719682
65.1900817246947,-104.1988219424
65.2351335015303,-104.186791124121
65.2802164128965,-104.17476026479
65.3253304803099,-104.16272936435
65.3704757253019,-104.150698422742
65.4156521694189,-104.138667439911
65.4608598342219,-104.126636415798
65.5060987412872,-104.114605350347
65.5513689122057,-104.1025742435
65.5966703685833,-104.090543095199
65.6420031320408,-104.078511905387
65.6873672242142,-104.066480674006
65.7327626667541,-104.054449400999
65.7781894813263,-104.042418086307
65.8236476896113,-104.030386729873
65.8691373133051,-104.018355331638
65.914658374118,-104.006323891545
65.960210893776,-103.994292409535
66.0057948940196,-103.98226088555
66.0514103966045,-103.970229319532
66.0970574233014,-103.958197711422
66.1427359958963,-103.946166061163
66.1884461361899,-103.934134368694
66.234187865998,-103.922102633958
66.2799612071518,-103.910070856896
66.3257661814973,-103.89803903745
66.3716028108956,-103.886007175559
66.4174711172231,-103.873975271165
66.463371122371,-103.86194332421
66.509302848246,-103.849911334634
66.5552663167697,-103.837879302377
66.601261549879,-103.825847227381
66.6472885695258,-103.813815109586
66.6933473976772,-103.801782948932
66.7394380563155,-103.78975074536
66.7855605674384,-103.777718498811
66.8317149530585,-103.765686209224
66.8779012352037,-103.75365387654
66.9241194359172,-103.741621500699
66.9703695772574,-103.729589081641
67.016651681298,-103.717556619306
67.0629657701278,-103.705524113633
67.1093118658509,-103.693491564563
67.1556899905868,-103.681458972035
67.2021001664702,-103.669426335989
67.2485424156512,-103.657393656364
67.295016760295,-103.6453609331
67.3415232225822,-103.633328166136
67.388061824709,-103.621295355411
67.4346325888865,-103.609262500864
67.4812355373413,-103.597229602435
67.5278706923157,-103.585196660063
67.5745380760668,-103.573163673686
67.6212377108675,-103.561130643244
67.667969619006,-103.549097568674
67.7147338227858,-103.537064449916
67.7615303445259,-103.525031286909
67.8083592065607,-103.51299807959
67.85522043124,-103.500964827899
67.9021140409292,-103.488931531773
67.9490400580088,-103.476898191151
67.9959985048753,-103.464864805971
68.0429894039402,-103.452831376171
68.0900127776307,-103.440797901689
68.1370686483895,-103.428764382462
68.1841570386747,-103.416730818429
68.2312779709602,-103.404697209528
68.278431467735,-103.392663555696
68.325617551504,-103.38062985687
68.3728362447875,-103.368596112988
68.4200875701215,-103.356562323987
68.4673715500572,-103.344528489805
68.5146882071619,-103.332494610379
68.5620375640182,-103.320460685646
68.6094196432243,-103.308426715542
68.6568344673941,-103.296392700006
68.704282059157,-103.284358638973
68.7517624411582,-103.272324532381
68.7992756360586,-103.260290380166
68.8468216665345,-103.248256182264
68.894400555278,-103.236221938613
68.942012324997,-103.224187649148
68.989656998415,-103.212153313806
69.0373345982711,-103.200118932523
69.0850451473203,-103.188084505235
69.1327886683332,-103.176050031879
69.1805651840962,-103.164015512389
69.2283747174114,-103.151980946703
69.2762172910966,-103.139946334756
69.3240929279856,-103.127911676483
69.3720016509278,-103.11587697182
69.4199434827882,-103.103842220703
69.4679184464482,-103.091807423067
69.5159265648043,-103.079772578847
69.5639678607693,-103.067737687979
69.6120423572717,-103.055702750397
69.6601500772558,-103.043667766037
69.7082910436818,-103.031632734834
69.7564652795257,-103.019597656722
69.8046728077796,-103.007562531637
69.8529136514512,-102.995527359513
69.9011878335643,-102.983492140284
69.9494953771584,-102.971456873886
69.9978363052892,-102.959421560252
70.0462106410282,-102.947386199317
70.0946184074628,-102.935350791015
70.1430596276964,-102.92331533528
70.1915343248483,-102.911279832047
70.240042522054,-102.899244281249
70.2885842424647,-102.887208682819
70.3371595092477,-102.875173036693
70.3857683455864,-102.863137342803
70.4344107746801,-102.851101601083
70.4830868197443,-102.839065811467
70.5317965040103,-102.827029973888
70.5805398507258,-102.814994088279
70.6293168831541,-102.802958154574
70.678127624575,-102.790922172705
70.7269720982842,-102.778886142605
70.7758503275935,-102.766850064209
70.8247623358309,-102.754813937447
70.8737081463402,-102.742777762254
70.9226877824819,-102.730741538562
70.9717012676322,-102.718705266302
71.0207486251836,-102.706668945409
71.0698298785447,-102.694632575814
71.1189450511404,-102.682596157449
71.1680941664116,-102.670559690246
71.2172772478157,-102.658523174139
71.2664943188259,-102.646486609058
71.3157454029321,-102.634449994935
71.3650305236399,-102.622413331703
71.4143497044717,-102.610376619293
71.4637029689657,-102.598339857636
71.5130903406767,-102.586303046665
71.5625118431755,-102.57426618631
71.6119675000493,-102.562229276502
71.6614573349018,-102.550192317174
71.7109813713526,-102.538155308256
71.760539633038,-102.52611824968
71.8101321436105,-102.514081141375
71.8597589267389,-102.502043983274
71.9094200061083,-102.490006775306
71.9591154054203,-102.477969517402
72.008845148393,-102.465932209493
72.0586092587605,-102.45389485151
72.1084077602737,-102.441857443382
72.1582406766996,-102.429819985041
72.2081080318219,-102.417782476415
72.2580098494406,-102.405744917435
72.3079461533721,-102.393707308032
72.3579169674493,-102.381669648134
72.4079223155217,-102.369631937672
72.457962221455,-102.357594176576
72.5080367091317,-102.345556364774
72.5581458024505,-102.333518502197
72.608289525327,-102.321480588774
72.658467901693,-102.309442624433
72.7086809554969,-102.297404609105
72.7589287107039,-102.285366542718
72.8092111912953,-102.273328425201
72.8595284212693,-102.261290256484
72.9098804246407,-102.249252036494
72.9602672254408,-102.237213765161
73.0106888477174,-102.225175442413
73.0611453155353,-102.213137068178
73.1116366529754,-102.201098642386
73.1621628841356,-102.189060164963
73.2127240331304,-102.17702163584
73.263320124091,-102.164983054942
73.3139511811651,-102.152944422199
73.3646172285172,-102.140905737538
73.4153182903285,-102.128867000888
73.466054390797,-102.116828212175
73.5168255541373,-102.104789371327
73.5676318045806,-102.092750478272
73.6184731663753,-102.080711532938
73.669349663786,-102.06867253525
73.7202613210944,-102.056633485138
73.771208162599,-102.044594382527
73.822190212615,-102.032555227344
73.8732074954744,-102.020516019517
73.924260035526,-102.008476758972
73.9753478571355,-101.996437445636
74.0264709846853,-101.984398079435
74.0776294425749,-101.972358660296
74.1288232552204,-101.960319188145
74.1800524470549,-101.948279662908
74.2313170425284,-101.936240084512
74.2826170661077,-101.924200452883
74.3339525422766,-101.912160767946
74.3853234955358,-101.900121029627
74.4367299504031,-101.888081237852
74.4881719314127,-101.876041392547
74.5396494631164,-101.864001493637
74.5911625700825,-101.851961541048
74.6427112768967,-101.839921534704
74.6942956081613,-101.827881474531
74.7459155884958,-101.815841360455
74.7975712425366,-101.803801192399
74.8492625949374,-101.79176097029
74.9009896703686,-101.779720694051
74.9527524935177,-101.767680363608
75.0045510890896,-101.755639978884
75.0563854818058,-101.743599539806
75.1082556964053,-101.731559046296
75.1601617576438,-101.719518498279
75.2121036902944,-101.707477895679
75.2640815191474,-101.69543723842
75.3160952690098,-101.683396526427
75.3681449647061,-101.671355759622
75.420230631078,-101.659314937931
75.472352292984,-101.647274061275
75.5245099753002,-101.635233129579
75.5767037029196,-101.623192142767
75.6289335007526,-101.611151100761
75.6811993937266,-101.599110003485
75.7335014067865,-101.587068850861
75.7858395648942,-101.575027642813
75.8382138930289,-101.562986379264
75.8906244161871,-101.550945060136
75.9430711593827,-101.538903685352
75.9955541476467,-101.526862254835
76.0480734060274,-101.514820768506
76.1006289595905,-101.502779226289
76.1532208334191,-101.490737628105
76.2058490526134,-101.478695973876
76.2585136422911,-101.466654263525
76.3112146275873,-101.454612496974
76.3639520336543,-101.442570674143
76.4167258856619,-101.430528794956
76.4695362087974,-101.418486859333
76.5223830282653,-101.406444867195
76.5752663692876,-101.394402818465
76.6281862571038,-101.382360713063
76.6811427169707,-101.370318550911
76.7341357741626,-101.358276331929
76.7871654539714,-101.346234056038
76.8402317817064,-101.334191723159
76.8933347826943,-101.322149333214
76.9464744822794,-101.310106886121
76.9996509058235,-101.298064381803
77.0528640787058,-101.286021820178
77.1061140263233,-101.273979201168
77.1594007740903,-101.261936524692
77.2127243474389,-101.249893790671
77.2660847718185,-101.237850999024
77.3194820726963,-101.225808149671
77.372916275557,-101.213765242532
77.426387405903,-101.201722277526
77.4798954892542,-101.189679254573
77.5334405511483,-101.177636173592
77.5870226171405,-101.165593034503
77.6406417128037,-101.153549837223
77.6942978637285,-101.141506581673
77.7479910955231,-101.129463267771
77.8017214338136,-101.117419895436
77.8554889042436,-101.105376464587
77.9092935324746,-101.093332975142
77.9631353441857,-101.081289427019
78.0170143650736,-101.069245820137
78.0709306208531,-101.057202154415
78.1248841372566,-101.045158429769
78.1788749400343,-101.033114646118
78.2329030549542,-101.021070803381
78.2869685078021,-101.009026901473
78.3410713243815,-100.996982940314
78.395211530514,-100.984938919821
78.4493891520389,-100.972894839911
78.5036042148132,-100.960850700501
78.557856744712,-100.948806501508
78.6121467676283,-100.936762242851
78.6664743094728,-100.924717924444
78.7208393961742,-100.912673546206
78.7752420536792,-100.900629108052
78.8296823079523,-100.8885846099
78.884160184976,-100.876540051666
78.9386757107507,-100.864495433266
78.9932289112949,-100.852450754617
79.047819812645,-100.840406015634
79.1024484408553,-100.828361216233
79.1571148219984,-100.816316356331
79.2118189821645,-100.804271435843
79.2665609474623,-100.792226454685
79.321340744018,-100.780181412772
79.3761583979764,-100.76813631002
79.4310139354999,-100.756091146343
79.4859073827694,-100.744045921657
79.5408387659837,-100.732000635878
79.5958081113595,-100.719955288919
79.6508154451319,-100.707909880696
79.7058607935542,-100.695864411123
79.7609441828975,-100.683818880116
79.8160656394513,-100.671773287588
79.8712251895232,-100.659727633453
79.9264228594391,-100.647681917626
79.9816586755428,-100.635636140022
80.0369326641966,-100.623590300553
80.092244851781,-100.611544399134
80.1475952646945,-100.599498435678
80.202983929354,-100.587452410099
80.2584108721947,-100.575406322311
80.31387611967,-100.563360172227
80.3693796982516,-100.551313959759
80.4249216344295,-100.539267684822
80.4805019547119,-100.527221347328
80.5361206856255,-100.51517494719
80.5917778537152,-100.50312848432
80.6474734855445,-100.491081958632
80.7032076076947,-100.479035370038
80.758980246766,-100.466988718449
80.8147914293768,-100.45494200378
80.8706411821639,-100.44289522594
80.9265295317824,-100.430848384843
80.9824565049061,-100.418801480401
81.0384221282269,-100.406754512525
81.0944264284555,-100.394707481126
81.1504694323206,-100.382660386117
81.2065511665699,-100.370613227408
81.2626716579691,-100.358566004911
81.3188309333027,-100.346518718538
81.3750290193738,-100.334471368198
81.4312659430036,-100.322423953803
81.4875417310322,-100.310376475264
81.5438564103181,-100.298328932491
81.6002100077386,-100.286281325395
81.656602550189,-100.274233653886
81.7130340645838,-100.262185917874
81.7695045778558,-100.25013811727
81.8260141169565,-100.238090251983
81.8825627088561,-100.226042321924
81.9391503805431,-100.213994327002
81.995777159025,-100.201946267127
82.0524430713279,-100.189898142208
82.1091481444966,-100.177849952154
82.1658924055943,-100.165801696875
82.2226758817033,-100.153753376281
82.2794985999243,-100.141704990279
82.336360587377,-100.129656538779
82.3932618711997,-100.117608021689
82.4502024785494,-100.105559438919
82.507182436602,-100.093510790376
82.564201772552,-100.081462075969
82.6212605136129,-100.069413295606
82.6783586870169,-100.057364449196
82.735496320015,-100.045315536645
82.7926734398771,-100.033266557863
82.8498900738919,-100.021217512756
82.907146249367,-100.009168401233
82.9644419936288,-99.9971192231996
83.0217773340227,-99.9850699785648
83.0791522979128,-99.9730206672351
83.1365669126823,-99.9609712891176
83.1940212057333,-99.9489218441192
83.2515152044868,-99.9368723321468
83.3090489363827,-99.9248227531069
83.3666224288799,-99.912773106906
83.4242357094563,-99.9007233934507
83.4818888056089,-99.888673612647
83.5395817448535,-99.8766237644012
83.5973145547248,-99.8645738486193
83.655087262777,-99.8525238652071
83.7128998965829,-99.8404738140703
83.7707524837345,-99.8284236951145
83.8286450518431,-99.8163735082453
83.8865776285387,-99.8043232533679
83.9445502414706,-99.7922729303875
84.0025629183072,-99.7802225392092
84.0606156867359,-99.768172079738
84.1187085744635,-99.7561215518786
84.1768416092156,-99.7440709555357
84.2350148187373,-99.7320202906138
84.2932282307926,-99.7199695570174
84.3514818731649,-99.7079187546506
84.4097757736566,-99.6958678834176
84.4681099600894,-99.6838169432225
84.5264844603044,-99.6717659339691
84.5848993021615,-99.659714855561
84.6433545135404,-99.6476637079019
84.7018501223397,-99.6356124908953
84.7603861564774,-99.6235612044444
84.8189626438908,-99.6115098484525
84.8775796125364,-99.5994584228225
84.9362370903902,-99.5874069274574
84.9949351054473,-99.57535536226
85.0536736857224,-99.5633037271329
85.1124528592495,-99.5512520219786
85.1712726540818,-99.5392002466994
85.230133098292,-99.5271484011976
85.2890342199723,-99.5150964853753
85.3479760472342,-99.5030444991344
85.4069586082086,-99.4909924423767
85.4659819310459,-99.4789403150039
85.525046043916,-99.4668881169176
85.5841509750081,-99.4548358480191
85.643296752531,-99.4427835082096
85.7024834047131,-99.4307310973904
85.7617109598021,-99.4186786154624
85.8209794460654,-99.4066260623264
85.8802888917898,-99.3945734378832
85.9396393252817,-99.3825207420332
85.999030774867,-99.370467974677
86.0584632688913,-99.3584151357147
86.1179368357198,-99.3463622250466
86.1774515037371,-99.3343092425727
86.2370073013476,-99.3222561881927
86.2966042569753,-99.3102030618064
86.3562423990638,-99.2981498633135
86.4159217560764,-99.2860965926133
86.475642356496,-99.2740432496051
86.5354042288252,-99.2619898341881
86.5952074015864,-99.2499363462613
86.6550519033215,-99.2378827857236
86.7149377625925,-99.2258291524737
86.7748650079807,-99.2137754464101
86.8348336680875,-99.2017216674314
86.8948437715338,-99.1896678154358
86.9548953469605,-99.1776138903215
87.0149884230281,-99.1655598919865
87.075123028417,-99.1535058203286
87.1352991918275,-99.1414516752457
87.1955169419797,-99.1293974566352
87.2557763076133,-99.1173431643947
87.3160773174883,-99.1052887984213
87.3764200003842,-99.0932343586123
87.4368043851006,-99.0811798448646
87.4972305004568,-99.0691252570752
87.5576983752922,-99.0570705951408
87.6182080384662,-99.0450158589578
87.6787595188579,-99.0329610484228
87.7393528453665,-99.0209061634319
87.7999880469112,-99.0088512038815
87.860665152431,-98.9967961696673
87.9213841908853,-98.9847410606853
87.982145191253,-98.9726858768312
88.0429481825334,-98.9606306180005
88.1037931937457,-98.9485752840886
88.1646802539292,-98.9365198749907
88.2256093921431,-98.924464390602
88.286580637467,-98.9124088308175
88.3475940190004,-98.9003531955318
88.4086495658629,-98.8882974846398
88.4697473071942,-98.8762416980358
88.5308872721542,-98.8641858356143
88.5920694899229,-98.8521298972695
88.6532939897007,-98.8400738828955
88.7145608007078,-98.8280177923861
88.7758699521849,-98.8159616256351
88.8372214733927,-98.8039053825362
88.8986153936124,-98.7918490629828
88.960051742145,-98.7797926668683
89.0215305483121,-98.7677361940858
89.0830518414555,-98.7556796445283
89.1446156509373,-98.7436230180887
89.2062220061396,-98.7315663146597
89.2678709364653,-98.7195095341339
89.3295624713372,-98.7074526764036
89.3912966401986,-98.6953957413613
89.4530734725132,-98.6833387288989
89.514892997765,-98.6712816389084
89.5767552454583,-98.6592244712816
89.6386602451179,-98.6471672259103
89.700608026289,-98.6351099026858
89.7625986185372,-98.6230525014995
89.8246320514484,-98.6109950222427
89.8867083546292,-98.5989374648064
89.9488275577065,-98.5868798290814
90.0109896903277,-98.5748221149585
90.0731947821606,-98.5627643223283
90.1354428628937,-98.5507064510813
90.1977339622359,-98.5386485011075
90.2600681099166,-98.5265904722973
90.3224453356859,-98.5145323645406
90.3848656693142,-98.5024741777271
90.4473291405927,-98.4904159117466
90.5098357793331,-98.4783575664885
90.5723856153676,-98.4662991418421
90.6349786785493,-98.4542406376968
90.6976149987517,-98.4421820539414
90.7602946058689,-98.4301233904648
90.823017529816,-98.4180646471559
90.8857838005283,-98.406005823903
90.9485934479621,-98.3939469205947
91.0114465020944,-98.3818879371192
91.0743429929228,-98.3698288733646
91.1372829504657,-98.3577697292188
91.2002664047621,-98.3457105045696
91.263293385872,-98.3336511993046
91.3263639238761,-98.3215918133111
91.3894780488757,-98.3095323464767
91.4526357909931,-98.2974727986884
91.5158371803714,-98.2854131698331
91.5790822471745,-98.2733534597977
91.6423710215871,-98.2612936684689
91.7057035338148,-98.2492337957331
91.769079814084,-98.2371738414767
91.8324998926422,-98.2251138055859
91.8959637997576,-98.2130536879467
91.9594715657193,-98.200993488445
92.0230232208376,-98.1889332069664
92.0866187954434,-98.1768728433965
92.1502583198889,-98.1648123976207
92.2139418245469,-98.1527518695241
92.2776693398115,-98.1406912589919
92.3414408960977,-98.128630565909
92.4052565238415,-98.11656979016
92.4691162535,-98.1045089316295
92.5330201155512,-98.0924479902019
92.5969681404943,-98.0803869657615
92.6609603588495,-98.0683258581924
92.7249968011582,-98.0562646673785
92.7890774979827,-98.0442033932034
92.8532024799068,-98.0321420355509
92.917371777535,-98.0200805943042
92.9815854214931,-98.0080190693468
93.0458434424283,-97.9959574605616
93.1101458710086,-97.9838957678316
93.1744927379236,-97.9718339910396
93.2388840738837,-97.9597721300682
93.3033199096207,-97.9477101847997
93.3678002758879,-97.9356481551165
93.4323252034593,-97.9235860409007
93.4968947231306,-97.9115238420341
93.5615088657187,-97.8994615583986
93.6261676620618,-97.8873991898758
93.6908711430192,-97.8753367363471
93.7556193394718,-97.8632741976937
93.8204122823217,-97.8512115737968
93.8852500024924,-97.8391488645373
93.9501325309287,-97.8270860697959
94.0150598985969,-97.8150231894533
94.0800321364847,-97.8029602233898
94.145049275601,-97.7908971714858
94.2101113469764,-97.7788340336213
94.2752183816629,-97.7667708096763
94.3403704107338,-97.7547074995304
94.4055674652839,-97.7426441030633
94.4708095764297,-97.7305806201544
94.536096775309,-97.7185170506829
94.6014290930812,-97.7064533945279
94.6668065609272,-97.6943896515683
94.7322292100495,-97.6823258216828
94.797697071672,-97.6702619047499
94.8632101770403,-97.6581979006482
94.9287685574218,-97.6461338092557
94.9943722441052,-97.6340696304505
95.0600212684008,-97.6220053641105
95.1257156616409,-97.6099410101134
95.191455455179,-97.5978765683367
95.2572406803907,-97.5858120386577
95.3230713686729,-97.5737474209537
95.3889475514444,-97.5616827151016
95.4548692601458,-97.5496179209783
95.5208365262391,-97.5375530384604
95.5868493812085,-97.5254880674245
95.6529078565595,-97.5134230077468
95.7190119838197,-97.5013578593034
95.7851617945383,-97.4892926219703
95.8513573202865,-97.4772272956233
95.9175985926571,-97.4651618801381
95.9838856432648,-97.4530963753899
96.0502185037462,-97.4410307812542
96.1165972057598,-97.428965097606
96.1830217809858,-97.4168993243202
96.2494922611265,-97.4048334612714
96.316008677906,-97.3927675083344
96.3825710630704,-97.3807014653834
96.4491794483875,-97.3686353322926
96.5158338656475,-97.356569108936
96.5825343466621,-97.3445027951876
96.6492809232653,-97.3324363909209
96.7160736273129,-97.3203698960095
96.7829124906829,-97.3083033103266
96.8497975452751,-97.2962366337454
96.9167288230118,-97.2841698661388
96.9837063558367,-97.2721030073796
97.050730175716,-97.2600360573404
97.117800314638,-97.2479690158936
97.1849168046129,-97.2359018829113
97.2520796776733,-97.2238346582658
97.3192889658736,-97.2117673418288
97.3865447012906,-97.1996999334719
97.4538469160233,-97.1876324330669
97.5211956421926,-97.1755648404848
97.5885909119419,-97.1634971555969
97.6560327574367,-97.1514293782742
97.7235212108646,-97.1393615083874
97.7910563044357,-97.127293545807
97.8586380703821,-97.1152254904037
97.9262665409584,-97.1031573420474
97.9939417484413,-97.0910891006084
98.06166372513,-97.0790207659564
98.129432503346,-97.066952337961
98.1972481154327,-97.054883816492
98.2651105937565,-97.0428152014185
98.3330199707058,-97.0307464926096
98.4009762786915,-97.0186776899343
98.4689795501467,-97.0066087932613
98.5370298175272,-96.9945398024593
98.6051271133112,-96.9824707173965
98.673271469999,-96.9704015379412
98.7414629201137,-96.9583322639614
98.8097014962009,-96.946262895325
98.8779872308285,-96.9341934318994
98.9463201565869,-96.9221238735523
99.0147003060892,-96.9100542201509
99.0831277119708,-96.8979844715621
99.1516024068901,-96.885914627653
99.2201244235275,-96.8738446882902
99.2886937945862,-96.8617746533402
99.3573105527922,-96.8497045226694
99.425974730894,-96.8376342961438
99.4946863616625,-96.8255639736295
99.5634454778917,-96.8134935549921
99.6322521123978,-96.8014230400972
99.70110629802,-96.7893524288103
99.77000806762,-96.7772817209964
99.8389574540824,-96.7652109165206
99.9079544903143,-96.7531400152476
99.9769992092458,-96.7410690170421
100.04609164383,-96.7289979217686
100.115231827041,-96.7169267292911
100.184419791878,-96.7048554394738
100.253655571363,-96.6927840521804
100.322939198538,-96.6807125672747
100.392270706472,-96.6686409846201
100.461650128252,-96.6565693040799
100.531077496993,-96.644497525517
100.600552845828,-96.6324256487945
100.670076207917,-96.620353673775
100.739647616441,-96.6082816003209
100.809267104603,-96.5962094282945
100.87893470563,-96.584137157558
100.948650452774,-96.5720647879732
101.018414379306,-96.5599923194019
101.088226518522,-96.5479197517056
101.158086903742,-96.5358470847455
101.227995568308,-96.5237743183828
101.297952545585,-96.5117014524785
101.36795786896,-96.4996284868932
101.438011571845,-96.4875554214874
101.508113687674,-96.4754822561216
101.578264249905,-96.4634089906557
101.648463292018,-96.4513356249499
101.718710847516,-96.4392621588637
101.789006949928,-96.4271885922568
101.859351632801,-96.4151149249884
101.92974492971,-96.4030411569177
102.000186874252,-96.3909672879037
102.070677500044,-96.3788933178051
102.141216840731,-96.3668192464804
102.211804929979,-96.354745073788
102.282441801476,-96.342670799586
102.353127488935,-96.3305964237323
102.423862026093,-96.3185219460847
102.494645446708,-96.3064473665007
102.565477784562,-96.2943726848376
102.636359073463,-96.2822979009526
102.707289347239,-96.2702230147027
102.778268639743,-96.2581480259445
102.84929698485,-96.2460729345345
102.92037441646,-96.2339977403291
102.991500968497,-96.2219224431844
103.062676674905,-96.2098470429563
103.133901569656,-96.1977715395005
103.205175686742,-96.1856959326725
103.27649906018,-96.1736202223277
103.347871724011,-96.161544408321
103.419293712298,-96.1494684905075
103.490765059128,-96.1373924687417
103.562285798612,-96.1253163428782
103.633855964885,-96.1132401127712
103.705475592105,-96.1011637782748
103.777144714453,-96.0890873392429
103.848863366134,-96.077010795529
103.920631581379,-96.0649341469867
103.992449394438,-96.0528573934692
104.064316839588,-96.0407805348295
104.13623395113,-96.0287035709204
104.208200763387,-96.0166265015946
104.280217310705,-96.0045493267044
104.352283627457,-95.992472046102
104.424399748037,-95.9803946596394
104.496565706864,-95.9683171671685
104.568781538379,-95.9562395685407
104.64104727705,-95.9441618636073
104.713362957366,-95.9320840522197
104.785728613841,-95.9200061342285
104.858144281012,-95.9079281094847
104.930609993442,-95.8958499778387
105.003125785716,-95.8837717391408
105.075691692443,-95.8716933932411
105.148307748256,-95.8596149399894
105.220973987812,-95.8475363792354
105.293690445794,-95.8354577108286
105.366457156904,-95.8233789346181
105.439274155874,-95.8113000504531
105.512141477456,-95.7992210581823
105.585059156427,-95.7871419576542
105.658027227588,-95.7750627487174
105.731045725765,-95.7629834312198
105.804114685806,-95.7509040050095
105.877234142586,-95.7388244699342
105.950404131001,-95.7267448258415
106.023624685973,-95.7146650725785
106.096895842447,-95.7025852099923
106.170217635395,-95.69050523793
106.243590099809,-95.678425156238
106.317013270708,-95.6663449647629
106.390487183134,-95.6542646633507
106.464011872155,-95.6421842518476
106.537587372859,-95.6301037300993
106.611213720364,-95.6180230979513
106.684890949808,-95.605942355249
106.758619096355,-95.5938615018374
106.832398195193,-95.5817805375616
106.906228281534,-95.5696994622661
106.980109390614,-95.5576182757954
107.054041557696,-95.5455369779937
107.128024818063,-95.5334555687051
107.202059207026,-95.5213740477734
107.276144759919,-95.5092924150421
107.350281512101,-95.4972106703545
107.424469498953,-95.4851288135538
107.498708755885,-95.473046844483
107.572999318327,-95.4609647629845
107.647341221737,-95.448882568901
107.721734501594,-95.4368002620747
107.796179193405,-95.4247178423475
107.870675332699,-95.4126353095613
107.945222955031,-95.4005526635576
108.01982209598,-95.3884699041777
108.094472791149,-95.3763870312628
108.169175076167,-95.3643040446537
108.243928986687,-95.352220944191
108.318734558386,-95.3401377297153
108.393591826966,-95.3280544010668
108.468500828155,-95.3159709580853
108.543461597703,-95.3038874006107
108.618474171387,-95.2918037284824
108.693538585009,-95.2797199415398
108.768654874393,-95.2676360396219
108.84382307539,-95.2555520225676
108.919043223876,-95.2434678902155
108.99431535575,-95.2313836424039
109.069639506938,-95.2192992789711
109.145015713388,-95.2072147997548
109.220444011076,-95.1951302045929
109.295924436001,-95.1830454933228
109.371457024188,-95.1709606657816
109.447041811684,-95.1588757218064
109.522678834565,-95.146790661234
109.598368128929,-95.1347054839009
109.674109730901,-95.1226201896434
109.749903676629,-95.1105347782975
109.825750002287,-95.0984492496991
109.901648744074,-95.0863636036838
109.977599938214,-95.074277840087
110.053603620956,-95.0621919587437
110.129659828574,-95.050105959489
110.205768597367,-95.0380198421574
110.28192996366,-95.0259336065834
110.3581439638,-95.0138472526012
110.434410634163,-95.0017607800447
110.510730011149,-94.9896741887477
110.587102131181,-94.9775874785436
110.66352703071,-94.9655006492657
110.740004746211,-94.953413700747
110.816535314185,-94.9413266328203
110.893118771155,-94.9292394453181
110.969755153674,-94.9171521380728
111.046444498317,-94.9050647109162
111.123186841685,-94.8929771636805
111.199982220405,-94.8808894961969
111.27683067113,-94.868801708297
111.353732230535,-94.8567137998118
111.430686935323,-94.8446257705722
111.507694822223,-94.8325376204089
111.584755927988,-94.820449349152
111.661870289395,-94.808360956632
111.739037943251,-94.7962724426785
111.816258926383,-94.7841838071213
111.893533275647,-94.7720950497898
111.970861027923,-94.7600061705132
112.048242220118,-94.7479171691204
112.125676889162,-94.73582804544
112.203165072013,-94.7237387993005
112.280706805653,-94.7116494305302
112.358302127091,-94.6995599389569
112.435951073359,-94.6874703244083
112.513653681517,-94.675380586712
112.59140998865,-94.6632907256952
112.669220031869,-94.6512007411847
112.747083848309,-94.6391106330074
112.825001475132,-94.6270204009897
112.902972949526,-94.6149300449579
112.980998308704,-94.6028395647379
113.059077589904,-94.5907489601554
113.137210830392,-94.578658231036
113.215398067458,-94.5665673772048
113.293639338417,-94.554476398487
113.371934680612,-94.5423852947071
113.450284131411,-94.5302940656898
113.528687728207,-94.5182027112592
113.607145508419,-94.5061112312394
113.685657509493,-94.494019625454
113.7642237689,-94.4819278937266
113.842844324136,-94.4698360358804
113.921519212726,-94.4577440517384
114.000248472217,-94.4456519411233
114.079032140184,-94.4335597038576
114.157870254229,-94.4214673397635
114.236762851978,-94.409374848663
114.315709971084,-94.3972822303779
114.394711649225,-94.3851894847296
114.473767924107,-94.3730966115393
114.55287883346,-94.3610036106279
114.632044415042,-94.3489104818162
114.711264706635,-94.3368172249246
114.790539746048,-94.3247238397733
114.869869571118,-94.3126303261823
114.949254219704,-94.3005366839712
115.028693729696,-94.2884429129594
115.108188139006,-94.2763490129662
115.187737485576,-94.2642549838103
115.26734180737,-94.2521608253105
115.347001142381,-94.2400665372852
115.426715528629,-94.2279721195525
115.506485004158,-94.2158775719302
115.586309607039,-94.203782894236
115.666189375371,-94.1916880862872
115.746124347276,-94.1795931479009
115.826114560905,-94.167498078894
115.906160054436,-94.155402879083
115.98626086607,-94.1433075482842
116.066417034037,-94.1312120863137
116.146628596594,-94.1191164929873
116.226895592022,-94.1070207681204
116.30721805863,-94.0949249115284
116.387596034753,-94.0828289230262
116.468029558754,-94.0707328024285
116.548518669019,-94.0586365495499
116.629063403965,-94.0465401642045
116.709663802032,-94.0344436462063
116.790319901688,-94.022346995369
116.871031741427,-94.0102502115059
116.951799359772,-93.9981532944302
117.032622795268,-93.9860562439547
117.113502086491,-93.9739590598921
117.194437272041,-93.9618617420548
117.275428390547,-93.9497642902547
117.356475480662,-93.9376667043037
117.437578581068,-93.9255689840133
117.518737730472,-93.9134711291948
117.599952967608,-93.9013731396592
117.681224331239,-93.8892750152172
117.762551860152,-93.8771767556792
117.843935593163,-93.8650783608555
117.925375569112,-93.852979830556
118.006871826868,-93.8408811645903
118.088424405327,-93.8287823627677
118.170033343412,-93.8166834248975
118.25169868007,-93.8045843507883
118.333420454279,-93.7924851402489
118.415198705042,-93.7803857930873
118.497033471387,-93.7682863091118
118.578924792374,-93.7561866881299
118.660872707084,-93.7440869299492
118.74287725463,-93.7319870343768
118.82493847415,-93.7198870012196
118.907056404807,-93.7077868302843
118.989231085796,-93.6956865213773
119.071462556334,-93.6835860743045
119.153750855668,-93.6714854888719
119.236096023072,-93.6593847648849
119.318498097845,-93.6472839021488
119.400957119317,-93.6351829004685
119.483473126841,-93.6230817596489
119.5660461598,-93.6109804794941
119.648676257603,-93.5988790598085
119.731363459687,-93.5867775003958
119.814107805515,-93.5746758010596
119.896909334579,-93.5625739616033
119.979768086398,-93.5504719818298
120.062684100515,-93.5383698615418
120.145657416506,-93.5262676005419
120.228688073969,-93.5141651986321
120.311776112533,-93.5020626556143
120.394921571853,-93.4899599712902
120.478124491612,-93.4778571454611
120.561384911519,-93.465754177928
120.644702871312,-93.4536510684916
120.728078410755,-93.4415478169525
120.811511569642,-93.4294444231107
120.895002387791,-93.4173408867662
120.97855090505,-93.4052372077186
121.062157161295,-93.3931333857672
121.145821196427,-93.381029420711
121.229543050376,-93.3689253123489
121.313322763101,-93.3568210604791
121.397160374586,-93.3447166649
121.481055924844,-93.3326121254094
121.565009453916,-93.3205074418048
121.64902100187,-93.3084026138837
121.733090608802,-93.2962976414429
121.817218314835,-93.2841925242793
121.901404160121,-93.2720872621892
121.985648184839,-93.2599818549688
122.069950429195,-93.247876302414
122.154310933425,-93.2357706043202
122.238729737791,-93.2236647604828
122.323206882582,-93.2115587706967
122.407742408117,-93.1994526347567
122.492336354743,-93.187346352457
122.576988762832,-93.1752399235918
122.661699672787,-93.1631333479549
122.746469125037,-93.1510266253398
122.83129716004,-93.1389197555396
122.916183818281,-93.1268127383474
123.001129140274,-93.1147055735556
123.086133166561,-93.1025982609567
123.17119593771,-93.0904908003426
123.256317494321,-93.078383191505
123.341497877017,-93.0662754342355
123.426737126454,-93.054167528325
123.512035283312,-93.0420594735644
123.597392388303,-93.0299512697443
123.682808482163,-93.0178429166549
123.768283605659,-93.0057344140861
123.853817799586,-92.9936257618275
123.939411104765,-92.9815169596684
124.025063562049,-92.969408007398
124.110775212315,-92.9572989048047
124.196546096471,-92.9451896516773
124.282376255454,-92.9330802478036
124.368265730225,-92.9209706929715
124.454214561779,-92.9088609869686
124.540222791134,-92.896751129582
124.626290459341,-92.8846411205986
124.712417607476,-92.8725309598051
124.798604276645,-92.8604206469876
124.884850507981,-92.8483101819323
124.971156342648,-92.8361995644247
125.057521821835,-92.8240887942502
125.143946986764,-92.8119778711939
125.23043187868,-92.7998667950406
125.316976538861,-92.7877555655746
125.403581008611,-92.7756441825801
125.490245329264,-92.763532645841
125.576969542182,-92.7514209551406
125.663753688755,-92.7393091102624
125.750597810402,-92.727197110989
125.837501948572,-92.7150849571032
125.924466144741,-92.7029726483872
126.011490440413,-92.6908601846229
126.098574877122,-92.6787475655921
126.185719496432,-92.6666347910759
126.272924339932,-92.6545218608555
126.360189449244,-92.6424087747115
126.447514866016,-92.6302955324243
126.534900631924,-92.6181821337741
126.622346788676,-92.6060685785405
126.709853378007,-92.593954866503
126.797420441681,-92.5818409974408
126.885048021489,-92.5697269711327
126.972736159255,-92.557612787357
127.060484896829,-92.5454984458921
127.148294276089,-92.5333839465158
127.236164338946,-92.5212692890055
127.324095127335,-92.5091544731386
127.412086683224,-92.4970394986919
127.500139048608,-92.4849243654421
127.58825226551,-92.4728090731653
127.676426375986,-92.4606936216375
127.764661422117,-92.4485780106343
127.852957446015,-92.4364622399311
127.941314489821,-92.4243463093028
128.029732595704,-92.4122302185239
128.118211805863,-92.400113967369
128.206752162527,-92.3879975556119
128.295353707953,-92.3758809830263
128.384016484427,-92.3637642493857
128.472740534265,-92.3516473544629
128.561525899813,-92.3395302980308
128.650372623444,-92.3274130798617
128.739280747562,-92.3152956997276
128.8282503146,-92.3031781574003
128.91728136702,-92.2910604526511
129.006373947314,-92.2789425852512
129.095528098002,-92.2668245549712
129.184743861635,-92.2547063615816
129.274021280792,-92.2425880048523
129.363360398082,-92.2304694845533
129.452761256145,-92.2183508004539
129.542223897648,-92.2062319523232
129.631748365288,-92.1941129399299
129.721334701793,-92.1819937630424
129.810982949919,-92.1698744214289
129.900693152452,-92.1577549148571
129.990465352208,-92.1456352430944
130.080299592032,-92.1335154059079
130.170195914799,-92.1213954030644
130.260154363413,-92.1092752343302
130.350174980809,-92.0971548994714
130.440257809951,-92.0850343982539
130.530402893831,-92.072913730443
130.620610275473,-92.0607928958037
130.710879997931,-92.0486718941009
130.801212104286,-92.0365507250988
130.891606637651,-92.0244293885616
130.982063641169,-92.012307884253
131.072583158011,-92.0001862119363
131.16316523138,-91.9880643713746
131.253809904507,-91.9759423623306
131.344517220654,-91.9638201845666
131.435287223112,-91.9516978378447
131.526119955203,-91.9395753219265
131.617015460279,-91.9274526365733
131.70797378172,-91.9153297815462
131.798994962938,-91.9032067566057
131.890079047375,-91.8910835615122
131.981226078501,-91.8789601960256
132.072436099818,-91.8668366599056
132.163709154858,-91.8547129529113
132.255045287182,-91.8425890748017
132.346444540381,-91.8304650253354
132.437906958079,-91.8183408042706
132.529432583925,-91.8062164113651
132.621021461604,-91.7940918463766
132.712673634826,-91.781967109062
132.804389147334,-91.7698421991784
132.896168042902,-91.7577171164821
132.988010365332,-91.7455918607292
133.079916158457,-91.7334664316757
133.171885466141,-91.7213408290768
133.263918332277,-91.7092150526876
133.35601480079,-91.6970891022629
133.448174915635,-91.684962977557
133.540398720796,-91.6728366783239
133.632686260289,-91.6607102043174
133.72503757816,-91.6485835552906
133.817452718483,-91.6364567309965
133.909931725367,-91.6243297311878
134.002474642949,-91.6122025556166
134.095081515395,-91.6000752040349
134.187752386904,-91.5879476761941
134.280487301705,-91.5758199718454
134.373286304057,-91.5636920907396
134.46614943825,-91.5515640326272
134.559076748604,-91.5394357972583
134.65206827947,-91.5273073843824
134.745124075231,-91.5151787937492
134.838244180298,-91.5030500251074
134.931428639114,-91.4909210782059
135.024677496154,-91.4787919527927
135.117990795922,-91.466662648616
135.211368582953,-91.4545331654231
135.304810901813,-91.4424035029614
135.398317797099,-91.4302736609776
135.491889313439,-91.4181436392181
135.585525495492,-91.4060134374292
135.679226387946,-91.3938830553564
135.772992035522,-91.3817524927453
135.866822482971,-91.3696217493406
135.960717775076,-91.3574908248872
136.054677956649,-91.3453597191292
136.148703072534,-91.3332284318106
136.242793167607,-91.3210969626747
136.336948286774,-91.3089653114649
136.43116847497,-91.2968334779239
136.525453777166,-91.284701461794
136.619804238359,-91.2725692628174
136.71421990358,-91.2604368807356
136.808700817891,-91.2483043152901
136.903247026384,-91.2361715662216
136.997858574183,-91.2240386332707
137.092535506443,-91.2119055161777
137.187277868349,-91.1997722146822
137.28208570512,-91.1876387285238
137.376959062003,-91.1755050574414
137.471897984279,-91.1633712011738
137.566902517258,-91.1512371594591
137.661972706284,-91.1391029320354
137.75710859673,-91.1269685186402
137.852310234001,-91.1148339190106
137.947577663534,-91.1026991328833
138.042910930796,-91.0905641599949
138.138310081287,-91.0784290000812
138.233775160538,-91.066293652878
138.329306214111,-91.0541581181204
138.4249032876,-91.0420223955434
138.52056642663,-91.0298864848814
138.616295676858,-91.0177503858686
138.712091083972,-91.0056140982386
138.807952693692,-90.9934776217247
138.90388055177,-90.9813409560601
138.999874703989,-90.9692041009771
139.095935196163,-90.957067056208
139.192062074139,-90.9449298214845
139.288255383795,-90.9327923965381
139.384515171041,-90.9206547810998
139.480841481819,-90.9085169749002
139.577234362101,-90.8963789776695
139.673693857893,-90.8842407891376
139.770220015232,-90.8721024090339
139.866812880186,-90.8599638370875
139.963472498856,-90.847825073027
140.060198917375,-90.8356861165808
140.156992181906,-90.8235469674768
140.253852338646,-90.8114076254424
140.350779433822,-90.7992680902047
140.447773513696,-90.7871283614904
140.544834624558,-90.7749884390258
140.641962812733,-90.7628483225369
140.739158124577,-90.7507080117492
140.836420606478,-90.7385675063878
140.933750304856,-90.7264268061774
141.031147266163,-90.7142859108423
141.128611536883,-90.7021448201065
141.226143163533,-90.6900035336934
141.323742192662,-90.6778620513263
141.42140867085,-90.6657203727278
141.51914264471,-90.6535784976203
141.616944160888,-90.6414364257257
141.71481326606,-90.6292941567654
141.812750006936,-90.6171516904607
141.910754430258,-90.6050090265322
142.008826582801,-90.5928661647002
142.10696651137,-90.5807231046847
142.205174262805,-90.5685798462052
142.303449883977,-90.5564363889806
142.40179342179,-90.5442927327298
142.50020492318,-90.5321488771711
142.598684435114,-90.5200048220221
142.697232004595,-90.5078605670005
142.795847678655,-90.4957161118233
142.894531504361,-90.4835714562071
142.993283528811,-90.4714265998682
143.092103799136,-90.4592815425224
143.190992362499,-90.4471362838851
143.289949266098,-90.4349908236712
143.388974557159,-90.4228451615954
143.488068282946,-90.4106992973719
143.587230490752,-90.3985532307144
143.686461227903,-90.3864069613362
143.78576054176,-90.3742604889503
143.885128479715,-90.3621138132691
143.984565089192,-90.3499669340049
144.084070417649,-90.3378198508692
144.183644512577,-90.3256725635733
144.283287421499,-90.3135250718281
144.382999191972,-90.3013773753439
144.482779871584,-90.2892294738309
144.582629507957,-90.2770813669984
144.682548148747,-90.2649330545559
144.782535841641,-90.2527845362118
144.882592634359,-90.2406358116746
144.982718574656,-90.2284868806522
145.082913710319,-90.216337742852
145.183178089166,-90.2041883979811
145.283511759052,-90.1920388457461
145.383914767861,-90.1798890858532
145.484387163512,-90.1677391180081
145.584928993959,-90.1555889419162
145.685540307185,-90.1434385572825
145.78622115121,-90.1312879638113
145.886971574085,-90.1191371612068
145.987791623895,-90.1069861491726
146.088681348757,-90.0948349274119
146.189640796824,-90.0826834956274
146.290670016279,-90.0705318535215
146.39176905534,-90.0583800007961
146.492937962259,-90.0462279371526
146.594176785321,-90.0340756622921
146.695485572842,-90.0219231759152
146.796864373174,-90.0097704777221
146.898313234703,-89.9976175674124
146.999832205845,-89.9854644446856
147.101421335053,-89.9733111092404
147.203080670812,-89.9611575607753
147.30481026164,-89.9490037989882
147.406610156089,-89.9368498235767
147.508480402745,-89.9246956342379
147.610421050228,-89.9125412306686
147.71243214719,-89.9003866125648
147.814513742317,-89.8882317796224
147.91666588433,-89.8760767315367
148.018888621983,-89.8639214680026
148.121182004062,-89.8517659887146
148.22354607939,-89.8396102933668
148.32598089682,-89.8274543816526
148.428486505243,-89.8152982532651
148.531062953579,-89.8031419078971
148.633710290786,-89.7909853452408
148.736428565854,-89.778828564988
148.839217827806,-89.76667156683
148.9420781257,-89.7545143504577
149.045009508629,-89.7423569155615
149.148012025717,-89.7301992618314
149.251085726125,-89.7180413889569
149.354230659046,-89.7058832966272
149.457446873708,-89.6937249845308
149.560734419372,-89.681566452356
149.664093345334,-89.6694076997904
149.767523700923,-89.6572487265214
149.871025535504,-89.6450895322357
149.974598898475,-89.6329301166197
150.078243839267,-89.6207704793592
150.181960407347,-89.6086106201399
150.285748652215,-89.5964505386466
150.389608623406,-89.5842902345638
150.493540370488,-89.5721297075757
150.597543943066,-89.5599689573658
150.701619390775,-89.5478079836173
150.805766763288,-89.5356467860129
150.909986110312,-89.5234853642349
151.014277481585,-89.5113237179648
151.118640926884,-89.4991618468842
151.223076496017,-89.4869997506738
151.327584238828,-89.4748374290139
151.432164205194,-89.4626748815846
151.536816445029,-89.4505121080652
151.641541008279,-89.4383491081346
151.746337944926,-89.4261858814715
151.851207304986,-89.4140224277538
151.956149138509,-89.4018587466592
152.061163495581,-89.3896948378646
152.166250426322,-89.3775307010468
152.271409980885,-89.3653663358818
152.376642209461,-89.3532017420455
152.481947162272,-89.3410369192129
152.587324889578,-89.3288718670588
152.692775441671,-89.3167065852576
152.79829886888,-89.3045410734829
152.903895221567,-89.2923753314081
153.00956455013,-89.280209358706
153.115306905001,-89.268043155049
153.221122336648,-89.255876720109
153.327010895573,-89.2437100535574
153.432972632312,-89.2315431550651
153.539007597439,-89.2193760243025
153.645115841559,-89.2072086609396
153.751297415314,-89.1950410646459
153.857552369382,-89.1828732350904
153.963880754474,-89.1707051719416
154.070282621338,-89.1585368748676
154.176758020755,-89.1463683435358
154.283307003542,-89.1341995776134
154.389929620552,-89.1220305767669
154.496625922672,-89.1098613406625
154.603395960825,-89.0976918689657
154.710239785968,-89.0855221613416
154.817157449095,-89.073352217455
154.924149001232,-89.0611820369698
155.031214493445,-89.0490116195498
155.138353976832,-89.0368409648581
155.245567502526,-89.0246700725574
155.352855121698,-89.0124989423098
155.460216885551,-89.0003275737771
155.567652845327,-88.9881559666203
155.6751630523,-88.9759841205003
155.782747557782,-88.9638120350772
155.890406413119,-88.9516397100107
155.998139669694,-88.93946714496
156.105947378922,-88.9272943395838
156.213829592259,-88.9151212935403
156.321786361191,-88.9029480064872
156.429817737243,-88.8907744780817
156.537923771976,-88.8786007079805
156.646104516983,-88.8664266958399
156.754360023897,-88.8542524413154
156.862690344384,-88.8420779440624
156.971095530146,-88.8299032037355
157.079575632922,-88.8177282199888
157.188130704486,-88.8055529924761
157.296760796647,-88.7933775208506
157.40546596125,-88.7812018047649
157.514246250177,-88.7690258438711
157.623101715345,-88.756849637821
157.732032408707,-88.7446731862656
157.841038382253,-88.7324964888556
157.950119688006,-88.7203195452412
158.059276378028,-88.7081423550718
158.168508504416,-88.6959649179967
158.277816119302,-88.6837872336643
158.387199274856,-88.6716093017228
158.496658023281,-88.6594311218198
158.60619241682,-88.6472526936021
158.715802507749,-88.6350740167165
158.825488348381,-88.6228950908088
158.935249991067,-88.6107159155245
159.04508748819,-88.5985364905087
159.155000892173,-88.5863568154058
159.264990255475,-88.5741768898596
159.375055630589,-88.5619967135136
159.485197070045,-88.5498162860107
159.595414626411,-88.5376356069932
159.705708352289,-88.525454676103
159.81607830032,-88.5132734929813
159.926524523178,-88.501092057269
160.037047073577,-88.4889103686064
160.147646004265,-88.476728426633
160.258321368026,-88.4645462309882
160.369073217684,-88.4523637813106
160.479901606095,-88.4401810772384
160.590806586154,-88.4279981184092
160.701788210794,-88.41581490446
160.81284653298,-88.4036314350274
160.923981605719,-88.3914477097474
161.03519348205,-88.3792637282556
161.146482215052,-88.3670794901868
161.257847857839,-88.3548949951754
161.369290463562,-88.3427102428555
161.480810085408,-88.3305252328602
161.592406776603,-88.3183399648224
161.704080590408,-88.3061544383744
161.81583158012,-88.2939686531478
161.927659799076,-88.2817826087739
162.039565300645,-88.2695963048834
162.151548138239,-88.2574097411062
162.263608365301,-88.245222917072
162.375746035315,-88.2330358324098
162.4879612018,-88.220848486748
162.600253918312,-88.2086608797147
162.712624238446,-88.1964730109371
162.825072215831,-88.184284880042
162.937597904136,-88.1720964866559
163.050201357065,-88.1599078304044
163.162882628359,-88.1477189109127
163.275641771799,-88.1355297278054
163.388478841199,-88.1233402807066
163.501393890414,-88.1111505692399
163.614386973334,-88.0989605930282
163.727458143886,-88.0867703516939
163.840607456037,-88.074579844859
163.953834963787,-88.0623890721448
164.067140721177,-88.0501980331719
164.180524782284,-88.0380067275607
164.293987201222,-88.0258151549306
164.407528032143,-88.0136233149009
164.521147329236,-88.0014312070901
164.634845146728,-87.989238831116
164.748621538882,-87.9770461865962
164.862476560002,-87.9648532731475
164.976410264425,-87.9526600903861
165.090422706529,-87.9404666379277
165.204513940727,-87.9282729153875
165.318684021473,-87.9160789223801
165.432933003254,-87.9038846585195
165.547260940599,-87.8916901234191
165.661667888072,-87.8794953166918
165.776153900276,-87.8673002379499
165.890719031851,-87.8551048868052
166.005363337475,-87.8429092628689
166.120086871865,-87.8307133657514
166.234889689773,-87.8185171950629
166.349771845992,-87.8063207504127
166.46473339535,-87.7941240314098
166.579774392715,-87.7819270376625
166.694894892992,-87.7697297687784
166.810094951125,-87.7575322243647
166.925374622094,-87.745334404028
167.040733960919,-87.7331363073743
167.156173022656,-87.7209379340089
167.271691862401,-87.7087392835367
167.387290535287,-87.696540355562
167.502969096485,-87.6843411496883
167.618727601205,-87.6721416655188
167.734566104695,-87.659941902656
167.85048466224,-87.6477418607017
167.966483329164,-87.6355415392572
168.08256216083,-87.6233409379234
168.198721212638,-87.6111400563003
168.314960540027,-87.5989388939874
168.431280198474,-87.5867374505839
168.547680243495,-87.5745357256879
168.664160730642,-87.5623337188974
168.78072171551,-87.5501314298094
168.897363253727,-87.5379288580206
169.014085400964,-87.525726003127
169.130888212927,-87.5135228647239
169.247771745363,-87.5013194424062
169.364736054056,-87.4891157357681
169.48178119483,-87.4769117444032
169.598907223546,-87.4647074679045
169.716114196105,-87.4525029058643
169.833402168445,-87.4402980578746
169.950771196544,-87.4280929235265
170.068221336418,-87.4158875024106
170.185752644123,-87.4036817941169
170.303365175752,-87.3914757982347
170.421058987437,-87.379269514353
170.53883413535,-87.3670629420598
170.656690675701,-87.3548560809427
170.774628664739,-87.3426489305887
170.892648158752,-87.3304414905841
171.010749214066,-87.3182337605147
171.128931887047,-87.3060257399656
171.2471962341,-87.2938174285213
171.365542311668,-87.2816088257657
171.483970176234,-87.2693999312821
171.60247988432,-87.2571907446531
171.721071492485,-87.2449812654609
171.839745057331,-87.2327714932868
171.958500635496,-87.2205614277117
172.077338283657,-87.2083510683158
172.196258058533,-87.1961404146786
172.315260016879,-87.1839294663791
172.434344215491,-87.1717182229956
172.553510711204,-87.1595066841059
172.672759560893,-87.147294849287
172.79209082147,-87.1350827181154
172.911504549888,-87.1228702901669
173.03100080314,-87.1106575650167
173.150579638257,-87.0984445422394
173.270241112311,-87.086231221409
173.38998528241,-87.0740176020987
173.509812205706,-87.0618036838813
173.629721939387,-87.0495894663287
173.749714540683,-87.0373749490125
173.869790066862,-87.0251601315034
173.989948575232,-87.0129450133716
174.110190123141,-87.0007295941865
174.230514767975,-86.9885138735171
174.350922567162,-86.9762978509315
174.471413578168,-86.9640815259974
174.591987858499,-86.9518648982818
174.712645465703,-86.9396479673509
174.833386457364,-86.9274307327705
174.954210891107,-86.9152131941055
175.075118824599,-86.9029953509204
175.196110315545,-86.8907772027789
175.31718542169,-86.8785587492441
175.438344200819,-86.8663399898784
175.559586710757,-86.8541209242436
175.680913009368,-86.8419015519009
175.802323154559,-86.8296818724108
175.923817204273,-86.8174618853332
176.045395216496,-86.8052415902271
176.167057249254,-86.7930209866512
176.28880336061,-86.7808000741634
176.410633608671,-86.7685788523209
176.532548051581,-86.7563573206802
176.654546747528,-86.7441354787973
176.776629754735,-86.7319133262274
176.898797131471,-86.7196908625252
177.02104893604,-86.7074680872445
177.143385226789,-86.6952449999387
177.265806062107,-86.6830216001603
177.388311500419,-86.6707978874614
177.510901600194,-86.6585738613931
177.63357641994,-86.6463495215062
177.756336018205,-86.6341248673505
177.879180453578,-86.6218998984753
178.002109784689,-86.6096746144293
178.125124070208,-86.5974490147603
178.248223368845,-86.5852230990157
178.371407739353,-86.5729968667422
178.494677240521,-86.5607703174854
178.618031931183,-86.5485434507908
178.741471870212,-86.536316266203
178.864997116521,-86.5240887632657
178.988607729066,-86.5118609415223
179.11230376684,-86.4996328005152
179.23608528888,-86.4874043397864
179.359952354263,-86.475175558877
179.483905022107,-86.4629464573274
179.607943351569,-86.4507170346777
179.732067401849,-86.4384872904668
179.856277232188,-86.4262572242332
179.980572901866,-86.4140268355146
180.104954470206,-86.4017961238482
180.229421996571,-86.3895650887703
180.353975540365,-86.3773337298166
180.478615161032,-86.3651020465221
180.60334091806,-86.3528700384212
180.728152870976,-86.3406377050473
180.853051079349,-86.3284050459336
180.978035602787,-86.3161720606122
181.103106500942,-86.3039387486146
181.228263833507,-86.2917051094716
181.353507660213,-86.2794711427134
181.478838040838,-86.2672368478695
181.604255035195,-86.2550022244686
181.729758703142,-86.2427672720387
181.855349104579,-86.2305319901071
181.981026299444,-86.2182963782004
182.106790347721,-86.2060604358447
182.23264130943,-86.1938241625651
182.358579244638,-86.1815875578861
182.48460421345,-86.1693506213315
182.610716276013,-86.1571133524244
182.736915492517,-86.1448757506871
182.863201923191,-86.1326378156415
182.989575628309,-86.1203995468083
183.116036668185,-86.1081609437079
183.242585103172,-86.0959220058597
183.369220993671,-86.0836827327827
183.495944400118,-86.0714431239948
183.622755382995,-86.0592031790134
183.749654002825,-86.0469628973553
183.876640320172,-86.0347222785362
184.003714395642,-86.0224813220715
184.130876289883,-86.0102400274756
184.258126063587,-85.9979983942623
184.385463777483,-85.9857564219446
184.512889492348,-85.9735141100349
184.640403268996,-85.9612714580446
184.768005168285,-85.9490284654847
184.895695251117,-85.9367851318653
185.023473578432,-85.9245414566957
185.151340211215,-85.9122974394847
185.279295210493,-85.9000530797402
185.407338637334,-85.8878083769692
185.535470552849,-85.8755633306784
185.663691018192,-85.8633179403733
185.792000094556,-85.851072205559
185.920397843181,-85.8388261257398
186.048884325345,-85.826579700419
186.177459602372,-85.8143329290996
186.306123735625,-85.8020858112834
186.434876786513,-85.7898383464717
186.563718816483,-85.7775905341651
186.692649887029,-85.7653423738633
186.821670059685,-85.7530938650655
186.950779396027,-85.7408450072697
187.079977957676,-85.7285957999736
187.209265806293,-85.7163462426739
187.338643003584,-85.7040963348667
187.468109611294,-85.6918460760473
187.597665691216,-85.67959546571
187.727311305181,-85.6673445033488
187.857046515064,-85.6550931884565
187.986871382784,-85.6428415205255
188.116785970303,-85.6305894990472
188.246790339623,-85.6183371235123
188.376884552792,-85.6060843934108
188.5070686719,-85.5938313082319
188.637342759078,-85.5815778674639
188.767706876502,-85.5693240705946
188.898161086391,-85.5570699171109
189.028705451005,-85.5448154064989
189.15934003265,-85.5325605382439
189.290064893673,-85.5203053118305
189.420880096464,-85.5080497267426
189.551785703457,-85.4957937824631
189.68278177713,-85.4835374784743
189.813868380001,-85.4712808142577
189.945045574634,-85.4590237892941
190.076313423636,-85.4467664030633
190.207671989656,-85.4345086550445
190.339121335388,-85.4222505447161
190.470661523567,-85.4099920715556
190.602292616974,-85.39773323504
190.734014678431,-85.385474034645
190.865827770805,-85.3732144698461
190.997731957006,-85.3609545401177
191.129727299987,-85.3486942449334
191.261813862746,-85.336433583766
191.393991708323,-85.3241725560877
191.526260899801,-85.3119111613697
191.658621500309,-85.2996493990826
191.791073573017,-85.2873872686959
191.923617181141,-85.2751247696787
192.056252387938,-85.262861901499
192.188979256713,-85.2505986636242
192.32179785081,-85.2383350555206
192.454708233619,-85.2260710766541
192.587710468574,-85.2138067264894
192.720804619153,-85.2015420044908
192.853990748877,-85.1892769101214
192.987268921311,-85.1770114428439
193.120639200064,-85.1647456021197
193.25410164879,-85.1524793874099
193.387656331185,-85.1402127981744
193.52130331099,-85.1279458338725
193.655042651992,-85.1156784939627
193.788874418019,-85.1034107779025
193.922798672944,-85.0911426851487
194.056815480686,-85.0788742151573
194.190924905205,-85.0666053673835
194.325127010508,-85.0543361412816
194.459421860645,-85.0420665363052
194.59380951971,-85.0297965519069
194.728290051842,-85.0175261875386
194.862863521224,-85.0052554426513
194.997529992084,-84.9929843166953
195.132289528693,-84.98071280912
195.267142195367,-84.968440919374
195.402088056467,-84.9561686469049
195.537127176398,-84.9438959911596
195.672259619609,-84.9316229515844
195.807485450596,-84.9193495276242
195.942804733896,-84.9070757187237
196.078217534093,-84.8948015243263
196.213723915815,-84.8825269438748
196.349323943735,-84.870251976811
196.485017682569,-84.857976622576
196.62080519708,-84.84570088061
196.756686552075,-84.8334247503523
196.892661812405,-84.8211482312415
197.028731042967,-84.8088713227152
197.164894308702,-84.7965940242103
197.301151674596,-84.7843163351626
197.43750320568,-84.7720382550073
197.57394896703,-84.7597597831787
197.710489023767,-84.7474809191102
197.847123441058,-84.7352016622343
197.983852284112,-84.7229220119827
198.120675618186,-84.7106419677863
198.257593508582,-84.6983615290751
198.394606020646,-84.6860806952781
198.531713219768,-84.6737994658237
198.668915171386,-84.6615178401391
198.806211940982,-84.649235817651
198.943603594082,-84.636953397785
199.081090196259,-84.6246705799659
199.218671813131,-84.6123873636176
199.356348510361,-84.6001037481632
199.494120353658,-84.5878197330249
199.631987408774,-84.5755353176239
199.76994974151,-84.5632505013807
199.908007417711,-84.5509652837149
200.046160503265,-84.5386796640451
200.184409064111,-84.5263936417892
200.322753166227,-84.514107216364
200.461192875643,-84.5018203871856
200.59972825843,-84.4895331536692
200.738359380706,-84.477245515229
200.877086308636,-84.4649574712785
201.01590910843,-84.45266902123
201.154827846341,-84.4403801644953
201.293842588673,-84.428090900485
201.432953401772,-84.4158012286089
201.57216035203,-84.403511148276
201.711463505887,-84.3912206588943
201.850862929828,-84.378929759871
201.990358690382,-84.3666384506124
202.129950854127,-84.3543467305236
202.269639487686,-84.3420545990092
202.409424657726,-84.3297620554728
202.549306430963,-84.3174690993169
202.689284874157,-84.3051757299433
202.829360054116,-84.2928819467528
202.969532037693,-84.2805877491453
203.109800891786,-84.2682931365199
203.250166683342,-84.2559981082746
203.390629479353,-84.2437026638065
203.531189346857,-84.2314068025121
203.671846352937,-84.2191105237865
203.812600564726,-84.2068138270243
203.953452049399,-84.194516711619
204.094400874182,-84.1822191769632
204.235447106344,-84.1699212224484
204.376590813201,-84.1576228474656
204.517832062117,-84.1453240514044
204.659170920502,-84.1330248336538
204.800607455811,-84.1207251936018
204.942141735548,-84.1084251306354
205.083773827262,-84.0961246441408
205.22550379855,-84.083823733503
205.367331717054,-84.0715223981063
205.509257650464,-84.0592206373341
205.651281666516,-84.0469184505687
205.793403832994,-84.0346158371916
205.935624217728,-84.0223127965832
206.077942888595,-84.010009328123
206.220359913519,-83.9977054311898
206.36287536047,-83.9854011051611
206.505489297467,-83.9730963494137
206.648201792574,-83.9607911633233
206.791012913903,-83.9484855462647
206.933922729613,-83.9361794976119
207.076931307911,-83.9238730167377
207.220038717048,-83.9115661030141
207.363245025326,-83.8992587558121
207.506550301093,-83.8869509745017
207.649954612742,-83.8746427584521
207.793458028716,-83.8623341070313
207.937060617505,-83.8500250196065
208.080762447645,-83.8377154955439
208.22456358772,-83.8254055342088
208.368464106361,-83.8130951349655
208.512464072247,-83.8007842971771
208.656563554106,-83.7884730202061
208.800762620709,-83.7761613034138
208.94506134088,-83.7638491461607
209.089459783487,-83.751536547806
209.233958017445,-83.7392235077083
209.378556111721,-83.7269100252249
209.523254135324,-83.7145960997125
209.668052157315,-83.7022817305264
209.812950246801,-83.6899669170212
209.957948472937,-83.6776516585504
210.103046904926,-83.6653359544665
210.248245612018,-83.6530198041212
210.393544663512,-83.6407032068649
210.538944128753,-83.6283861620473
210.684444077137,-83.6160686690168
210.830044578106,-83.6037507271212
210.975745701149,-83.591432335707
211.121547515806,-83.5791134941197
211.267450091661,-83.566794201704
211.413453498351,-83.5544744578035
211.559557805556,-83.5421542617607
211.705763083008,-83.5298336129173
211.852069400487,-83.5175125106137
211.998476827817,-83.5051909541896
212.144985434876,-83.4928689429836
212.291595291587,-83.4805464763332
212.438306467921,-83.4682235535749
212.585119033899,-83.4559001740442
212.73203305959,-83.4435763370757
212.879048615111,-83.4312520420028
213.026165770627,-83.418927288158
213.173384596352,-83.4066020748728
213.320705162549,-83.3942764014776
213.46812753953,-83.3819502673017
213.615651797653,-83.3696236716736
213.763278007327,-83.3572966139205
213.91100623901,-83.3449690933689
214.058836563206,-83.332641109344
214.206769050471,-83.32031266117
214.354803771408,-83.3079837481702
214.502940796668,-83.2956543696667
214.651180196952,-83.2833245249807
214.79952204301,-83.2709942134322
214.947966405642,-83.2586634343404
215.096513355693,-83.2463321870232
215.24516296406,-83.2340004707977
215.39391530169,-83.2216682849797
215.542770439575,-83.2093356288841
215.691728448761,-83.1970025018247
215.84078940034,-83.1846689031144
215.989953365453,-83.1723348320647
216.139220415291,-83.1600002879865
216.288590621094,-83.1476652701892
216.438064054153,-83.1353297779815
216.587640785805,-83.1229938106708
216.737320887438,-83.1106573675635
216.88710443049,-83.0983204479649
217.036991486448,-83.0859830511795
217.186982126846,-83.0736451765104
217.337076423271,-83.0613068232596
217.487274447359,-83.0489679907285
217.637576270792,-83.0366286782168
217.787981965305,-83.0242888850236
217.938491602683,-83.0119486104467
218.089105254757,-82.9996078537829
218.239822993411,-82.9872666143278
218.390644890577,-82.9749248913761
218.541571018238,-82.9625826842213
218.692601448425,-82.9502399921559
218.843736253221,-82.9378968144711
218.994975504756,-82.9255531504573
219.146319275212,-82.9132089994036
219.29776763682,-82.900864360598
219.449320661863,-82.8885192333277
219.600978422669,-82.8761736168784
219.752740991622,-82.8638275105349
219.904608441152,-82.8514809135809
220.05658084374,-82.839133825299
220.208658271918,-82.8267862449706
220.360840798267,-82.8144381718762
220.513128495418,-82.802089605295
220.665521436053,-82.7897405445051
220.818019692905,-82.7773909887836
220.970623338756,-82.7650409374063
221.123332446438,-82.7526903896482
221.276147088834,-82.7403393447828
221.429067338877,-82.7279878020828
221.582093269552,-82.7156357608195
221.735224953891,-82.7032832202634
221.888462464981,-82.6909301796835
222.041805875956,-82.6785766383481
222.195255260001,-82.666222595524
222.348810690353,-82.653868050477
222.502472240298,-82.6415130024718
222.656239983175,-82.629157450772
222.81011399237,-82.61680139464
222.964094341324,-82.6044448333369
223.118181103526,-82.592087766123
223.272374352516,-82.5797301922572
223.426674161885,-82.5673721109974
223.581080605276,-82.5550135216002
223.735593756381,-82.5426544233213
223.890213688945,-82.5302948154149
224.044940476762,-82.5179346971344
224.199774193678,-82.5055740677317
224.354714913591,-82.493212926458
224.509762710447,-82.4808512725628
224.664917658247,-82.4684891052949
224.82017983104,-82.4561264239016
224.975549302928,-82.4437632276293
225.131026148063,-82.431399515723
225.28661044065,-82.4190352874269
225.442302254943,-82.4066705419835
225.598101665248,-82.3943052786345
225.754008745925,-82.3819394966204
225.910023571381,-82.3695731951804
226.066146216078,-82.3572063735526
226.222376754528,-82.3448390309738
226.378715261293,-82.33247116668
226.53516181099,-82.3201027799054
226.691716478285,-82.3077338698835
226.848379337896,-82.2953644358465
227.005150464593,-82.2829944770252
227.162029933198,-82.2706239926496
227.319017818584,-82.2582529819482
227.476114195675,-82.2458814441484
227.63331913945,-82.2335093784763
227.790632724935,-82.2211367841569
227.948055027213,-82.2087636604141
228.105586121415,-82.1963900064704
228.263226082725,-82.1840158215472
228.42097498638,-82.1716411048647
228.578832907668,-82.1592658556418
228.73679992193,-82.1468900730962
228.894876104557,-82.1345137564445
229.053061530994,-82.1221369049021
229.211356276737,-82.1097595176829
229.369760417336,-82.0973815939999
229.528274028391,-82.0850031330647
229.686897185556,-82.0726241340878
229.845629964535,-82.0602445962783
230.004472441088,-82.0478645188443
230.163424691023,-82.0354839009924
230.322486790204,-82.0231027419281
230.481658814546,-82.0107210408557
230.640940840015,-81.9983387969783
230.800332942632,-81.9859560094977
230.959835198469,-81.9735726776144
231.119447683652,-81.9611888005276
231.279170474358,-81.9488043774355
231.439003646817,-81.9364194075349
231.598947277313,-81.9240338900213
231.759001442181,-81.911647824089
231.919166217809,-81.8992612089311
232.079441680639,-81.8868740437394
232.239827907165,-81.8744863277044
232.400324973933,-81.8620980600154
232.560932957545,-81.8497092398604
232.721651934651,-81.8373198664262
232.882481981959,-81.8249299388982
233.043423176226,-81.8125394564606
233.204475594266,-81.8001484182964
233.365639312942,-81.7877568235872
233.526914409172,-81.7753646715134
233.688300959929,-81.7629719612542
233.849799042235,-81.7505786919873
234.011408733169,-81.7381848628894
234.173130109862,-81.7257904731355
234.334963249498,-81.7133955218998
234.496908229314,-81.7010000083549
234.658965126601,-81.6886039316722
234.821134018703,-81.6762072910218
234.983414983019,-81.6638100855725
235.145808096999,-81.6514123144917
235.308313438148,-81.6390139769457
235.470931084025,-81.6266150720994
235.633661112241,-81.6142155991164
235.796503600462,-81.6018155571589
235.959458626408,-81.5894149453879
236.12252626785,-81.5770137629631
236.285706602616,-81.5646120090429
236.448999708587,-81.5522096827842
236.612405663696,-81.5398067833428
236.775924545932,-81.527403309873
236.939556433337,-81.5149992615279
237.103301404007,-81.5025946374593
237.267159536091,-81.4901894368176
237.431130907795,-81.4777836587518
237.595215597375,-81.4653773024097
237.759413683144,-81.4529703669378
237.923725243467,-81.440562851481
238.088150356767,-81.4281547551831
238.252689101516,-81.4157460771866
238.417341556244,-81.4033368166325
238.582107799534,-81.3909269726604
238.746987910023,-81.3785165444087
238.911981966402,-81.3661055310145
239.077090047419,-81.3536939316134
239.242312231874,-81.3412817453396
239.407648598621,-81.3288689713262
239.57309922657,-81.3164556087046
239.738664194685,-81.3040416566051
239.904343581985,-81.2916271141566
240.070137467543,-81.2792119804865
240.236045930486,-81.2667962547209
240.402069049997,-81.2543799359846
240.568206905314,-81.2419630234009
240.734459575728,-81.2295455160919
240.900827140586,-81.217127413178
241.067309679291,-81.2047087137786
241.233907271297,-81.1922894170114
241.400619996117,-81.179869521993
241.567447933317,-81.1674490278383
241.734391162519,-81.1550279336611
241.901449763398,-81.1426062385736
242.068623815687,-81.1301839416867
242.235913399172,-81.1177610421099
242.403318593694,-81.1053375389513
242.57083947915,-81.0929134313175
242.738476135493,-81.0804887183137
242.90622864273,-81.068063399044
243.074097080923,-81.0556374726106
243.24208153019,-81.0432109381147
243.410182070705,-81.0307837946558
243.578398782696,-81.0183560413322
243.746731746448,-81.0059276772405
243.9151810423,-80.9934987014763
244.083746750647,-80.9810691131334
244.25242895194,-80.9686389113043
244.421227726686,-80.95620809508
244.590143155446,-80.9437766635503
244.759175318838,-80.9313446158032
244.928324297536,-80.9189119509256
245.097590172267,-80.9064786680028
245.266973023819,-80.8940447661186
245.43647293303,-80.8816102443555
245.606089980798,-80.8691751017944
245.775824248075,-80.8567393375149
245.94567581587,-80.8443029505951
246.115644765247,-80.8318659401115
246.285731177327,-80.8194283051393
246.455935133285,-80.8069900447522
246.626256714355,-80.7945511580225
246.796696001826,-80.7821116440209
246.967253077042,-80.7696715018167
247.137928021404,-80.7572307304777
247.30872091637,-80.7447893290703
247.479631843454,-80.7323472966593
247.650660884225,-80.7199046323082
247.82180812031,-80.7074613350788
247.993073633392,-80.6950174040316
248.16445750521,-80.6825728382255
248.33595981756,-80.6701276367179
248.507580652294,-80.6576817985648
248.67932009132,-80.6452353228207
248.851178216606,-80.6327882085385
249.023155110171,-80.6203404547697
249.195250854096,-80.6078920605643
249.367465530515,-80.5954430249706
249.539799221622,-80.5829933470356
249.712252009664,-80.5705430258048
249.884823976949,-80.5580920603221
250.057515205838,-80.5456404496299
250.230325778751,-80.533188192769
250.403255778166,-80.5207352887788
250.576305286615,-80.5082817366971
250.74947438669,-80.4958275355603
250.922763161038,-80.4833726844032
251.096171692364,-80.4709171822589
251.26970006343,-80.4584610281591
251.443348357056,-80.4460042211341
251.617116656117,-80.4335467602125
251.791005043549,-80.4210886444213
251.96501360234,-80.4086298727861
252.139142415541,-80.3961704443309
252.313391566257,-80.3837103580781
252.487761137652,-80.3712496130486
252.662251212945,-80.3587882082617
252.836861875415,-80.3463261427352
253.011593208398,-80.3338634154853
253.186445295287,-80.3214000255266
253.361418219534,-80.3089359718722
253.536512064646,-80.2964712535336
253.711726914191,-80.2840058695206
253.887062851793,-80.2715398188417
254.062519961133,-80.2590731005036
254.238098325951,-80.2466057135116
254.413798030045,-80.234137656869
254.58961915727,-80.2216689295781
254.765561791541,-80.2091995306392
254.941626016828,-80.1967294590511
255.11781191716,-80.1842587138111
255.294119576626,-80.1717872939148
255.470549079371,-80.1593151983562
255.6471005096,-80.1468424261277
255.823773951573,-80.1343689762201
256.000569489612,-80.1218948476227
256.177487208095,-80.109420039323
256.354527191458,-80.096944550307
256.531689524198,-80.084468379559
256.708974290867,-80.0719915260618
256.886381576078,-80.0595139887965
257.063911464501,-80.0470357667425
257.241564040865,-80.0345568588777
257.419339389958,-80.0220772641783
257.597237596626,-80.0095969816188
257.775258745774,-79.9971160101723
257.953402922366,-79.9846343488099
258.131670211422,-79.9721519965013
258.310060698026,-79.9596689522145
258.488574467315,-79.9471852149159
258.66721160449,-79.9347007835701
258.845972194806,-79.9222156571402
259.024856323582,-79.9097298345875
259.203864076191,-79.8972433148718
259.382995538069,-79.884756096951
259.562250794709,-79.8722681797815
259.741629931663,-79.8597795623181
259.921133034543,-79.8472902435137
260.100760189021,-79.8348002223197
260.280511480824,-79.8223094976858
260.460386995744,-79.8098180685599
260.640386819629,-79.7973259338883
260.820511038385,-79.7848330926155
261.000759737982,-79.7723395436846
261.181133004444,-79.7598452860367
261.361630923859,-79.7473503186113
261.542253582372,-79.7348546403462
261.723001066187,-79.7223582501774
261.903873461571,-79.7098611470395
262.084870854846,-79.697363329865
262.265993332397,-79.684864797585
262.447240980668,-79.6723655491285
262.628613886162,-79.6598655834233
262.810112135442,-79.647364899395
262.991735815131,-79.6348634959677
263.173485011912,-79.6223613720638
263.355359812528,-79.6098585266039
263.537360303781,-79.5973549585068
263.719486572535,-79.5848506666896
263.901738705711,-79.5723456500677
264.084116790293,-79.5598399075548
264.266620913324,-79.5473334380628
264.449251161907,-79.5348262405016
264.632007623204,-79.5223183137799
264.81489038444,-79.5098096568041
264.997899532898,-79.497300268479
265.181035155922,-79.4847901477079
265.364297340918,-79.4722792933919
265.547686175348,-79.4597677044308
265.73120174674,-79.4472553797221
265.914844142679,-79.434742318162
266.09861345081,-79.4222285186445
266.282509758842,-79.4097139800622
266.466533154541,-79.3971987013056
266.650683725736,-79.3846826812637
266.834961560316,-79.3721659188234
267.019366746229,-79.3596484128701
267.203899371487,-79.3471301622871
267.388559524161,-79.3346111659561
267.573347292382,-79.322091422757
267.758262764344,-79.3095709315677
267.943306028301,-79.2970496912645
268.128477172568,-79.2845277007218
268.31377628552,-79.2720049588121
268.499203455594,-79.2594814644062
268.684758771289,-79.2469572163731
268.870442321165,-79.2344322135797
269.05625419384,-79.2219064548914
269.242194477998,-79.2093799391716
269.428263262381,-79.1968526652818
269.614460635794,-79.1843246320818
269.800786687102,-79.1717958384294
269.987241505233,-79.1592662831808
270.173825179175,-79.14673596519
270.360537797978,-79.1342048833093
270.547379450754,-79.1216730363894
270.734350226676,-79.1091404232786
270.921450214979,-79.0966070428238
271.108679504959,-79.0840728938699
271.296038185975,-79.0715379752597
271.483526347446,-79.0590022858344
271.671144078855,-79.0464658244332
271.858891469745,-79.0339285898934
272.046768609722,-79.0213905810505
272.234775588452,-79.0088517967381
272.422912495666,-78.9963122357877
272.611179421155,-78.9837718970292
272.799576454772,-78.9712307792903
272.988103686433,-78.958688881397
273.176761206115,-78.9461462021735
273.365549103858,-78.9336027404417
273.554467469765,-78.9210584950219
273.743516394,-78.9085134647324
273.93269596679,-78.8959676483895
274.122006278422,-78.8834210448077
274.31144741925,-78.8708736527994
274.501019479687,-78.8583254711753
274.690722550209,-78.845776498744
274.880556721355,-78.8332267343121
275.070522083726,-78.8206761766843
275.260618727988,-78.8081248246637
275.450846744865,-78.7955726770508
275.641206225148,-78.7830197326446
275.831697259689,-78.7704659902421
276.022319939403,-78.7579114486381
276.213074355268,-78.7453561066258
276.403960598324,-78.7327999629961
276.594978759675,-78.720243016538
276.786128930487,-78.7076852660387
276.97741120199,-78.6951267102831
277.168825665477,-78.6825673480546
277.360372412302,-78.670007178134
277.552051533886,-78.6574461993007
277.74386312171,-78.6448844103316
277.935807267319,-78.632321810002
278.127884062321,-78.6197583970848
278.320093598389,-78.6071941703514
278.512435967258,-78.5946291285707
278.704911260726,-78.5820632705099
278.897519570654,-78.5694965949339
279.090260988969,-78.556929100606
279.283135607661,-78.544360786287
279.476143518779,-78.531791650736
279.669284814442,-78.5192216927099
279.86255958683,-78.5066509109637
280.055967928184,-78.4940793042503
280.249509930814,-78.4815068713204
280.443185687089,-78.4689336109228
280.636995289446,-78.4563595218044
280.830938830382,-78.4437846027097
281.02501640246,-78.4312088523814
281.219228098308,-78.41863226956
281.413574010615,-78.406054852984
281.608054232137,-78.3934766013898
281.802668855692,-78.3808975135119
281.997417974163,-78.3683175880823
282.192301680498,-78.3557368238313
282.387320067708,-78.3431552194869
282.582473228869,-78.3305727737753
282.77776125712,-78.3179894854202
282.973184245667,-78.3054053531434
283.168742287777,-78.2928203756647
283.364435476785,-78.2802345517016
283.560263906088,-78.2676478799697
283.756227669148,-78.2550603591822
283.952326859492,-78.2424719880504
284.148561570711,-78.2298827652835
284.344931896463,-78.2172926895884
284.541437930467,-78.20470175967
284.73807976651,-78.1921099742311
284.934857498442,-78.1795173319721
285.131771220178,-78.1669238315916
285.328821025699,-78.1543294717859
285.52600700905,-78.141734251249
285.723329264342,-78.1291381686731
285.920787885749,-78.1165412227478
286.118382967511,-78.103943412161
286.316114603935,-78.0913447355981
286.51398288939,-78.0787451917424
286.711987918314,-78.0661447792751
286.910129785206,-78.0535434968752
287.108408584634,-78.0409413432194
287.306824411228,-78.0283383169824
287.505377359687,-78.0157344168366
287.704067524774,-78.0031296414521
287.902895001315,-77.9905239894971
288.101859884204,-77.9779174596373
288.300962268402,-77.9653100505363
288.500202248932,-77.9527017608555
288.699579920886,-77.9400925892542
288.89909537942,-77.9274825343892
289.098748719755,-77.9148715949152
289.298540037179,-77.9022597694849
289.498469427046,-77.8896470567483
289.698536984776,-77.8770334553537
289.898742805855,-77.8644189639467
290.099086985833,-77.8518035811709
290.299569620328,-77.8391873056676
290.500190805023,-77.8265701360758
290.700950635669,-77.8139520710323
290.901849208082,-77.8013331091717
291.102886618143,-77.788713249126
291.3040629618,-77.7760924895254
291.50537833507,-77.7634708289975
291.706832834031,-77.7508482661678
291.908426554833,-77.7382247996592
292.110159593689,-77.7256004280928
292.31203204688,-77.712975150087
292.514044010751,-77.7003489642582
292.716195581717,-77.6877218692202
292.918486856258,-77.6750938635846
293.120917930921,-77.6624649459608
293.323488902319,-77.6498351149559
293.526199867132,-77.6372043691745
293.729050922108,-77.6245727072189
293.93204216406,-77.6119401276893
294.13517368987,-77.5993066291833
294.338445596486,-77.5866722102962
294.541857980921,-77.5740368696212
294.745410940258,-77.5614006057489
294.949104571647,-77.5487634172676
295.152938972302,-77.5361253027633
295.356914239508,-77.5234862608195
295.561030470614,-77.5108462900176
295.76528776304,-77.4982053889365
295.969686214269,-77.4855635561525
296.174225921854,-77.4729207902399
296.378906983415,-77.4602770897704
296.583729496641,-77.4476324533133
296.788693559284,-77.4349868794356
296.993799269169,-77.4223403667019
297.199046724184,-77.4096929136743
297.404436022288,-77.3970445189126
297.609967261506,-77.3843951809741
297.815640539931,-77.3717448984138
298.021455955724,-77.3590936697842
298.227413607115,-77.3464414936353
298.433513592398,-77.3337883685148
298.63975600994,-77.3211342929681
298.846140958172,-77.3084792655377
299.052668535595,-77.2958232847641
299.259338840779,-77.2831663491852
299.466151972359,-77.2705084573363
299.67310802904,-77.2578496077506
299.880207109596,-77.2451897989585
300.087449312868,-77.2325290294881
300.294834737766,-77.2198672978649
300.502363483268,-77.2072046026121
300.710035648421,-77.1945409422503
300.917851332338,-77.1818763152977
301.125810634204,-77.1692107202698
301.333913653272,-77.1565441556798
301.54216048886,-77.1438766200385
301.750551240359,-77.1312081118538
301.959086007226,-77.1185386296316
302.167764888988,-77.1058681718748
302.37658798524,-77.0931967370842
302.585555395647,-77.0805243237577
302.794667219942,-77.067850930391
303.003923557926,-77.055176555477
303.213324509471,-77.0425011975063
303.422870174517,-77.0298248549667
303.632560653073,-77.0171475263436
303.842396045216,-77.0044692101199
304.052376451095,-76.9917899047758
304.262501970926,-76.9791096087891
304.472772704994,-76.9664283206348
304.683188753656,-76.9537460387856
304.893750217335,-76.9410627617114
305.104457196525,-76.9283784878795
305.315309791789,-76.9156932157549
305.526308103761,-76.9030069437997
305.737452233143,-76.8903196704736
305.948742280707,-76.8776313942334
306.160178347295,-76.8649421135338
306.371760533817,-76.8522518268264
306.583488941254,-76.8395605325603
306.795363670659,-76.8268682291823
307.00738482315,-76.814174915136
307.21955249992,-76.8014805888629
307.431866802228,-76.7887852488016
307.644327831404,-76.776088893388
307.85693568885,-76.7633915210555
308.069690476036,-76.7506931302347
308.282592294502,-76.7379937193538
308.495641245859,-76.725293286838
308.708837431789,-76.71259183111
308.922180954043,-76.6998893505899
309.135671914442,-76.687185843695
309.349310414879,-76.6744813088398
309.563096557316,-76.6617757444365
309.777030443786,-76.649069148894
309.991112176392,-76.6363615206192
310.205341857308,-76.6236528580157
310.41971958878,-76.6109431594848
310.634245473121,-76.5982324234247
310.848919612719,-76.5855206482312
311.06374211003,-76.5728078322973
311.278713067581,-76.5600939740131
311.493832587971,-76.5473790717662
311.709100773869,-76.5346631239412
311.924517728016,-76.5219461289201
312.140083553222,-76.5092280850822
312.35579835237,-76.4965089908039
312.571662228413,-76.4837888444589
312.787675284377,-76.4710676444181
313.003837623356,-76.4583453890497
313.220149348518,-76.4456220767189
313.4366105631,-76.4328977057884
313.653221370414,-76.420172274618
313.869981873838,-76.4074457815646
314.086892176827,-76.3947182249824
314.303952382904,-76.3819896032226
314.521162595665,-76.369259914634
314.738522918776,-76.3565291575621
314.956033455977,-76.3437973303498
315.173694311078,-76.3310644313372
315.391505587961,-76.3183304588616
315.60946739058,-76.3055954112571
315.827579822961,-76.2928592868555
316.045842989202,-76.2801220839853
316.264256993472,-76.2673838009723
316.482821940013,-76.2546444361394
316.701537933138,-76.2419039878068
316.920405077234,-76.2291624542915
317.139423476758,-76.2164198339078
317.358593236241,-76.2036761249672
317.577914460284,-76.1909313257782
317.797387253563,-76.1781854346462
318.017011720824,-76.1654384498741
318.236787966887,-76.1526903697616
318.456716096643,-76.1399411926055
318.676796215057,-76.1271909166998
318.897028427166,-76.1144395403354
319.117412838078,-76.1016870618005
319.337949552977,-76.0889334793801
319.558638677117,-76.0761787913565
319.779480315824,-76.0634229960087
320.000474574501,-76.0506660916131
320.221621558619,-76.0379080764429
320.442921373724,-76.0251489487685
320.664374125437,-76.0123887068571
320.885979919448,-75.9996273489732
321.107738861522,-75.986864873378
321.329651057498,-75.97410127833
321.551716613287,-75.9613365620845
321.773935634873,-75.9485707228937
321.996308228314,-75.9358037590072
322.21883449974,-75.9230356686711
322.441514555357,-75.9102664501288
322.664348501442,-75.8974961016205
322.887336444345,-75.8847246213834
323.110478490492,-75.8719520076516
323.333774746381,-75.8591782586564
323.557225318583,-75.8464033726257
323.780830313744,-75.8336273477845
324.004589838583,-75.8208501823548
324.228503999893,-75.8080718745553
324.452572904541,-75.7952924226019
324.676796659467,-75.7825118247073
324.901175371686,-75.769730079081
325.125709148285,-75.7569471839294
325.350398096428,-75.744163137456
325.575242323351,-75.731377937861
325.800241936364,-75.7185915833415
326.025397042853,-75.7058040720917
326.250707750275,-75.6930154023022
326.476174166165,-75.6802255721609
326.701796398129,-75.6674345798524
326.927574553851,-75.6546424235581
327.153508741085,-75.6418491014562
327.379599067663,-75.6290546117221
327.60584564149,-75.6162589525274
327.832248570547,-75.603462122041
328.058807962887,-75.5906641184285
328.285523926639,-75.5778649398524
328.512396570008,-75.5650645844718
328.739426001272,-75.5522630504426
328.966612328784,-75.5394603359178
329.193955660974,-75.5266564390467
329.421456106344,-75.5138513579759
329.649113773472,-75.5010450908484
329.876928771013,-75.4882376358041
330.104901207694,-75.4754289909796
330.333031192319,-75.4626191545083
330.561318833766,-75.4498081245204
330.789764240991,-75.4369958991426
331.018367523021,-75.4241824764988
331.247128788962,-75.411367854709
331.476048147994,-75.3985520318904
331.705125709372,-75.3857350061568
331.934361582427,-75.3729167756185
332.163755876565,-75.3600973383828
332.39330870127,-75.3472766925534
332.623020166099,-75.334454836231
332.852890380685,-75.3216317675127
333.082919454737,-75.3088074844924
333.313107498041,-75.2959819852606
333.543454620457,-75.2831552679045
333.773960931924,-75.270327330508
334.004626542452,-75.2574981711515
334.235451562132,-75.2446677879122
334.466436101129,-75.2318361788638
334.697580269683,-75.2190033420767
334.928884178112,-75.2061692756178
335.16034793681,-75.1933339775509
335.391971656246,-75.1804974459359
335.623755446966,-75.1676596788298
335.855699419594,-75.154820674286
336.087803684827,-75.1419804303543
336.320068353442,-75.1291389450813
336.552493536291,-75.1162962165101
336.785079344303,-75.1034522426803
337.017825888482,-75.0906070216282
337.250733279911,-75.0777605513865
337.483801629749,-75.0649128299845
337.717031049231,-75.0520638554479
337.950421649671,-75.0392136257992
338.183973542456,-75.0263621390572
338.417686839055,-75.0135093932372
338.65156165101,-75.0006553863511
338.885598089942,-74.9878001164073
339.119796267549,-74.9749435814105
339.354156295605,-74.9620857793623
339.588678285963,-74.9492267082602
339.823362350552,-74.9363663660985
340.058208601379,-74.9235047508681
340.293217150528,-74.910641860556
340.528388110161,-74.8977776931459
340.763721592517,-74.8849122466178
340.999217709913,-74.8720455189482
341.234876574742,-74.8591775081099
341.470698299478,-74.8463082120723
341.706682996669,-74.8334376288011
341.942830778944,-74.8205657562584
342.179141759008,-74.8076925924027
342.415616049643,-74.7948181351888
342.652253763712,-74.7819423825681
342.889055014154,-74.7690653324881
343.126019913985,-74.7561869828928
343.363148576301,-74.7433073317226
343.600441114276,-74.7304263769141
343.837897641161,-74.7175441164004
344.075518270287,-74.7046605481108
344.313303115061,-74.691775669971
344.55125228897,-74.6788894799029
344.78936590558,-74.6660019758249
345.027644078534,-74.6531131556515
345.266086921554,-74.6402230172937
345.504694548441,-74.6273315586585
345.743467073074,-74.6144387776494
345.982404609412,-74.6015446721662
346.22150727149,-74.5886492401047
346.460775173426,-74.5757524793572
346.700208429413,-74.5628543878122
346.939807153725,-74.5499549633543
347.179571460714,-74.5370542038645
347.419501464812,-74.5241521072199
347.659597280529,-74.5112486712939
347.899859022454,-74.498343893956
348.140286805257,-74.4854377730721
348.380880743686,-74.4725303065039
348.621640952568,-74.4596214921097
348.86256754681,-74.4467113277437
349.103660641397,-74.4337998112565
349.344920351396,-74.4208869404946
349.586346791952,-74.4079727133007
349.827940078289,-74.3950571275139
350.069700325712,-74.382140180969
350.311627649604,-74.3692218714974
350.55372216543,-74.3563021969262
350.795983988733,-74.3433811550788
351.038413235137,-74.3304587437747
351.281010020344,-74.3175349608294
351.523774460138,-74.3046098040547
351.766706670382,-74.2916832712582
352.009806767021,-74.2787553602437
352.253074866076,-74.265826068811
352.496511083652,-74.2528953947561
352.740115535932,-74.2399633358709
352.983888339182,-74.2270298899433
353.227829609745,-74.2140950547573
353.471939464046,-74.2011588280929
353.716218018591,-74.1882212077261
353.960665389966,-74.175282191429
354.205281694837,-74.1623417769695
354.450067049951,-74.1493999621115
354.695021572137,-74.1364567446151
354.940145378302,-74.1235121222361
355.185438585436,-74.1105660927264
355.430901310609,-74.0976186538338
355.676533670973,-74.0846698033021
355.922335783759,-74.0717195388708
356.16830776628,-74.0587678582756
356.414449735931,-74.0458147592481
356.660761810187,-74.0328602395155
356.907244106603,-74.0199042968012
357.153896742819,-74.0069469288244
357.400719836552,-73.9939881333002
357.647713505604,-73.9810279079394
357.894877867856,-73.9680662504489
358.142213041271,-73.9551031585313
358.389719143894,-73.9421386298849
358.637396293851,-73.9291726622043
358.88524460935,-73.9162052531794
359.133264208682,-73.9032364004962
359.381455210216,-73.8902661018365
359.629817732408,-73.8772943548778
359.87835189379,-73.8643211572934
360.127057812982,-73.8513465067524
360.37593560868,-73.8383704009197
360.624985399668,-73.8253928374558
360.874207304806,-73.8124138140173
361.123601443042,-73.7994333282562
361.373167933401,-73.7864513778203
361.622906894995,-73.7734679603532
361.872818447014,-73.7604830734942
362.122902708733,-73.7474967148783
362.37315979951,-73.7345088821362
362.623589838782,-73.7215195728941
362.874192946073,-73.7085287847742
363.124969240986,-73.6955365153942
363.375918843209,-73.6825427623674
363.627041872511,-73.6695475233028
363.878338448746,-73.6565507958051
364.129808691847,-73.6435525774745
364.381452721834,-73.6305528659069
364.633270658808,-73.617551658694
364.885262622953,-73.6045489534225
365.137428734536,-73.5915447476754
365.389769113907,-73.5785390390309
365.642283881501,-73.5655318250629
365.894973157834,-73.5525231033406
366.147837063506,-73.5395128714291
366.400875719201,-73.5265011268889
366.654089245684,-73.513487867276
366.907477763808,-73.5004730901419
367.161041394505,-73.4874567930337
367.414780258792,-73.474438973494
367.668694477772,-73.4614196290607
367.922784172627,-73.4483987572675
368.177049464629,-73.4353763556433
368.431490475127,-73.4223524217126
368.686107325558,-73.4093269529954
368.940900137442,-73.396299947007
369.195869032384,-73.3832714012581
369.451014132072,-73.3702413132551
369.706335558277,-73.3572096804995
369.961833432856,-73.3441765004884
370.217507877749,-73.3311417707142
370.473359014982,-73.3181054886648
370.729386966663,-73.3050676518232
370.985591854985,-73.292028257668
371.241973802228,-73.2789873036732
371.498532930753,-73.265944787308
371.755269363007,-73.2529007060369
372.012183221522,-73.2398550573198
372.269274628915,-73.226807838612
372.526543707885,-73.2137590473638
372.78399058122,-73.2007086810212
373.04161537179,-73.1876567370252
373.29941820255,-73.174603212812
373.557399196542,-73.1615481058133
373.815558476891,-73.148491413456
374.073896166806,-73.1354331331621
374.332412389586,-73.1223732623489
374.59110726861,-73.109311798429
374.849980927344,-73.09624873881
375.109033489341,-73.0831840808949
375.368265078237,-73.0701178220818
375.627675817756,-73.057049959764
375.887265831705,-73.0439804913298
376.147035243977,-73.030909414163
376.406984178552,-73.0178367256422
376.667112759495,-73.0047624231412
376.927421110956,-72.9916865040291
377.187909357171,-72.97860896567
377.448577622464,-72.9655298054231
377.709426031241,-72.9524490206425
377.970454707998,-72.9393666086777
378.231663777315,-72.9262825668731
378.493053363857,-72.9131968925682
378.754623592377,-72.9001095830974
379.016374587714,-72.8870206357903
379.278306474793,-72.8739300479715
379.540419378625,-72.8608378169604
379.802713424307,-72.8477439400718
380.065188737024,-72.8346484146151
380.327845442047,-72.8215512378949
380.590683664732,-72.8084524072106
380.853703530524,-72.7953519198568
381.116905164953,-72.7822497731227
381.380288693635,-72.7691459642928
381.643854242277,-72.7560404906462
381.907601936667,-72.742933349457
382.171531902685,-72.7298245379944
382.435644266294,-72.7167140535223
382.699939153548,-72.7036018932993
382.964416690584,-72.6904880545793
383.22907700363,-72.6773725346107
383.493920218998,-72.6642553306368
383.75894646309,-72.6511364398957
384.024155862393,-72.6380158596206
384.289548543483,-72.6248935870391
384.555124633023,-72.6117696193739
384.820884257763,-72.5986439538423
385.086827544543,-72.5855165876564
385.352954620286,-72.572387518023
385.619265612008,-72.5592567421439
385.885760646808,-72.5461242572153
386.152439851877,-72.5329900604284
386.419303354491,-72.5198541489688
386.686351282015,-72.5067165200172
386.953583761902,-72.4935771707486
387.221000921693,-72.4804360983328
387.488602889018,-72.4672932999344
387.756389791594,-72.4541487727125
388.024361757226,-72.4410025138208
388.292518913808,-72.4278545204078
388.560861389323,-72.4147047896164
388.829389311842,-72.4015533185842
389.098102809524,-72.3884001044435
389.367002010617,-72.375245144321
389.636087043457,-72.362088435338
389.905358036469,-72.3489299746103
390.174815118169,-72.3357697592484
390.444458417157,-72.3226077863572
390.714288062127,-72.3094440530361
390.984304181858,-72.2962785563791
391.254506905221,-72.2831112934746
391.524896361173,-72.2699422614055
391.795472678763,-72.2567714572491
392.066235987127,-72.2435988780773
392.337186415493,-72.2304245209562
392.608324093174,-72.2172483829466
392.879649149577,-72.2040704611035
393.151161714195,-72.1908907524763
393.422861916613,-72.177709254109
393.694749886503,-72.1645259630397
393.966825753628,-72.151340876301
394.239089647842,-72.1381539909198
394.511541699087,-72.1249653039173
394.784182037395,-72.1117748123093
395.057010792887,-72.0985825131054
395.330028095776,-72.08538840331
395.603234076363,-72.0721924799213
395.876628865042,-72.0589947399322
396.150212592293,-72.0457951803296
396.42398538869,-72.0325937980947
396.697947384894,-72.0193905902029
396.972098711659,-72.0061855536239
397.246439499828,-71.9929786853214
397.520969880333,-71.9797699822537
397.795689984201,-71.9665594413727
398.070599942544,-71.9533470596249
398.345699886569,-71.9401328339507
398.620989947571,-71.9269167612849
398.896470256937,-71.9136988385561
399.172140946144,-71.9004790626871
399.448002146761,-71.8872574305951
399.724053990447,-71.8740339391908
400.000296608953,-71.8608085853795
400.276730134119,-71.8475813660602
400.553354697878,-71.8343522781261
400.830170432253,-71.8211213184643
401.10717746936,-71.8078884839562
401.384375941404,-71.7946537714768
401.661765980683,-71.7814171778953
401.939347719586,-71.7681787000749
402.217121290593,-71.7549383348725
402.495086826276,-71.7416960791392
402.773244459299,-71.72845192972
403.051594322418,-71.7152058834536
403.330136548478,-71.7019579371729
403.60887127042,-71.6887080877043
403.887798621273,-71.6754563318684
404.16691873416,-71.6622026664796
404.446231742296,-71.6489470883459
404.725737778987,-71.6356895942693
405.005436977633,-71.6224301810457
405.285329471724,-71.6091688454646
405.565415394844,-71.5959055843093
405.845694880668,-71.582640394357
406.126168062964,-71.5693732723786
406.406835075592,-71.5561042151386
406.687696052506,-71.5428332193953
406.968751127751,-71.5295602819009
407.250000435465,-71.5162853994009
407.531444109878,-71.5030085686348
407.813082285315,-71.4897297863356
408.094915096192,-71.47644904923
408.376942677018,-71.4631663540383
408.659165162395,-71.4498816974744
408.941582687019,-71.4365950762459
409.224195385679,-71.4233064870538
409.507003393255,-71.4100159265928
409.790006844721,-71.3967233915512
410.073205875148,-71.3834288786107
410.356600619694,-71.3701323844466
410.640191213616,-71.3568339057277
410.923977792262,-71.3435334391162
411.207960491073,-71.330230981268
411.492139445585,-71.3169265288321
411.776514791427,-71.3036200784514
412.061086664322,-71.2903116267619
412.345855200085,-71.277001170393
412.630820534628,-71.2636887059677
412.915982803955,-71.2503742301022
413.201342144165,-71.2370577394063
413.486898691449,-71.2237392304828
413.772652582094,-71.2104186999281
414.05860395248,-71.1970961443319
414.344752939084,-71.183771560277
414.631099678474,-71.1704449443397
414.917644307314,-71.1571162930896
415.204386962361,-71.1437856030893
415.491327780469,-71.1304528708948
415.778466898584,-71.1171180930554
416.065804453749,-71.1037812661135
416.3533405831,-71.0904423866045
416.641075423868,-71.0771014510574
416.929009113379,-71.0637584559941
417.217141789055,-71.0504133979295
417.505473588412,-71.0370662733719
417.79400464906,-71.0237170788226
418.082735108705,-71.010365810776
418.37166510515,-70.9970124657194
418.66079477629,-70.9836570401334
418.950124260118,-70.9702995304915
419.23965369472,-70.9569399332603
419.52938321828,-70.9435782448993
419.819312969075,-70.9302144618612
420.109443085479,-70.9168485805913
420.399773705961,-70.9034805975283
420.690304969087,-70.8901105091034
420.981037013516,-70.8767383117411
421.271969978007,-70.8633640018585
421.563104001411,-70.8499875758658
421.854439222677,-70.8366090301659
422.145975780849,-70.8232283611548
422.437713815068,-70.8098455652209
422.729653464571,-70.7964606387459
423.02179486869,-70.7830735781039
423.314138166855,-70.7696843796621
423.606683498591,-70.7562930397802
423.89943100352,-70.7428995548109
424.192380821362,-70.7295039210993
424.48553309193,-70.7161061349836
424.778887955137,-70.7027061927943
425.072445550991,-70.6893040908548
425.366206019598,-70.6758998254811
425.660169501158,-70.6624933929819
425.954336135972,-70.6490847896585
426.248706064434,-70.6356740118046
426.543279427039,-70.6222610557068
426.838056364374,-70.608845917644
427.133037017129,-70.5954285938879
427.428221526087,-70.5820090807025
427.723610032129,-70.5685873743443
428.019202676235,-70.5551634710625
428.314999599481,-70.5417373670987
428.611000943041,-70.5283090586868
428.907206848187,-70.5148785420532
429.203617456288,-70.5014458134169
429.500232908809,-70.488010868989
429.797053347316,-70.4745737049733
430.094078913472,-70.4611343175656
430.391309749036,-70.4476927029544
430.688745995867,-70.4342488573203
430.986387795921,-70.4208027768363
431.284235291253,-70.4073544576675
431.582288624015,-70.3939038959715
431.880547936458,-70.3804510878981
432.179013370931,-70.3669960295891
432.477685069881,-70.3535387171788
432.776563175855,-70.3400791467936
433.075647831497,-70.326617314552
433.374939179549,-70.3131532165646
433.674437362855,-70.2996868489343
433.974142524353,-70.286218207756
434.274054807083,-70.2727472891167
434.574174354184,-70.2592740890955
434.874501308892,-70.2457986037634
435.175035814543,-70.2323208291837
435.475778014572,-70.2188407614116
435.776728052513,-70.2053583964941
436.077886071999,-70.1918737304703
436.379252216764,-70.1783867593715
436.680826630638,-70.1648974792205
436.982609457554,-70.1514058860322
437.284600841542,-70.1379119758136
437.586800926733,-70.1244157445631
437.889209857355,-70.1109171882714
438.19182777774,-70.0974163029208
438.494654832315,-70.0839130844854
438.797691165612,-70.0704075289312
439.100936922257,-70.0568996322158
439.404392246981,-70.0433893902887
439.708057284612,-70.029876799091
440.011932180079,-70.0163618545557
440.316017078412,-70.0028445526073
440.620312124741,-69.9893248891619
440.924817464294,-69.9758028601275
441.229533242402,-69.9622784614034
441.534459604496,-69.9487516888808
441.839596696107,-69.9352225384423
442.144944662866,-69.921691005962
442.450503650506,-69.9081570873058
442.75627380486,-69.8946207783308
443.062255271861,-69.8810820748858
443.368448197543,-69.867540972811
443.674852728044,-69.8539974679379
443.981469009599,-69.8404515560898
444.288297188545,-69.8269032330809
444.595337411323,-69.8133524947173
444.90258982447,-69.799799336796
445.21005457463,-69.7862437551057
445.517731808544,-69.7726857454262
445.825621673056,-69.7591253035286
446.133724315112,-69.7455624251754
446.442039881758,-69.7319971061202
446.750568520144,-69.718429342108
447.05931037752,-69.7048591288748
447.368265601237,-69.6912864621478
447.677434338751,-69.6777113376457
447.986816737615,-69.6641337510778
448.296412945489,-69.6505536981449
448.606223110132,-69.6369711745388
448.916247379407,-69.6233861759423
449.226485901277,-69.6097986980293
449.536938823808,-69.5962087364646
449.847606295169,-69.5826162869043
450.158488463632,-69.5690213449951
450.46958547757,-69.5554239063749
450.780897485459,-69.5418239666724
451.092424635878,-69.5282215215073
451.404167077508,-69.5146165664902
451.716124959134,-69.5010090972224
452.028298429642,-69.4873991092961
452.340687638023,-69.4737865982944
452.653292733368,-69.4601715597911
452.966113864876,-69.4465539893508
453.279151181842,-69.4329338825288
453.592404833671,-69.4193112348712
453.905874969868,-69.4056860419146
454.21956174004,-69.3920582991865
454.533465293901,-69.3784280022049
454.847585781267,-69.3647951464784
455.161923352055,-69.3511597275064
455.476478156289,-69.3375217407785
455.791250344096,-69.3238811817751
456.106240065705,-69.3102380459672
456.42144747145,-69.296592328816
456.73687271177,-69.2829440257735
457.052515937206,-69.2692931322818
457.368377298404,-69.2556396437737
457.684456946114,-69.2419835556724
458.00075503119,-69.2283248633911
458.31727170459,-69.2146635623338
458.634007117378,-69.2009996478945
458.95096142072,-69.1873331154577
459.268134765889,-69.1736639603981
459.58552730426,-69.1599921780805
459.903139187313,-69.1463177638602
460.220970566635,-69.1326407130824
460.539021593915,-69.1189610210827
460.85729242095,-69.1052786831866
461.175783199637,-69.09159369471
461.494494081984,-69.0779060509586
461.813425220098,-69.0642157472284
462.132576766197,-69.0505227788052
462.451948872599,-69.0368271409651
462.77154169173,-69.0231288289739
463.091355376122,-69.0094278380875
463.411390078411,-68.9957241635516
463.731645951337,-68.9820178006021
464.052123147749,-68.9683087444645
464.3728218206,-68.9545969903542
464.693742122948,-68.9408825334764
465.014884207958,-68.9271653690263
465.3362482289,-68.9134454921885
465.65783433915,-68.8997228981376
465.979642692191,-68.885997582038
466.30167344161,-68.8722695390435
466.623926741102,-68.8585387642977
466.946402744469,-68.844805252934
467.269101605616,-68.831069000075
467.592023478557,-68.8173300008332
467.915168517411,-68.8035882503107
468.238536876406,-68.7898437435987
468.562128709874,-68.7760964757784
468.885944172254,-68.7623464419201
469.209983418092,-68.7485936370837
469.534246602042,-68.7348380563184
469.858733878863,-68.721079694663
470.183445403423,-68.7073185471454
470.508381330694,-68.6935546087828
470.833541815759,-68.679787874582
471.158927013804,-68.6660183395388
471.484537080127,-68.6522459986382
471.810372170128,-68.6384708468546
472.136432439319,-68.6246928791516
472.462718043317,-68.6109120904815
472.789229137847,-68.5971284757864
473.115965878742,-68.5833420299969
473.442928421943,-68.569552748033
473.770116923496,-68.5557606248036
474.09753153956,-68.5419656552066
474.425172426397,-68.5281678341289
474.753039740379,-68.5143671564464
475.081133637987,-68.5005636170237
475.409454275808,-68.4867572107146
475.738001810539,-68.4729479323613
476.066776398985,-68.4591357767954
476.395778198059,-68.4453207388368
476.725007364781,-68.4315028132943
477.054464056283,-68.4176819949656
477.384148429803,-68.4038582786368
477.714060642687,-68.390031659083
478.044200852393,-68.3762021310676
478.374569216484,-68.3623696893429
478.705165892635,-68.3485343286495
479.035991038628,-68.3346960437168
479.367044812354,-68.3208548292625
479.698327371815,-68.3070106799929
480.029838875121,-68.2931635906028
480.361579480491,-68.2793135557752
480.693549346252,-68.2654605701816
481.025748630845,-68.251604628482
481.358177492816,-68.2377457253246
481.690836090822,-68.2238838553457
482.023724583629,-68.2100190131702
482.356843130115,-68.1961511934109
482.690191889265,-68.1822803906691
483.023771020176,-68.1684065995341
483.357580682053,-68.1545298145832
483.691621034214,-68.140650030382
484.025892236084,-68.1267672414841
484.360394447199,-68.112881442431
484.695127827206,-68.0989926277525
485.030092535862,-68.0851007919661
485.365288733035,-68.0712059295771
485.700716578702,-68.0573080350792
486.036376232951,-68.0434071029534
486.372267855982,-68.029503127669
486.708391608105,-68.0155961036827
487.04474764974,-68.0016860254391
487.381336141417,-67.9877728873707
487.718157243781,-67.9738566838975
488.055211117584,-67.9599374094271
488.39249792369,-67.946015058355
488.730017823075,-67.932089625064
489.067770976827,-67.9181611039245
489.405757546143,-67.9042294892947
489.743977692332,-67.8902947755198
490.082431576817,-67.876356956933
490.421119361129,-67.8624160278544
490.760041206913,-67.8484719825919
491.099197275924,-67.8345248154404
491.438587730031,-67.8205745206823
491.778212731214,-67.8066210925873
492.118072441563,-67.7926645254122
492.458167023283,-67.778704813401
492.798496638688,-67.7647419507852
493.139061450207,-67.7507759317829
493.47986162038,-67.7368067505997
493.82089731186,-67.722834401428
494.162168687411,-67.7088588784474
494.50367590991,-67.6948801758245
494.845419142348,-67.6808982877126
495.187398547827,-67.6669132082521
495.529614289562,-67.6529249315704
495.872066530881,-67.6389334517813
496.214755435226,-67.6249387629859
496.55768116615,-67.6109408592718
496.90084388732,-67.5969397347132
497.244243762515,-67.5829353833714
497.58788095563,-67.5689277992939
497.93175563067,-67.5549169765151
498.275867951755,-67.5409029090558
498.620218083119,-67.5268855909234
498.964806189109,-67.5128650161119
499.309632434184,-67.4988411786016
499.654696982918,-67.4848140723592
500,-67.4707836913379
500.345541650231,-67.4567500294773
500.691322098525,-67.442713080703
501.037341509913,-67.4286728389273
501.383600049538,-67.4146292980482
501.730097882657,-67.4005824519505
502.076835174642,-67.3865322945045
502.42381209098,-67.372478819567
502.77102879727,-67.3584220209809
503.118485459227,-67.3443618925748
503.466182242681,-67.3302984281637
503.814119313576,-67.3162316215482
504.16229683797,-67.3021614665149
504.510714982037,-67.2880879568363
504.859373912065,-67.2740110862709
505.208273794457,-67.2599308485626
505.557414795731,-67.2458472374413
505.90679708252,-67.2317602466226
506.256420821574,-67.2176698698076
506.606286179754,-67.2035761006832
506.956393324042,-67.1894789329217
507.30674242153,-67.175378360181
507.657333639429,-67.1612743761046
508.008167145064,-67.1471669743214
508.359243105876,-67.1330561484456
508.710561689421,-67.1189418920767
509.062123063373,-67.1048241987999
509.413927395519,-67.0907030621853
509.765974853764,-67.0765784757884
510.118265606129,-67.0624504331498
510.470799820749,-67.0483189277954
510.823577665878,-67.034183953236
511.176599309885,-67.0200455029677
511.529864921254,-67.0059035704715
511.883374668588,-66.9917581492134
512.237128720605,-66.9776092326442
512.59112724614,-66.9634568141997
512.945370414145,-66.9493008873007
513.299858393686,-66.9351414453524
513.654591353951,-66.9209784817453
514.009569464241,-66.9068119898541
514.364792893975,-66.8926419630384
514.720261812689,-66.8784683946424
515.075976390037,-66.864291277995
515.431936795788,-66.8501106064093
515.788143199832,-66.8359263731831
516.144595772174,-66.8217385715988
516.501294682935,-66.8075471949228
516.858240102357,-66.7933522364062
517.215432200797,-66.7791536892843
517.572871148732,-66.7649515467764
517.930557116754,-66.7507458020865
518.288490275576,-66.7365364484022
518.646670796027,-66.7223234788956
519.005098849053,-66.7081068867229
519.363774605723,-66.693886665024
519.722698237217,-66.679662806923
520.081869914839,-66.6654353055279
520.44128981001,-66.6512041539305
520.800958094268,-66.6369693452065
521.160874939271,-66.6227308724154
521.521040516795,-66.6084887286003
521.881454998735,-66.5942429067882
522.242118557105,-66.5799933999895
522.603031364037,-66.5657402011983
522.964193591783,-66.5514833033923
523.325605412713,-66.5372226995325
523.687266999318,-66.5229583825636
524.049178524205,-66.5086903454134
524.411340160103,-66.4944185809932
524.77375207986,-66.4801430821976
525.136414456443,-66.4658638419045
525.499327462938,-66.4515808529747
525.862491272551,-66.4372941082525
526.225906058608,-66.423003600565
526.589571994555,-66.4087093227225
526.953489253957,-66.3944112675183
527.3176580105,-66.3801094277284
527.682078437989,-66.365803796112
528.04675071035,-66.3514943654109
528.41167500163,-66.3371811283498
528.776851485992,-66.3228640776361
529.142280337724,-66.3085432059598
529.507961731233,-66.2942185059936
529.873895841047,-66.2798899703927
530.240082841813,-66.265557591795
530.6065229083,-66.2512213628206
530.973216215397,-66.2368812760721
531.340162938116,-66.2225373241346
531.707363251587,-66.2081894995754
532.074817331062,-66.1938377949439
532.442525351915,-66.179482202772
532.810487489641,-66.1651227155734
533.178703919856,-66.1507593258442
533.547174818296,-66.1363920260622
533.915900360821,-66.1220208086876
534.284880723411,-66.1076456661621
534.654116082168,-66.0932665909096
535.023606613315,-66.0788835753354
535.393352493198,-66.0644966118271
535.763353898284,-66.0501056927535
536.133611005162,-66.0357108104654
536.504123990543,-66.0213119572948
536.874893031261,-66.0069091255557
537.245918304272,-65.9925023075432
537.617199986653,-65.978091495534
537.988738255604,-65.9636766817861
538.360533288449,-65.9492578585387
538.732585262632,-65.9348350180125
539.104894355721,-65.9204081524091
539.477460745407,-65.9059772539113
539.850284609503,-65.8915423146832
540.223366125946,-65.8771033268696
540.596705472794,-65.8626602825963
540.970302828231,-65.8482131739703
541.344158370561,-65.8337619930789
541.718272278213,-65.8193067319907
542.092644729739,-65.8048473827547
542.467275903814,-65.7903839374006
542.842165979238,-65.7759163879388
543.217315134932,-65.76144472636
543.592723549944,-65.7469689446356
543.968391403441,-65.7324890347174
544.344318874718,-65.7180049885373
544.720506143194,-65.7035167980079
545.096953388408,-65.6890244550216
545.473660790027,-65.6745279514512
545.85062852784,-65.6600272791495
546.227856781761,-65.6455224299495
546.60534573183,-65.631013395664
546.983095558208,-65.6165001680858
547.361106441183,-65.6019827389875
547.739378561166,-65.5874611001215
548.117912098694,-65.5729352432199
548.496707234429,-65.5584051599946
548.875764149157,-65.5438708421369
549.255083023788,-65.5293322813177
549.634664039359,-65.5147894691875
550.014507377031,-65.5002423973759
550.39461321809,-65.4856910574922
550.774981743949,-65.4711354411246
551.155613136144,-65.4565755398409
551.536507576338,-65.4420113451876
551.917665246318,-65.4274428486907
552.299086327999,-65.4128700418548
552.68077100342,-65.3982929161639
553.062719454747,-65.3837114630803
553.44493186427,-65.3691256740457
553.827408414406,-65.3545355404801
554.210149287699,-65.3399410537823
554.593154666817,-65.3253422053298
554.976424734558,-65.3107389864786
555.359959673841,-65.296131388563
555.743759667716,-65.2815194028959
556.127824899358,-65.2669030207684
556.512155552068,-65.2522822334499
556.896751809274,-65.237657032188
557.28161385453,-65.2230274082083
557.666741871519,-65.2083933527147
558.052136044049,-65.1937548568889
558.437796556055,-65.1791119118904
558.823723591601,-65.1644645088568
559.209917334877,-65.1498126389032
559.596377970199,-65.1351562931225
559.983105682013,-65.1204954625854
560.37010065489,-65.1058301383399
560.75736307353,-65.0911603114114
561.144893122761,-65.0764859728031
561.532690987537,-65.061807113495
561.920756852941,-65.0471237244449
562.309090904184,-65.0324357965873
562.697693326606,-65.0177433208342
563.086564305672,-65.0030462880742
563.475704026977,-64.9883446891734
563.865112676246,-64.9736385149743
564.254790439329,-64.9589277562964
564.644737502206,-64.944212403936
565.034954050987,-64.929492448666
565.425440271909,-64.9147678812357
565.816196351336,-64.9000386923712
566.207222475766,-64.8853048727748
566.598518831819,-64.8705664131254
566.99008560625,-64.8558233040778
567.381922985939,-64.8410755362634
567.774031157898,-64.8263231002893
568.166410309266,-64.811565986739
568.559060627314,-64.7968041861718
568.951982299439,-64.7820376891228
569.345175513171,-64.7672664861031
569.738640456166,-64.7524905675994
570.132377316213,-64.7377099240739
570.526386281228,-64.7229245459646
570.920667539259,-64.708134423685
571.315221278484,-64.6933395476237
571.710047687208,-64.6785399081449
572.105146953871,-64.6637354955879
572.500519267038,-64.6489263002672
572.896164815409,-64.6341123124723
573.292083787811,-64.6192935224679
573.688276373203,-64.6044699204932
574.084742760675,-64.5896414967627
574.481483139446,-64.5748082414652
574.878497698868,-64.5599701447646
575.275786628422,-64.5451271967989
575.67335011772,-64.5302793876808
576.071188356507,-64.5154267074976
576.469301534657,-64.5005691463106
576.867689842176,-64.4857066941555
577.266353469201,-64.470839341042
577.665292606001,-64.455967076954
578.064507442977,-64.4410898918492
578.46399817066,-64.4262077756595
578.863764979714,-64.4113207182901
579.263808060934,-64.3964287096205
579.664127605246,-64.3815317395032
580.06472380371,-64.3666297977647
580.465596847518,-64.3517228742047
580.866746927991,-64.3368109585963
581.268174236586,-64.3218940406859
581.66987896489,-64.306972110193
582.071861304624,-64.2920451568102
582.47412144764,-64.2771131702031
582.876659585924,-64.2621761400102
583.279475911592,-64.2472340558429
583.682570616896,-64.2322869072849
584.085943894219,-64.2173346838931
584.489595936079,-64.2023773751966
584.893526935123,-64.1874149706968
585.297737084136,-64.1724474598678
585.702226576032,-64.1574748321557
586.106995603862,-64.1424970769787
586.512044360807,-64.1275141837272
586.917373040184,-64.1125261417636
587.322981835442,-64.097532940422
587.728870940166,-64.0825345690083
588.135040548071,-64.0675310168001
588.54149085301,-64.0525222730466
588.948222048966,-64.0375083269685
589.355234330061,-64.0224891677578
589.762527890545,-64.0074647845777
590.170102924808,-63.9924351665628
590.577959627371,-63.9774003028187
590.986098192889,-63.9623601824217
591.394518816155,-63.9473147944195
591.803221692093,-63.9322641278301
592.212207015764,-63.9172081716425
592.621474982362,-63.9021469148161
593.031025787217,-63.8870803462807
593.440859625793,-63.8720084549369
593.850976693692,-63.856931229655
594.261377186647,-63.8418486592759
594.67206130053,-63.8267607326103
595.083029231345,-63.8116674384391
595.494281175235,-63.7965687655127
595.905817328475,-63.7814647025516
596.317637887479,-63.7663552382458
596.729743048793,-63.7512403612549
597.142133009102,-63.7361200602077
597.554807965227,-63.7209943237027
597.967768114122,-63.7058631403074
598.381013652879,-63.6907264985583
598.794544778727,-63.6755843869612
599.208361689031,-63.6604367939905
599.622464581291,-63.6452837080896
600.036853653144,-63.6301251176704
600.451529102365,-63.6149610111135
600.866491126864,-63.599791376768
601.281739924688,-63.5846162029511
601.697275694022,-63.5694354779485
602.113098633187,-63.5542491900138
602.529208940641,-63.5390573273688
602.94560681498,-63.523859878203
603.362292454936,-63.5086568306739
603.77926605938,-63.4934481729065
604.196527827318,-63.4782338929933
604.614077957896,-63.4630139789945
605.031916650396,-63.4477884189374
605.450044104239,-63.4325572008165
605.868460518983,-63.4173203125935
606.287166094323,-63.402077742197
606.706161030095,-63.3868294775224
607.12544552627,-63.3715755064321
607.545019782958,-63.3563158167548
607.964884000408,-63.3410503962858
608.385038379008,-63.3257792327868
608.805483119282,-63.3105023139858
609.226218421895,-63.2952196275769
609.647244487649,-63.2799311612201
610.068561517487,-63.2646369025415
610.490169712488,-63.2493368391329
610.912069273872,-63.2340309585516
611.334260402997,-63.2187192483206
611.756743301361,-63.2034016959282
612.179518170601,-63.1880782888281
612.602585212493,-63.1727490144389
613.025944628952,-63.1574138601446
613.449596622035,-63.1420728132937
613.873541393935,-63.1267258611997
614.297779146987,-63.1113729911407
614.722310083666,-63.0960141903593
615.147134406585,-63.0806494460626
615.5722523185,-63.0652787454216
615.997664022304,-63.0499020755719
616.423369721033,-63.0345194236128
616.849369617861,-63.0191307766076
617.275663916104,-63.0037361215831
617.702252819217,-62.98833544553
618.129136530798,-62.9729287354023
618.556315254582,-62.9575159781174
618.983789194449,-62.9420971605559
619.411558554418,-62.9266722695613
619.839623538647,-62.9112412919403
620.267984351439,-62.8958042144622
620.696641197235,-62.8803610238589
621.125594280619,-62.8649117068252
621.554843806315,-62.8494562500179
621.98438997919,-62.8339946400561
622.414233004252,-62.8185268635212
622.84437308665,-62.8030529069563
623.274810431677,-62.7875727568665
623.705545244764,-62.7720863997187
624.136577731488,-62.7565938219409
624.567908097565,-62.741095009923
624.999536548855,-62.7255899500158
625.43146329136,-62.7100786285315
625.863688531223,-62.6945610317431
626.296212474732,-62.6790371458843
626.729035328315,-62.6635069571497
627.162157298545,-62.6479704516945
627.595578592135,-62.6324276156339
628.029299415943,-62.6168784350438
628.463319976969,-62.6013228959597
628.897640482358,-62.5857609843776
629.332261139394,-62.5701926862527
629.767182155509,-62.5546179875004
630.202403738275,-62.5390368739952
630.637926095409,-62.523449331571
631.073749434771,-62.5078553460209
631.509873964364,-62.4922549030973
631.946299892337,-62.476647988511
632.383027426981,-62.4610345879318
632.82005677673,-62.4454146869881
633.257388150166,-62.4297882712666
633.69502175601,-62.4141553263123
634.13295780313,-62.3985158376283
634.57119650054,-62.3828697906755
635.009738057396,-62.3672171708727
635.448582682997,-62.3515579635965
635.887730586791,-62.3358921541806
636.327181978368,-62.3202197279161
636.766937067462,-62.3045406700514
637.206996063955,-62.2888549657917
637.647359177872,-62.273162600299
638.088026619383,-62.2574635586921
638.528998598803,-62.2417578260461
638.970275326596,-62.2260453873926
639.411857013365,-62.210326227719
639.853743869863,-62.194600331969
640.295936106989,-62.178867685042
640.738433935786,-62.1631282717931
641.181237567442,-62.1473820770326
641.624347213294,-62.1316290855265
642.067763084822,-62.1158692819956
642.511485393654,-62.1001026511157
642.955514351564,-62.0843291775175
643.399850170472,-62.0685488457862
643.844493062444,-62.0527616404615
644.289443239693,-62.0369675460373
644.734700914579,-62.0211665469616
645.180266299609,-62.0053586276361
645.626139607435,-61.9895437724166
646.072321050859,-61.9737219656121
646.518810842827,-61.9578931914852
646.965609196435,-61.9420574342514
647.412716324923,-61.9262146780795
647.860132441681,-61.9103649070908
648.307857760246,-61.8945081053595
648.755892494302,-61.8786442569121
649.20423685768,-61.8627733457274
649.652891064361,-61.8468953557361
650.101855328472,-61.8310102708211
650.551129864288,-61.8151180748168
651.000714886233,-61.799218751509
651.450610608879,-61.7833122846351
651.900817246946,-61.7673986578833
652.351335015303,-61.7514778548929
652.802164128965,-61.7355498592541
653.253304803099,-61.7196146545072
653.70475725302,-61.7036722241433
654.15652169419,-61.6877225516034
654.60859834222,-61.6717656202785
655.060987412872,-61.6558014135094
655.513689122057,-61.6398299145863
655.966703685833,-61.6238511067491
656.420031320408,-61.6078649731864
656.873672242142,-61.5918714970362
657.327626667541,-61.5758706613848
657.781894813263,-61.5598624492675
658.236476896113,-61.5438468436677
658.691373133051,-61.5278238275168
659.14658374118,-61.5117933836944
659.60210893776,-61.4957554950278
660.057948940196,-61.4797101442916
660.514103966045,-61.4636573142078
660.970574233014,-61.4475969874456
661.427359958963,-61.431529146621
661.884461361899,-61.4154537742965
662.34187865998,-61.3993708529814
662.799612071518,-61.383280365131
663.257661814973,-61.3671822931466
663.716028108956,-61.3510766193753
664.17471117223,-61.33496332611
664.63371122371,-61.3188423955886
665.09302848246,-61.3027138099945
665.552663167697,-61.2865775514558
666.01261549879,-61.2704336020454
666.472885695258,-61.2542819437806
666.933473976771,-61.2381225586229
667.394380563155,-61.221955428478
667.855605674384,-61.2057805351952
668.317149530585,-61.1895978605674
668.779012352038,-61.173407386331
669.241194359173,-61.1572090941653
669.703695772575,-61.1410029656925
670.16651681298,-61.1247889824775
670.629657701278,-61.1085671260277
671.093118658509,-61.0923373777923
671.556899905868,-61.0760997191628
672.021001664702,-61.0598541314722
672.485424156512,-61.0436005959951
672.95016760295,-61.0273390939471
673.415232225822,-61.0110696064849
673.88061824709,-60.9947921147059
674.346325888865,-60.9785065996478
674.812355373414,-60.9622130422889
675.278706923157,-60.9459114235472
675.745380760668,-60.9296017242805
676.212377108675,-60.9132839252861
676.67969619006,-60.8969580073005
677.147338227858,-60.8806239509992
677.615303445259,-60.8642817369965
678.083592065607,-60.847931345845
678.5522043124,-60.8315727580356
679.021140409291,-60.8152059539973
679.490400580088,-60.7988309140967
679.959985048752,-60.7824476186376
680.429894039402,-60.7660560478613
680.900127776307,-60.7496561819459
681.370686483895,-60.7332480010062
681.841570386747,-60.7168314850932
682.312779709602,-60.7004066141943
682.78431467735,-60.6839733682324
683.25617551504,-60.6675317270663
683.728362447875,-60.6510816704899
684.200875701214,-60.6346231782323
684.673715500573,-60.6181562299571
685.14688207162,-60.6016808052626
685.620375640183,-60.5851968836813
686.094196432243,-60.5687044446795
686.568344673941,-60.5522034676573
687.04282059157,-60.5356939319478
687.517624411582,-60.5191758168177
687.992756360586,-60.5026491014662
688.468216665345,-60.4861137650249
688.94400555278,-60.469569786558
689.42012324997,-60.4530171450611
689.89656998415,-60.436455819462
690.373345982711,-60.4198857886194
690.850451473203,-60.4033070313233
691.327886683332,-60.3867195262944
691.805651840962,-60.3701232521838
692.283747174114,-60.3535181875728
692.762172910966,-60.3369043109726
693.240929279856,-60.3202816008239
693.720016509277,-60.3036500354968
694.199434827882,-60.2870095932899
694.679184464481,-60.270360252431
695.159265648043,-60.253701991076
695.639678607693,-60.2370347873088
696.120423572716,-60.2203586191409
696.601500772558,-60.2036734645114
697.082910436818,-60.1869793012865
697.564652795257,-60.1702761072589
698.046728077796,-60.153563860148
698.529136514512,-60.1368425375992
699.011878335643,-60.1201121171837
699.494953771584,-60.1033725763983
699.978363052892,-60.0866238926648
700.462106410283,-60.0698660433299
700.946184074629,-60.0530990056647
701.430596276964,-60.0363227568646
701.915343248484,-60.0195372740488
702.40042522054,-60.00274253426
702.885842424647,-59.9859385144639
703.371595092477,-59.9691251915491
703.857683455864,-59.9523025423268
704.344107746801,-59.9354705435303
704.830868197443,-59.9186291718145
705.317965040104,-59.901778403756
705.805398507258,-59.8849182158524
706.293168831541,-59.8680485845219
706.78127624575,-59.8511694861033
707.269720982842,-59.8342808968553
707.758503275935,-59.8173827929564
708.247623358308,-59.8004751505043
708.737081463403,-59.7835579455159
709.226877824819,-59.7666311539263
709.717012676322,-59.7496947515893
710.207486251836,-59.7327487142762
710.698298785447,-59.715793017676
711.189450511403,-59.6988276373948
711.680941664115,-59.6818525489555
712.172772478156,-59.6648677277973
712.664943188259,-59.6478731492754
713.157454029321,-59.6308687886608
713.650305236399,-59.6138546211396
714.143497044717,-59.5968306218128
714.637029689657,-59.5797967656959
715.130903406767,-59.5627530277185
715.625118431755,-59.5456993827239
716.119675000493,-59.5286358054687
716.614573349019,-59.5115622706225
717.109813713527,-59.4944787527673
717.605396330381,-59.4773852263974
718.101321436106,-59.4602816659186
718.597589267389,-59.4431680456482
719.094200061083,-59.4260443398144
719.591154054204,-59.4089105225558
720.08845148393,-59.3917665679213
720.586092587605,-59.3746124498692
721.084077602737,-59.3574481422674
721.582406766996,-59.3402736188925
722.081080318219,-59.3230888534294
722.580098494406,-59.3058938194713
723.079461533721,-59.2886884905187
723.579169674493,-59.2714728399796
724.079223155216,-59.2542468411684
724.57962221455,-59.2370104673061
725.080367091316,-59.2197636915193
725.581458024505,-59.2025064868401
726.08289525327,-59.1852388262059
726.58467901693,-59.1679606824581
727.086809554969,-59.1506720283428
727.589287107038,-59.1333728365092
728.092111912952,-59.1160630795102
728.595284212692,-59.0987427298012
729.098804246407,-59.0814117597399
729.602672254408,-59.0640701415859
730.106888477174,-59.0467178475002
730.611453155353,-59.0293548495448
731.116366529754,-59.0119811196819
731.621628841356,-58.9945966297739
732.127240331304,-58.9772013515827
732.63320124091,-58.9597952567693
733.139511811651,-58.9423783168931
733.646172285172,-58.9249505034117
734.153182903286,-58.9075117876802
734.66054390797,-58.8900621409511
735.168255541373,-58.8726015343731
735.676318045806,-58.8551299389914
736.184731663752,-58.8376473257468
736.69349663786,-58.820153665475
737.202613210944,-58.8026489289067
737.71208162599,-58.7851330866664
738.22190212615,-58.7676061092726
738.732074954744,-58.7500679671366
739.24260035526,-58.7325186305626
739.753478571355,-58.7149580697467
740.264709846854,-58.6973862547766
740.776294425749,-58.6798031556313
741.288232552204,-58.6622087421802
741.800524470549,-58.6446029841825
742.313170425284,-58.6269858512872
742.826170661077,-58.6093573130321
743.339525422766,-58.5917173388435
743.853234955358,-58.5740658980354
744.36729950403,-58.5564029598094
744.881719314126,-58.5387284932537
745.396494631163,-58.5210424673426
745.911625700825,-58.5033448509365
746.427112768967,-58.4856356127804
746.942956081613,-58.4679147215044
747.459155884958,-58.4501821456221
747.975712425366,-58.4324378535308
748.492625949374,-58.4146818135107
749.009896703686,-58.3969139937242
749.527524935177,-58.3791343622154
750.045510890896,-58.3613428869094
750.563854818059,-58.3435395356121
751.082556964053,-58.3257242760092
751.601617576439,-58.3078970756659
752.121036902945,-58.2900579020258
752.640815191474,-58.2722067224112
753.160952690098,-58.2543435040215
753.681449647062,-58.2364682139333
754.20230631078,-58.2185808190995
754.72352292984,-58.2006812863487
755.245099753002,-58.1827695823846
755.767037029196,-58.1648456737854
756.289335007526,-58.1469095270032
756.811993937266,-58.1289611083633
757.335014067865,-58.1110003840637
757.858395648942,-58.0930273201742
758.382138930289,-58.0750418826359
758.906244161871,-58.0570440372609
759.430711593827,-58.0390337497308
759.955541476467,-58.0210109855971
760.480734060274,-58.0029757102797
761.006289595905,-57.9849278890666
761.532208334191,-57.9668674871131
762.058490526133,-57.9487944694415
762.585136422911,-57.9307088009399
763.112146275872,-57.9126104463618
763.639520336543,-57.8944993703252
764.167258856619,-57.8763755373126
764.695362087974,-57.8582389116692
765.223830282653,-57.8400894576032
765.752663692876,-57.8219271391845
766.281862571038,-57.8037519203442
766.811427169707,-57.7855637648741
767.341357741626,-57.7673626364253
767.871654539715,-57.7491484985085
768.402317817065,-57.7309213144924
768.933347826944,-57.7126810476033
769.464744822795,-57.6944276609244
769.996509058235,-57.676161117395
770.528640787058,-57.6578813798099
771.061140263233,-57.6395884108184
771.594007740903,-57.6212821729238
772.127243474389,-57.6029626284823
772.660847718185,-57.5846297397026
773.194820726963,-57.5662834686452
773.72916275557,-57.547923777221
774.26387405903,-57.5295506271912
774.798954892542,-57.5111639801663
775.334405511483,-57.4927637976051
775.870226171405,-57.4743500408141
776.406417128037,-57.455922670947
776.942978637285,-57.4374816490031
777.479910955231,-57.4190269358273
778.017214338136,-57.4005584921088
778.554889042436,-57.3820762783806
779.092935324746,-57.3635802550183
779.631353441856,-57.3450703822397
780.170143650735,-57.3265466201036
780.70930620853,-57.3080089285091
781.248841372566,-57.2894572671948
781.788749400343,-57.2708915957381
782.329030549542,-57.2523118735538
782.869685078021,-57.2337180598938
783.410713243815,-57.2151101138461
783.95211530514,-57.1964879943337
784.493891520389,-57.1778516601137
785.036042148132,-57.159201069777
785.57856744712,-57.1405361817467
786.121467676284,-57.1218569542775
786.664743094729,-57.1031633454548
787.208393961743,-57.0844553131939
787.752420536793,-57.0657328152389
788.296823079523,-57.0469958091615
788.84160184976,-57.028244252361
789.386757107507,-57.0094781020623
789.932289112949,-56.9906973153156
790.47819812645,-56.9719018489952
791.024484408553,-56.9530916597987
791.571148219984,-56.934266704246
792.118189821645,-56.9154269386781
792.665609474622,-56.8965723192566
793.21340744018,-56.8777028019621
793.761583979764,-56.8588183425939
794.310139354999,-56.8399188967684
794.859073827694,-56.8210044199184
795.408387659836,-56.8020748672921
795.958081113595,-56.783130193952
796.508154451319,-56.764170354774
797.058607935541,-56.7451953044461
797.609441828974,-56.7262049974677
798.160656394512,-56.7071993881483
798.712251895231,-56.6881784306066
799.26422859439,-56.6691420787694
799.816586755428,-56.6500902863704
800.369326641966,-56.6310230069495
800.92244851781,-56.6119401938512
801.475952646945,-56.592841800224
802.02983929354,-56.573727779019
802.584108721947,-56.5545980829888
803.1387611967,-56.5354526646866
803.693796982516,-56.5162914764649
804.249216344295,-56.4971144704745
804.80501954712,-56.4779215986633
805.361206856256,-56.4587128127749
805.917778537153,-56.4394880643481
806.474734855445,-56.420247304715
807.032076076947,-56.4009904850005
807.58980246766,-56.3817175561204
808.147914293768,-56.3624284687811
808.706411821639,-56.3431231734775
809.265295317824,-56.3238016204925
809.824565049061,-56.3044637598955
810.384221282269,-56.2851095415409
810.944264284555,-56.2657389150676
811.504694323206,-56.2463518298972
812.065511665699,-56.2269482352327
812.626716579691,-56.2075280800577
813.188309333028,-56.1880913131348
813.750290193738,-56.1686378830043
814.312659430036,-56.1491677379833
814.875417310322,-56.1296808261638
815.438564103181,-56.1101770954121
816.002100077385,-56.090656493367
816.566025501889,-56.0711189674384
817.130340645837,-56.0515644648066
817.695045778557,-56.0319929324202
818.260141169565,-56.0124043169954
818.82562708856,-55.9927985650142
819.391503805431,-55.9731756227232
819.95777159025,-55.9535354361322
820.524430713279,-55.933877951013
821.091481444966,-55.9142031128977
821.658924055943,-55.8945108670773
822.226758817033,-55.8748011586006
822.794985999244,-55.8550739322727
823.363605873771,-55.8353291326532
823.932618711998,-55.815566704055
824.502024785495,-55.7957865905431
825.07182436602,-55.7759887359327
825.64201772552,-55.7561730837877
826.212605136129,-55.7363395774199
826.783586870169,-55.7164881598865
827.35496320015,-55.6966187739893
827.926734398771,-55.6767313622731
828.498900738919,-55.6568258670237
829.07146249367,-55.636902230267
829.644419936288,-55.6169603937668
830.217773340227,-55.5970002990239
830.791522979128,-55.5770218872738
831.365669126823,-55.5570250994858
831.940212057333,-55.5370098763608
832.515152044868,-55.5169761583301
833.090489363827,-55.4969238855535
833.666224288799,-55.4768529979179
834.242357094563,-55.4567634350354
834.818888056089,-55.4366551362417
835.395817448534,-55.4165280405946
835.973145547247,-55.3963820868722
836.550872627769,-55.3762172135708
837.128998965829,-55.356033358904
837.707524837345,-55.3358304608002
838.286450518431,-55.3156084569014
838.865776285387,-55.2953672845609
839.445502414706,-55.275106880842
840.025629183072,-55.2548271825162
840.606156867359,-55.2345281260608
841.187085744635,-55.2142096476579
841.768416092156,-55.1938716831921
842.350148187374,-55.1735141682487
842.932282307927,-55.1531370381119
843.514818731649,-55.1327402277629
844.097757736566,-55.1123236718781
844.681099600894,-55.0918873048271
845.264844603043,-55.0714310606709
845.848993021615,-55.0509548731596
846.433545135404,-55.0304586757311
847.018501223397,-55.0099424015085
847.603861564774,-54.9894059832985
848.189626438908,-54.9688493535895
848.775796125364,-54.9482724445491
849.362370903901,-54.9276751880225
849.949351054473,-54.9070575155303
850.536736857224,-54.8864193582666
851.124528592495,-54.8657606470966
851.712726540818,-54.845081312555
852.30133098292,-54.8243812848434
852.890342199723,-54.8036604938283
853.479760472342,-54.7829188690394
854.069586082085,-54.7621563396667
854.659819310458,-54.7413728345591
855.250460439159,-54.7205682822215
855.84150975008,-54.6997426108131
856.432967525309,-54.6788957481449
857.024834047131,-54.6580276216777
857.617109598021,-54.6371381585196
858.209794460654,-54.6162272854237
858.802888917898,-54.5952949287861
859.396393252817,-54.5743410146432
859.99030774867,-54.5533654686698
860.584632688913,-54.5323682161762
861.179368357198,-54.5113491821063
861.774515037372,-54.490308291035
862.370073013477,-54.4692454671659
862.966042569754,-54.4481606343285
863.562423990639,-54.4270537159765
864.159217560764,-54.4059246351842
864.75642356496,-54.3847733146453
865.354042288252,-54.3635996766694
865.952074015864,-54.3424036431798
866.550519033215,-54.3211851357111
867.149377625925,-54.2999440754063
867.748650079807,-54.2786803830146
868.348336680875,-54.2573939788882
868.948437715338,-54.2360847829805
869.548953469605,-54.2147527148425
870.149884230281,-54.1933976936208
870.75123028417,-54.1720196380544
871.352991918275,-54.1506184664727
871.955169419797,-54.1291940967916
872.557763076133,-54.107746446512
873.160773174883,-54.0862754327161
873.764200003842,-54.0647809720647
874.368043851005,-54.0432629807947
874.972305004567,-54.0217213747162
875.576983752921,-54.000156069209
876.182080384661,-53.9785669792205
876.787595188579,-53.9569540192622
877.393528453665,-53.9353171034068
877.999880469112,-53.9136561452856
878.60665152431,-53.8919710580847
879.213841908853,-53.8702617545429
879.82145191253,-53.8485281469479
880.429481825334,-53.8267701471334
881.037931937457,-53.8049876664762
881.646802539292,-53.7831806158926
882.256093921432,-53.7613489058358
882.865806374671,-53.739492446292
883.475940190005,-53.7176111467779
884.086495658629,-53.6957049163368
884.697473071942,-53.6737736635356
885.308872721542,-53.6518172964615
885.920694899229,-53.6298357227185
886.532939897007,-53.6078288494243
887.145608007078,-53.5857965832065
887.758699521849,-53.5637388301994
888.372214733928,-53.5416554960404
888.986153936124,-53.5195464858669
889.60051742145,-53.497411704312
890.215305483121,-53.4752510555017
890.830518414555,-53.4530644430508
891.446156509372,-53.4308517700595
892.062220061396,-53.4086129391098
892.678709364653,-53.3863478522615
893.295624713372,-53.3640564110488
893.912966401986,-53.3417385164765
894.530734725132,-53.3193940690159
895.148929977649,-53.2970229686013
895.767552454582,-53.2746251146261
896.386602451178,-53.2522004059387
897.00608026289,-53.2297487408388
897.625986185372,-53.2072700170732
898.246320514484,-53.1847641318322
898.867083546292,-53.1622309817451
899.488275577065,-53.1396704628762
900.109896903277,-53.117082470721
900.731947821606,-53.0944669002018
901.354428628937,-53.0718236456636
901.977339622359,-53.0491526008698
902.600681099167,-53.0264536589978
903.224453356859,-53.0037267126352
903.848656693142,-52.9809716537749
904.473291405927,-52.958188373811
905.09835779333,-52.9353767635342
905.723856153676,-52.9125367131277
906.349786785493,-52.8896681121622
906.976149987517,-52.8667708495917
907.602946058689,-52.8438448137487
908.23017529816,-52.8208898923398
908.857838005283,-52.7979059724408
909.485934479621,-52.774892940492
910.114465020944,-52.7518506822938
910.743429929228,-52.7287790830011
911.372829504657,-52.7056780271193
912.002664047621,-52.682547398499
912.63293385872,-52.659387080331
913.263639238761,-52.6361969551414
913.894780488757,-52.6129769047864
914.526357909931,-52.5897268104476
915.158371803714,-52.5664465526266
915.790822471744,-52.5431360111397
916.42371021587,-52.5197950651129
917.057035338147,-52.4964235929763
917.690798140839,-52.4730214724592
918.324998926422,-52.4495885805844
918.959637997576,-52.4261247936629
919.594715657193,-52.4026299872882
920.230232208376,-52.3791040363311
920.866187954434,-52.3555468149337
921.502583198889,-52.331958196504
922.139418245469,-52.3083380537103
922.776693398115,-52.284686258475
923.414408960978,-52.2610026819693
924.052565238416,-52.2372871946069
924.691162535,-52.2135396660383
925.330201155512,-52.1897599651448
925.969681404943,-52.1659479600322
926.609603588495,-52.1421035180251
927.249968011582,-52.1182265056604
927.890774979827,-52.0943167886812
928.532024799068,-52.0703742320303
929.173717775349,-52.0463986998443
929.815854214931,-52.0223900554468
930.458434424283,-51.9983481613418
931.101458710086,-51.9742728792077
931.744927379236,-51.95016406989
932.388840738837,-51.9260215933952
933.033199096207,-51.9018453088838
933.678002758878,-51.8776350746633
934.323252034593,-51.8533907481816
934.968947231306,-51.8291121860202
935.615088657187,-51.8047992438865
936.261676620618,-51.7804517766073
936.908711430192,-51.7560696381216
937.556193394717,-51.7316526814731
938.204122823216,-51.7072007588029
938.852500024923,-51.6827137213423
939.501325309287,-51.6581914194052
940.150598985969,-51.6336337023807
940.800321364847,-51.6090404187253
941.45049275601,-51.5844114159551
942.101113469764,-51.5597465406385
942.752183816629,-51.5350456383878
943.403704107338,-51.5103085538515
944.055674652839,-51.4855351307063
944.708095764298,-51.460725211649
945.360967753091,-51.4358786383882
946.014290930813,-51.4109952516361
946.668065609273,-51.3860748911
947.322292100495,-51.3611173954741
947.97697071672,-51.3361226024307
948.632101770404,-51.3110903486117
949.287685574218,-51.28602046962
949.943722441052,-51.2609128000103
950.600212684008,-51.2357671732805
951.257156616409,-51.2105834218627
951.91455455179,-51.1853613771139
952.572406803907,-51.1601008693069
953.230713686729,-51.1348017276212
953.889475514444,-51.1094637801333
954.548692601457,-51.0840868538072
955.208365262391,-51.058670774485
955.868493812085,-51.0332153668773
956.529078565595,-51.0077204545528
957.190119838197,-50.9821858599291
957.851617945384,-50.9566114042622
958.513573202865,-50.9309969076366
959.175985926571,-50.9053421889551
959.838856432648,-50.8796470659278
960.502185037462,-50.8539113550629
961.165972057598,-50.8281348716547
961.830217809858,-50.8023174297739
962.494922611265,-50.7764588422563
963.16008677906,-50.7505589206921
963.825710630704,-50.7246174754147
964.491794483875,-50.6986343154894
965.158338656475,-50.6726092487025
965.825343466621,-50.6465420815493
966.492809232653,-50.6204326192231
967.160736273129,-50.5942806656029
967.829124906829,-50.5680860232424
968.497975452752,-50.5418484933571
969.167288230117,-50.5155678758129
969.837063558366,-50.4892439691135
970.50730175716,-50.4628765703882
971.178003146379,-50.4364654753794
971.849168046129,-50.4100104784299
972.520796776733,-50.3835113724698
973.192889658736,-50.3569679490044
973.865447012906,-50.3303799981001
974.538469160233,-50.3037473083716
975.211956421926,-50.2770696669689
975.885909119419,-50.2503468595629
976.560327574367,-50.2235786703326
977.235212108646,-50.1967648819504
977.910563044357,-50.1699052755686
978.586380703821,-50.1429996308052
979.262665409585,-50.1160477257292
979.939417484414,-50.0890493368464
980.616637251301,-50.0620042390845
981.294325033459,-50.0349122057783
981.972481154327,-50.0077730086549
982.651105937565,-49.9805864178179
983.330199707058,-49.9533522017325
984.009762786915,-49.9260701272098
984.689795501467,-49.8987399593908
985.370298175273,-49.8713614617308
986.051271133112,-49.8439343959831
986.73271469999,-49.8164585221822
987.414629201137,-49.7889335986281
988.097014962009,-49.761359381869
988.779872308285,-49.7337356266844
989.463201565869,-49.7060620860682
990.147003060892,-49.6783385112109
990.831277119709,-49.6505646514827
991.516024068901,-49.6227402544147
992.201244235274,-49.5948650656823
992.886937945862,-49.5669388290854
993.573105527922,-49.5389612865313
994.259747308939,-49.5109321780154
994.946863616625,-49.4828512416019
995.634454778917,-49.4547182134059
996.322521123978,-49.4265328275725
997.0110629802,-49.3982948162584
997.7000806762,-49.3700039096113
998.389574540824,-49.3416598357502
999.079544903144,-49.313262320745
999.769992092458,-49.2848110885955
1000.4609164383,-49.2563058612108
1001.15231827041,-49.2277463583885
1001.84419791878,-49.1991322977926
1002.53655571363,-49.1704633949323
1003.22939198538,-49.1417393631398
1003.92270706472,-49.1129599135482
1004.61650128252,-49.084124755069
1005.31077496993,-49.0552335943692
1006.00552845828,-49.0262861358481
1006.70076207917,-48.9972820816142
1007.39647616441,-48.968221131461
1008.09267104603,-48.9391029828438
1008.7893470563,-48.9099273308543
1009.48650452774,-48.8806938681968
1010.18414379306,-48.851402285163
1010.88226518522,-48.8220522696066
1011.58086903742,-48.7926435069177
1012.27995568308,-48.7631756799969
1012.97952545585,-48.7336484692291
1013.6795786896,-48.7040615524565
1014.38011571845,-48.674414604952
1015.08113687674,-48.6447072993916
1015.78264249905,-48.6149393058268
1016.48463292018,-48.5851102916562
1017.18710847516,-48.5552199215974
1017.89006949928,-48.5252678576582
1018.59351632801,-48.4952537591066
1019.2974492971,-48.4651772824424
1020.00186874252,-48.4350380813657
1020.70677500044,-48.4048358067478
1021.41216840731,-48.3745701065994
1022.11804929979,-48.3442406260397
1022.82441801476,-48.3138470072646
1023.53127488935,-48.2833888895146
1024.23862026093,-48.2528659090421
1024.94645446708,-48.2222776990785
1025.65477784562,-48.1916238898004
1026.36359073463,-48.1609041082959
1027.07289347239,-48.1301179785304
1027.78268639742,-48.0992651213107
1028.4929698485,-48.0683451542508
1029.2037441646,-48.0373576917351
1029.91500968497,-48.0063023448825
1030.62676674905,-47.975178721509
1031.33901569656,-47.9439864260907
1032.05175686742,-47.9127250597256
1032.7649906018,-47.881394220095
1033.47871724011,-47.8499935014245
1034.19293712298,-47.8185224944443
1034.90765059128,-47.7869807863492
1035.62285798612,-47.7553679607575
1036.33855964885,-47.7236835976698
1037.05475592105,-47.691927273427
1037.77144714453,-47.6600985606677
1038.48863366134,-47.628197028285
1039.20631581379,-47.5962222413824
1039.92449394438,-47.56417376123
1040.64316839588,-47.5320511452184
1041.3623395113,-47.4998539468138
1042.08200763387,-47.4675817155108
1042.80217310705,-47.4352339967859
1043.52283627457,-47.4028103320488
1044.24399748037,-47.3703102585948
1044.96565706864,-47.3377333095545
1045.68781538379,-47.3050790138445
1046.4104727705,-47.272346896116
1047.13362957366,-47.2395364767037
1047.85728613841,-47.2066472715733
1048.58144281012,-47.1736787922681
1049.30609993442,-47.1406305458554
1050.03125785716,-47.1075020348713
1050.75691692443,-47.0742927572654
1051.48307748256,-47.0410022063445
1052.20973987812,-47.0076298707143
1052.93690445793,-46.9741752342224
1053.66457156904,-46.9406377758982
1054.39274155874,-46.9070169698934
1055.12141477456,-46.8733122854206
1055.85059156427,-46.8395231866915
1056.58027227588,-46.8056491328541
1057.31045725765,-46.7716895779284
1058.04114685806,-46.7376439707419
1058.77234142586,-46.7035117548633
1059.50404131001,-46.6692923685357
1060.23624685973,-46.634985244608
1060.96895842448,-46.6005898104666
1061.70217635395,-46.5661054879644
1062.43590099809,-46.5315316933494
1063.17013270708,-46.4968678371925
1063.90487183134,-46.4621133243135
1064.64011872155,-46.4272675537062
1065.37587372859,-46.3923299184619
1066.11213720364,-46.3572998056925
1066.84890949808,-46.3221765964514
1067.58619096355,-46.2869596656539
1068.32398195193,-46.2516483819951
1069.06228281534,-46.2162421078681
1069.80109390614,-46.1807401992794
1070.54041557696,-46.1451420057636
1071.28024818063,-46.1094468702965
1072.02059207026,-46.0736541292067
1072.76144759919,-46.037763112086
1073.50281512101,-46.0017731416974
1074.24469498954,-45.9656835338831
1074.98708755885,-45.9294935974692
1075.72999318327,-45.8932026341698
1076.47341221737,-45.8568099384896
1077.21734501594,-45.8203147976238
1077.96179193405,-45.7837164913576
1078.70675332699,-45.7470142919627
1079.45222955031,-45.7102074640929
1080.1982209598,-45.6732952646775
1080.94472791149,-45.636276942813
1081.69175076167,-45.5991517396522
1082.43928986687,-45.5619188882929
1083.18734558386,-45.5245776136627
1083.93591826966,-45.4871271324032
1084.68500828155,-45.4495666527518
1085.43461597703,-45.4118953744208
1086.18474171388,-45.3741124884748
1086.93538585009,-45.3362171772063
1087.68654874393,-45.298208614008
1088.4382307539,-45.2600859632437
1089.19043223876,-45.2218483801167
1089.9431535575,-45.1834950105351
1090.69639506938,-45.1450249909755
1091.45015713388,-45.1064374483439
1092.20444011076,-45.0677314998337
1092.95924436001,-45.0289062527817
1093.71457024188,-44.9899608045203
1094.47041811684,-44.9508942422288
1095.22678834565,-44.9117056427797
1095.98368128929,-44.872394072584
1096.74109730901,-44.8329585874322
1097.49903676629,-44.7933982323333
1098.25750002287,-44.75371204135
1099.01648744074,-44.7138990374313
1099.77599938214,-44.6739582322413
1100.53603620956,-44.6338886259853
1101.29659828574,-44.5936892072323
1102.05768597367,-44.5533589527334
1102.81929963659,-44.5128968272385
1103.581439638,-44.4723017833069
1104.34410634163,-44.4315727611164
1105.10730011149,-44.3907086882673
1105.87102131181,-44.3497084795828
1106.6352703071,-44.3085710369061
1107.40004746211,-44.2672952488925
1108.16535314185,-44.2258799907976
1108.93118771155,-44.1843241242622
1109.69755153674,-44.142626497091
1110.46444498317,-44.1007859430286
1111.23186841685,-44.0588012815302
1111.99982220406,-44.0166713175271
1112.7683067113,-43.9743948411885
1113.53732230535,-43.9319706276775
1114.30686935323,-43.8893974369023
1115.07694822223,-43.8466740132627
1115.84755927988,-43.8037990853905
1116.61870289395,-43.7607713658849
1117.39037943251,-43.7175895510426
1118.16258926383,-43.6742523205818
1118.93533275647,-43.6307583373601
1119.70861027923,-43.5871062470873
1120.48242220118,-43.5432946780314
1121.25676889162,-43.4993222407179
1122.03165072013,-43.4551875276237
1122.80706805653,-43.4108891128636
1123.58302127091,-43.36642555187
1124.35951073359,-43.321795381066
1125.13653681517,-43.276997117531
1125.9140998865,-43.232029258659
1126.69220031869,-43.1868902818093
1127.47083848309,-43.1415786439499
1128.25001475132,-43.0960927812919
1129.02972949526,-43.0504311089168
1129.80998308704,-43.004592020395
1130.59077589904,-42.9585738873952
1131.37210830392,-42.9123750592858
1132.15398067458,-42.8659938627262
1132.93639338417,-42.8194286012502
1133.71934680612,-42.7726775548374
1134.50284131411,-42.7257389794779
1135.28687728207,-42.6786111067236
1136.07145508419,-42.6312921432315
1136.85657509493,-42.5837802702951
1137.642237689,-42.5360736433647
1138.42844324136,-42.4881703915569
1139.21519212726,-42.4400686171522
1140.00248472217,-42.3917663950806
1140.79032140184,-42.3432617723943
1141.57870254229,-42.2945527677288
1142.36762851978,-42.2456373707501
1143.15709971084,-42.1965135415882
1143.94711649225,-42.1471792102579
1144.73767924107,-42.0976322760642
1145.5287883346,-42.0478706069931
1146.32044415042,-41.9978920390886
1147.11264706635,-41.9476943758119
1147.90539746048,-41.8972753873866
1148.69869571118,-41.8466328101262
1149.49254219704,-41.7957643457453
1150.28693729696,-41.7446676606522
1151.08188139006,-41.6933403852246
1151.87737485576,-41.641780113066
1152.6734180737,-41.5899844002431
1153.47001142381,-41.5379507645031
1154.26715528629,-41.485676684471
1155.06485004158,-41.4331595988253
1155.86309607039,-41.3803969054525
1156.66189375371,-41.3273859605789
1157.46124347276,-41.2741240778791
1158.26114560905,-41.2206085275608
1159.06160054436,-41.1668365354254
1159.8626086607,-41.1128052819017
1160.66417034037,-41.058511901055
1161.46628596594,-41.0039534795684
1162.26895592022,-40.9491270556951
1163.0721805863,-40.8940296181837
1163.87596034753,-40.8386581051719
1164.68029558754,-40.7830094030496
1165.48518669019,-40.7270803452907
1166.29063403965,-40.6708677112514
1167.09663802032,-40.6143682249337
1167.90319901688,-40.557578553715
1168.71031741427,-40.5004953070397
1169.51799359772,-40.4431150350737
1170.32622795268,-40.3854342273195
1171.13502086491,-40.3274493111912
1171.94437272041,-40.2691566505471
1172.75428390547,-40.2105525441785
1173.56475480662,-40.151633224255
1174.37578581068,-40.0923948547213
1175.18737730472,-40.0328335296473
1175.99952967609,-39.9729452715277
1176.81224331239,-39.9127260295289
1177.62551860153,-39.8521716776835
1178.43935593163,-39.7912780130288
1179.25375569112,-39.7300407536864
1180.06871826868,-39.6684555368835
1180.88424405327,-39.6065179169109
1181.70033343412,-39.544223363017
1182.5169868007,-39.4815672572344
1183.33420454279,-39.4185448921375
1184.15198705042,-39.3551514685276
1184.97033471387,-39.2913820930428
1185.78924792374,-39.2272317756906
1186.60872707084,-39.1626954272988
1187.4287725463,-39.0977678568827
1188.2493847415,-39.0324437689248
1189.07056404807,-38.9667177605634
1189.89231085796,-38.9005843186859
1190.71462556334,-38.8340378169256
1191.53750855668,-38.7670725125534
1192.36096023072,-38.6996825432647
1193.18498097845,-38.6318619238545
1194.00957119317,-38.5636045427771
1194.83473126841,-38.4949041585847
1195.660461598,-38.4257543962411
1196.48676257603,-38.3561487433041
1197.31363459687,-38.2860805459715
1198.14107805515,-38.2155430049846
1198.9690933458,-38.1445291713834
1199.79768086397,-38.0730319421064
1200.62684100515,-38.0010440554295
1201.45657416506,-37.928558086235
1202.28688073969,-37.8555664411047
1203.11776112533,-37.7820613532285
1203.94921571853,-37.708034877121
1204.78124491612,-37.6334788831352
1205.61384911519,-37.5583850517676
1206.44702871312,-37.4827448677417
1207.28078410755,-37.4065496138611
1208.11511569642,-37.3297903646222
1208.95002387791,-37.2524579795736
1209.7855090505,-37.1745430964103
1210.62157161295,-37.0960361237925
1211.45821196427,-37.0169272338721
1212.29543050376,-36.9372063545152
1213.13322763101,-36.8568631612051
1213.97160374586,-36.7758870686101
1214.81055924844,-36.694267221799
1215.65009453916,-36.6119924870875
1216.4902100187,-36.5290514424964
1217.33090608802,-36.4454323678013
1218.17218314835,-36.3611232341554
1219.01404160121,-36.2761116932588
1219.85648184839,-36.1903850660563
1220.69950429195,-36.1039303309338
1221.54310933425,-36.0167341113914
1222.38729737791,-35.9287826631608
1223.23206882582,-35.8400618607417
1224.07742408117,-35.750557183322
1224.92336354743,-35.6602537000501
1225.76988762832,-35.5691360546242
1226.61699672787,-35.4771884491579
1227.46469125037,-35.384394627286
1228.3129716004,-35.2907378564625
1229.16183818281,-35.19620090941
1230.01129140274,-35.1007660446678
1230.86133166561,-35.0044149861884
1231.7119593771,-34.9071289019273
1232.56317494321,-34.8088883813653
1233.41497877017,-34.7096734119018
1234.26737126454,-34.6094633540498
1235.12035283313,-34.5082369153617
1235.97392388303,-34.4059721230076
1236.82808482163,-34.3026462949246
1237.68283605659,-34.1982360094465
1238.53817799586,-34.0927170733216
1239.39411104765,-33.9860644880149
1240.25063562049,-33.8782524141867
1241.10775212315,-33.7692541342306
1241.96546096471,-33.6590420127447
1242.82376255454,-33.5475874548028
1243.68265730225,-33.4348608618784
1244.54214561779,-33.3208315852688
1245.40222791135,-33.2054678768487
1246.26290459341,-33.0887368369764
1247.12417607476,-32.9706043593561
1247.98604276645,-32.8510350726482
1248.84850507981,-32.7299922786049
1249.71156342648,-32.6074378864845
1250.57521821835,-32.4833323434869
1251.43946986763,-32.3576345609252
1252.3043187868,-32.2303018358325
1253.16976538861,-32.101289767671
1254.03581008611,-31.9705521697944
1254.90245329264,-31.8380409752755
1255.76969542182,-31.7037061366888
1256.63753688755,-31.567495519403
1257.50597810402,-31.4293547878962
1258.37501948572,-31.2892272845799
1259.24466144741,-31.1470539005647
1260.11490440413,-31.0027729377653
1260.98574877122,-30.8563199616899
1261.85719496432,-30.7076276442088
1262.72924339932,-30.5566255955467
1263.60189449244,-30.4032401846816
1264.47514866016,-30.2473943472795
1265.34900631924,-30.0890073802221
1266.22346788676,-29.9279947217362
1267.09853378007,-29.7642677160521
1267.97420441681,-29.597733361469
1268.85048021489,-29.4282940406303
1269.72736159255,-29.2558472317712
1270.60484896829,-29.0802851996352
1271.48294276089,-28.9014946647359
1272.36164338946,-28.7193564496209
1273.24095127335,-28.5337451008031
1274.12086683224,-28.3445284850904
1275.00139048608,-28.1515673591376
1275.88252265511,-27.9547149112474
1276.76426375986,-27.7538162747051
1277.64661422117,-27.5487080123867
1278.52957446015,-27.3392175729509
1279.41314489821,-27.1251627197941
1280.29732595703,-26.9063509351163
1281.18211805863,-26.6825788030413
1282.06752162527,-26.45363137793
1282.95353707953,-26.2192815469582
1283.84016484427,-25.9792894000019
1284.72740534265,-25.7334016251878
1285.61525899813,-25.4813509555991
1286.50372623444,-25.2228557021522
1287.39280747562,-24.957619420428
1288.282503146,-24.6853307763016
1289.1728136702,-24.4056636980433
1290.06373947314,-24.1182779331397
1290.95528098002,-23.8228201690085
1291.84743861635,-23.5189259316321
1292.74021280792,-23.2062225496019
1293.63360398082,-22.8843335694405
1294.52761256145,-22.5528851396081
1295.42223897648,-22.2115150559628
1296.31748365288,-21.8598853942353
1297.21334701793,-21.4976999617126
1298.10982949919,-21.1247281997548
1299.00693152452,-20.7408376797594
1299.90465352208,-20.3460379711699
1300.80299592032,-19.9405394163745
1301.70195914799,-19.5248311777215
1302.60154363413,-19.0997836939953
1303.50174980809,-18.6667811031883
1304.40257809951,-18.2278886780531
1305.30402893831,-17.7860578527746
1306.20610275473,-17.3453653381888
1307.10879997931,-16.9112708061143
1308.01212104286,-16.4908571357573
1308.91606637651,-16.0929871336422
1309.82063641169,-15.7282748398941
1310.72583158011,-15.4087423249692
1311.6316523138,-15.1470428005912
1312.53809904507,-14.9552137255969
1313.44517220654,-14.8430943022936
1314.35287223112,-14.8167520307287
1315.26119955203,-14.8773892037931
1316.17015460279,-15.0211151877002
1317.0797378172,-15.2396701435448
1317.98994962938,-15.5218341429362
1318.90079047375,-15.8550597147685
1319.81226078501,-16.2269047992547
1320.72436099818,-16.6260325691701
1321.63709154858,-17.0427448167637
1322.55045287182,-17.4691404304918
1323.46444540381,-17.8990302677548
1324.37906958079,-18.327725456963
1325.29432583925,-18.7517817437259
1326.21021461604,-19.168748771581
1327.12673634826,-19.5769481763594
1328.04389147334,-19.9752886965858
1328.96168042902,-20.3631179778509
1329.88010365332,-20.7401068466696
1330.79916158457,-21.1061605692622
1331.71885466141,-21.4613516918254
1332.63918332277,-21.8058697171356
1333.5601480079,-22.1399836996389
1334.48174915635,-22.4640146416298
1335.40398720797,-22.7783152674809
1336.32686260289,-23.0832553211722
1337.2503757816,-23.3792109815582
1338.17452718483,-23.6665573372619
1339.09931725367,-23.945663128041
1340.02474642949,-24.2168871597391
1340.95081515395,-24.4805759503757
1341.87752386904,-24.7370622776084
1342.80487301705,-24.9866643819686
1343.73286304057,-25.2296856431289
1344.6614943825,-25.4664145933717
1345.59076748604,-25.6971251674421
1346.5206827947,-25.9220771141306
1347.45124075231,-26.1415165144675
1348.38244180298,-26.3556763660264
1349.31428639114,-26.564777203753
1350.24677496154,-26.7690277358894
1351.17990795922,-26.9686254796782
1352.11368582953,-27.163757386062
1353.04810901813,-27.3546004459835
1353.98317797099,-27.5413222734047
1354.91889313439,-27.7240816620127
1355.85525495491,-27.9030291139354
1356.79226387946,-28.0783073397874
1357.72992035522,-28.2500517300664
1358.66822482971,-28.4183907984211
1359.60717775076,-28.5834465976616
1360.54677956649,-28.7453351096021
1361.48703072534,-28.904166609969
1362.42793167607,-29.0600460096868
1363.36948286773,-29.213073173884
1364.3116847497,-29.3633432199531
1365.25453777166,-29.5109467959818
1366.19804238359,-29.6559703408256
1367.1421990358,-29.7984963270328
1368.08700817891,-29.938603487789
1369.03247026384,-30.0763670289682
1369.97858574183,-30.2118588273233
1370.92535506443,-30.345147615782
1371.87277868349,-30.4762991567515
1372.82085705119,-30.6053764042716
1373.76959062003,-30.7324396558036
1374.71897984279,-30.8575466943805
1375.66902517258,-30.9807529217994
1376.61972706284,-31.1021114834771
1377.5710859673,-31.2216733855598
1378.52310234001,-31.3394876048173
1379.47577663534,-31.4556011918278
1380.42910930796,-31.5700593679124
1381.38310081287,-31.6829056162488
1382.33775160538,-31.7941817675602
1383.29306214111,-31.9039280807485
1384.249032876,-32.0121833188101
1385.2056642663,-32.11898482035
1386.16295676858,-32.224368566988
1387.12091083972,-32.3283692469251
1388.07952693692,-32.431020314923
1389.0388055177,-32.5323540489304
1389.99874703989,-32.6324016035693
1390.95935196163,-32.7311930606849
1391.92062074139,-32.8287574771447
1392.88255383795,-32.9251229300581
1393.84515171041,-33.0203165595805
1394.80841481819,-33.1143646094502
1395.77234362101,-33.2072924653964
1396.73693857893,-33.2991246915501
1397.70220015232,-33.3898850649769
1398.66812880186,-33.4795966084464
1399.63472498856,-33.56828162154
1400.60198917375,-33.6559617101991
1401.56992181906,-33.7426578148018
1402.53852338646,-33.8283902368544
1403.50779433822,-33.9131786643791
1404.47773513696,-33.9970421960699
1405.44834624558,-34.0799993642881
1406.41962812733,-34.1620681569622
1407.39158124577,-34.2432660384539
1408.36420606478,-34.3236099694458
1409.33750304856,-34.4031164259061
1410.31147266163,-34.48180141718
1411.28611536883,-34.5596805032548
1412.26143163533,-34.6367688112428
1413.23742192662,-34.7130810511249
1414.2140867085,-34.7886315307912
1415.1914264471,-34.8634341704189
1416.16944160888,-34.9375025162186
1417.1481326606,-35.010849753584
1418.12750006936,-35.0834887196738
1419.10754430258,-35.1554319154564
1420.08826582801,-35.2266915172416
1421.0696651137,-35.2972793877285
1422.05174262805,-35.3672070865915
1423.03449883977,-35.4364858806258
1424.0179342179,-35.5051267534778
1425.0020492318,-35.573140414977
1425.98684435114,-35.6405373100902
1426.97232004595,-35.7073276275154
1427.95847678655,-35.7735213079335
1428.94531504361,-35.8391280519326
1429.93283528811,-35.9041573276208
1430.92103799136,-35.9686183779422
1431.90992362499,-36.0325202277102
1432.89949266098,-36.0958716903686
1433.88974557159,-36.1586813744966
1434.88068282946,-36.220957690066
1435.87230490752,-36.2827088544634
1436.86461227903,-36.3439428982878
1437.8576054176,-36.4046676709323
1438.85128479715,-36.4648908459612
1439.84565089192,-36.5246199262895
1440.84070417649,-36.5838622491754
1441.83644512577,-36.6426249910316
1442.83287421499,-36.7009151720648
1443.82999191972,-36.7587396607502
1444.82779871584,-36.8161051781479
1445.82629507957,-36.8730183020675
1446.82548148747,-36.9294854710878
1447.82535841641,-36.9855129884372
1448.82592634359,-37.0411070257405
1449.82718574656,-37.0962736266383
1450.82913710319,-37.1510187102823
1451.83178089166,-37.2053480747137
1452.83511759052,-37.2592674001284
1453.83914767861,-37.3127822520327
1454.84387163512,-37.3658980842953
1455.84928993959,-37.4186202420986
1456.85540307185,-37.4709539647943
1457.8622115121,-37.5229043886647
1458.86971574085,-37.5744765495972
1459.87791623895,-37.6256753856706
1460.88681348757,-37.6765057396614
1461.89640796824,-37.7269723614687
1462.90670016279,-37.7770799104641
1463.9176905534,-37.8268329577675
1464.92937962259,-37.8762359884525
1465.94176785321,-37.9252934036833
1466.95485572842,-37.9740095227858
1467.96864373174,-38.0223885852567
1468.98313234702,-38.0704347527094
1469.99832205845,-38.1181521107636
1471.01421335053,-38.1655446708763
1472.03080670812,-38.2126163721191
1473.0481026164,-38.259371082903
1474.06610156089,-38.3058126026515
1475.08480402745,-38.3519446634253
1476.10421050228,-38.3977709314995
1477.1243214719,-38.4432950088952
1478.14513742317,-38.4885204348664
1479.1666588433,-38.5334506873449
1480.18888621983,-38.578089184344
1481.21182004062,-38.6224392853218
1482.2354607939,-38.666504292507
1483.25980896821,-38.7102874521864
1484.28486505243,-38.7537919559579
1485.31062953579,-38.797020941947
1486.33710290786,-38.8399774959919
1487.36428565854,-38.8826646527938
1488.39217827806,-38.9250853970377
1489.420781257,-38.9672426644816
1490.45009508629,-39.009139343017
1491.48012025717,-39.0507782737004
1492.51085726125,-39.0921622517577
1493.54230659046,-39.1332940275614
1494.57446873708,-39.1741763075826
1495.60734419372,-39.2148117553172
1496.64093345334,-39.2552029921887
1497.67523700923,-39.2953525984269
1498.71025535504,-39.3352631139237
1499.74598898475,-39.3749370390676
1500.78243839267,-39.4143768355566
1501.81960407347,-39.4535849271891
1502.85748652215,-39.492563700637
1503.89608623406,-39.531315506197
1504.93540370488,-39.5698426585249
1505.97543943066,-39.6081474373499
1507.01619390775,-39.6462320881724
1508.05766763288,-39.684098822944
1509.09986110312,-39.7217498207305
1510.14277481585,-39.7591872283592
1511.18640926884,-39.7964131610498
1512.23076496017,-39.8334297030306
1513.27584238828,-39.8702389081393
1514.32164205194,-39.9068428004093
1515.36816445029,-39.9432433746429
1516.41541008279,-39.979442596969
1517.46337944926,-40.0154424053898
1518.51207304986,-40.0512447103129
1519.56149138509,-40.0868513950714
1520.61163495581,-40.1222643164322
1521.66250426322,-40.157485305092
1522.71409980885,-40.192516166162
1523.76642209461,-40.2273586796412
1524.81947162272,-40.2620146008793
1525.87324889578,-40.2964856610286
1526.92775441671,-40.3307735674856
1527.9829886888,-40.3648800043229
1529.03895221567,-40.398806632711
1530.0956455013,-40.4325550913309
1531.15306905001,-40.4661269967775
1532.21122336648,-40.4995239439535
1533.27010895573,-40.5327475064554
1534.32972632312,-40.5657992369503
1535.39007597439,-40.5986806675444
1536.45115841559,-40.6313933101444
1537.51297415314,-40.6639386568096
1538.57552369382,-40.6963181800974
1539.63880754474,-40.728533333401
1540.70282621338,-40.7605855512798
1541.76758020755,-40.7924762497829
1542.83307003542,-40.8242068267652
1543.89929620552,-40.8557786621976
1544.96625922672,-40.8871931184699
1546.03395960825,-40.9184515406878
1547.10239785968,-40.9495552569635
1548.17157449094,-40.9805055786999
1549.24149001232,-41.0113038008696
1550.31214493445,-41.0419512022874
1551.38353976832,-41.0724490458778
1552.45567502526,-41.1027985789364
1553.52855121698,-41.1330010333865
1554.60216885551,-41.1630576260301
1555.67652845327,-41.192969558794
1556.751630523,-41.2227380189707
1557.82747557782,-41.2523641794549
1558.90406413119,-41.2818491989744
1559.98139669694,-41.3111942223177
1561.05947378922,-41.3404003805555
1562.13829592259,-41.3694687912594
1563.21786361191,-41.398400558715
1564.29817737243,-41.4271967741313
1565.37923771976,-41.4558585158464
1566.46104516983,-41.4843868495282
1567.54360023897,-41.5127828283724
1568.62690344384,-41.5410474932958
1569.71095530147,-41.5691818731259
1570.79575632923,-41.5971869847874
1571.88130704486,-41.6250638334847
1572.96760796646,-41.652813412881
1574.0546596125,-41.6804367052742
1575.14246250177,-41.7079346817689
1576.23101715345,-41.735308302446
1577.32032408707,-41.7625585165283
1578.41038382253,-41.7896862625437
1579.50119688006,-41.8166924684848
1580.59276378028,-41.8435780519657
1581.68508504416,-41.870343920376
1582.77816119302,-41.8969909710323
1583.87199274856,-41.9235200913259
1584.96658023281,-41.9499321588688
1586.0619241682,-41.9762280416365
1587.15802507749,-42.0024085981084
1588.25488348381,-42.0284746774058
1589.35249991067,-42.054427119427
1590.4508748819,-42.0802667549802
1591.55000892173,-42.105994405914
1592.64990255475,-42.1316108852458
1593.75055630588,-42.1571169972876
1594.85197070045,-42.1825135377696
1595.95414626411,-42.2078012939614
1597.05708352289,-42.2329810447919
1598.1607830032,-42.2580535609665
1599.26524523178,-42.2830196050817
1600.37047073577,-42.3078799317388
1601.47646004265,-42.3326352876551
1602.58321368026,-42.357286411773
1603.69073217684,-42.3818340353676
1604.79901606095,-42.4062788821523
1605.90806586154,-42.430621668382
1607.01788210794,-42.454863102956
1608.1284653298,-42.4790038875176
1609.23981605719,-42.5030447165529
1610.3519348205,-42.5269862774874
1611.46482215052,-42.5508292507818
1612.57847857839,-42.5745743100251
1613.69290463562,-42.598222122027
1614.80810085408,-42.6217733469084
1615.92406776603,-42.6452286381904
1617.04080590408,-42.6685886428819
1618.1583158012,-42.6918540015657
1619.27659799076,-42.7150253484831
1620.39565300645,-42.7381033116177
1621.51548138239,-42.7610885127766
1622.63608365301,-42.7839815676717
1623.75746035315,-42.8067830859986
1624.879612018,-42.8294936715147
1626.00253918312,-42.8521139221162
1627.12624238446,-42.8746444299134
1628.25072215831,-42.8970857813049
1629.37597904136,-42.9194385570512
1630.50201357065,-42.9417033323462
1631.62882628359,-42.9638806768881
1632.75641771799,-42.9859711549495
1633.88478841199,-43.0079753254453
1635.01393890414,-43.0298937420009
1636.14386973334,-43.0517269530183
1637.27458143886,-43.0734755017417
1638.40607456037,-43.0951399263216
1639.53834963787,-43.1167207598785
1640.67140721177,-43.1382185305653
1641.80524782284,-43.1596337616286
1642.93987201222,-43.1809669714692
1644.07528032143,-43.2022186737019
1645.21147329236,-43.2233893772139
1646.34845146727,-43.2444795862228
1647.48621538882,-43.2654898003335
1648.62476560002,-43.2864205145938
1649.76410264425,-43.3072722195501
1650.90422706529,-43.3280454013016
1652.04513940727,-43.3487405415536
1653.18684021473,-43.3693581176707
1654.32933003254,-43.3898986027281
1655.47260940599,-43.4103624655634
1656.61667888072,-43.4307501708265
1657.76153900276,-43.4510621790299
1658.90719031851,-43.4712989465966
1660.05363337475,-43.4914609259095
1661.20086871865,-43.5115485653581
1662.34889689773,-43.5315623093854
1663.49771845992,-43.5515025985344
1664.6473339535,-43.5713698694932
1665.79774392715,-43.5911645551398
1666.94894892993,-43.6108870845865
1668.10094951125,-43.6305378832232
1669.25374622094,-43.6501173727602
1670.40733960919,-43.6696259712708
1671.56173022656,-43.6890640932324
1672.71691862401,-43.7084321495685
1673.87290535287,-43.7277305476879
1675.02969096485,-43.7469596915257
1676.18727601205,-43.7661199815823
1677.34566104695,-43.7852118149619
1678.5048466224,-43.8042355854112
1679.66483329164,-43.8231916833566
1680.8256216083,-43.8420804959418
1681.98721212638,-43.8609024070645
1683.14960540027,-43.879657797412
1684.31280198474,-43.8983470444975
1685.47680243495,-43.9169705226948
1686.64160730642,-43.9355286032733
1687.8072171551,-43.9540216544318
1688.97363253727,-43.9724500413328
1690.14085400964,-43.990814126135
1691.30888212927,-44.0091142680269
1692.47771745363,-44.0273508232586
1693.64736054056,-44.0455241451739
1694.8178119483,-44.0636345842418
1695.98907223546,-44.0816824880878
1697.16114196105,-44.0996682015239
1698.33402168445,-44.1175920665796
1699.50771196544,-44.1354544225313
1700.68221336419,-44.1532556059317
1701.85752644123,-44.1709959506392
1703.03365175752,-44.1886757878459
1704.21058987437,-44.2062954461068
1705.3883413535,-44.2238552513669
1706.56690675701,-44.2413555269889
1707.74628664739,-44.2587965937807
1708.92648158752,-44.2761787700221
1710.10749214066,-44.293502371491
1711.28931887047,-44.3107677114896
1712.471962341,-44.3279751008706
1713.65542311668,-44.3451248480621
1714.83970176234,-44.3622172590929
1716.0247988432,-44.3792526376175
1717.21071492485,-44.3962312849403
1718.39745057331,-44.4131535000398
1719.58500635496,-44.4300195795927
1720.77338283657,-44.4468298179971
1721.96258058533,-44.4635845073959
1723.15260016879,-44.4802839376999
1724.34344215491,-44.4969283966102
1725.53510711204,-44.5135181696406
1726.72759560893,-44.5300535401399
1727.9209082147,-44.5465347893134
1729.11504549888,-44.562962196245
1730.3100080314,-44.5793360379176
1731.50579638257,-44.5956565892349
1732.70241112311,-44.6119241230418
1733.8998528241,-44.6281389101447
1735.09812205706,-44.6443012193322
1736.29721939387,-44.6604113173946
1737.49714540683,-44.676469469144
1738.69790066862,-44.6924759374335
1739.89948575232,-44.7084309831767
1741.10190123141,-44.7243348653666
1742.30514767975,-44.7401878410943
1743.50922567162,-44.7559901655676
1744.71413578168,-44.7717420921295
1745.919878585,-44.787443872276
1747.12645465703,-44.8030957556743
1748.33386457364,-44.8186979901802
1749.54210891107,-44.8342508218558
1750.75118824599,-44.8497544949866
1751.96110315545,-44.8652092520983
1753.1718542169,-44.8806153339743
1754.38344200819,-44.8959729796717
1755.59586710757,-44.911282426538
1756.80913009368,-44.9265439102274
1758.02323154559,-44.9417576647166
1759.23817204273,-44.9569239223212
1760.45395216496,-44.9720429137104
1761.67057249254,-44.9871148679237
1762.8880336061,-45.0021400123853
1764.10633608671,-45.0171185729195
1765.32548051581,-45.0320507737658
1766.54546747527,-45.0469368375935
1767.76629754735,-45.0617769855164
1768.98797131471,-45.0765714371072
1770.2104893604,-45.0913204104116
1771.43385226789,-45.106024121963
1772.65806062107,-45.1206827867956
1773.88311500419,-45.1352966184588
1775.10901600194,-45.1498658290306
1776.3357641994,-45.164390629131
1777.56336018205,-45.1788712279356
1778.79180453578,-45.1933078331884
1780.02109784689,-45.2077006512152
1781.25124070208,-45.2220498869359
1782.48223368846,-45.236355743878
1783.71407739353,-45.2506184241883
1784.94677240521,-45.2648381286463
1786.18031931183,-45.2790150566756
1787.41471870212,-45.2931494063564
1788.64997116521,-45.307241374438
1789.88607729065,-45.3212911563498
1791.1230376684,-45.3352989462138
1792.3608528888,-45.3492649368557
1793.59952354263,-45.3631893198168
1794.83905022107,-45.3770722853651
1796.07943351569,-45.3909140225068
1797.32067401849,-45.404714718997
1798.56277232188,-45.4184745613512
1799.80572901867,-45.4321937348559
1801.04954470206,-45.4458724235793
1802.29421996571,-45.459510810382
1803.53975540365,-45.4731090769277
1804.78615161032,-45.4866674036935
1806.0334091806,-45.5001859699799
1807.28152870976,-45.5136649539216
1808.53051079349,-45.5271045324969
1809.78035602787,-45.5405048815384
1811.03106500942,-45.553866175742
1812.28263833507,-45.5671885886775
1813.53507660214,-45.5804722927976
1814.78838040838,-45.5937174594478
1816.04255035195,-45.6069242588759
1817.29758703142,-45.6200928602409
1818.55349104579,-45.6332234316229
1819.81026299444,-45.6463161400316
1821.06790347721,-45.6593711514157
1822.3264130943,-45.6723886306721
1823.58579244638,-45.685368741654
1824.8460421345,-45.6983116471804
1826.10716276013,-45.7112175090445
1827.36915492517,-45.7240864880223
1828.63201923191,-45.7369187438809
1829.89575628309,-45.7497144353874
1831.16036668185,-45.7624737203168
1832.42585103172,-45.7751967554601
1833.69220993671,-45.787883696633
1834.95944400118,-45.8005346986837
1836.22755382995,-45.8131499155005
1837.49654002825,-45.8257295000204
1838.76640320172,-45.8382736042365
1840.03714395642,-45.8507823792055
1841.30876289883,-45.8632559750561
1842.58126063587,-45.8756945409958
1843.85463777483,-45.8880982253189
1845.12889492348,-45.9004671754138
1846.40403268996,-45.9128015377701
1847.68005168285,-45.9251014579864
1848.95695251117,-45.9373670807771
1850.23473578432,-45.9495985499794
1851.51340211215,-45.961796008561
1852.79295210493,-45.9739595986264
1854.07338637334,-45.9860894614241
1855.35470552849,-45.9981857373537
1856.63691018192,-46.0102485659721
1857.92000094556,-46.0222780860008
1859.20397843181,-46.0342744353321
1860.48884325345,-46.0462377510362
1861.77459602372,-46.0581681693669
1863.06123735625,-46.0700658257691
1864.34876786513,-46.0819308548841
1865.63718816483,-46.0937633905567
1866.92649887029,-46.1055635658414
1868.21670059685,-46.1173315130081
1869.50779396027,-46.1290673635487
1870.79977957676,-46.140771248183
1872.09265806293,-46.1524432968648
1873.38643003584,-46.1640836387879
1874.68109611295,-46.1756924023918
1875.97665691216,-46.1872697153676
1877.27311305181,-46.1988157046642
1878.57046515064,-46.2103304964933
1879.86871382784,-46.2218142163358
1881.16785970303,-46.2332669889468
1882.46790339623,-46.2446889383619
1883.76884552792,-46.2560801879019
1885.070686719,-46.2674408601789
1886.37342759078,-46.2787710771013
1887.67706876502,-46.2900709598795
1888.98161086391,-46.301340629031
1890.28705451005,-46.3125802043856
1891.5934003265,-46.3237898050909
1892.90064893673,-46.3349695496172
1894.20880096464,-46.3461195557626
1895.51785703457,-46.3572399406583
1896.8278177713,-46.3683308207734
1898.13868380001,-46.3793923119198
1899.45045574634,-46.3904245292577
1900.76313423636,-46.4014275872995
1902.07671989656,-46.4124015999156
1903.39121335388,-46.4233466803386
1904.70661523567,-46.434262941168
1906.02292616974,-46.4451504943755
1907.34014678431,-46.456009451309
1908.65827770805,-46.4668399226975
1909.97731957006,-46.4776420186556
1911.29727299988,-46.4884158486882
1912.61813862746,-46.4991615216947
1913.93991708323,-46.5098791459738
1915.26260899801,-46.5205688292273
1916.58621500308,-46.5312306785653
1917.91073573017,-46.5418648005099
1919.23617181141,-46.5524713009995
1920.56252387938,-46.5630502853935
1921.88979256713,-46.573601858476
1923.2179785081,-46.5841261244603
1924.54708233619,-46.594623186993
1925.87710468574,-46.6050931491577
1927.20804619153,-46.6155361134796
1928.53990748877,-46.6259521819293
1929.87268921311,-46.6363414559268
1931.20639200064,-46.6467040363451
1932.54101648789,-46.6570400235149
1933.87656331184,-46.6673495172276
1935.2130331099,-46.6776326167397
1936.55042651992,-46.6878894207767
1937.88874418019,-46.6981200275362
1939.22798672944,-46.7083245346924
1940.56815480686,-46.7185030393993
1941.90924905205,-46.7286556382948
1943.25127010508,-46.7387824275038
1944.59421860645,-46.7488835026423
1945.9380951971,-46.7589589588208
1947.28290051842,-46.7690088906478
1948.62863521224,-46.7790333922333
1949.97529992084,-46.7890325571926
1951.32289528693,-46.7990064786492
1952.67142195367,-46.8089552492386
1954.02088056467,-46.8188789611118
1955.37127176398,-46.8287777059384
1956.72259619609,-46.8386515749099
1958.07485450596,-46.8485006587433
1959.42804733896,-46.8583250476841
1960.78217534093,-46.8681248315099
1962.13723915815,-46.8779000995331
1963.49323943735,-46.8876509406045
1964.85017682569,-46.8973774431166
1966.2080519708,-46.907079695006
1967.56686552075,-46.9167577837575
1968.92661812405,-46.9264117964064
1970.28731042967,-46.9360418195421
1971.64894308702,-46.9456479393106
1973.01151674596,-46.955230241418
1974.3750320568,-46.9647888111335
1975.7394896703,-46.9743237332916
1977.10489023767,-46.9838350922962
1978.47123441057,-46.9933229721224
1979.83852284112,-47.0027874563203
1981.20675618186,-47.0122286280171
1982.57593508582,-47.0216465699204
1983.94606020645,-47.031041364321
1985.31713219768,-47.0404130930955
1986.68915171386,-47.049761837709
1988.06211940982,-47.0590876792183
1989.43603594082,-47.0683906982741
1990.81090196259,-47.0776709751239
1992.18671813131,-47.0869285896147
1993.56348510362,-47.0961636211958
1994.94120353658,-47.105376148921
1996.31987408775,-47.1145662514517
1997.69949741511,-47.1237340070592
1999.08007417711,-47.1328794936272
2000.46160503266,-47.1420027886547
2001.84409064111,-47.1511039692581
2003.22753166228,-47.160183112174
2004.61192875643,-47.1692402937616
2005.9972825843,-47.1782755900052
2007.38359380706,-47.1872890765164
2008.77086308636,-47.196280828537
2010.1590910843,-47.2052509209408
2011.54827846341,-47.2141994282366
2012.93842588673,-47.22312642457
2014.32953401772,-47.2320319837264
2015.7216035203,-47.2409161791324
2017.11463505887,-47.2497790838592
2018.50862929828,-47.258620770624
2019.90358690382,-47.2674413117927
2021.29950854127,-47.2762407793821
2022.69639487686,-47.2850192450621
2024.09424657726,-47.2937767801578
2025.49306430963,-47.3025134556519
2026.89284874157,-47.3112293421869
2028.29360054116,-47.319924510067
2029.69532037692,-47.3285990292605
2031.09800891786,-47.3372529694018
2032.50166683342,-47.3458863997936
2033.90629479353,-47.3544993894088
2035.31189346857,-47.363092006893
2036.71846352937,-47.371664320566
2038.12600564726,-47.3802163984244
2039.53452049399,-47.3887483081432
2040.94400874182,-47.397260117078
2042.35447106344,-47.4057518922671
2043.76590813201,-47.4142237004332
2045.17832062117,-47.4226756079858
2046.59170920502,-47.4311076810227
2048.00607455811,-47.439519985332
2049.42141735548,-47.4479125863945
2050.83773827262,-47.4562855493851
2052.2550379855,-47.4646389391747
2053.67331717054,-47.4729728203325
2055.09257650464,-47.4812872571274
2056.51281666516,-47.4895823135301
2057.93403832994,-47.4978580532151
2059.35624217728,-47.506114539562
2060.77942888595,-47.5143518356577
2062.20359913519,-47.5225700042982
2063.6287536047,-47.5307691079902
2065.05489297467,-47.538949208953
2066.48201792574,-47.5471103691202
2067.91012913903,-47.5552526501414
2069.33922729613,-47.5633761133841
2070.7693130791,-47.5714808199351
2072.20038717048,-47.5795668306025
2073.63245025326,-47.5876342059174
2075.06550301093,-47.5956830061351
2076.49954612742,-47.6037132912375
2077.93458028716,-47.6117251209341
2079.37060617505,-47.6197185546639
2080.80762447645,-47.6276936515973
2082.2456358772,-47.635650470637
2083.68464106361,-47.6435890704205
2085.12464072247,-47.6515095093208
2086.56563554106,-47.6594118454488
2088.00762620709,-47.667296136654
2089.4506134088,-47.675162440527
2090.89459783487,-47.6830108144003
2092.33958017445,-47.69084131535
2093.78556111721,-47.6986540001977
2095.23254135324,-47.7064489255115
2096.68052157315,-47.7142261476077
2098.12950246801,-47.7219857225525
2099.57948472937,-47.7297277061631
2101.03046904926,-47.7374521540093
2102.48245612018,-47.7451591214152
2103.93544663512,-47.7528486634603
2105.38944128753,-47.7605208349811
2106.84444077137,-47.7681756905723
2108.30044578106,-47.7758132845887
2109.75745701149,-47.7834336711461
2111.21547515806,-47.7910369041231
2112.67450091661,-47.7986230371619
2114.13453498351,-47.8061921236703
2115.59557805556,-47.8137442168229
2117.05763083009,-47.8212793695621
2118.52069400487,-47.8287976345998
2119.98476827817,-47.8362990644186
2121.44985434876,-47.8437837112733
2122.91595291587,-47.8512516271918
2124.38306467921,-47.8587028639768
2125.85119033899,-47.8661374732069
2127.3203305959,-47.873555506238
2128.79048615111,-47.8809570142046
2130.26165770627,-47.8883420480206
2131.73384596352,-47.8957106583814
2133.20705162549,-47.9030628957644
2134.68127539529,-47.9103988104305
2136.15651797653,-47.9177184524256
2137.63278007327,-47.9250218715813
2139.1100623901,-47.9323091175165
2140.58836563206,-47.9395802396385
2142.06769050471,-47.9468352871441
2143.54803771408,-47.9540743090211
2145.02940796668,-47.9612973540488
2146.51180196952,-47.9685044708002
2147.99522043011,-47.975695707642
2149.47966405641,-47.9828711127368
2150.96513355692,-47.9900307340436
2152.4516296406,-47.997174619319
2153.9391530169,-48.0043028161186
2155.42770439575,-48.011415371798
2156.91728448761,-48.0185123335137
2158.4078940034,-48.0255937482247
2159.89953365453,-48.0326596626929
2161.39220415291,-48.0397101234849
2162.88590621094,-48.0467451769726
2164.38064054153,-48.0537648693346
2165.87640785805,-48.0607692465569
2167.37320887438,-48.0677583544343
2168.8710443049,-48.0747322385714
2170.36991486447,-48.0816909443833
2171.86982126846,-48.0886345170972
2173.37076423271,-48.0955630017531
2174.87274447358,-48.1024764432047
2176.37576270792,-48.1093748861207
2177.87981965305,-48.1162583749858
2179.38491602683,-48.1231269541014
2180.89105254757,-48.1299806675869
2182.39822993411,-48.1368195593807
2183.90644890577,-48.1436436732409
2185.41571018238,-48.1504530527466
2186.92601448425,-48.1572477412986
2188.43736253221,-48.1640277821206
2189.94975504756,-48.1707932182599
2191.46319275212,-48.1775440925888
2192.97767636821,-48.1842804478048
2194.49320661863,-48.1910023264325
2196.0097842267,-48.1977097708235
2197.52740991622,-48.2044028231582
2199.04608441152,-48.2110815254462
2200.5658084374,-48.2177459195275
2202.08658271918,-48.2243960470732
2203.60840798267,-48.2310319495864
2205.13128495418,-48.2376536684034
2206.65521436053,-48.2442612446941
2208.18019692905,-48.2508547194633
2209.70623338756,-48.2574341335516
2211.23332446438,-48.2639995276357
2212.76147088834,-48.27055094223
2214.29067338877,-48.277088417687
2215.82093269552,-48.2836119941984
2217.35224953892,-48.2901217117955
2218.88462464981,-48.2966176103508
2220.41805875956,-48.3030997295782
2221.95255260001,-48.309568109034
2223.48810690353,-48.3160227881179
2225.02472240298,-48.3224638060736
2226.56239983175,-48.3288912019898
2228.1011399237,-48.3353050148008
2229.64094341324,-48.3417052832876
2231.18181103526,-48.3480920460782
2232.72374352516,-48.3544653416492
2234.26674161885,-48.3608252083257
2235.81080605276,-48.3671716842827
2237.35593756381,-48.3735048075455
2238.90213688945,-48.379824615991
2240.44940476762,-48.3861311473478
2241.99774193678,-48.3924244391973
2243.54714913591,-48.3987045289746
2245.09762710447,-48.404971453969
2246.64917658247,-48.4112252513249
2248.2017983104,-48.4174659580424
2249.75549302928,-48.4236936109783
2251.31026148063,-48.4299082468466
2252.8661044065,-48.4361099022191
2254.42302254943,-48.4422986135266
2255.98101665248,-48.4484744170593
2257.54008745925,-48.4546373489674
2259.10023571381,-48.4607874452622
2260.66146216078,-48.4669247418164
2262.22376754528,-48.473049274365
2263.78715261293,-48.4791610785062
2265.3516181099,-48.4852601897017
2266.91716478285,-48.4913466432776
2268.48379337896,-48.4974204744251
2270.05150464593,-48.5034817182009
2271.62029933198,-48.5095304095286
2273.19017818584,-48.5155665831984
2274.76114195675,-48.5215902738686
2276.3331913945,-48.5276015160657
2277.90632724935,-48.5336003441855
2279.48055027213,-48.5395867924932
2281.05586121415,-48.5455608951248
2282.63226082725,-48.551522686087
2284.2097498638,-48.5574721992584
2285.78832907668,-48.5634094683898
2287.3679992193,-48.5693345271051
2288.94876104557,-48.5752474089015
2290.53061530994,-48.5811481471507
2292.11356276737,-48.5870367750992
2293.69760417336,-48.5929133258688
2295.28274028391,-48.5987778324576
2296.86897185556,-48.6046303277401
2298.45629964535,-48.6104708444685
2300.04472441088,-48.6162994152725
2301.63424691023,-48.6221160726606
2303.22486790204,-48.6279208490202
2304.81658814545,-48.6337137766185
2306.40940840015,-48.639494887603
2308.00332942632,-48.645264214002
2309.59835198469,-48.6510217877253
2311.19447683652,-48.6567676405647
2312.79170474358,-48.6625018041948
2314.39003646817,-48.6682243101731
2315.98947277313,-48.673935189941
2317.59001442181,-48.6796344748242
2319.19166217809,-48.6853221960333
2320.79441680639,-48.6909983846643
2322.39827907165,-48.6966630716992
2324.00324973933,-48.7023162880067
2325.60932957545,-48.7079580643423
2327.21651934651,-48.7135884313493
2328.82481981959,-48.7192074195593
2330.43423176226,-48.7248150593924
2332.04475594266,-48.7304113811581
2333.65639312942,-48.7359964150556
2335.26914409172,-48.7415701911745
2336.88300959929,-48.7471327394952
2338.49799042235,-48.7526840898895
2340.11408733169,-48.758224272121
2341.73130109862,-48.7637533158458
2343.34963249498,-48.7692712506129
2344.96908229314,-48.7747781058646
2346.58965126601,-48.7802739109374
2348.21134018703,-48.7857586950619
2349.83414983019,-48.7912324873638
2351.45808096999,-48.7966953168645
2353.08313438148,-48.8021472124807
2354.70931084025,-48.8075882030263
2356.33661112241,-48.8130183172114
2357.96503600462,-48.8184375836439
2359.59458626408,-48.8238460308296
2361.2252626785,-48.8292436871725
2362.85706602616,-48.8346305809755
2364.48999708587,-48.8400067404409
2366.12405663696,-48.8453721936706
2367.75924545932,-48.8507269686669
2369.39556433337,-48.8560710933329
2371.03301404007,-48.8614045954728
2372.67159536092,-48.8667275027923
2374.31130907795,-48.8720398428995
2375.95215597375,-48.8773416433049
2377.59413683143,-48.8826329314221
2379.23725243467,-48.887913734568
2380.88150356766,-48.8931840799637
2382.52689101516,-48.8984439947344
2384.17341556244,-48.9036935059102
2385.82107799533,-48.9089326404267
2387.46987910023,-48.9141614251247
2389.11981966402,-48.9193798867515
2390.7709004742,-48.9245880519608
2392.42312231874,-48.9297859473134
2394.07648598621,-48.9349735992773
2395.7309922657,-48.9401510342287
2397.38664194685,-48.9453182784517
2399.04343581985,-48.9504753581392
2400.70137467543,-48.9556222993933
2402.36045930486,-48.9607591282256
2404.02069049997,-48.9658858705574
2405.68206905314,-48.9710025522207
2407.34459575728,-48.976109198958
2409.00827140586,-48.981205836423
2410.6730967929,-48.986292490181
2412.33907271297,-48.9913691857093
2414.00619996117,-48.9964359483975
2415.67447933317,-49.001492803548
2417.34391162519,-49.0065397763762
2419.01449763398,-49.0115768920113
2420.68623815687,-49.0166041754962
2422.35913399172,-49.0216216517884
2424.03318593694,-49.0266293457599
2425.7083947915,-49.0316272821978
2427.38476135493,-49.0366154858047
2429.0622864273,-49.0415939811991
2430.74097080923,-49.0465627929158
2432.4208153019,-49.051521945406
2434.10182070705,-49.0564714630381
2435.78398782696,-49.0614113700978
2437.46731746448,-49.0663416907885
2439.151810423,-49.0712624492315
2440.83746750647,-49.076173669467
2442.5242895194,-49.0810753754536
2444.21227726686,-49.0859675910692
2445.90143155446,-49.0908503401114
2447.59175318838,-49.0957236462975
2449.28324297536,-49.1005875332652
2450.97590172267,-49.1054420245727
2452.66973023819,-49.1102871436991
2454.3647293303,-49.115122914045
2456.06089980798,-49.1199493589325
2457.75824248075,-49.1247665016057
2459.4567581587,-49.1295743652312
2461.15644765247,-49.1343729728981
2462.85731177327,-49.1391623476185
2464.55935133285,-49.1439425123281
2466.26256714355,-49.148713489886
2467.96696001826,-49.1534753030755
2469.67253077042,-49.1582279746043
2471.37928021404,-49.1629715271047
2473.0872091637,-49.1677059831339
2474.79631843454,-49.1724313651748
2476.50660884225,-49.1771476956357
2478.2180812031,-49.1818549968509
2479.93073633392,-49.1865532910811
2481.6445750521,-49.1912426005137
2483.3595981756,-49.1959229472628
2485.07580652294,-49.2005943533701
2486.7932009132,-49.2052568408046
2488.51178216606,-49.2099104314634
2490.23155110171,-49.2145551471718
2491.95250854096,-49.2191910096834
2493.67465530515,-49.2238180406809
2495.39799221622,-49.228436261776
2497.12252009664,-49.2330456945099
2498.84823976949,-49.2376463603534
2500.57515205838,-49.2422382807075
2502.30325778751,-49.2468214769034
2504.03255778166,-49.2513959702032
2505.76305286615,-49.2559617817996
2507.4947438669,-49.2605189328169
2509.22763161038,-49.2650674443105
2510.96171692364,-49.2696073372679
2512.6970006343,-49.2741386326087
2514.43348357056,-49.2786613511848
2516.17116656118,-49.2831755137809
2517.91005043549,-49.2876811411145
2519.65013602341,-49.2921782538365
2521.39142415542,-49.2966668725313
2523.13391566257,-49.3011470177171
2524.87761137651,-49.3056187098462
2526.62251212945,-49.3100819693052
2528.36861875415,-49.3145368164155
2530.11593208398,-49.3189832714333
2531.86445295287,-49.3234213545501
2533.61418219534,-49.3278510858929
2535.36512064646,-49.3322724855242
2537.11726914191,-49.3366855734428
2538.87062851793,-49.3410903695836
2540.62519961133,-49.3454868938181
2542.38098325951,-49.3498751659548
2544.13798030045,-49.3542552057389
2545.8961915727,-49.3586270328532
2547.65561791541,-49.3629906669182
2549.41626016827,-49.3673461274918
2551.1781191716,-49.3716934340706
2552.94119576626,-49.3760326060891
2554.70549079371,-49.3803636629208
2556.471005096,-49.3846866238778
2558.23773951573,-49.3890015082116
2560.00569489612,-49.3933083351128
2561.77487208095,-49.3976071237118
2563.54527191458,-49.401897893079
2565.31689524198,-49.4061806622247
2567.08974290867,-49.4104554500998
2568.86381576078,-49.4147222755957
2570.63911464501,-49.4189811575447
2572.41564040865,-49.4232321147203
2574.19339389959,-49.4274751658372
2575.97237596627,-49.4317103295519
2577.75258745774,-49.4359376244625
2579.53402922366,-49.4401570691094
2581.31670211422,-49.4443686819753
2583.10060698026,-49.4485724814852
2584.88574467315,-49.4527684860071
2586.67211604489,-49.4569567138521
2588.45972194806,-49.4611371832742
2590.24856323582,-49.4653099124714
2592.03864076191,-49.4694749195848
2593.82995538069,-49.4736322227
2595.62250794709,-49.4777818398464
2597.41629931663,-49.4819237889979
2599.21133034543,-49.486058088073
2601.00760189021,-49.4901847549352
2602.80511480824,-49.4943038073927
2604.60386995744,-49.4984152631994
2606.40386819629,-49.5025191400544
2608.20511038385,-49.5066154556027
2610.00759737982,-49.5107042274352
2611.81133004444,-49.5147854730888
2613.61630923859,-49.5188592100471
2615.42253582372,-49.5229254557399
2617.23001066187,-49.5269842275442
2619.03873461571,-49.5310355427837
2620.84870854846,-49.5350794187294
2622.65993332397,-49.5391158725999
2624.47240980668,-49.5431449215614
2626.28613886162,-49.5471665827277
2628.10112135442,-49.551180873161
2629.91735815131,-49.5551878098716
2631.73485011912,-49.5591874098183
2633.55359812528,-49.5631796899086
2635.37360303781,-49.5671646669989
2637.19486572535,-49.5711423578946
2639.01738705711,-49.5751127793506
2640.84116790293,-49.579075948071
2642.66620913324,-49.5830318807097
2644.49251161906,-49.5869805938706
2646.32007623204,-49.5909221041077
2648.1489038444,-49.594856427925
2649.97899532898,-49.5987835817773
2651.81035155922,-49.6027035820698
2653.64297340917,-49.6066164451589
2655.47686175348,-49.6105221873516
2657.3120174674,-49.6144208249067
2659.14844142679,-49.6183123740339
2660.9861345081,-49.6221968508949
2662.82509758842,-49.6260742716031
2664.66533154541,-49.6299446522239
2666.50683725736,-49.6338080087749
2668.34961560316,-49.637664357226
2670.19366746229,-49.6415137134999
2672.03899371487,-49.6453560934718
2673.88559524161,-49.64919151297
2675.73347292382,-49.6530199877757
2677.58262764344,-49.6568415336238
2679.43306028301,-49.6606561662022
2681.28477172568,-49.6644639011528
2683.1377628552,-49.6682647540712
2684.99203455594,-49.672058740507
2686.84758771289,-49.6758458759641
2688.70442321165,-49.6796261759007
2690.5625419384,-49.6833996557296
2692.42194477998,-49.6871663308182
2694.28263262382,-49.6909262164889
2696.14460635794,-49.6946793280192
2698.00786687103,-49.6984256806416
2699.87241505233,-49.7021652895444
2701.73825179175,-49.7058981698712
2703.60537797978,-49.7096243367213
2705.47379450754,-49.7133438051503
2707.34350226676,-49.7170565901695
2709.21450214979,-49.7207627067466
2711.08679504959,-49.7244621698057
2712.96038185975,-49.7281549942275
2714.83526347446,-49.7318411948496
2716.71144078855,-49.7355207864663
2718.58891469745,-49.7391937838291
2720.46768609722,-49.7428602016466
2722.34775588452,-49.7465200545851
2724.22912495666,-49.7501733572681
2726.11179421155,-49.7538201242773
2727.99576454772,-49.7574603701517
2729.88103686433,-49.7610941093889
2731.76761206115,-49.7647213564443
2733.65549103858,-49.7683421257319
2735.54467469765,-49.7719564316242
2737.43516394,-49.7755642884523
2739.32695966789,-49.7791657105061
2741.22006278422,-49.7827607120345
2743.1144741925,-49.7863493072458
2745.01019479687,-49.7899315103071
2746.90722550209,-49.7935073353454
2748.80556721355,-49.7970767964471
2750.70522083726,-49.8006399076584
2752.60618727988,-49.8041966829852
2754.50846744865,-49.8077471363938
2756.41206225148,-49.8112912818103
2758.31697259689,-49.8148291331216
2760.22319939403,-49.8183607041746
2762.13074355268,-49.8218860087773
2764.03960598324,-49.8254050606981
2765.94978759675,-49.8289178736666
2767.86128930487,-49.8324244613733
2769.7741120199,-49.83592483747
2771.68825665477,-49.8394190155699
2773.60372412302,-49.8429070092477
2775.52051533886,-49.8463888320395
2777.4386312171,-49.8498644974436
2779.35807267319,-49.8533340189199
2781.27884062321,-49.8567974098906
2783.20093598389,-49.8602546837399
2785.12435967258,-49.8637058538144
2787.04911260726,-49.8671509334234
2788.97519570654,-49.8705899358385
2790.9026098897,-49.8740228742943
2792.8313560766,-49.8774497619882
2794.76143518779,-49.8808706120806
2796.69284814442,-49.8842854376952
2798.62559586829,-49.8876942519188
2800.55967928184,-49.8910970678019
2802.49509930814,-49.8944938983583
2804.43185687089,-49.8978847565656
2806.36995289446,-49.9012696553653
2808.30938830382,-49.9046486076628
2810.2501640246,-49.9080216263276
2812.19228098308,-49.9113887241935
2814.13574010615,-49.9147499140585
2816.08054232137,-49.9181052086853
2818.02668855692,-49.921454620801
2819.97417974163,-49.9247981630976
2821.92301680498,-49.9281358482318
2823.87320067709,-49.9314676888254
2825.82473228869,-49.9347936974654
2827.77761257121,-49.938113886704
2829.73184245667,-49.9414282690586
2831.68742287778,-49.9447368570123
2833.64435476785,-49.9480396630137
2835.60263906088,-49.9513366994773
2837.56227669148,-49.9546279787833
2839.52326859492,-49.9579135132779
2841.48561570711,-49.9611933152735
2843.44931896463,-49.9644673970487
2845.41437930467,-49.9677357708484
2847.3807976651,-49.9709984488841
2849.34857498442,-49.9742554433338
2851.31771220178,-49.9775067663421
2853.28821025699,-49.9807524300206
2855.2600700905,-49.9839924464479
2857.23329264342,-49.9872268276694
2859.20787885748,-49.9904555856979
2861.18382967511,-49.9936787325135
2863.16114603935,-49.9968962800636
2865.1398288939,-50.0001082402631
2867.11987918314,-50.0033146249948
2869.10129785206,-50.0065154461089
2871.08408584634,-50.0097107154237
2873.06824411228,-50.0129004447256
2875.05377359688,-50.0160846457687
2877.04067524773,-50.0192633302758
2879.02895001315,-50.0224365099375
2881.01859884204,-50.0256041964133
2883.00962268402,-50.028766401331
2885.00202248933,-50.0319231362871
2886.99579920886,-50.0350744128469
2888.9909537942,-50.0382202425445
2890.98748719755,-50.041360636883
2892.98540037179,-50.0444956073347
2894.98469427047,-50.047625165341
2896.98536984777,-50.0507493223126
2898.98742805855,-50.0538680896297
2900.99086985832,-50.0569814786419
2902.99569620328,-50.0600895006686
2905.00190805023,-50.0631921669986
2907.00950635669,-50.0662894888911
2909.01849208082,-50.0693814775746
2911.02886618142,-50.0724681442481
2913.040629618,-50.0755495000806
2915.0537833507,-50.0786255562113
2917.06832834031,-50.0816963237499
2919.08426554834,-50.0847618137764
2921.10159593689,-50.0878220373416
2923.1203204688,-50.0908770054666
2925.14044010751,-50.0939267291435
2927.16195581717,-50.0969712193354
2929.18486856258,-50.1000104869761
2931.20917930921,-50.1030445429705
2933.23488902319,-50.1060733981948
2935.26199867132,-50.1090970634964
2937.29050922108,-50.1121155496941
2939.3204216406,-50.115128867578
2941.3517368987,-50.11813702791
2943.38445596486,-50.1211400414235
2945.41857980921,-50.1241379188237
2947.45410940258,-50.1271306707876
2949.49104571647,-50.1301183079642
2951.52938972302,-50.1331008409746
2953.56914239508,-50.1360782804119
2955.61030470614,-50.1390506368414
2957.6528776304,-50.1420179208011
2959.69686214269,-50.1449801428009
2961.74225921854,-50.1479373133235
2963.78906983416,-50.1508894428242
2965.83729496641,-50.153836541731
2967.88693559284,-50.1567786204447
2969.93799269169,-50.1597156893388
2971.99046724184,-50.16264775876
2974.04436022288,-50.165574839028
2976.09967261506,-50.1684969404356
2978.15640539931,-50.171414073249
2980.21455955724,-50.1743262477075
2982.27413607115,-50.1772334740241
2984.33513592398,-50.1801357623851
2986.3975600994,-50.1830331229505
2988.46140958172,-50.185925565854
2990.52668535595,-50.1888131012032
2992.59338840779,-50.1916957390793
2994.66151972358,-50.1945734895376
2996.7310802904,-50.1974463626075
2998.80207109596,-50.2003143682926
3000.87449312868,-50.2031775165704
3002.94834737766,-50.2060358173931
3005.02363483268,-50.2088892806871
3007.1003564842,-50.2117379163532
3009.17851332338,-50.2145817342669
3011.25810634204,-50.2174207442783
3013.33913653271,-50.2202549562123
3015.4216048886,-50.2230843798684
3017.50551240359,-50.2259090250214
3019.59086007226,-50.2287289014206
3021.67764888988,-50.2315440187907
3023.7658798524,-50.2343543868315
3025.85555395647,-50.237160015218
3027.94667219942,-50.2399609136003
3030.03923557926,-50.2427570916043
3032.13324509471,-50.2455485588311
3034.22870174517,-50.2483353248575
3036.32560653072,-50.2511173992357
3038.42396045216,-50.2538947914939
3040.52376451095,-50.256667511136
3042.62501970926,-50.2594355676416
3044.72772704994,-50.2621989704666
3046.83188753656,-50.2649577290427
3048.93750217335,-50.2677118527778
3051.04457196525,-50.2704613510558
3053.15309791789,-50.2732062332372
3055.26308103761,-50.2759465086586
3057.37452233144,-50.2786821866331
3059.48742280707,-50.2814132764503
3061.60178347295,-50.2841397873764
3063.71760533817,-50.2868617286543
3065.83488941254,-50.2895791095035
3067.95363670659,-50.2922919391203
3070.0738482315,-50.2950002266782
3072.1955249992,-50.2977039813272
3074.31866802228,-50.3004032121947
3076.44327831404,-50.3030979283849
3078.5693568885,-50.3057881389796
3080.69690476036,-50.3084738530373
3082.82592294502,-50.3111550795944
3084.95641245859,-50.3138318276643
3087.08837431789,-50.316504106238
3089.22180954043,-50.3191719242841
3091.35671914442,-50.3218352907488
3093.49310414879,-50.3244942145559
3095.63096557316,-50.3271487046071
3097.77030443786,-50.329798769782
3099.91112176392,-50.3324444189377
3102.05341857308,-50.3350856609098
3104.1971958878,-50.3377225045117
3106.34245473121,-50.3403549585348
3108.48919612719,-50.3429830317489
3110.6374211003,-50.3456067329021
3112.78713067581,-50.3482260707206
3114.93832587971,-50.3508410539092
3117.09100773869,-50.353451691151
3119.24517728016,-50.3560579911078
3121.40083553222,-50.3586599624199
3123.5579835237,-50.3612576137063
3125.71662228413,-50.3638509535648
3127.87675284377,-50.366439990572
3130.03837623356,-50.3690247332832
3132.20149348517,-50.3716051902329
3134.366105631,-50.3741813699345
3136.53221370413,-50.3767532808805
3138.69981873838,-50.3793209315424
3140.86892176827,-50.3818843303712
3143.03952382904,-50.3844434857969
3145.21162595665,-50.3869984062289
3147.38522918777,-50.3895491000562
3149.56033455977,-50.3920955756471
3151.73694311078,-50.3946378413495
3153.91505587961,-50.3971759054908
3156.0946739058,-50.3997097763782
3158.27579822961,-50.4022394622985
3160.45842989202,-50.4047649715185
3162.64256993472,-50.4072863122846
3164.82821940013,-50.4098034928233
3167.01537933138,-50.4123165213411
3169.20405077234,-50.4148254060244
3171.39423476758,-50.4173301550398
3173.58593236241,-50.4198307765341
3175.77914460284,-50.4223272786343
3177.97387253563,-50.4248196694477
3180.17011720824,-50.4273079570619
3182.36787966887,-50.4297921495451
3184.56716096643,-50.4322722549458
3186.76796215057,-50.434748281293
3188.97028427166,-50.4372202365965
3191.17412838078,-50.4396881288466
3193.37949552977,-50.4421519660145
3195.58638677117,-50.4446117560519
3197.79480315824,-50.4470675068917
3200.00474574501,-50.4495192264474
3202.21621558619,-50.4519669226136
3204.42921373724,-50.4544106032659
3206.64374125437,-50.456850276261
3208.85979919448,-50.4592859494367
3211.07738861522,-50.4617176306119
3213.29651057498,-50.4641453275871
3215.51716613287,-50.4665690481436
3217.73935634873,-50.4689888000446
3219.96308228314,-50.4714045910343
3222.1883449974,-50.4738164288387
3224.41514555357,-50.476224321165
3226.64348501442,-50.4786282757024
3228.87336444345,-50.4810283001215
3231.10478490492,-50.4834244020746
3233.33774746381,-50.4858165891959
3235.57225318583,-50.4882048691013
3237.80830313744,-50.4905892493887
3240.04589838583,-50.4929697376379
3242.28503999894,-50.4953463414105
3244.52572904541,-50.4977190682505
3246.76796659467,-50.5000879256837
3249.01175371686,-50.5024529212182
3251.25709148285,-50.5048140623442
3253.50398096428,-50.5071713565344
3255.75242323351,-50.5095248112435
3258.00241936364,-50.5118744339088
3260.25397042853,-50.5142202319499
3262.50707750275,-50.5165622127689
3264.76174166165,-50.5189003837506
3267.01796398129,-50.5212347522622
3269.27574553851,-50.5235653256535
3271.53508741085,-50.5258921112571
3273.79599067663,-50.5282151163884
3276.05845641491,-50.5305343483455
3278.32248570547,-50.5328498144092
3280.58807962886,-50.5351615218436
3282.85523926639,-50.5374694778953
3285.12396570008,-50.5397736897943
3287.39426001271,-50.5420741647533
3289.66612328784,-50.5443709099684
3291.93955660974,-50.5466639326186
3294.21456106344,-50.5489532398664
3296.49113773472,-50.5512388388572
3298.76928771013,-50.5535207367201
3301.04901207694,-50.5557989405672
3303.33031192319,-50.5580734574942
3305.61318833766,-50.5603442945803
3307.89764240991,-50.562611458888
3310.18367523021,-50.5648749574635
3312.47128788962,-50.5671347973367
3314.76048147994,-50.5693909855209
3317.05125709372,-50.5716435290134
3319.34361582427,-50.573892434795
3321.63755876566,-50.5761377098303
3323.9330870127,-50.5783793610681
3326.23020166099,-50.5806173954406
3328.52890380684,-50.5828518198643
3330.82919454737,-50.5850826412396
3333.13107498041,-50.5873098664509
3335.43454620457,-50.5895335023666
3337.73960931924,-50.5917535558395
3340.04626542452,-50.5939700337063
3342.35451562132,-50.5961829427881
3344.66436101129,-50.5983922898903
3346.97580269683,-50.6005980818024
3349.28884178112,-50.6028003252986
3351.6034793681,-50.6049990271372
3353.91971656246,-50.6071941940611
3356.23755446966,-50.6093858327977
3358.55699419593,-50.611573950059
3360.87803684827,-50.6137585525415
3363.20068353442,-50.6159396469264
3365.52493536291,-50.6181172398797
3367.85079344302,-50.6202913380519
3370.17825888482,-50.6224619480783
3372.50733279911,-50.6246290765793
3374.83801629749,-50.6267927301599
3377.17031049231,-50.6289529154101
3379.50421649671,-50.6311096389049
3381.83973542456,-50.6332629072042
3384.17686839055,-50.6354127268529
3386.5156165101,-50.6375591043813
3388.85598089942,-50.6397020463044
3391.19796267549,-50.6418415591228
3393.54156295605,-50.643977649322
3395.88678285963,-50.6461103233728
3398.23362350552,-50.6482395877315
3400.58208601379,-50.6503654488395
3402.93217150528,-50.6524879131238
3405.28388110161,-50.6546069869968
3407.63721592517,-50.6567226768562
3409.99217709913,-50.6588349890853
3412.34876574742,-50.6609439300532
3414.70698299478,-50.6630495061142
3417.06682996669,-50.6651517236085
3419.42830778944,-50.6672505888619
3421.79141759008,-50.6693461081861
3424.15616049643,-50.6714382878781
3426.52253763712,-50.6735271342214
3428.89055014154,-50.6756126534846
3431.26019913985,-50.6776948519229
3433.63148576301,-50.6797737357768
3436.00441114276,-50.6818493112733
3438.37897641161,-50.683921584625
3440.75518270286,-50.6859905620309
3443.1330311506,-50.6880562496757
3445.5125228897,-50.6901186537306
3447.8936590558,-50.6921777803528
3450.27644078534,-50.6942336356857
3452.66086921554,-50.696286225859
3455.04694548441,-50.6983355569887
3457.43467073074,-50.7003816351771
3459.82404609412,-50.7024244665128
3462.2150727149,-50.704464057071
3464.60775173426,-50.7065004129131
3467.00208429413,-50.7085335400872
3469.39807153725,-50.7105634446279
3471.79571460714,-50.7125901325561
3474.19501464812,-50.7146136098797
3476.59597280529,-50.7166338825929
3478.99859022454,-50.7186509566768
3481.40286805257,-50.7206648380991
3483.80880743686,-50.7226755328143
3486.21640952568,-50.7246830467637
3488.6256754681,-50.7266873858753
3491.03660641397,-50.7286885560642
3493.44920351396,-50.7306865632322
3495.86346791952,-50.7326814132681
3498.27940078289,-50.7346731120478
3500.69700325712,-50.7366616654339
3503.11627649604,-50.7386470792764
3505.5372216543,-50.7406293594122
3507.95983988733,-50.7426085116654
3510.38413235137,-50.7445845418472
3512.81010020344,-50.7465574557559
3515.23774460138,-50.7485272591774
3517.66706670382,-50.7504939578844
3520.0980676702,-50.7524575576372
3522.53074866076,-50.7544180641833
3524.96511083652,-50.7563754832578
3527.40115535932,-50.7583298205828
3529.83888339182,-50.7602810818684
3532.27829609745,-50.7622292728116
3534.71939464046,-50.7641743990973
3537.16218018591,-50.7661164663979
3539.60665389966,-50.7680554803732
3542.05281694837,-50.7699914466709
3544.50067049952,-50.7719243709261
3546.95021572137,-50.7738542587617
3549.40145378302,-50.7757811157883
3551.85438585436,-50.7777049476044
3554.3090131061,-50.779625759796
3556.76533670973,-50.7815435579372
3559.22335783759,-50.7834583475899
3561.6830776628,-50.7853701343038
3564.14449735931,-50.7872789236166
3566.60761810186,-50.7891847210539
3569.07244106603,-50.7910875321294
3571.53896742819,-50.7929873623447
3574.00719836552,-50.7948842171895
3576.47713505604,-50.7967781021418
3578.94877867856,-50.7986690226674
3581.42213041271,-50.8005569842205
3583.89719143894,-50.8024419922433
3586.37396293851,-50.8043240521664
3588.8524460935,-50.8062031694086
3591.33264208682,-50.808079349377
3593.81455210217,-50.809952597467
3596.29817732408,-50.8118229190623
3598.7835189379,-50.8136903195351
3601.27057812982,-50.815554804246
3603.7593560868,-50.8174163785439
3606.24985399667,-50.8192750477665
3608.74207304806,-50.8211308172397
3611.23601443041,-50.822983692278
3613.73167933401,-50.8248336781847
3616.22906894995,-50.8266807802515
3618.72818447014,-50.8285250037588
3621.22902708733,-50.8303663539756
3623.7315979951,-50.8322048361598
3626.23589838782,-50.8340404555578
3628.74192946073,-50.8358732174049
3631.24969240986,-50.8377031269251
3633.75918843209,-50.8395301893315
3636.27041872512,-50.8413544098256
3638.78338448746,-50.8431757935983
3641.29808691847,-50.8449943458289
3643.81452721834,-50.846810071686
3646.33270658808,-50.8486229763271
3648.85262622952,-50.8504330648987
3651.37428734536,-50.8522403425363
3653.89769113907,-50.8540448143644
3656.42283881501,-50.8558464854969
3658.94973157834,-50.8576453610364
3661.47837063506,-50.859441446075
3664.00875719201,-50.8612347456938
3666.54089245684,-50.8630252649633
3669.07477763808,-50.8648130089429
3671.61041394505,-50.8665979826816
3674.14780258792,-50.8683801912176
3676.68694477772,-50.8701596395785
3679.22784172628,-50.871936332781
3681.77049464628,-50.8737102758315
3684.31490475126,-50.8754814737257
3686.86107325558,-50.8772499314487
3689.40900137442,-50.879015653975
3691.95869032384,-50.8807786462689
3694.51014132072,-50.882538913284
3697.06335558277,-50.8842964599634
3699.61833432856,-50.88605129124
3702.17507877749,-50.8878034120361
3704.73359014982,-50.8895528272638
3707.29386966663,-50.8912995418249
3709.85591854985,-50.8930435606106
3712.41973802228,-50.8947848885023
3714.98532930753,-50.8965235303708
3717.55269363007,-50.8982594910767
3720.12183221522,-50.8999927754706
3722.69274628915,-50.9017233883927
3725.26543707885,-50.9034513346733
3727.8399058122,-50.9051766191324
3730.4161537179,-50.90689924658
3732.99418202551,-50.9086192218161
3735.57399196542,-50.9103365496305
3738.1555847689,-50.9120512348033
3740.73896166807,-50.9137632821042
3743.32412389586,-50.9154726962932
3745.91107268609,-50.9171794821205
3748.49980927344,-50.9188836443262
3751.09033489341,-50.9205851876406
3753.68265078237,-50.9222841167841
3756.27675817756,-50.9239804364673
3758.87265831705,-50.9256741513911
3761.47035243977,-50.9273652662465
3764.06984178552,-50.9290537857149
3766.67112759495,-50.9307397144679
3769.27421110955,-50.9324230571674
3771.87909357171,-50.9341038184657
3774.48577622464,-50.9357820030053
3777.09426031241,-50.9374576154194
3779.70454707998,-50.9391306603312
3782.31663777315,-50.9408011423548
3784.93053363857,-50.9424690660943
3787.54623592377,-50.9441344361447
3790.16374587714,-50.9457972570913
3792.78306474793,-50.9474575335099
3795.40419378624,-50.9491152699669
3798.02713424307,-50.9507704710194
3800.65188737024,-50.9524231412149
3803.27845442047,-50.9540732850919
3805.90683664732,-50.9557209071792
3808.53703530524,-50.9573660119963
3811.16905164953,-50.9590086040538
3813.80288693636,-50.9606486878525
3816.43854242277,-50.9622862678844
3819.07601936667,-50.963921348632
3821.71531902685,-50.9655539345689
3824.35644266294,-50.9671840301591
3826.99939153548,-50.9688116398578
3829.64416690584,-50.970436768111
3832.2907700363,-50.9720594193557
3834.93920218998,-50.9736795980195
3837.5894646309,-50.9752973085213
3840.24155862393,-50.9769125552708
3842.89548543483,-50.9785253426687
3845.55124633023,-50.9801356751069
3848.20884257764,-50.9817435569681
3850.86827544543,-50.9833489926261
3853.52954620286,-50.984951986446
3856.19265612008,-50.9865525427838
3858.85760646808,-50.9881506659868
3861.52439851877,-50.9897463603932
3864.19303354491,-50.9913396303328
3866.86351282015,-50.9929304801261
3869.53583761902,-50.9945189140852
3872.21000921693,-50.9961049365135
3874.88602889018,-50.9976885517053
3877.56389791594,-50.9992697639465
3880.24361757226,-51.0008485775142
3882.92518913808,-51.0024249966769
3885.60861389323,-51.0039990256944
3888.29389311842,-51.005570668818
3890.98102809524,-51.0071399302902
3893.67002010617,-51.0087068143452
3896.36087043457,-51.0102713252084
3899.0535803647,-51.0118334670969
3901.74815118169,-51.0133932442191
3904.44458417157,-51.014950660775
3907.14288062127,-51.0165057209562
3909.84304181858,-51.0180584289458
3912.54506905221,-51.0196087889183
3915.24896361173,-51.0211568050402
3917.95472678763,-51.0227024814694
3920.66235987127,-51.0242458223553
3923.37186415493,-51.0257868318393
3926.08324093174,-51.0273255140543
3928.79649149577,-51.0288618731248
3931.51161714195,-51.0303959131672
3934.22861916613,-51.0319276382898
3936.94749886503,-51.0334570525922
3939.66825753629,-51.0349841601663
3942.39089647843,-51.0365089650956
3945.11541699087,-51.0380314714553
3947.84182037394,-51.0395516833127
3950.57010792887,-51.0410696047269
3953.30028095776,-51.0425852397488
3956.03234076363,-51.0440985924213
3958.76628865042,-51.0456096667793
3961.50212592293,-51.0471184668495
3964.2398538869,-51.0486249966508
3966.97947384894,-51.0501292601938
3969.72098711659,-51.0516312614815
3972.46439499828,-51.0531310045087
3975.20969880333,-51.0546284932622
3977.95689984201,-51.0561237317211
3980.70599942544,-51.0576167238564
3983.45699886569,-51.0591074736313
3986.20989947571,-51.0605959850013
3988.96470256937,-51.0620822619137
3991.72140946144,-51.0635663083084
3994.48002146762,-51.0650481281172
3997.24053990448,-51.0665277252642
4000.00296608953,-51.0680051036658
4002.76730134119,-51.0694802672306
4005.53354697878,-51.0709532198595
4008.30170432253,-51.0724239654458
4011.0717746936,-51.0738925078748
4013.84375941404,-51.0753588510245
4016.61765980683,-51.0768229987651
4019.39347719586,-51.0782849549592
4022.17121290593,-51.0797447234617
4024.95086826276,-51.0812023081201
4027.73244459299,-51.0826577127742
4030.51594322418,-51.0841109412562
4033.30136548478,-51.0855619973909
4036.0887127042,-51.0870108849955
4038.87798621272,-51.0884576078799
4041.6691873416,-51.0899021698462
4044.46231742295,-51.0913445746893
4047.25737778987,-51.0927848261966
4050.05436977633,-51.0942229281481
4052.85329471724,-51.0956588843163
4055.65415394844,-51.0970926984664
4058.45694880668,-51.0985243743562
4061.26168062963,-51.0999539157363
4064.06835075592,-51.1013813263498
4066.87696052506,-51.1028066099325
4069.68751127751,-51.1042297702131
4072.50000435465,-51.1056508109127
4075.31444109878,-51.1070697357455
4078.13082285315,-51.1084865484182
4080.94915096192,-51.1099012526305
4083.76942677018,-51.1113138520747
4086.59165162396,-51.1127243504361
4089.4158268702,-51.1141327513927
4092.24195385679,-51.1155390586154
4095.07003393254,-51.1169432757679
4097.90006844721,-51.118345406507
4100.73205875148,-51.1197454544822
4103.56600619694,-51.121143423336
4106.40191213616,-51.1225393167038
4109.23977792262,-51.1239331382141
4112.07960491073,-51.1253248914881
4114.92139445585,-51.1267145801404
4117.76514791427,-51.1281022077782
4120.61086664322,-51.129487778002
4123.45855200085,-51.1308712944052
4126.30820534628,-51.1322527605744
4129.15982803955,-51.1336321800891
4132.01342144164,-51.135009556522
4134.86898691448,-51.136384893439
4137.72652582093,-51.1377581943989
4140.5860395248,-51.139129462954
4143.44752939084,-51.1404987026494
4146.31099678474,-51.1418659170235
4149.17644307314,-51.143231109608
4152.04386962361,-51.1445942839278
4154.91327780469,-51.1459554435008
4157.78466898584,-51.1473145918385
4160.65804453749,-51.1486717324455
4163.533405831,-51.1500268688195
4166.41075423868,-51.1513800044518
4169.29009113379,-51.1527311428269
4172.17141789055,-51.1540802874225
4175.05473588412,-51.1554274417098
4177.9400464906,-51.1567726091534
4180.82735108706,-51.1581157932111
4183.7166510515,-51.1594569973342
4186.6079477629,-51.1607962249674
4189.50124260118,-51.1621334795489
4192.3965369472,-51.1634687645101
4195.2938321828,-51.1648020832763
4198.19312969075,-51.1661334392658
4201.09443085479,-51.1674628358906
4203.99773705961,-51.1687902765563
4206.90304969087,-51.1701157646619
4209.81037013516,-51.1714393035999
4212.71969978007,-51.1727608967564
4215.63104001411,-51.1740805475111
4218.54439222677,-51.1753982592373
4221.45975780849,-51.1767140353019
4224.37713815068,-51.1780278790653
4227.29653464571,-51.1793397938817
4230.2179486869,-51.1806497830987
4233.14138166855,-51.1819578500579
4236.06683498591,-51.1832639980942
4238.9943100352,-51.1845682305366
4241.92380821362,-51.1858705507074
4244.8553309193,-51.187170961923
4247.78887955137,-51.1884694674932
4250.72445550991,-51.1897660707217
4253.66206019598,-51.1910607749061
4256.60169501158,-51.1923535833376
4259.54336135972,-51.1936444993012
4262.48706064434,-51.1949335260758
4265.43279427039,-51.1962206669341
4268.38056364375,-51.1975059251427
4271.33037017129,-51.1987893039619
4274.28221526087,-51.2000708066459
4277.23610032129,-51.201350436443
4280.19202676235,-51.2026281965951
4283.14999599482,-51.2039040903383
4286.11000943042,-51.2051781209025
4289.07206848187,-51.2064502915114
4292.03617456287,-51.2077206053828
4295.00232908809,-51.2089890657286
4297.97053347316,-51.2102556757545
4300.94078913472,-51.2115204386603
4303.91309749036,-51.2127833576397
4306.88745995867,-51.2140444358805
4309.86387795921,-51.2153036765647
4312.84235291253,-51.216561082868
4315.82288624015,-51.2178166579605
4318.80547936458,-51.2190704050062
4321.79013370931,-51.2203223271634
4324.77685069881,-51.2215724275843
4327.76563175855,-51.2228207094154
4330.75647831497,-51.2240671757971
4333.74939179549,-51.2253118298642
4336.74437362854,-51.2265546747457
4339.74142524353,-51.2277957135645
4342.74054807083,-51.229034949438
4345.74174354184,-51.2302723854776
4348.74501308892,-51.231508024789
4351.75035814542,-51.2327418704722
4354.75778014572,-51.2339739256214
4357.76728052513,-51.2352041933251
4360.77886071999,-51.236432676666
4363.79252216764,-51.2376593787211
4366.80826630638,-51.2388843025619
4369.82609457555,-51.240107451254
4372.84600841542,-51.2413288278573
4375.86800926733,-51.2425484354263
4378.89209857355,-51.2437662770097
4381.9182777774,-51.2449823556506
4384.94654832315,-51.2461966743864
4387.97691165611,-51.247409236249
4391.00936922257,-51.2486200442647
4394.04392246981,-51.2498291014543
4397.08057284612,-51.2510364108329
4400.11932180079,-51.2522419754101
4403.16017078412,-51.25344579819
4406.20312124741,-51.2546478821712
4409.24817464294,-51.2558482303467
4412.29533242402,-51.257046845704
4415.34459604496,-51.2582437312254
4418.39596696107,-51.2594388898873
4421.44944662866,-51.2606323246608
4424.50503650506,-51.2618240385119
4427.56273804859,-51.2630140344006
4430.6225527186,-51.2642023152819
4433.68448197543,-51.2653888841052
4436.74852728044,-51.2665737438146
4439.81469009599,-51.2677568973487
4442.88297188545,-51.268938347641
4445.95337411323,-51.2701180976192
4449.0258982447,-51.2712961502061
4452.1005457463,-51.272472508319
4455.17731808544,-51.2736471748698
4458.25621673056,-51.2748201527652
4461.33724315112,-51.2759914449065
4464.42039881758,-51.2771610541898
4467.50568520144,-51.2783289835061
4470.5931037752,-51.2794952357407
4473.68265601238,-51.2806598137742
4476.77434338751,-51.2818227204814
4479.86816737615,-51.2829839587325
4482.96412945489,-51.2841435313919
4486.06223110133,-51.2853014413191
4489.16247379407,-51.2864576913686
4492.26485901276,-51.2876122843893
4495.36938823808,-51.2887652232252
4498.47606295169,-51.2899165107152
4501.58488463632,-51.2910661496929
4504.6958547757,-51.2922141429869
4507.80897485459,-51.2933604934206
4510.92424635878,-51.2945052038124
4514.04167077508,-51.2956482769754
4517.16124959134,-51.296789715718
4520.28298429642,-51.2979295228432
4523.40687638023,-51.299067701149
4526.53292733369,-51.3002042534286
4529.66113864875,-51.3013391824698
4532.79151181842,-51.3024724910556
4535.92404833671,-51.3036041819641
4539.05874969867,-51.3047342579682
4542.1956174004,-51.3058627218359
4545.33465293901,-51.3069895763302
4548.47585781267,-51.3081148242092
4551.61923352055,-51.3092384682259
4554.76478156289,-51.3103605111286
4557.91250344096,-51.3114809556605
4561.06240065705,-51.31259980456
4564.2144747145,-51.3137170605604
4567.3687271177,-51.3148327263902
4570.52515937206,-51.3159468047733
4573.68377298404,-51.3170592984283
4576.84456946114,-51.3181702100692
4580.0075503119,-51.319279542405
4583.1727170459,-51.32038729814
4586.34007117378,-51.3214934799736
4589.50961420721,-51.3225980906005
4592.68134765889,-51.3237011327104
4595.85527304259,-51.3248026089883
4599.03139187313,-51.3259025221145
4602.20970566635,-51.3270008747645
4605.39021593915,-51.3280976696088
4608.5729242095,-51.3291929093136
4611.75783199637,-51.3302865965399
4614.94494081984,-51.3313787339444
4618.13425220098,-51.3324693241786
4621.32576766197,-51.3335583698899
4624.51948872599,-51.3346458737204
4627.7154169173,-51.3357318383079
4630.91355376122,-51.3368162662854
4634.1139007841,-51.3378991602813
4637.31645951337,-51.3389805229192
4640.52123147749,-51.3400603568182
4643.728218206,-51.3411386645928
4646.93742122948,-51.3422154488528
4650.14884207958,-51.3432907122033
4653.362482289,-51.344364457245
4656.5783433915,-51.3454366865738
4659.79642692191,-51.3465074027813
4663.0167344161,-51.3475766084542
4666.23926741102,-51.3486443061749
4669.46402744469,-51.3497104985212
4672.69101605616,-51.3507751880663
4675.92023478557,-51.3518383773788
4679.15168517412,-51.352900069023
4682.38536876406,-51.3539602655584
4685.62128709874,-51.3550189695405
4688.85944172254,-51.3560761835197
4692.09983418092,-51.3571319100423
4695.34246602042,-51.3581861516501
4698.58733878863,-51.3592389108804
4701.83445403422,-51.360290190266
4705.08381330694,-51.3613399923354
4708.33541815759,-51.3623883196125
4711.58927013804,-51.3634351746169
4714.84537080127,-51.3644805598638
4718.10372170128,-51.365524477864
4721.36432439319,-51.3665669311238
4724.62718043317,-51.3676079221453
4727.89229137848,-51.3686474534261
4731.15965878742,-51.3696855274595
4734.42928421943,-51.3707221467345
4737.70116923497,-51.3717573137357
4740.9753153956,-51.3727910309434
4744.25172426397,-51.3738233008334
4747.53039740379,-51.3748541258776
4750.81133637986,-51.3758835085432
4754.09454275808,-51.3769114512934
4757.38001810539,-51.3779379565869
4760.66776398985,-51.3789630268783
4763.95778198059,-51.3799866646178
4767.25007364781,-51.3810088722514
4770.54464056283,-51.382029652221
4773.84148429803,-51.3830490069641
4777.14060642687,-51.384066938914
4780.44200852393,-51.3850834504998
4783.74569216484,-51.3860985441465
4787.05165892635,-51.3871122222748
4790.35991038628,-51.3881244873012
4793.67044812354,-51.3891353416381
4796.98327371816,-51.3901447876937
4800.29838875121,-51.391152827872
4803.61579480491,-51.392159464573
4806.93549346253,-51.3931647001924
4810.25748630845,-51.3941685371218
4813.58177492816,-51.3951709777488
4816.90836090822,-51.3961720244568
4820.23724583629,-51.3971716796251
4823.56843130115,-51.3981699456289
4826.90191889265,-51.3991668248393
4830.23771020176,-51.4001623196235
4833.57580682054,-51.4011564323444
4836.91621034214,-51.4021491653609
4840.25892236084,-51.403140521028
4843.60394447199,-51.4041305016966
4846.95127827206,-51.4051191097134
4850.30092535862,-51.4061063474213
4853.65288733035,-51.4070922171592
4857.00716578702,-51.4080767212617
4860.36376232951,-51.4090598620598
4863.72267855982,-51.4100416418803
4867.08391608105,-51.411022063046
4870.44747649739,-51.4120011278759
4873.81336141417,-51.4129788386849
4877.18157243781,-51.4139551977839
4880.55211117584,-51.41493020748
4883.9249792369,-51.4159038700764
4887.30017823075,-51.4168761878723
4890.67770976827,-51.4178471631629
4894.05757546143,-51.4188167982396
4897.43977692332,-51.41978509539
4900.82431576817,-51.4207520568976
4904.21119361129,-51.4217176850421
4907.60041206913,-51.4226819820995
4910.99197275924,-51.4236449503416
4914.38587730032,-51.4246065920368
4917.78212731214,-51.4255669094491
4921.18072441563,-51.4265259048392
4924.58167023282,-51.4274835804637
4927.98496638688,-51.4284399385753
4931.39061450207,-51.4293949814231
4934.7986162038,-51.4303487112523
4938.2089731186,-51.4313011303042
4941.62168687411,-51.4322522408166
4945.0367590991,-51.4332020450233
4948.45419142348,-51.4341505451544
4951.87398547827,-51.4350977434361
4955.29614289562,-51.4360436420911
4958.72066530882,-51.4369882433381
4962.14755435226,-51.4379315493923
4965.5768116615,-51.4388735624651
4969.00843887319,-51.439814284764
4972.44243762515,-51.4407537184931
4975.87880955629,-51.4416918658525
4979.31755630669,-51.4426287290389
4982.75867951755,-51.4435643102449
4986.20218083119,-51.4444986116599
4989.64806189109,-51.4454316354693
4993.09632434184,-51.4463633838549
4996.54696982918,-51.4472938589951
5000,-51.4482230630642
5003.4554165023,-51.4491509982332
5006.91322098525,-51.4500776666693
5010.37341509913,-51.4510030705363
5013.83600049538,-51.4519272119942
5017.30097882657,-51.4528500931994
5020.76835174642,-51.4537717163046
5024.2381209098,-51.4546920834593
5027.7102879727,-51.455611196809
5031.18485459228,-51.4565290584957
5034.66182242682,-51.4574456706582
5038.14119313576,-51.4583610354312
5041.6229683797,-51.4592751549462
5045.10714982037,-51.460188031331
5048.59373912065,-51.4610996667101
5052.08273794457,-51.4620100632041
5055.57414795731,-51.4629192229305
5059.0679708252,-51.4638271480028
5062.56420821574,-51.4647338405315
5066.06286179754,-51.4656393026232
5069.56393324042,-51.4665435363812
5073.0674242153,-51.4674465439054
5076.57333639429,-51.468348327292
5080.08167145063,-51.4692488886339
5083.59243105875,-51.4701482300205
5087.10561689421,-51.4710463535377
5090.62123063373,-51.471943261268
5094.13927395519,-51.4728389552905
5097.65974853764,-51.4737334376808
5101.18265606129,-51.4746267105111
5104.70799820749,-51.4755187758502
5108.23577665878,-51.4764096357635
5111.76599309885,-51.4772992923129
5115.29864921254,-51.4781877475571
5118.83374668588,-51.4790750035513
5122.37128720606,-51.4799610623472
5125.9112724614,-51.4808459259934
5129.45370414145,-51.481729596535
5132.99858393686,-51.4826120760136
5136.54591353951,-51.4834933664677
5140.09569464241,-51.4843734699323
5143.64792893975,-51.4852523884392
5147.20261812689,-51.4861301240167
5150.75976390037,-51.4870066786899
5154.31936795789,-51.4878820544806
5157.88143199833,-51.4887562534071
5161.44595772174,-51.4896292774848
5165.01294682935,-51.4905011287253
5168.58240102357,-51.4913718091374
5172.15432200797,-51.4922413207263
5175.72871148732,-51.493109665494
5179.30557116754,-51.4939768454393
5182.88490275576,-51.4948428625578
5186.46670796027,-51.4957077188416
5190.05098849054,-51.4965714162799
5193.63774605722,-51.4974339568584
5197.22698237216,-51.4982953425596
5200.81869914839,-51.499155575363
5204.41289810009,-51.5000146572447
5208.00958094268,-51.5008725901775
5211.60874939271,-51.5017293761312
5215.21040516795,-51.5025850170724
5218.81454998735,-51.5034395149643
5222.42118557105,-51.5042928717672
5226.03031364037,-51.505145089438
5229.64193591783,-51.5059961699305
5233.25605412713,-51.5068461151956
5236.87266999318,-51.5076949271805
5240.49178524205,-51.5085426078298
5244.11340160103,-51.5093891590847
5247.7375207986,-51.5102345828833
5251.36414456443,-51.5110788811605
5254.99327462938,-51.5119220558482
5258.62491272551,-51.5127641088752
5262.25906058608,-51.5136050421671
5265.89571994555,-51.5144448576465
5269.53489253958,-51.5152835572328
5273.17658010501,-51.5161211428424
5276.8207843799,-51.5169576163886
5280.46750710351,-51.5177929797816
5284.11675001629,-51.5186272349286
5287.76851485992,-51.5194603837337
5291.42280337724,-51.5202924280979
5295.07961731233,-51.5211233699192
5298.73895841047,-51.5219532110927
5302.40082841813,-51.5227819535102
5306.065229083,-51.5236095990607
5309.73216215397,-51.52443614963
5313.40162938116,-51.525261607101
5317.07363251586,-51.5260859733536
5320.74817331062,-51.5269092502647
5324.42525351915,-51.5277314397081
5328.10487489641,-51.5285525435548
5331.78703919856,-51.5293725636727
5335.47174818296,-51.5301915019266
5339.15900360821,-51.5310093601786
5342.84880723411,-51.5318261402877
5346.54116082168,-51.5326418441099
5350.23606613315,-51.5334564734984
5353.93352493198,-51.5342700303033
5357.63353898284,-51.5350825163718
5361.33611005162,-51.5358939335483
5365.04123990543,-51.5367042836741
5368.74893031261,-51.5375135685877
5372.45918304272,-51.5383217901246
5376.17199986653,-51.5391289501174
5379.88738255604,-51.539935050396
5383.60533288449,-51.5407400927872
5387.32585262632,-51.5415440791149
5391.04894355721,-51.5423470112002
5394.77460745407,-51.5431488908614
5398.50284609503,-51.5439497199137
5402.23366125946,-51.5447495001697
5405.96705472794,-51.545548233439
5409.70302828231,-51.5463459215284
5413.44158370561,-51.5471425662419
5417.18272278213,-51.5479381693804
5420.92644729739,-51.5487327327423
5424.67275903814,-51.5495262581231
5428.42165979238,-51.5503187473153
5432.17315134932,-51.5511102021087
5435.92723549943,-51.5519006242905
5439.6839140344,-51.5526900156447
5443.44318874718,-51.5534783779528
5447.20506143193,-51.5542657129934
5450.96953388408,-51.5550520225423
5454.73660790027,-51.5558373083726
5458.5062852784,-51.5566215722546
5462.27856781762,-51.5574048159558
5466.0534573183,-51.558187041241
5469.83095558208,-51.5589682498722
5473.61106441183,-51.5597484436086
5477.39378561166,-51.5605276242067
5481.17912098694,-51.5613057934204
5484.96707234429,-51.5620829530007
5488.75764149157,-51.5628591046959
5492.55083023788,-51.5636342502516
5496.34664039359,-51.5644083914108
5500.14507377031,-51.5651815299135
5503.9461321809,-51.5659536674974
5507.74981743949,-51.5667248058972
5511.55613136144,-51.5674949468449
5515.36507576338,-51.5682640920701
5519.17665246319,-51.5690322432994
5522.99086328,-51.5697994022569
5526.80771003421,-51.570565570664
5530.62719454747,-51.5713307502395
5534.4493186427,-51.5720949426994
5538.27408414406,-51.5728581497572
5542.10149287699,-51.5736203731236
5545.93154666817,-51.5743816145068
5549.76424734558,-51.5751418756123
5553.59959673841,-51.5759011581431
5557.43759667716,-51.5766594637992
5561.27824899358,-51.5774167942785
5565.12155552068,-51.5781731512759
5568.96751809273,-51.5789285364839
5572.8161385453,-51.5796829515923
5576.66741871518,-51.5804363982883
5580.52136044049,-51.5811888782566
5584.37796556055,-51.5819403931793
5588.23723591601,-51.5826909447358
5592.09917334877,-51.583440534603
5595.96377970199,-51.5841891644553
5599.83105682013,-51.5849368359644
5603.7010065489,-51.5856835507997
5607.5736307353,-51.5864293106277
5611.44893122761,-51.5871741171126
5615.32690987537,-51.587917971916
5619.20756852941,-51.588660876697
5623.09090904185,-51.589402833112
5626.97693326606,-51.590143842815
5630.86564305672,-51.5908839074577
5634.75704026977,-51.5916230286888
5638.65112676246,-51.5923612081549
5642.54790439329,-51.5930984474999
5646.44737502207,-51.5938347483654
5650.34954050988,-51.5945701123901
5654.25440271909,-51.5953045412108
5658.16196351337,-51.5960380364613
5662.07222475766,-51.5967705997731
5665.98518831819,-51.5975022327753
5669.90085606249,-51.5982329370946
5673.81922985939,-51.598962714355
5677.74031157898,-51.5996915661782
5681.66410309266,-51.6004194941833
5685.59060627314,-51.6011464999873
5689.51982299439,-51.6018725852044
5693.45175513171,-51.6025977514465
5697.38640456166,-51.6033220003231
5701.32377316212,-51.6040453334412
5705.26386281227,-51.6047677524055
5709.20667539259,-51.6054892588181
5713.15221278484,-51.6062098542789
5717.10047687208,-51.6069295403853
5721.05146953871,-51.6076483187322
5725.00519267038,-51.6083661909123
5728.96164815409,-51.6090831585157
5732.92083787811,-51.6097992231303
5736.88276373203,-51.6105143863416
5740.84742760675,-51.6112286497327
5744.81483139446,-51.6119420148841
5748.78497698868,-51.6126544833744
5752.75786628422,-51.6133660567794
5756.7335011772,-51.6140767366728
5760.71188356507,-51.6147865246258
5764.69301534657,-51.6154954222075
5768.67689842176,-51.6162034309844
5772.66353469201,-51.6169105525208
5776.65292606002,-51.6176167883786
5780.64507442978,-51.6183221401174
5784.63998170661,-51.6190266092946
5788.63764979715,-51.619730197465
5792.63808060934,-51.6204329061814
5796.64127605246,-51.6211347369941
5800.6472380371,-51.6218356914511
5804.65596847518,-51.6225357710983
5808.66746927991,-51.6232349774792
5812.68174236586,-51.6239333121348
5816.6987896489,-51.6246307766042
5820.71861304624,-51.625327372424
5824.7412144764,-51.6260231011284
5828.76659585923,-51.6267179642497
5832.79475911591,-51.6274119633176
5836.82570616895,-51.6281050998598
5840.85943894219,-51.6287973754015
5844.89595936079,-51.6294887914659
5848.93526935123,-51.6301793495737
5852.97737084136,-51.6308690512436
5857.02226576032,-51.631557897992
5861.06995603862,-51.6322458913329
5865.12044360807,-51.6329330327783
5869.17373040184,-51.6336193238379
5873.22981835442,-51.6343047660192
5877.28870940165,-51.6349893608275
5881.35040548071,-51.6356731097657
5885.4149085301,-51.6363560143348
5889.48222048966,-51.6370380760334
5893.55234330061,-51.637719296358
5897.62527890545,-51.638399676803
5901.70102924808,-51.6390792188604
5905.77959627371,-51.6397579240201
5909.8609819289,-51.64043579377
5913.94518816156,-51.6411128295955
5918.03221692094,-51.6417890329802
5922.12207015764,-51.6424644054053
5926.21474982362,-51.6431389483499
5930.31025787217,-51.643812663291
5934.40859625793,-51.6444855517034
5938.50976693692,-51.6451576150598
5942.61377186647,-51.6458288548307
5946.7206130053,-51.6464992724845
5950.83029231345,-51.6471688694876
5954.94281175235,-51.647837647304
5959.05817328475,-51.6485056073958
5963.17637887478,-51.649172751223
5967.29743048793,-51.6498390802434
5971.42133009102,-51.6505045959127
5975.54807965226,-51.6511692996844
5979.67768114121,-51.6518331930101
5983.81013652879,-51.6524962773393
5987.94544778728,-51.6531585541192
5992.08361689031,-51.6538200247952
5996.22464581291,-51.6544806908103
6000.36853653144,-51.6551405536058
6004.51529102365,-51.6557996146206
6008.66491126864,-51.6564578752917
6012.81739924688,-51.6571153370539
6016.97275694022,-51.6577720013402
6021.13098633187,-51.6584278695814
6025.29208940642,-51.6590829432061
6029.4560681498,-51.6597372236411
6033.62292454936,-51.660390712311
6037.7926605938,-51.6610434106386
6041.96527827318,-51.6616953200443
6046.14077957896,-51.6623464419467
6050.31916650397,-51.6629967777625
6054.5004410424,-51.663646328906
6058.68460518983,-51.6642950967899
6062.87166094324,-51.6649430828247
6067.06161030096,-51.6655902884187
6071.2544552627,-51.6662367149786
6075.45019782958,-51.6668823639089
6079.64884000408,-51.6675272366119
6083.85038379008,-51.6681713344884
6088.05483119282,-51.6688146589367
6092.26218421895,-51.6694572113535
6096.47244487649,-51.6700989931334
6100.68561517486,-51.6707400056689
6104.90169712487,-51.6713802503506
6109.12069273871,-51.6720197285673
6113.34260402996,-51.6726584417057
6117.56743301361,-51.6732963911505
6121.79518170601,-51.6739335782846
6126.02585212493,-51.6745700044888
6130.25944628952,-51.675205671142
6134.49596622035,-51.6758405796212
6138.73541393935,-51.6764747313014
6142.97779146987,-51.6771081275558
6147.22310083666,-51.6777407697556
6151.47134406585,-51.6783726592699
6155.722523185,-51.6790037974663
6159.97664022304,-51.67963418571
6164.23369721033,-51.6802638253646
6168.49369617861,-51.6808927177918
6172.75663916104,-51.6815208643512
6177.02252819217,-51.6821482664007
6181.29136530798,-51.6827749252962
6185.56315254582,-51.6834008423916
6189.8378919445,-51.6840260190392
6194.11558554418,-51.6846504565892
6198.39623538648,-51.68527415639
6202.67984351439,-51.6858971197881
6206.96641197235,-51.6865193481281
6211.25594280619,-51.6871408427529
6215.54843806315,-51.6877616050032
6219.8438997919,-51.6883816362182
6224.14233004252,-51.689000937735
6228.4437308665,-51.6896195108891
6232.74810431677,-51.6902373570138
6237.05545244764,-51.6908544774409
6241.36577731487,-51.6914708735001
6245.67908097564,-51.6920865465194
6249.99536548854,-51.6927014978251
6254.31463291359,-51.6933157287413
6258.63688531223,-51.6939292405906
6262.96212474732,-51.6945420346937
6267.29035328315,-51.6951541123694
6271.62157298545,-51.6957654749347
6275.95578592135,-51.696376123705
6280.29299415943,-51.6969860599936
6284.63319976969,-51.6975952851122
6288.97640482358,-51.6982038003707
6293.32261139394,-51.6988116070769
6297.67182155509,-51.6994187065373
6302.02403738275,-51.7000251000563
6306.37926095409,-51.7006307889365
6310.73749434771,-51.7012357744789
6315.09873964364,-51.7018400579826
6319.46299892337,-51.7024436407449
6323.83027426981,-51.7030465240615
6328.20056776731,-51.7036487092263
6332.57388150166,-51.7042501975312
6336.9502175601,-51.7048509902666
6341.32957803131,-51.705451088721
6345.71196500541,-51.7060504941813
6350.09738057396,-51.7066492079326
6354.48582682997,-51.7072472312582
6358.87730586791,-51.7078445654396
6363.27181978368,-51.7084412117568
6367.66937067462,-51.7090371714879
6372.06996063955,-51.7096324459093
6376.47359177872,-51.7102270362957
6380.88026619383,-51.71082094392
6385.28998598803,-51.7114141700535
6389.70275326595,-51.7120067159657
6394.11857013364,-51.7125985829245
6398.53743869863,-51.713189772196
6402.95936106989,-51.7137802850446
6407.38433935786,-51.7143701227331
6411.81237567442,-51.7149592865224
6416.24347213294,-51.7155477776721
6420.67763084822,-51.7161355974396
6425.11485393654,-51.716722747081
6429.55514351564,-51.7173092278505
6433.99850170472,-51.7178950410009
6438.44493062444,-51.7184801877831
6442.89443239693,-51.7190646694463
6447.34700914579,-51.7196484872382
6451.80266299609,-51.7202316424047
6456.26139607435,-51.7208141361901
6460.72321050859,-51.7213959698371
6465.18810842827,-51.7219771445867
6469.65609196435,-51.7225576616782
6474.12716324923,-51.7231375223493
6478.60132441682,-51.7237167278361
6483.07857760247,-51.7242952793731
6487.55892494302,-51.7248731781929
6492.04236857681,-51.7254504255269
6496.52891064361,-51.7260270226044
6501.01855328472,-51.7266029706536
6505.51129864288,-51.7271782709005
6510.00714886234,-51.72775292457
6514.5061060888,-51.7283269328851
6519.00817246946,-51.7289002970673
6523.51335015303,-51.7294730183363
6528.02164128965,-51.7300450979106
6532.53304803099,-51.7306165370066
6537.04757253019,-51.7311873368396
6541.56521694189,-51.7317574986229
6546.08598342219,-51.7323270235684
6550.60987412872,-51.7328959128864
6555.13689122057,-51.7334641677857
6559.66703685833,-51.7340317894734
6564.20031320408,-51.734598779155
6568.73672242142,-51.7351651380346
6573.27626667541,-51.7357308673144
6577.81894813262,-51.7362959681955
6582.36476896113,-51.7368604418771
6586.91373133051,-51.7374242895569
6591.46583741181,-51.7379875124312
6596.0210893776,-51.7385501116944
6600.57948940195,-51.7391120885398
6605.14103966045,-51.7396734441589
6609.70574233014,-51.7402341797417
6614.27359958963,-51.7407942964765
6618.84461361898,-51.7413537955504
6623.4187865998,-51.7419126781488
6627.99612071518,-51.7424709454554
6632.57661814973,-51.7430285986527
6637.16028108956,-51.7435856389214
6641.74711172231,-51.7441420674409
6646.3371122371,-51.7446978853889
6650.9302848246,-51.7452530939418
6655.52663167697,-51.7458076942742
6660.1261549879,-51.7463616875594
6664.72885695258,-51.7469150749692
6669.33473976772,-51.7474678576739
6673.94380563155,-51.7480200368421
6678.55605674384,-51.7485716136412
6683.17149530585,-51.749122589237
6687.79012352037,-51.7496729647937
6692.41194359172,-51.7502227414741
6697.03695772574,-51.7507719204396
6701.6651681298,-51.7513205028501
6706.29657701278,-51.7518684898638
6710.93118658509,-51.7524158826378
6715.56899905868,-51.7529626823274
6720.21001664702,-51.7535088900867
6724.85424156512,-51.7540545070681
6729.5016760295,-51.7545995344228
6734.15232225822,-51.7551439733003
6738.8061824709,-51.7556878248487
6743.46325888865,-51.7562310902149
6748.12355373414,-51.756773770544
6752.78706923157,-51.7573158669799
6757.45380760668,-51.7578573806649
6762.12377108676,-51.75839831274
6766.7969619006,-51.7589386643448
6771.47338227858,-51.7594784366173
6776.15303445259,-51.7600176306941
6780.83592065607,-51.7605562477105
6785.522043124,-51.7610942888003
6790.21140409292,-51.7616317550959
6794.90400580088,-51.7621686477283
6799.59985048753,-51.7627049678271
6804.29894039402,-51.7632407165204
6809.00127776307,-51.7637758949351
6813.70686483895,-51.7643105041963
6818.41570386747,-51.7648445454282
6823.12779709602,-51.7653780197532
6827.8431467735,-51.7659109282926
6832.5617551504,-51.7664432721662
6837.28362447875,-51.7669750524922
6842.00875701215,-51.7675062703878
6846.73715500572,-51.7680369269686
6851.46882071619,-51.7685670233489
6856.20375640182,-51.7690965606414
6860.94196432243,-51.7696255399577
6865.68344673941,-51.770153962408
6870.4282059157,-51.7706818291011
6875.17624411582,-51.7712091411443
6879.92756360586,-51.7717358996437
6884.68216665345,-51.772262105704
6889.4400555278,-51.7727877604285
6894.2012324997,-51.7733128649193
6898.9656998415,-51.773837420277
6903.73345982711,-51.7743614276008
6908.50451473203,-51.7748848879888
6913.27886683332,-51.7754078025376
6918.05651840962,-51.7759301723424
6922.83747174114,-51.7764519984972
6927.62172910966,-51.7769732820946
6932.40929279856,-51.7774940242259
6937.20016509277,-51.7780142259811
6941.99434827883,-51.7785338884489
6946.79184464482,-51.7790530127165
6951.59265648043,-51.7795715998699
6956.39678607693,-51.780089650994
6961.20423572717,-51.780607167172
6966.01500772558,-51.7811241494861
6970.82910436818,-51.781640599017
6975.64652795257,-51.7821565168442
6980.46728077796,-51.7826719040459
6985.29136514512,-51.783186761699
6990.11878335643,-51.7837010908791
6994.94953771584,-51.7842148926605
6999.78363052892,-51.7847281681161
7004.62106410282,-51.7852409183179
7009.46184074628,-51.7857531443361
7014.30596276964,-51.7862648472399
7019.15343248483,-51.7867760280973
7024.0042522054,-51.787286687975
7028.85842424647,-51.7877968279381
7033.71595092477,-51.7883064490509
7038.57683455864,-51.7888155523762
7043.44107746801,-51.7893241389755
7048.30868197443,-51.7898322099091
7053.17965040104,-51.7903397662361
7058.05398507258,-51.7908468090142
7062.93168831541,-51.7913533393001
7067.8127624575,-51.7918593581491
7072.69720982842,-51.7923648666151
7077.58503275935,-51.792869865751
7082.47623358308,-51.7933743566083
7087.37081463403,-51.7938783402375
7092.26877824819,-51.7943818176876
7097.17012676322,-51.7948847900064
7102.07486251836,-51.7953872582407
7106.98298785447,-51.7958892234358
7111.89450511404,-51.7963906866359
7116.80941664116,-51.7968916488841
7121.72772478157,-51.797392111222
7126.64943188259,-51.7978920746903
7131.57454029321,-51.7983915403282
7136.50305236399,-51.7988905091739
7141.43497044717,-51.7993889822643
7146.37029689657,-51.7998869606351
7151.30903406767,-51.8003844453208
7156.25118431755,-51.8008814373547
7161.19675000493,-51.8013779377691
7166.14573349018,-51.8018739475946
7171.09813713526,-51.8023694678612
7176.0539633038,-51.8028644995974
7181.01321436105,-51.8033590438305
7185.97589267389,-51.8038531015868
7190.94200061083,-51.8043466738911
7195.91154054204,-51.8048397617674
7200.8845148393,-51.8053323662383
7205.86092587605,-51.8058244883252
7210.84077602737,-51.8063161290486
7215.82406766996,-51.8068072894274
7220.81080318219,-51.8072979704798
7225.80098494406,-51.8077881732225
7230.79461533721,-51.8082778986712
7235.79169674493,-51.8087671478404
7240.79223155216,-51.8092559217434
7245.7962221455,-51.8097442213925
7250.80367091316,-51.8102320477987
7255.81458024505,-51.810719401972
7260.8289525327,-51.811206284921
7265.8467901693,-51.8116926976534
7270.8680955497,-51.8121786411757
7275.89287107039,-51.8126641164933
7280.92111912953,-51.8131491246103
7285.95284212693,-51.8136336665299
7290.98804246407,-51.8141177432541
7296.02672254408,-51.8146013557836
7301.06888477174,-51.8150845051182
7306.11453155353,-51.8155671922564
7311.16366529754,-51.8160494181959
7316.21628841356,-51.8165311839329
7321.27240331304,-51.8170124904626
7326.3320124091,-51.8174933387793
7331.39511811651,-51.817973729876
7336.46172285172,-51.8184536647446
7341.53182903285,-51.8189331443759
7346.6054390797,-51.8194121697598
7351.68255541372,-51.8198907418847
7356.76318045806,-51.8203688617383
7361.84731663752,-51.820846530307
7366.9349663786,-51.8213237485761
7372.02613210944,-51.8218005175301
7377.1208162599,-51.8222768381519
7382.2190212615,-51.8227527114238
7387.32074954744,-51.8232281383268
7392.4260035526,-51.8237031198409
7397.53478571355,-51.8241776569448
7402.64709846854,-51.8246517506165
7407.76294425749,-51.8251254018326
7412.88232552204,-51.8255986115689
7418.00524470549,-51.8260713808
7423.13170425284,-51.8265437104993
7428.26170661077,-51.8270156016394
7433.39525422766,-51.8274870551918
7438.53234955359,-51.8279580721267
7443.67299504031,-51.8284286534136
7448.81719314127,-51.8288988000206
7453.96494631164,-51.8293685129151
7459.11625700825,-51.8298377930632
7464.27112768967,-51.83030664143
7469.42956081613,-51.8307750589797
7474.59155884958,-51.8312430466754
7479.75712425366,-51.8317106054789
7484.92625949374,-51.8321777363514
7490.09896703686,-51.8326444402528
7495.27524935177,-51.8331107181421
7500.45510890896,-51.8335765709772
7505.63854818058,-51.8340419997148
7510.82556964053,-51.8345070053111
7516.01617576438,-51.8349715887207
7521.21036902945,-51.8354357508976
7526.40815191474,-51.8358994927944
7531.60952690098,-51.8363628153632
7536.81449647062,-51.8368257195546
7542.0230631078,-51.8372882063185
7547.2352292984,-51.8377502766037
7552.45099753002,-51.8382119313579
7557.67037029196,-51.838673171528
7562.89335007526,-51.8391339980597
7568.11993937266,-51.8395944118979
7573.35014067865,-51.8400544139864
7578.58395648942,-51.840514005268
7583.82138930289,-51.8409731866845
7589.06244161871,-51.8414319591767
7594.30711593827,-51.8418903236847
7599.55541476467,-51.8423482811472
7604.80734060274,-51.8428058325021
7610.06289595905,-51.8432629786864
7615.32208334191,-51.8437197206361
7620.58490526134,-51.8441760592861
7625.85136422911,-51.8446319955705
7631.12146275873,-51.8450875304222
7636.39520336543,-51.8455426647736
7641.67258856619,-51.8459973995555
7646.95362087974,-51.8464517356983
7652.23830282653,-51.8469056741311
7657.52663692876,-51.8473592157822
7662.81862571038,-51.8478123615789
7668.11427169707,-51.8482651124476
7673.41357741626,-51.8487174693136
7678.71654539715,-51.8491694331015
7684.02317817064,-51.8496210047347
7689.33347826943,-51.8500721851359
7694.64744822794,-51.8505229752266
7699.96509058235,-51.8509733759276
7705.28640787058,-51.8514233881587
7710.61140263233,-51.8518730128387
7715.94007740903,-51.8523222508855
7721.27243474389,-51.852771103216
7726.60847718185,-51.8532195707464
7731.94820726963,-51.8536676543918
7737.2916275557,-51.8541153550663
7742.6387405903,-51.8545626736834
7747.98954892542,-51.8550096111553
7753.34405511483,-51.8554561683935
7758.70226171405,-51.8559023463087
7764.06417128037,-51.8563481458103
7769.42978637285,-51.8567935678072
7774.79910955231,-51.8572386132072
7780.17214338136,-51.8576832829173
7785.54889042436,-51.8581275778433
7790.92935324747,-51.8585714988906
7796.31353441857,-51.8590150469632
7801.70143650736,-51.8594582229647
7807.09306208531,-51.8599010277973
7812.48841372566,-51.8603434623627
7817.88749400343,-51.8607855275615
7823.29030549542,-51.8612272242935
7828.69685078021,-51.8616685534577
7834.10713243815,-51.862109515952
7839.5211530514,-51.8625501126736
7844.93891520389,-51.8629903445187
7850.36042148132,-51.8634302123828
7855.7856744712,-51.8638697171603
7861.21467676283,-51.864308859745
7866.64743094728,-51.8647476410296
7872.08393961742,-51.865186061906
7877.52420536792,-51.8656241232652
7882.96823079523,-51.8660618259975
7888.4160184976,-51.8664991709922
7893.86757107507,-51.8669361591378
7899.32289112949,-51.8673727913219
7904.7819812645,-51.8678090684313
7910.24484408553,-51.8682449913518
7915.71148219984,-51.8686805609686
7921.18189821645,-51.8691157781659
7926.65609474622,-51.869550643827
7932.1340744018,-51.8699851588346
7937.61583979764,-51.8704193240702
7943.10139354999,-51.8708531404148
7948.59073827694,-51.8712866087483
7954.08387659837,-51.87171972995
7959.58081113595,-51.8721525048983
7965.08154451319,-51.8725849344706
7970.58607935542,-51.8730170195437
7976.09441828975,-51.8734487609934
7981.60656394513,-51.8738801596949
7987.12251895232,-51.8743112165222
7992.64228594391,-51.8747419323489
7998.16586755428,-51.8751723080476
8003.69326641966,-51.87560234449
8009.2244851781,-51.8760320425471
8014.75952646945,-51.876461403089
8020.2983929354,-51.8768904269852
8025.84108721947,-51.8773191151041
8031.387611967,-51.8777474683135
8036.93796982516,-51.8781754874804
8042.49216344295,-51.8786031734709
8048.05019547119,-51.8790305271502
8053.61206856255,-51.8794575493831
8059.17778537152,-51.8798842410332
8064.74734855445,-51.8803106029635
8070.32076076947,-51.8807366360361
8075.8980246766,-51.8811623411125
8081.47914293768,-51.8815877190532
8087.06411821639,-51.882012770718
8092.65295317824,-51.8824374969661
8098.24565049061,-51.8828618986556
8103.84221282269,-51.8832859766439
8109.44264284555,-51.883709731788
8115.04694323206,-51.8841331649435
8120.65511665699,-51.8845562769657
8126.26716579691,-51.884979068709
8131.88309333028,-51.885401541027
8137.50290193738,-51.8858236947726
8143.12659430036,-51.8862455307978
8148.75417310322,-51.8866670499539
8154.38564103181,-51.8870882530916
8160.02100077385,-51.8875091410606
8165.6602550189,-51.88792971471
8171.30340645838,-51.8883499748882
8176.95045778558,-51.8887699224425
8182.60141169565,-51.88918955822
8188.2562708856,-51.8896088830665
8193.91503805431,-51.8900278978275
8199.5777159025,-51.8904466033475
8205.24430713279,-51.8908650004702
8210.91481444966,-51.8912830900389
8216.58924055943,-51.8917008728958
8222.26758817033,-51.8921183498826
8227.94985999243,-51.8925355218401
8233.6360587377,-51.8929523896085
8239.32618711997,-51.8933689540272
8245.02024785494,-51.8937852159349
8250.7182436602,-51.8942011761695
8256.4201772552,-51.8946168355683
8262.12605136129,-51.8950321949679
8267.83586870169,-51.895447255204
8273.5496320015,-51.8958620171117
8279.26734398771,-51.8962764815254
8284.98900738919,-51.8966906492787
8290.7146249367,-51.8971045212045
8296.44419936288,-51.8975180981352
8302.17773340227,-51.8979313809021
8307.91522979128,-51.8983443703362
8313.65669126824,-51.8987570672676
8319.40212057334,-51.8991694725256
8325.15152044868,-51.899581586939
8330.90489363827,-51.8999934113358
8336.66224288799,-51.9004049465432
8342.42357094564,-51.900816193388
8348.1888805609,-51.9012271526961
8353.95817448535,-51.9016378252926
8359.73145547248,-51.9020482120022
8365.5087262777,-51.9024583136487
8371.28998965828,-51.9028681310552
8377.07524837346,-51.9032776650444
8382.86450518431,-51.9036869164379
8388.65776285387,-51.9040958860569
8394.45502414706,-51.904504574722
8400.25629183072,-51.9049129832528
8406.06156867359,-51.9053211124684
8411.87085744635,-51.9057289631874
8417.68416092156,-51.9061365362274
8423.50148187373,-51.9065438324056
8429.32282307926,-51.9069508525385
8435.14818731649,-51.9073575974417
8440.97757736565,-51.9077640679304
8446.81099600894,-51.908170264819
8452.64844603043,-51.9085761889213
8458.48993021615,-51.9089818410505
8464.33545135404,-51.9093872220191
8470.18501223397,-51.9097923326387
8476.03861564774,-51.9101971737208
8481.89626438908,-51.9106017460756
8487.75796125364,-51.9110060505132
8493.62370903902,-51.9114100878428
8499.49351054473,-51.9118138588729
8505.36736857224,-51.9122173644115
8511.24528592495,-51.9126206052659
8517.12726540818,-51.9130235822429
8523.0133098292,-51.9134262961482
8528.90342199723,-51.9138287477875
8534.79760472342,-51.9142309379655
8540.69586082086,-51.9146328674863
8546.59819310459,-51.9150345371535
8552.5046043916,-51.9154359477698
8558.41509750081,-51.9158371001375
8564.3296752531,-51.9162379950584
8570.24834047131,-51.9166386333333
8576.17109598021,-51.9170390157628
8582.09794460654,-51.9174391431465
8588.02888917898,-51.9178390162836
8593.96393252817,-51.9182386359726
8599.9030774867,-51.9186380030116
8605.84632688913,-51.9190371181978
8611.79368357198,-51.9194359823279
8617.74515037371,-51.919834596198
8623.70073013476,-51.9202329606037
8629.66042569753,-51.9206310763398
8635.62423990638,-51.9210289442006
8641.59217560764,-51.9214265649798
8647.5642356496,-51.9218239394705
8653.54042288252,-51.9222210684653
8659.52074015863,-51.922617952756
8665.50519033215,-51.9230145931339
8671.49377625925,-51.9234109903898
8677.48650079807,-51.9238071453138
8683.48336680875,-51.9242030586954
8689.48437715338,-51.9245987313237
8695.48953469605,-51.9249941639869
8701.49884230281,-51.925389357473
8707.5123028417,-51.925784312569
8713.52991918275,-51.9261790300617
8719.55169419797,-51.9265735107371
8725.57763076133,-51.9269677553808
8731.60773174883,-51.9273617647775
8737.64200003842,-51.9277555397117
8743.68043851006,-51.9281490809671
8749.72305004568,-51.928542389327
8755.76983752922,-51.9289354655739
8761.82080384662,-51.9293283104901
8767.87595188579,-51.9297209248569
8773.93528453665,-51.9301133094553
8779.99880469112,-51.9305054650658
8786.0665152431,-51.9308973924682
8792.13841908853,-51.9312890924417
8798.2145191253,-51.9316805657651
8804.29481825334,-51.9320718132166
8810.37931937457,-51.9324628355738
8816.46802539292,-51.9328536336137
8822.56093921431,-51.933244208113
8828.6580637467,-51.9336345598475
8834.75940190004,-51.9340246895928
8840.86495658629,-51.9344145981238
8846.97473071942,-51.9348042862147
8853.08872721542,-51.9351937546396
8859.20694899229,-51.9355830041715
8865.32939897007,-51.9359720355833
8871.45608007078,-51.9363608496473
8877.58699521849,-51.936749447135
8883.72214733928,-51.9371378288177
8889.86153936124,-51.9375259954661
8896.0051742145,-51.9379139478501
8902.15305483121,-51.9383016867394
8908.30518414555,-51.9386892129031
8914.46156509372,-51.9390765271097
8920.62220061396,-51.9394636301273
8926.78709364653,-51.9398505227232
8932.95624713372,-51.9402372056646
8939.12966401986,-51.9406236797179
8945.30734725132,-51.941009945649
8951.4892997765,-51.9413960042235
8957.67552454583,-51.9417818562062
8963.86602451179,-51.9421675023616
8970.0608026289,-51.9425529434537
8976.25986185372,-51.9429381802458
8982.46320514484,-51.9433232135009
8988.67083546292,-51.9437080439814
8994.88275577065,-51.9440926724492
9001.09896903277,-51.9444770996659
9007.31947821606,-51.9448613263922
9013.54428628937,-51.9452453533886
9019.77339622359,-51.9456291814151
9026.00681099166,-51.9460128112312
9032.24453356859,-51.9463962435958
9038.48656693141,-51.9467794792675
9044.73291405926,-51.9471625190041
9050.98357793331,-51.9475453635632
9057.23856153676,-51.9479280137018
9063.49786785493,-51.9483104701766
9069.76149987517,-51.9486927337435
9076.02946058689,-51.9490748051582
9082.3017529816,-51.9494566851757
9088.57838005283,-51.9498383745508
9094.85934479621,-51.9502198740376
9101.14465020944,-51.9506011843898
9107.43429929228,-51.9509823063607
9113.72829504657,-51.9513632407029
9120.02664047621,-51.9517439881689
9126.3293385872,-51.9521245495104
9132.63639238761,-51.9525049254788
9138.94780488757,-51.9528851168251
9145.26357909931,-51.9532651242996
9151.58371803715,-51.9536449486525
9157.90822471745,-51.9540245906332
9164.23710215871,-51.9544040509909
9170.57035338147,-51.9547833304741
9176.9079814084,-51.955162429831
9183.24998926422,-51.9555413498095
9189.59637997576,-51.9559200911567
9195.94715657193,-51.9562986546196
9202.30232208376,-51.9566770409445
9208.66187954434,-51.9570552508774
9215.02583198889,-51.9574332851638
9221.39418245469,-51.9578111445488
9227.76693398115,-51.958188829777
9234.14408960977,-51.9585663415926
9240.52565238415,-51.9589436807394
9246.91162534999,-51.9593208479607
9253.30201155511,-51.9596978439994
9259.69681404943,-51.9600746695981
9266.09603588495,-51.9604513254987
9272.49968011582,-51.9608278124429
9278.90774979827,-51.9612041311718
9285.32024799068,-51.9615802824263
9291.73717775349,-51.9619562669467
9298.15854214931,-51.9623320854729
9304.58434424283,-51.9627077387444
9311.01458710086,-51.9630832275003
9317.44927379236,-51.9634585524793
9323.88840738837,-51.9638337144198
9330.33199096207,-51.9642087140594
9336.78002758879,-51.9645835521357
9343.23252034593,-51.9649582293857
9349.68947231306,-51.9653327465459
9356.15088657187,-51.9657071043528
9362.61676620617,-51.966081303542
9369.08711430193,-51.966455344849
9375.56193394718,-51.9668292290088
9382.04122823217,-51.9672029567559
9388.52500024924,-51.9675765288247
9395.01325309287,-51.9679499459489
9401.50598985969,-51.968323208862
9408.00321364847,-51.9686963182969
9414.5049275601,-51.9690692749864
9421.01113469764,-51.9694420796627
9427.52183816629,-51.9698147330576
9434.03704107338,-51.9701872359026
9440.55674652839,-51.9705595889288
9447.08095764297,-51.9709317928669
9453.6096775309,-51.9713038484472
9460.14290930812,-51.9716757563997
9466.68065609271,-51.9720475174539
9473.22292100495,-51.972419132339
9479.7697071672,-51.9727906017839
9486.32101770403,-51.9731619265169
9492.87685574218,-51.9735331072661
9499.43722441052,-51.9739041447593
9506.00212684008,-51.9742750397236
9512.57156616409,-51.9746457928862
9519.1455455179,-51.9750164049735
9525.72406803907,-51.9753868767118
9532.30713686729,-51.9757572088269
9538.89475514444,-51.9761274020443
9545.48692601458,-51.9764974570893
9552.08365262391,-51.9768673746864
9558.68493812085,-51.9772371555602
9565.29078565595,-51.9776068004348
9571.90119838197,-51.9779763100338
9578.51617945383,-51.9783456850805
9585.13573202866,-51.978714926298
9591.75985926571,-51.979084034409
9598.38856432648,-51.9794530101357
9605.02185037462,-51.9798218542001
9611.65972057598,-51.9801905673238
9618.30217809858,-51.9805591502281
9624.94922611265,-51.9809276036339
9631.6008677906,-51.9812959282617
9638.25710630704,-51.9816641248319
9644.91794483875,-51.9820321940643
9651.58338656475,-51.9824001366786
9658.25343466621,-51.9827679533939
9664.92809232653,-51.9831356449291
9671.60736273129,-51.9835032120029
9678.29124906829,-51.9838706553334
9684.97975452751,-51.9842379756386
9691.67288230117,-51.9846051736361
9698.37063558367,-51.9849722500431
9705.0730175716,-51.9853392055766
9711.7800314638,-51.9857060409531
9718.49168046129,-51.9860727568891
9725.20796776733,-51.9864393541003
9731.92889658736,-51.9868058333026
9738.65447012906,-51.9871721952112
9745.38469160233,-51.9875384405412
9752.11956421927,-51.9879045700073
9758.85909119419,-51.9882705843238
9765.60327574367,-51.9886364842049
9772.35212108646,-51.9890022703643
9779.10563044357,-51.9893679435155
9785.86380703821,-51.9897335043717
9792.62665409584,-51.9900989536458
9799.39417484413,-51.9904642920502
9806.16637251301,-51.9908295202973
9812.9432503346,-51.991194639099
9819.72481154327,-51.9915596491669
9826.51105937565,-51.9919245512124
9833.30199707058,-51.9922893459466
9840.09762786915,-51.9926540340803
9846.89795501467,-51.9930186163239
9853.70298175273,-51.9933830933875
9860.51271133112,-51.9937474659812
9867.3271469999,-51.9941117348145
9874.14629201138,-51.9944759005967
9880.97014962009,-51.9948399640369
9887.79872308285,-51.9952039258437
9894.63201565869,-51.9955677867257
9901.47003060892,-51.9959315473911
9908.31277119708,-51.9962952085478
9915.160240689,-51.9966587709033
9922.01244235275,-51.9970222351651
9928.86937945862,-51.9973856020402
9935.73105527922,-51.9977488722354
9942.5974730894,-51.9981120464573
9949.46863616625,-51.9984751254121
9956.34454778917,-51.9988381098058
9963.22521123978,-51.9992010003441
9970.110629802,-51.9995637977325
9977.000806762,-51.9999265026761
9983.89574540824,-52.0002891158799
9990.79544903144,-52.0006516380486
9997.69992092458,-52.0010140698866
10004.609164383,-52.0013764120979
10011.5231827041,-52.0017386653866
10018.4419791878,-52.0021008304562
10025.3655571363,-52.00246290801
10032.2939198538,-52.0028248987513
10039.2270706472,-52.0031868033829
10046.1650128252,-52.0035486226073
10053.1077496993,-52.0039103571271
10060.0552845828,-52.0042720076442
10067.0076207917,-52.0046335748607
10073.9647616441,-52.004995059478
10080.9267104603,-52.0053564621976
10087.893470563,-52.0057177837207
10094.8650452774,-52.0060790247481
10101.8414379306,-52.0064401859805
10108.8226518522,-52.0068012681184
10115.8086903742,-52.0071622718619
10122.7995568308,-52.007523197911
10129.7952545585,-52.0078840469654
10136.795786896,-52.0082448197245
10143.8011571845,-52.0086055168878
10150.8113687674,-52.0089661391541
10157.8264249905,-52.0093266872224
10164.8463292018,-52.0096871617911
10171.8710847516,-52.0100475635587
10178.9006949928,-52.0104078932232
10185.9351632801,-52.0107681514826
10192.974492971,-52.0111283390345
10200.0186874252,-52.0114884565765
10207.0677500044,-52.0118485048058
10214.1216840731,-52.0122084844193
10221.1804929979,-52.012568396114
10228.2441801476,-52.0129282405864
10235.3127488935,-52.0132880185329
10242.3862026093,-52.0136477306497
10249.4645446708,-52.0140073776329
10256.5477784562,-52.014366960178
10263.6359073463,-52.0147264789808
10270.7289347239,-52.0150859347365
10277.8268639743,-52.0154453281403
10284.929698485,-52.0158046598871
10292.037441646,-52.0161639306718
10299.1500968496,-52.0165231411888
10306.2676674905,-52.0168822921324
10313.3901569656,-52.017241384197
10320.5175686742,-52.0176004180763
10327.649906018,-52.0179593944642
10334.7871724011,-52.0183183140542
10341.9293712298,-52.0186771775397
10349.0765059128,-52.0190359856139
10356.2285798612,-52.0193947389698
10363.3855964885,-52.0197534383002
10370.5475592105,-52.0201120842977
10377.7144714453,-52.0204706776549
10384.8863366134,-52.0208292190638
10392.0631581379,-52.0211877092167
10399.2449394438,-52.0215461488054
10406.4316839588,-52.0219045385217
10413.623395113,-52.022262879057
10420.8200763387,-52.0226211711028
10428.0217310705,-52.0229794153503
10435.2283627457,-52.0233376124904
10442.4399748037,-52.0236957632139
10449.6565706864,-52.0240538682117
10456.8781538379,-52.0244119281742
10464.104727705,-52.0247699437917
10471.3362957366,-52.0251279157545
10478.5728613841,-52.0254858447524
10485.8144281012,-52.0258437314754
10493.0609993442,-52.0262015766132
10500.3125785716,-52.0265593808552
10507.5691692443,-52.0269171448909
10514.8307748256,-52.0272748694094
10522.0973987812,-52.0276325550998
10529.3690445793,-52.027990202651
10536.6457156904,-52.0283478127518
10543.9274155874,-52.0287053860906
10551.2141477456,-52.029062923356
10558.5059156427,-52.0294204252362
10565.8027227588,-52.0297778924193
10573.1045725765,-52.0301353255935
10580.4114685806,-52.0304927254464
10587.7234142586,-52.0308500926659
10595.0404131001,-52.0312074279394
10602.3624685973,-52.0315647319544
10609.6895842447,-52.0319220053981
10617.0217635395,-52.0322792489578
10624.3590099809,-52.0326364633203
10631.7013270708,-52.0329936491726
10639.0487183134,-52.0333508072013
10646.4011872155,-52.0337079380931
10653.7587372859,-52.0340650425345
10661.1213720364,-52.0344221212117
10668.4890949808,-52.0347791748109
10675.8619096355,-52.0351362040183
10683.2398195193,-52.0354932095198
10690.6228281534,-52.0358501920012
10698.0109390614,-52.0362071521482
10705.4041557696,-52.0365640906464
10712.8024818063,-52.0369210081812
10720.2059207026,-52.0372779054379
10727.6144759919,-52.0376347831018
10735.0281512101,-52.037991641858
10742.4469498953,-52.0383484823914
10749.8708755885,-52.0387053053869
10757.2999318327,-52.0390621115293
10764.7341221737,-52.0394189015032
10772.1734501594,-52.0397756759932
10779.6179193405,-52.0401324356835
10787.0675332699,-52.0404891812587
10794.5222955031,-52.0408459134028
10801.982209598,-52.0412026328
10809.4472791149,-52.0415593401342
10816.9175076167,-52.0419160360893
10824.3928986687,-52.0422727213493
10831.8734558386,-52.0426293965976
10839.3591826966,-52.042986062518
10846.8500828155,-52.0433427197939
10854.3461597703,-52.0436993691088
10861.8474171387,-52.0440560111458
10869.3538585009,-52.0444126465883
10876.8654874393,-52.0447692761193
10884.382307539,-52.045125900422
10891.9043223876,-52.0454825201791
10899.431535575,-52.0458391360736
10906.9639506938,-52.0461957487883
10914.5015713388,-52.0465523590057
10922.0444011076,-52.0469089674086
10929.5924436001,-52.0472655746793
10937.1457024188,-52.0476221815004
10944.7041811684,-52.0479787885542
10952.2678834565,-52.048335396523
10959.8368128929,-52.0486920060889
10967.4109730901,-52.0490486179341
10974.9903676629,-52.0494052327406
10982.5750002287,-52.0497618511904
10990.1648744074,-52.0501184739654
10997.7599938214,-52.0504751017474
11005.3603620956,-52.0508317352181
11012.9659828574,-52.0511883750592
11020.5768597367,-52.0515450219524
11028.192996366,-52.0519016765793
11035.81439638,-52.0522583396212
11043.4410634163,-52.0526150117597
11051.0730011149,-52.052971693676
11058.7102131181,-52.0533283860516
11066.352703071,-52.0536850895676
11074.0004746211,-52.0540418049052
11081.6535314185,-52.0543985327455
11089.3118771155,-52.0547552737697
11096.9755153674,-52.0551120286587
11104.6444498317,-52.0554687980936
11112.3186841685,-52.0558255827552
11119.9982220405,-52.0561823833244
11127.683067113,-52.056539200482
11135.3732230535,-52.0568960349087
11143.0686935323,-52.0572528872854
11150.7694822223,-52.0576097582927
11158.4755927988,-52.0579666486112
11166.1870289395,-52.0583235589215
11173.9037943251,-52.0586804899042
11181.6258926383,-52.0590374422397
11189.3533275647,-52.0593944166086
11197.0861027923,-52.0597514136913
11204.8242220118,-52.0601084341681
11212.5676889162,-52.0604654787195
11220.3165072013,-52.0608225480258
11228.0706805653,-52.0611796427673
11235.8302127091,-52.0615367636242
11243.5951073359,-52.0618939112768
11251.3653681517,-52.0622510864053
11259.140998865,-52.0626082896899
11266.9220031869,-52.0629655218107
11274.7083848309,-52.0633227834479
11282.5001475132,-52.0636800752816
11290.2972949526,-52.0640373979919
11298.0998308704,-52.0643947522589
11305.9077589904,-52.0647521387625
11313.7210830392,-52.0651095581829
11321.5398067458,-52.0654670112
11329.3639338417,-52.0658244984939
11337.1934680612,-52.0661820207446
11345.0284131411,-52.0665395786319
11352.8687728207,-52.0668971728359
11360.7145508419,-52.0672548040366
11368.5657509493,-52.0676124729138
11376.42237689,-52.0679701801476
11384.2844324136,-52.0683279264178
11392.1519212726,-52.0686857124043
11400.0248472217,-52.0690435387871
11407.9032140184,-52.0694014062462
11415.7870254229,-52.0697593154613
11423.6762851978,-52.0701172671125
11431.5709971084,-52.0704752618797
11439.4711649225,-52.0708333004427
11447.3767924107,-52.0711913834815
11455.287883346,-52.0715495116761
11463.2044415042,-52.0719076857063
11471.1264706635,-52.0722659062521
11479.0539746048,-52.0726241739936
11486.9869571118,-52.0729824896105
11494.9254219704,-52.0733408537829
11502.8693729696,-52.0736992671908
11510.8188139006,-52.0740577305142
11518.7737485576,-52.0744162444332
11526.734180737,-52.0747748096276
11534.7001142381,-52.0751334267776
11542.6715528629,-52.0754920965633
11550.6485004158,-52.0758508196648
11558.6309607039,-52.0762095967621
11566.6189375371,-52.0765684285354
11574.6124347276,-52.0769273156648
11582.6114560905,-52.0772862588306
11590.6160054436,-52.077645258713
11598.626086607,-52.0780043159921
11606.6417034037,-52.0783634313483
11614.6628596594,-52.0787226054618
11622.6895592022,-52.079081839013
11630.721805863,-52.0794411326822
11638.7596034753,-52.0798004871499
11646.8029558754,-52.0801599030964
11654.8518669019,-52.0805193812023
11662.9063403965,-52.080878922148
11670.9663802032,-52.0812385266141
11679.0319901688,-52.0815981952812
11687.1031741427,-52.0819579288299
11695.1799359772,-52.0823177279408
11703.2622795268,-52.0826775932948
11711.3502086491,-52.0830375255724
11719.4437272041,-52.0833975254547
11727.5428390547,-52.0837575936223
11735.6475480662,-52.0841177307563
11743.7578581068,-52.0844779375375
11751.8737730472,-52.084838214647
11759.9952967608,-52.0851985627658
11768.1224331239,-52.0855589825751
11776.2551860152,-52.085919474756
11784.3935593163,-52.0862800399897
11792.5375569112,-52.0866406789575
11800.6871826868,-52.0870013923408
11808.8424405327,-52.087362180821
11817.0033343412,-52.0877230450795
11825.169868007,-52.0880839857978
11833.3420454279,-52.0884450036576
11841.5198705042,-52.0888060993405
11849.7033471387,-52.0891672735282
11857.8924792374,-52.0895285269025
11866.0872707084,-52.0898898601454
11874.287725463,-52.0902512739386
11882.493847415,-52.0906127689642
11890.7056404807,-52.0909743459043
11898.9231085796,-52.0913360054411
11907.1462556334,-52.0916977482566
11915.3750855668,-52.0920595750334
11923.6096023071,-52.0924214864537
11931.8498097845,-52.0927834832
11940.0957119317,-52.0931455659548
11948.3473126841,-52.0935077354007
11956.60461598,-52.0938699922206
11964.8676257603,-52.094232337097
11973.1363459687,-52.094594770713
11981.4107805515,-52.0949572937514
11989.6909334579,-52.0953199068953
11997.9768086397,-52.0956826108279
12006.2684100515,-52.0960454062323
12014.5657416506,-52.096408293792
12022.8688073969,-52.0967712741902
12031.1776112533,-52.0971343481105
12039.4921571853,-52.0974975162365
12047.8124491612,-52.0978607792518
12056.1384911519,-52.0982241378404
12064.4702871312,-52.098587592686
12072.8078410755,-52.0989511444726
12081.1511569642,-52.0993147938844
12089.5002387791,-52.0996785416055
12097.855090505,-52.1000423883202
12106.2157161295,-52.100406334713
12114.5821196427,-52.1007703814683
12122.9543050376,-52.1011345292708
12131.3322763101,-52.1014987788051
12139.7160374586,-52.1018631307561
12148.1055924844,-52.1022275858088
12156.5009453916,-52.1025921446481
12164.902100187,-52.1029568079594
12173.3090608802,-52.1033215764278
12181.7218314835,-52.1036864507387
12190.1404160121,-52.1040514315777
12198.5648184839,-52.1044165196305
12206.9950429195,-52.1047817155826
12215.4310933425,-52.1051470201202
12223.8729737791,-52.105512433929
12232.3206882582,-52.1058779576953
12240.7742408117,-52.1062435921053
12249.2336354743,-52.1066093378454
12257.6988762832,-52.106975195602
12266.1699672787,-52.1073411660618
12274.6469125037,-52.1077072499116
12283.129716004,-52.1080734478381
12291.6183818281,-52.1084397605286
12300.1129140274,-52.10880618867
12308.6133166561,-52.1091727329497
12317.119593771,-52.1095393940551
12325.6317494321,-52.1099061726737
12334.1497877017,-52.1102730694933
12342.6737126454,-52.1106400852016
12351.2035283313,-52.1110072204867
12359.7392388303,-52.1113744760367
12368.2808482163,-52.1117418525397
12376.8283605659,-52.1121093506843
12385.3817799586,-52.112476971159
12393.9411104765,-52.1128447146524
12402.5063562049,-52.1132125818534
12411.0775212315,-52.1135805734509
12419.6546096471,-52.1139486901342
12428.2376255454,-52.1143169325925
12436.8265730225,-52.1146853015152
12445.4214561779,-52.115053797592
12454.0222791134,-52.1154224215125
12462.6290459341,-52.1157911739668
12471.2417607476,-52.1161600556448
12479.8604276645,-52.1165290672367
12488.4850507981,-52.116898209433
12497.1156342648,-52.1172674829242
12505.7521821835,-52.1176368884011
12514.3946986764,-52.1180064265543
12523.043187868,-52.1183760980751
12531.6976538861,-52.1187459036545
12540.3581008611,-52.119115843984
12549.0245329264,-52.119485919755
12557.6969542182,-52.1198561316594
12566.3753688755,-52.1202264803888
12575.0597810402,-52.1205969666355
12583.7501948572,-52.1209675910915
12592.4466144741,-52.1213383544494
12601.1490440413,-52.1217092574015
12609.8574877122,-52.1220803006408
12618.5719496432,-52.1224514848601
12627.2924339932,-52.1228228107525
12636.0189449244,-52.1231942790112
12644.7514866016,-52.1235658903298
12653.4900631924,-52.1239376454019
12662.2346788676,-52.1243095449212
12670.9853378007,-52.1246815895818
12679.7420441681,-52.125053780078
12688.5048021489,-52.125426117104
12697.2736159255,-52.1257986013544
12706.0484896829,-52.1261712335241
12714.8294276089,-52.1265440143078
12723.6164338946,-52.1269169444009
12732.4095127335,-52.1272900244986
12741.2086683224,-52.1276632552965
12750.0139048608,-52.1280366374902
12758.825226551,-52.1284101717757
12767.6426375986,-52.1287838588491
12776.4661422117,-52.1291576994067
12785.2957446015,-52.1295316941451
12794.1314489821,-52.129905843761
12802.9732595703,-52.1302801489512
12811.8211805863,-52.130654610413
12820.6752162527,-52.1310292288436
12829.5353707953,-52.1314040049405
12838.4016484427,-52.1317789394016
12847.2740534265,-52.1321540329248
12856.1525899813,-52.1325292862082
12865.0372623444,-52.1329046999502
12873.9280747562,-52.1332802748494
12882.82503146,-52.1336560116046
12891.728136702,-52.1340319109148
12900.6373947314,-52.1344079734793
12909.5528098002,-52.1347841999974
12918.4743861635,-52.1351605911689
12927.4021280792,-52.1355371476936
12936.3360398082,-52.1359138702716
12945.2761256145,-52.1362907596033
12954.2223897648,-52.1366678163892
12963.1748365288,-52.1370450413301
12972.1334701793,-52.1374224351269
12981.0982949919,-52.137799998481
12990.0693152452,-52.1381777320937
12999.0465352208,-52.1385556366668
13008.0299592032,-52.1389337129021
13017.0195914799,-52.1393119615017
13026.0154363413,-52.1396903831682
13035.0174980809,-52.1400689786039
13044.0257809951,-52.140447748512
13053.0402893831,-52.1408266935952
13062.0610275473,-52.1412058145571
13071.0879997931,-52.1415851121012
13080.1212104286,-52.1419645869312
13089.1606637651,-52.1423442397511
13098.2063641169,-52.1427240712654
13107.2583158011,-52.1431040821783
13116.316523138,-52.1434842731949
13125.3809904507,-52.1438646450199
13134.4517220654,-52.1442451983588
13143.5287223112,-52.1446259339169
13152.6119955203,-52.1450068524001
13161.7015460279,-52.1453879545143
13170.797378172,-52.1457692409659
13179.8994962938,-52.1461507124612
13189.0079047375,-52.1465323697071
13198.1226078501,-52.1469142134105
13207.2436099818,-52.1472962442788
13216.3709154858,-52.1476784630195
13225.5045287182,-52.1480608703403
13234.6444540381,-52.1484434669492
13243.7906958079,-52.1488262535547
13252.9432583925,-52.1492092308652
13262.1021461604,-52.1495923995896
13271.2673634826,-52.149975760437
13280.4389147334,-52.1503593141166
13289.6168042902,-52.1507430613383
13298.8010365332,-52.1511270028118
13307.9916158457,-52.1515111392473
13317.1885466141,-52.1518954713552
13326.3918332277,-52.1522799998462
13335.601480079,-52.1526647254314
13344.8174915635,-52.1530496488219
13354.0398720797,-52.1534347707293
13363.2686260289,-52.1538200918654
13372.503757816,-52.1542056129422
13381.7452718483,-52.1545913346721
13390.9931725367,-52.1549772577677
13400.2474642949,-52.155363382942
13409.5081515395,-52.1557497109081
13418.7752386904,-52.1561362423795
13428.0487301705,-52.15652297807
13437.3286304057,-52.1569099186936
13446.614943825,-52.1572970649647
13455.9076748604,-52.1576844175978
13465.206827947,-52.158071977308
13474.5124075231,-52.1584597448102
13483.8244180298,-52.1588477208202
13493.1428639114,-52.1592359060536
13502.4677496154,-52.1596243012265
13511.7990795922,-52.1600129070553
13521.1368582953,-52.1604017242567
13530.4810901813,-52.1607907535476
13539.8317797099,-52.1611799956452
13549.1889313439,-52.1615694512672
13558.5525495492,-52.1619591211314
13567.9226387946,-52.162349005956
13577.2992035522,-52.1627391064593
13586.6822482971,-52.1631294233603
13596.0717775076,-52.1635199573778
13605.4677956649,-52.1639107092315
13614.8703072534,-52.1643016796408
13624.2793167607,-52.1646928693259
13633.6948286773,-52.1650842790069
13643.116847497,-52.1654759094046
13652.5453777166,-52.1658677612399
13661.9804238359,-52.1662598352339
13671.421990358,-52.1666521321083
13680.8700817891,-52.167044652585
13690.3247026384,-52.167437397386
13699.7858574183,-52.1678303672339
13709.2535506443,-52.1682235628515
13718.7277868349,-52.168616984962
13728.208570512,-52.1690106342889
13737.6959062003,-52.1694045115558
13747.1897984279,-52.169798617487
13756.6902517258,-52.1701929528069
13766.1972706284,-52.1705875182401
13775.710859673,-52.1709823145119
13785.2310234001,-52.1713773423476
13794.7577663534,-52.1717726024729
13804.2910930796,-52.172168095614
13813.8310081287,-52.1725638224972
13823.3775160538,-52.1729597838493
13832.9306214111,-52.1733559803974
13842.49032876,-52.1737524128688
13852.056642663,-52.1741490819913
13861.6295676858,-52.174545988493
13871.2091083972,-52.1749431331023
13880.7952693692,-52.175340516548
13890.388055177,-52.1757381395591
13899.9874703989,-52.1761360028652
13909.5935196163,-52.1765341071959
13919.2062074139,-52.1769324532815
13928.8255383795,-52.1773310418523
13938.4515171041,-52.1777298736393
13948.0841481819,-52.1781289493736
13957.7234362101,-52.1785282697866
13967.3693857893,-52.1789278356104
13977.0220015232,-52.179327647577
13986.6812880186,-52.1797277064191
13996.3472498856,-52.1801280128696
14006.0198917375,-52.1805285676617
14015.6992181906,-52.1809293715292
14025.3852338646,-52.181330425206
14035.0779433822,-52.1817317294264
14044.7773513696,-52.1821332849252
14054.4834624558,-52.1825350924374
14064.1962812733,-52.1829371526984
14073.9158124577,-52.1833394664441
14083.6420606478,-52.1837420344107
14093.3750304856,-52.1841448573345
14103.1147266163,-52.1845479359526
14112.8611536883,-52.1849512710022
14122.6143163533,-52.1853548632209
14132.3742192662,-52.1857587133467
14142.140867085,-52.1861628221179
14151.914264471,-52.1865671902734
14161.6944160888,-52.1869718185521
14171.481326606,-52.1873767076937
14181.2750006936,-52.1877818584379
14191.0754430258,-52.188187271525
14200.8826582801,-52.1885929476957
14210.696651137,-52.1889988876908
14220.5174262805,-52.1894050922518
14230.3449883977,-52.1898115621204
14240.179342179,-52.1902182980388
14250.020492318,-52.1906253007494
14259.8684435114,-52.1910325709953
14269.7232004595,-52.1914401095195
14279.5847678655,-52.191847917066
14289.4531504361,-52.1922559943786
14299.3283528811,-52.1926643422019
14309.2103799136,-52.1930729612807
14319.0992362499,-52.1934818523603
14328.9949266098,-52.1938910161861
14338.8974557159,-52.1943004535044
14348.8068282946,-52.1947101650615
14358.7230490752,-52.1951201516041
14368.6461227903,-52.1955304138795
14378.576054176,-52.1959409526354
14388.5128479715,-52.1963517686197
14398.4565089192,-52.1967628625808
14408.4070417649,-52.1971742352675
14418.3644512577,-52.197585887429
14428.3287421499,-52.197997819815
14438.2999191972,-52.1984100331754
14448.2779871584,-52.1988225282607
14458.2629507957,-52.1992353058217
14468.2548148747,-52.1996483666097
14478.2535841641,-52.2000617113763
14488.2592634359,-52.2004753408735
14498.2718574656,-52.2008892558538
14508.2913710319,-52.2013034570701
14518.3178089166,-52.2017179452758
14528.3511759052,-52.2021327212244
14538.3914767861,-52.2025477856702
14548.4387163512,-52.2029631393677
14558.4928993959,-52.2033787830718
14568.5540307185,-52.2037947175379
14578.622115121,-52.2042109435219
14588.6971574085,-52.20462746178
14598.7791623895,-52.2050442730687
14608.8681348757,-52.2054613781453
14618.9640796824,-52.2058787777671
14629.0670016279,-52.2062964726921
14639.176905534,-52.2067144636787
14649.2937962259,-52.2071327514856
14659.4176785321,-52.2075513368721
14669.5485572842,-52.2079702205978
14679.6864373174,-52.2083894034227
14689.8313234703,-52.2088088861074
14699.9832205845,-52.2092286694128
14710.1421335053,-52.2096487541003
14720.3080670812,-52.2100691409317
14730.481026164,-52.2104898306692
14740.6610156089,-52.2109108240756
14750.8480402745,-52.211332121914
14761.0421050228,-52.2117537249479
14771.243214719,-52.2121756339413
14781.4513742317,-52.2125978496588
14791.666588433,-52.2130203728651
14801.8888621983,-52.2134432043258
14812.1182004062,-52.2138663448064
14822.354607939,-52.2142897950734
14832.598089682,-52.2147135558933
14842.8486505243,-52.2151376280333
14853.1062953579,-52.2155620122611
14863.3710290786,-52.2159867093446
14873.6428565854,-52.2164117200523
14883.9217827806,-52.2168370451533
14894.20781257,-52.2172626854168
14904.5009508629,-52.2176886416128
14914.8012025717,-52.2181149145116
14925.1085726125,-52.2185415048839
14935.4230659046,-52.2189684135011
14945.7446873708,-52.2193956411348
14956.0734419372,-52.2198231885571
14966.4093345334,-52.2202510565407
14976.7523700923,-52.2206792458587
14987.1025535504,-52.2211077572847
14997.4598898475,-52.2215365915926
15007.8243839267,-52.221965749557
15018.1960407347,-52.2223952319528
15028.5748652215,-52.2228250395554
15038.9608623406,-52.2232551731408
15049.3540370488,-52.2236856334854
15059.7543943066,-52.2241164213659
15070.1619390775,-52.2245475375597
15080.5766763288,-52.2249789828446
15090.9986110312,-52.2254107579989
15101.4277481585,-52.2258428638014
15111.8640926884,-52.2262753010312
15122.3076496017,-52.226708070468
15132.7584238828,-52.2271411728922
15143.2164205194,-52.2275746090843
15153.6816445029,-52.2280083798254
15164.1541008279,-52.2284424858974
15174.6337944926,-52.2288769280822
15185.1207304986,-52.2293117071625
15195.6149138509,-52.2297468239215
15206.1163495581,-52.2301822791426
15216.6250426322,-52.23061807361
15227.1409980885,-52.2310542081083
15237.6642209461,-52.2314906834225
15248.1947162272,-52.2319275003382
15258.7324889578,-52.2323646596415
15269.2775441671,-52.2328021621189
15279.829886888,-52.2332400085574
15290.3895221567,-52.2336781997446
15300.956455013,-52.2341167364685
15311.5306905001,-52.2345556195178
15322.1122336648,-52.2349948496814
15332.7010895573,-52.2354344277488
15343.2972632312,-52.2358743545102
15353.9007597439,-52.2363146307562
15364.5115841559,-52.2367552572776
15375.1297415314,-52.2371962348663
15385.7552369382,-52.2376375643141
15396.3880754474,-52.2380792464137
15407.0282621338,-52.2385212819583
15417.6758020755,-52.2389636717413
15428.3307003542,-52.239406416557
15438.9929620552,-52.2398495171999
15449.6625922672,-52.2402929744653
15460.3395960825,-52.2407367891487
15471.0239785968,-52.2411809620464
15481.7157449094,-52.241625493955
15492.4149001232,-52.2420703856718
15503.1214493445,-52.2425156379946
15513.8353976832,-52.2429612517215
15524.5567502526,-52.2434072276514
15535.2855121698,-52.2438535665835
15546.0216885551,-52.2443002693177
15556.7652845327,-52.2447473366544
15567.51630523,-52.2451947693944
15578.2747557782,-52.2456425683391
15589.0406413119,-52.2460907342905
15599.8139669694,-52.246539268051
15610.5947378922,-52.2469881704237
15621.3829592259,-52.247437442212
15632.1786361191,-52.2478870842201
15642.9817737243,-52.2483370972525
15653.7923771976,-52.2487874821144
15664.6104516983,-52.2492382396114
15675.4360023897,-52.2496893705497
15686.2690344384,-52.2501408757361
15697.1095530146,-52.2505927559779
15707.9575632922,-52.2510450120829
15718.8130704486,-52.2514976448595
15729.6760796647,-52.2519506551165
15740.546596125,-52.2524040436635
15751.4246250177,-52.2528578113104
15762.3101715345,-52.2533119588677
15773.2032408707,-52.2537664871467
15784.1038382253,-52.2542213969589
15795.0119688006,-52.2546766891164
15805.9276378028,-52.2551323644322
15816.8508504416,-52.2555884237193
15827.7816119302,-52.2560448677918
15838.7199274856,-52.2565016974639
15849.6658023281,-52.2569589135507
15860.619241682,-52.2574165168677
15871.5802507749,-52.2578745082308
15882.5488348381,-52.2583328884568
15893.5249991067,-52.2587916583629
15904.508748819,-52.2592508187667
15915.5000892174,-52.2597103704867
15926.4990255475,-52.2601703143416
15937.5055630589,-52.2606306511509
15948.5197070045,-52.2610913817345
15959.5414626411,-52.2615525069132
15970.5708352289,-52.2620140275079
15981.607830032,-52.2624759443404
15992.6524523178,-52.262938258233
16003.7047073577,-52.2634009700085
16014.7646004265,-52.2638640804902
16025.8321368026,-52.2643275905023
16036.9073217684,-52.2647915008692
16047.9901606095,-52.265255812416
16059.0806586154,-52.2657205259685
16070.1788210794,-52.266185642353
16081.284653298,-52.2666511623963
16092.3981605719,-52.2671170869258
16103.519348205,-52.2675834167695
16114.6482215052,-52.2680501527562
16125.7847857839,-52.2685172957148
16136.9290463562,-52.2689848464753
16148.0810085408,-52.2694528058679
16159.2406776603,-52.2699211747236
16170.4080590408,-52.2703899538739
16181.583158012,-52.2708591441508
16192.7659799076,-52.2713287463872
16203.9565300645,-52.2717987614162
16215.1548138239,-52.2722691900718
16226.3608365301,-52.2727400331883
16237.5746035315,-52.273211291601
16248.79612018,-52.2736829661453
16260.0253918312,-52.2741550576576
16271.2624238446,-52.2746275669747
16282.5072215831,-52.275100494934
16293.7597904136,-52.2755738423736
16305.0201357065,-52.2760476101321
16316.2882628359,-52.2765217990487
16327.5641771799,-52.2769964099632
16338.8478841199,-52.2774714437162
16350.1393890414,-52.2779469011486
16361.4386973334,-52.2784227831021
16372.7458143886,-52.278899090419
16384.0607456037,-52.279375823942
16395.3834963787,-52.2798529845146
16406.7140721177,-52.2803305729811
16418.0524782284,-52.2808085901858
16429.3987201222,-52.2812870369743
16440.7528032142,-52.2817659141924
16452.1147329236,-52.2822452226866
16463.4845146728,-52.2827249633041
16474.8621538882,-52.2832051368925
16486.2476560002,-52.2836857443002
16497.6410264425,-52.2841667863763
16509.0422706529,-52.2846482639703
16520.4513940727,-52.2851301779324
16531.8684021473,-52.2856125291135
16543.2933003254,-52.286095318365
16554.7260940599,-52.286578546539
16566.1667888072,-52.2870622144881
16577.6153900276,-52.2875463230658
16589.0719031851,-52.2880308731259
16600.5363337475,-52.2885158655231
16612.0086871865,-52.2890013011125
16623.4889689773,-52.28948718075
16634.9771845992,-52.2899735052919
16646.473339535,-52.2904602755955
16657.9774392715,-52.2909474925185
16669.4894892993,-52.2914351569191
16681.0094951125,-52.2919232696564
16692.5374622094,-52.29241183159
16704.0733960919,-52.2929008435802
16715.6173022656,-52.2933903064878
16727.1691862401,-52.2938802211744
16738.7290535287,-52.2943705885022
16750.2969096485,-52.2948614093339
16761.8727601205,-52.2953526845331
16773.4566104695,-52.2958444149637
16785.048466224,-52.2963366014906
16796.6483329164,-52.2968292449792
16808.256216083,-52.2973223462953
16819.8721212638,-52.2978159063059
16831.4960540027,-52.298309925878
16843.1280198474,-52.2988044058798
16854.7680243495,-52.2992993471798
16866.4160730642,-52.2997947506472
16878.072171551,-52.3002906171521
16889.7363253727,-52.3007869475649
16901.4085400964,-52.301283742757
16913.0888212927,-52.3017810036001
16924.7771745363,-52.3022787309668
16936.4736054056,-52.3027769257303
16948.178119483,-52.3032755887644
16959.8907223546,-52.3037747209437
16971.6114196105,-52.3042743231432
16983.3402168445,-52.3047743962389
16995.0771196544,-52.3052749411072
17006.8221336418,-52.3057759586252
17018.5752644123,-52.3062774496708
17030.3365175752,-52.3067794151224
17042.1058987437,-52.3072818558591
17053.883413535,-52.3077847727609
17065.6690675701,-52.3082881667081
17077.4628664739,-52.3087920385819
17089.2648158752,-52.309296389264
17101.0749214066,-52.3098012196371
17112.8931887047,-52.3103065305842
17124.71962341,-52.3108123229891
17136.5542311668,-52.3113185977364
17148.3970176234,-52.3118253557113
17160.247988432,-52.3123325977995
17172.1071492485,-52.3128403248876
17183.9745057331,-52.3133485378628
17195.8500635496,-52.313857237613
17207.7338283657,-52.3143664250268
17219.6258058533,-52.3148761009933
17231.5260016879,-52.3153862664025
17243.4344215491,-52.3158969221451
17255.3510711205,-52.3164080691123
17267.2759560893,-52.316919708196
17279.209082147,-52.317431840289
17291.1504549888,-52.3179444662845
17303.100080314,-52.3184575870767
17315.0579638258,-52.3189712035602
17327.0241112311,-52.3194853166304
17338.998528241,-52.3199999271835
17350.9812205706,-52.3205150361162
17362.9721939387,-52.3210306443261
17374.9714540683,-52.3215467527112
17386.9790066862,-52.3220633621706
17398.9948575232,-52.3225804736036
17411.0190123141,-52.3230980879107
17423.0514767975,-52.3236162059927
17435.0922567162,-52.3241348287514
17447.1413578168,-52.3246539570891
17459.19878585,-52.3251735919088
17471.2645465703,-52.3256937341143
17483.3386457364,-52.3262143846101
17495.4210891107,-52.3267355443014
17507.5118824599,-52.3272572140939
17519.6110315545,-52.3277793948944
17531.718542169,-52.32830208761
17543.8344200819,-52.3288252931488
17555.9586710757,-52.3293490124194
17568.0913009368,-52.3298732463314
17580.2323154559,-52.3303979957947
17592.3817204273,-52.3309232617202
17604.5395216496,-52.3314490450195
17616.7057249253,-52.3319753466048
17628.880336061,-52.3325021673891
17641.0633608671,-52.333029508286
17653.2548051581,-52.33355737021
17665.4546747528,-52.3340857540762
17677.6629754735,-52.3346146608004
17689.8797131471,-52.3351440912992
17702.104893604,-52.3356740464897
17714.3385226789,-52.3362045272902
17726.5806062107,-52.3367355346191
17738.8311500419,-52.3372670693961
17751.0901600194,-52.3377991325412
17763.357641994,-52.3383317249753
17775.6336018205,-52.33886484762
17787.9180453578,-52.3393985013978
17800.2109784689,-52.3399326872315
17812.5124070208,-52.3404674060451
17824.8223368845,-52.3410026587631
17837.1407739353,-52.3415384463107
17849.4677240521,-52.3420747696139
17861.8031931183,-52.3426116295993
17874.1471870212,-52.3431490271946
17886.4997116521,-52.3436869633278
17898.8607729066,-52.3442254389278
17911.230376684,-52.3447644549244
17923.608528888,-52.3453040122478
17935.9952354263,-52.3458441118294
17948.3905022107,-52.3463847546008
17960.7943351569,-52.3469259414947
17973.2067401849,-52.3474676734445
17985.6277232188,-52.3480099513843
17998.0572901866,-52.3485527762488
18010.4954470206,-52.3490961489737
18022.9421996571,-52.3496400704953
18035.3975540364,-52.3501845417506
18047.8615161032,-52.3507295636775
18060.334091806,-52.3512751372145
18072.8152870976,-52.351821263301
18085.3051079349,-52.3523679428769
18097.8035602787,-52.3529151768831
18110.3106500942,-52.3534629662611
18122.8263833507,-52.3540113119533
18135.3507660214,-52.3545602149028
18147.8838040838,-52.3551096760532
18160.4255035195,-52.3556596963493
18172.9758703142,-52.3562102767362
18185.5349104579,-52.3567614181602
18198.1026299444,-52.3573131215681
18210.6790347721,-52.3578653879073
18223.264130943,-52.3584182181264
18235.8579244638,-52.3589716131744
18248.460421345,-52.3595255740011
18261.0716276013,-52.3600801015573
18273.6915492517,-52.3606351967943
18286.3201923191,-52.3611908606644
18298.9575628309,-52.3617470941203
18311.6036668184,-52.3623038981158
18324.2585103172,-52.3628612736055
18336.9220993671,-52.3634192215444
18349.5944400118,-52.3639777428886
18362.2755382995,-52.3645368385949
18374.9654002825,-52.3650965096208
18387.6640320172,-52.3656567569246
18400.3714395642,-52.3662175814654
18413.0876289883,-52.366778984203
18425.8126063587,-52.3673409660981
18438.5463777483,-52.367903528112
18451.2889492348,-52.3684666712069
18464.0403268996,-52.3690303963458
18476.8005168285,-52.3695947044925
18489.5695251117,-52.3701595966113
18502.3473578432,-52.3707250736676
18515.1340211215,-52.3712911366274
18527.9295210493,-52.3718577864577
18540.7338637334,-52.3724250241259
18553.5470552849,-52.3729928506006
18566.3691018192,-52.3735612668508
18579.2000094556,-52.3741302738467
18592.0397843181,-52.3746998725588
18604.8884325345,-52.3752700639589
18617.7459602372,-52.3758408490191
18630.6123735625,-52.3764122287127
18643.4876786513,-52.3769842040134
18656.3718816483,-52.3775567758961
18669.2649887029,-52.3781299453363
18682.1670059685,-52.37870371331
18695.0779396028,-52.3792780807945
18707.9977957676,-52.3798530487677
18720.9265806293,-52.380428618208
18733.8643003584,-52.3810047900951
18746.8109611294,-52.3815815654091
18759.7665691216,-52.382158945131
18772.731130518,-52.3827369302428
18785.7046515064,-52.383315521727
18798.6871382784,-52.3838947205671
18811.6785970303,-52.3844745277472
18824.6790339623,-52.3850549442525
18837.6884552792,-52.3856359710687
18850.70686719,-52.3862176091826
18863.7342759078,-52.3867998595814
18876.7706876502,-52.3873827232534
18889.8161086391,-52.3879662011878
18902.8705451005,-52.3885502943743
18915.934003265,-52.3891350038036
18929.0064893673,-52.3897203304671
18942.0880096464,-52.3903062753571
18955.1785703457,-52.3908928394668
18968.278177713,-52.3914800237898
18981.3868380001,-52.3920678293211
18994.5045574634,-52.392656257056
19007.6313423636,-52.3932453079908
19020.7671989656,-52.3938349831228
19033.9121335388,-52.3944252834498
19047.0661523567,-52.3950162099706
19060.2292616974,-52.3956077636847
19073.4014678431,-52.3961999455926
19086.5827770805,-52.3967927566955
19099.7731957006,-52.3973861979953
19112.9727299988,-52.3979802704949
19126.1813862746,-52.398574975198
19139.3991708323,-52.3991703131089
19152.6260899801,-52.3997662852331
19165.8621500309,-52.4003628925767
19179.1073573017,-52.4009601361465
19192.3617181141,-52.4015580169503
19205.6252387938,-52.4021565359967
19218.8979256713,-52.4027556942951
19232.179785081,-52.4033554928558
19245.4708233619,-52.4039559326897
19258.7710468574,-52.4045570148089
19272.0804619153,-52.4051587402259
19285.3990748877,-52.4057611099544
19298.7268921311,-52.4063641250087
19312.0639200064,-52.4069677864039
19325.4101648789,-52.4075720951562
19338.7656331184,-52.4081770522823
19352.130331099,-52.4087826588
19365.5042651992,-52.4093889157278
19378.8874418019,-52.409995824085
19392.2798672944,-52.4106033848918
19405.6815480686,-52.4112115991693
19419.0924905205,-52.4118204679393
19432.5127010508,-52.4124299922245
19445.9421860645,-52.4130401730484
19459.380951971,-52.4136510114354
19472.8290051842,-52.4142625084108
19486.2863521224,-52.4148746650005
19499.7529992084,-52.4154874822314
19513.2289528693,-52.4161009611313
19526.7142195367,-52.4167151027287
19540.2088056467,-52.417329908053
19553.7127176398,-52.4179453781346
19567.2259619609,-52.4185615140045
19580.7485450596,-52.4191783166945
19594.2804733896,-52.4197957872377
19607.8217534093,-52.4204139266674
19621.3723915815,-52.4210327360183
19634.9323943735,-52.4216522163256
19648.5017682569,-52.4222723686256
19662.080519708,-52.4228931939552
19675.6686552075,-52.4235146933523
19689.2661812405,-52.4241368678556
19702.8731042967,-52.4247597185048
19716.4894308702,-52.4253832463401
19730.1151674596,-52.426007452403
19743.750320568,-52.4266323377354
19757.394896703,-52.4272579033805
19771.0489023767,-52.4278841503819
19784.7123441057,-52.4285110797845
19798.3852284112,-52.4291386926337
19812.0675618186,-52.429766989976
19825.7593508582,-52.4303959728586
19839.4606020645,-52.4310256423296
19853.1713219768,-52.431655999438
19866.8915171386,-52.4322870452336
19880.6211940982,-52.432918780767
19894.3603594082,-52.4335512070899
19908.1090196259,-52.4341843252547
19921.8671813131,-52.4348181363146
19935.6348510362,-52.4354526413237
19949.4120353658,-52.436087841337
19963.1987408774,-52.4367237374105
19976.994974151,-52.4373603306007
19990.8007417711,-52.4379976219654
20004.6160503266,-52.4386356125628
20018.4409064111,-52.4392743034525
20032.2753166228,-52.4399136956944
20046.1192875643,-52.4405537903498
20059.972825843,-52.4411945884804
20073.8359380706,-52.4418360911491
20087.7086308636,-52.4424782994195
20101.590910843,-52.4431212143562
20115.4827846341,-52.4437648370245
20129.3842588673,-52.4444091684906
20143.2953401772,-52.4450542098218
20157.216035203,-52.4456999620861
20171.1463505887,-52.4463464263522
20185.0862929828,-52.44699360369
20199.0358690382,-52.44764149517
20212.9950854127,-52.4482901018638
20226.9639487685,-52.4489394248438
20240.9424657726,-52.4495894651831
20254.9306430963,-52.4502402239559
20268.9284874157,-52.4508917022372
20282.9360054116,-52.4515439011029
20296.9532037693,-52.4521968216297
20310.9800891786,-52.4528504648952
20325.0166683342,-52.4535048319781
20339.0629479353,-52.4541599239575
20353.1189346857,-52.4548157419139
20367.1846352937,-52.4554722869283
20381.2600564726,-52.4561295600829
20395.3452049399,-52.4567875624604
20409.4400874182,-52.4574462951447
20423.5447106344,-52.4581057592205
20437.6590813201,-52.4587659557733
20451.7832062117,-52.4594268858895
20465.9170920502,-52.4600885506566
20480.0607455811,-52.4607509511626
20494.2141735548,-52.4614140884967
20508.3773827263,-52.4620779637489
20522.550379855,-52.46274257801
20536.7331717054,-52.4634079323718
20550.9257650464,-52.464074027927
20565.1281666516,-52.464740865769
20579.3403832994,-52.4654084469922
20593.5624217728,-52.466076772692
20607.7942888595,-52.4667458439646
20622.0359913519,-52.467415661907
20636.287536047,-52.4680862276173
20650.5489297467,-52.4687575421942
20664.8201792574,-52.4694296067376
20679.1012913903,-52.470102422348
20693.3922729613,-52.4707759901271
20707.693130791,-52.4714503111772
20722.0038717048,-52.4721253866017
20736.3245025326,-52.4728012175047
20750.6550301093,-52.4734778049915
20764.9954612742,-52.474155150168
20779.3458028716,-52.474833254141
20793.7060617505,-52.4755121180185
20808.0762447645,-52.4761917429091
20822.4563587719,-52.4768721299223
20836.8464106361,-52.4775532801687
20851.2464072247,-52.4782351947596
20865.6563554106,-52.4789178748074
20880.0762620709,-52.4796013214251
20894.506134088,-52.4802855357269
20908.9459783487,-52.4809705188277
20923.3958017445,-52.4816562718434
20937.855611172,-52.4823427958908
20952.3254135324,-52.4830300920876
20966.8052157315,-52.4837181615522
20981.2950246801,-52.4844070054043
20995.7948472937,-52.485096624764
21010.3046904926,-52.4857870207529
21024.8245612018,-52.4864781944929
21039.3544663512,-52.4871701471072
21053.8944128753,-52.4878628797198
21068.4444077137,-52.4885563934555
21083.0044578106,-52.4892506894401
21097.5745701149,-52.4899457688004
21112.1547515806,-52.4906416326639
21126.7450091661,-52.491338282159
21141.3453498351,-52.4920357184153
21155.9557805556,-52.492733942563
21170.5763083008,-52.4934329557334
21185.2069400486,-52.4941327590585
21199.8476827817,-52.4948333536714
21214.4985434876,-52.495534740706
21229.1595291587,-52.4962369212971
21243.8306467921,-52.4969398965805
21258.5119033899,-52.4976436676928
21273.203305959,-52.4983482357717
21287.9048615111,-52.4990536019555
21302.6165770627,-52.4997597673837
21317.3384596352,-52.5004667331965
21332.0705162549,-52.5011745005351
21346.812753953,-52.5018830705417
21361.5651797653,-52.5025924443591
21376.3278007327,-52.5033026231315
21391.100623901,-52.5040136080035
21405.8836563206,-52.5047254001209
21420.6769050471,-52.5054380006304
21435.4803771408,-52.5061514106796
21450.2940796668,-52.5068656314169
21465.1180196952,-52.5075806639917
21479.9522043011,-52.5082965095542
21494.7966405642,-52.5090131692558
21509.6513355693,-52.5097306442485
21524.516296406,-52.5104489356854
21539.3915301689,-52.5111680447203
21554.2770439575,-52.5118879725082
21569.1728448761,-52.5126087202049
21584.078940034,-52.5133302889669
21598.9953365453,-52.514052679952
21613.9220415291,-52.5147758943185
21628.8590621094,-52.515499933226
21643.8064054153,-52.5162247978348
21658.7640785805,-52.5169504893061
21673.7320887438,-52.5176770088021
21688.710443049,-52.5184043574858
21703.6991486447,-52.5191325365214
21718.6982126846,-52.5198615470735
21733.7076423271,-52.5205913903082
21748.7274447359,-52.5213220673921
21763.7576270792,-52.5220535794929
21778.7981965305,-52.5227859277791
21793.8491602683,-52.5235191134203
21808.9105254757,-52.5242531375868
21823.9822993411,-52.52498800145
21839.0644890577,-52.525723706182
21854.1571018238,-52.5264602529561
21869.2601448425,-52.5271976429463
21884.3736253221,-52.5279358773275
21899.4975504756,-52.5286749572757
21914.6319275212,-52.5294148839677
21929.776763682,-52.5301556585812
21944.9320661863,-52.5308972822948
21960.097842267,-52.5316397562881
21975.2740991622,-52.5323830817416
21990.4608441152,-52.5331272598368
22005.658084374,-52.5338722917557
22020.8658271918,-52.5346181786819
22036.0840798267,-52.5353649217992
22051.3128495418,-52.5361125222929
22066.5521436053,-52.536860981349
22081.8019692905,-52.5376103001542
22097.0623338756,-52.5383604798964
22112.3332446438,-52.5391115217643
22127.6147088834,-52.5398634269477
22142.9067338877,-52.5406161966369
22158.2093269552,-52.5413698320236
22173.5224953891,-52.5421243343002
22188.8462464981,-52.5428797046599
22204.1805875956,-52.5436359442969
22219.5255260001,-52.5443930544065
22234.8810690353,-52.5451510361846
22250.2472240298,-52.5459098908283
22265.6239983175,-52.5466696195355
22281.011399237,-52.5474302235049
22296.4094341324,-52.5481917039364
22311.8181103526,-52.5489540620305
22327.2374352516,-52.5497172989888
22342.6674161885,-52.5504814160139
22358.1080605276,-52.551246414309
22373.5593756381,-52.5520122950786
22389.0213688945,-52.5527790595278
22404.4940476762,-52.5535467088628
22419.9774193678,-52.5543152442906
22435.4714913591,-52.5550846670193
22450.9762710447,-52.5558549782577
22466.4917658247,-52.5566261792156
22482.017983104,-52.5573982711038
22497.5549302928,-52.558171255134
22513.1026148063,-52.5589451325185
22528.661044065,-52.559719904471
22544.2302254943,-52.5604955722058
22559.8101665249,-52.5612721369383
22575.4008745925,-52.5620495998845
22591.0023571381,-52.5628279622617
22606.6146216078,-52.563607225288
22622.2376754528,-52.5643873901821
22637.8715261293,-52.5651684581642
22653.516181099,-52.5659504304548
22669.1716478285,-52.5667333082758
22684.8379337896,-52.5675170928496
22700.5150464593,-52.5683017854
22716.2029933198,-52.5690873871512
22731.9017818584,-52.5698738993286
22747.6114195675,-52.5706613231586
22763.331913945,-52.5714496598682
22779.0632724935,-52.5722389106856
22794.8055027213,-52.5730290768397
22810.5586121415,-52.5738201595605
22826.3226082725,-52.5746121600788
22842.097498638,-52.5754050796263
22857.8832907668,-52.5761989194356
22873.679992193,-52.5769936807403
22889.4876104557,-52.5777893647749
22905.3061530994,-52.5785859727746
22921.1356276737,-52.5793835059759
22936.9760417336,-52.5801819656158
22952.8274028391,-52.5809813529325
22968.6897185556,-52.581781669165
22984.5629964535,-52.5825829155531
23000.4472441088,-52.5833850933378
23016.3424691023,-52.5841882037606
23032.2486790204,-52.5849922480643
23048.1658814546,-52.5857972274923
23064.0940840015,-52.5866031432891
23080.0332942632,-52.5874099967001
23095.9835198469,-52.5882177889715
23111.9447683652,-52.5890265213504
23127.9170474358,-52.5898361950849
23143.9003646817,-52.590646811424
23159.8947277313,-52.5914583716175
23175.9001442181,-52.5922708769162
23191.9166217809,-52.5930843285718
23207.9441680639,-52.5938987278367
23223.9827907165,-52.5947140759645
23240.0324973933,-52.5955303742096
23256.0932957545,-52.5963476238272
23272.1651934651,-52.5971658260735
23288.2481981959,-52.5979849822055
23304.3423176227,-52.5988050934812
23320.4475594266,-52.5996261611595
23336.5639312942,-52.6004481865002
23352.6914409172,-52.6012711707638
23368.8300959929,-52.6020951152119
23384.9799042235,-52.6029200211071
23401.1408733169,-52.6037458897125
23417.3130109862,-52.6045727222925
23433.4963249498,-52.6054005201121
23449.6908229314,-52.6062292844375
23465.8965126601,-52.6070590165355
23482.1134018703,-52.6078897176739
23498.3414983019,-52.6087213891214
23514.5808096999,-52.6095540321476
23530.8313438148,-52.610387648023
23547.0931084025,-52.6112222380189
23563.3661112241,-52.6120578034076
23579.6503600462,-52.6128943454622
23595.9458626408,-52.6137318654568
23612.252626785,-52.6145703646662
23628.5706602616,-52.6154098443664
23644.8999708587,-52.6162503058338
23661.2405663696,-52.6170917503462
23677.5924545932,-52.617934179182
23693.9556433337,-52.6187775936204
23710.3301404007,-52.6196219949417
23726.7159536091,-52.6204673844271
23743.1130907795,-52.6213137633584
23759.5215597375,-52.6221611330186
23775.9413683143,-52.6230094946914
23792.3725243467,-52.6238588496613
23808.8150356767,-52.6247091992138
23825.2689101516,-52.6255605446354
23841.7341556244,-52.6264128872133
23858.2107799534,-52.6272662282355
23874.6987910023,-52.6281205689911
23891.1981966402,-52.6289759107699
23907.7090047419,-52.6298322548626
23924.2312231874,-52.6306896025609
23940.7648598621,-52.6315479551572
23957.309922657,-52.6324073139448
23973.8664194685,-52.633267680218
23990.4343581985,-52.6341290552717
24007.0137467543,-52.6349914404021
24023.6045930486,-52.6358548369058
24040.2069049997,-52.6367192460804
24056.8206905314,-52.6375846692247
24073.4459575728,-52.6384511076379
24090.0827140586,-52.6393185626203
24106.7309679291,-52.6401870354729
24123.3907271297,-52.6410565274978
24140.0619996117,-52.6419270399979
24156.7447933317,-52.6427985742767
24173.4391162519,-52.6436711316387
24190.1449763398,-52.6445447133895
24206.8623815687,-52.6454193208353
24223.5913399172,-52.6462949552831
24240.3318593694,-52.6471716180409
24257.083947915,-52.6480493104174
24273.8476135493,-52.6489280337224
24290.622864273,-52.6498077892663
24307.4097080923,-52.6506885783605
24324.208153019,-52.6515704023171
24341.0182070705,-52.6524532624493
24357.8398782696,-52.6533371600707
24374.6731746448,-52.6542220964963
24391.51810423,-52.6551080730414
24408.3746750647,-52.6559950910225
24425.242895194,-52.6568831517569
24442.1227726686,-52.6577722565626
24459.0143155446,-52.6586624067585
24475.9175318838,-52.6595536036643
24492.8324297536,-52.6604458486006
24509.7590172268,-52.6613391428888
24526.6973023819,-52.6622334878511
24543.647293303,-52.6631288848106
24560.6089980798,-52.6640253350911
24577.5824248075,-52.6649228400174
24594.567581587,-52.665821400915
24611.5644765247,-52.6667210191102
24628.5731177327,-52.6676216959303
24645.5935133285,-52.6685234327031
24662.6256714355,-52.6694262307576
24679.6696001826,-52.6703300914233
24696.7253077042,-52.6712350160308
24713.7928021404,-52.6721410059112
24730.872091637,-52.6730480623966
24747.9631843454,-52.6739561868199
24765.0660884225,-52.6748653805148
24782.180812031,-52.6757756448159
24799.3073633392,-52.6766869810583
24816.445750521,-52.6775993905782
24833.595981756,-52.6785128747125
24850.7580652294,-52.679427434799
24867.932009132,-52.6803430721761
24885.1178216605,-52.6812597881832
24902.3155110171,-52.6821775841603
24919.5250854096,-52.6830964614484
24936.7465530515,-52.6840164213891
24953.9799221622,-52.6849374653249
24971.2252009664,-52.6858595945992
24988.4823976949,-52.6867828105559
25005.7515205838,-52.68770711454
25023.0325778751,-52.688632507897
25040.3255778166,-52.6895589919733
25057.6305286615,-52.6904865681162
25074.947438669,-52.6914152376737
25092.2763161038,-52.6923450019944
25109.6171692364,-52.6932758624279
25126.970006343,-52.6942078203245
25144.3348357056,-52.6951408770353
25161.7116656117,-52.696075033912
25179.1005043549,-52.6970102923074
25196.501360234,-52.6979466535748
25213.9142415542,-52.6988841190682
25231.3391566258,-52.6998226901427
25248.7761137652,-52.7007623681538
25266.2251212945,-52.7017031544581
25283.6861875415,-52.7026450504125
25301.1593208398,-52.7035880573751
25318.6445295287,-52.7045321767046
25336.1418219534,-52.7054774097603
25353.6512064646,-52.7064237579024
25371.1726914191,-52.7073712224919
25388.7062851793,-52.7083198048904
25406.2519961133,-52.7092695064602
25423.8098325951,-52.7102203285646
25441.3798030045,-52.7111722725674
25458.961915727,-52.7121253398332
25476.5561791541,-52.7130795317273
25494.1626016827,-52.7140348496159
25511.781191716,-52.7149912948657
25529.4119576626,-52.7159488688441
25547.0549079372,-52.7169075729196
25564.71005096,-52.717867408461
25582.3773951573,-52.718828376838
25600.0569489612,-52.719790479421
25617.7487208095,-52.7207537175811
25635.4527191458,-52.7217180926902
25653.1689524198,-52.7226836061208
25670.8974290867,-52.7236502592461
25688.6381576078,-52.72461805344
25706.3911464501,-52.7255869900772
25724.1564040865,-52.7265570705331
25741.9339389958,-52.7275282961836
25759.7237596627,-52.7285006684055
25777.5258745774,-52.7294741885763
25795.3402922366,-52.730448858074
25813.1670211423,-52.7314246782774
25831.0060698026,-52.732401650566
25848.8574467315,-52.73337977632
25866.7211604489,-52.7343590569202
25884.5972194806,-52.7353394937482
25902.4856323582,-52.736321088186
25920.3864076191,-52.7373038416166
25938.2995538069,-52.7382877554234
25956.2250794709,-52.7392728309908
25974.1629931663,-52.7402590697034
25992.1133034543,-52.7412464729469
26010.0760189021,-52.7422350421073
26028.0511480824,-52.7432247785716
26046.0386995744,-52.7442156837271
26064.0386819628,-52.745207758962
26082.0511038385,-52.7462010056651
26100.0759737982,-52.7471954252257
26118.1133004444,-52.7481910190338
26136.1630923859,-52.7491877884803
26154.2253582372,-52.7501857349562
26172.3001066188,-52.7511848598537
26190.3873461571,-52.7521851645652
26208.4870854846,-52.7531866504839
26226.5993332397,-52.7541893190037
26244.7240980668,-52.7551931715189
26262.8613886162,-52.7561982094246
26281.0112135442,-52.7572044341164
26299.1735815131,-52.7582118469907
26317.3485011912,-52.7592204494441
26335.5359812528,-52.7602302428743
26353.7360303781,-52.7612412286792
26371.9486572535,-52.7622534082575
26390.1738705711,-52.7632667830084
26408.4116790293,-52.7642813543319
26426.6620913324,-52.7652971236281
26444.9251161907,-52.7663140922983
26463.2007623204,-52.7673322617439
26481.489038444,-52.768351633367
26499.7899532898,-52.7693722085704
26518.1035155922,-52.7703939887574
26536.4297340918,-52.7714169753318
26554.7686175348,-52.772441169698
26573.120174674,-52.773466573261
26591.4844142679,-52.7744931874262
26609.861345081,-52.7755210135998
26628.2509758842,-52.7765500531883
26646.6533154541,-52.7775803075988
26665.0683725736,-52.7786117782391
26683.4961560315,-52.7796444665174
26701.9366746229,-52.7806783738424
26720.3899371487,-52.7817135016234
26738.8559524161,-52.7827498512702
26757.3347292382,-52.783787424193
26775.8262764344,-52.7848262218027
26794.3306028301,-52.7858662455107
26812.8477172568,-52.7869074967288
26831.377628552,-52.7879499768693
26849.9203455594,-52.7889936873451
26868.4758771289,-52.7900386295694
26887.0442321165,-52.7910848049562
26905.625419384,-52.7921322149198
26924.2194477998,-52.7931808608749
26942.8263262381,-52.7942307442367
26961.4460635794,-52.7952818664212
26980.0786687102,-52.7963342288444
26998.7241505233,-52.797387832923
27017.3825179175,-52.7984426800743
27036.0537797978,-52.7994987717157
27054.7379450754,-52.8005561092653
27073.4350226676,-52.8016146941416
27092.1450214979,-52.8026745277636
27110.8679504959,-52.8037356115506
27129.6038185975,-52.8047979469224
27148.3526347446,-52.8058615352994
27167.1144078855,-52.806926378102
27185.8891469745,-52.8079924767515
27204.6768609722,-52.8090598326692
27223.4775588452,-52.8101284472772
27242.2912495666,-52.8111983219977
27261.1179421155,-52.8122694582534
27279.9576454772,-52.8133418574675
27298.8103686432,-52.8144155210635
27317.6761206115,-52.8154904504652
27336.5549103858,-52.8165666470969
27355.4467469765,-52.8176441123832
27374.3516394,-52.8187228477493
27393.269596679,-52.8198028546204
27412.2006278422,-52.8208841344223
27431.144741925,-52.8219666885811
27450.1019479687,-52.8230505185233
27469.0722550209,-52.8241356256756
27488.0556721355,-52.8252220114652
27507.0522083726,-52.8263096773196
27526.0618727988,-52.8273986246666
27545.0846744865,-52.8284888549343
27564.1206225148,-52.8295803695511
27583.1697259689,-52.8306731699459
27602.2319939403,-52.8317672575477
27621.3074355268,-52.8328626337858
27640.3960598324,-52.83395930009
27659.4978759675,-52.8350572578902
27678.6128930487,-52.8361565086167
27697.741120199,-52.8372570537
27716.8825665477,-52.8383588945709
27736.0372412302,-52.8394620326605
27755.2051533886,-52.8405664694001
27774.386312171,-52.8416722062213
27793.5807267319,-52.842779244556
27812.7884062321,-52.8438875858362
27832.0093598389,-52.8449972314944
27851.2435967258,-52.846108182963
27870.4911260726,-52.8472204416749
27889.7519570654,-52.848334009063
27909.026098897,-52.8494488865607
27928.313560766,-52.8505650756014
27947.6143518779,-52.8516825776186
27966.9284814442,-52.8528013940464
27986.2559586829,-52.8539215263185
28005.5967928184,-52.8550429758694
28024.9509930814,-52.8561657441334
28044.3185687089,-52.857289832545
28063.6995289446,-52.858415242539
28083.0938830382,-52.8595419755503
28102.501640246,-52.8606700330139
28121.9228098308,-52.861799416365
28141.3574010615,-52.8629301270389
28160.8054232137,-52.864062166471
28180.2668855692,-52.865195536097
28199.7417974163,-52.8663302373525
28219.2301680498,-52.8674662716733
28238.7320067708,-52.8686036404954
28258.2473228869,-52.8697423452547
28277.776125712,-52.8708823873874
28297.3184245667,-52.8720237683296
28316.8742287778,-52.8731664895175
28336.4435476785,-52.8743105523875
28356.0263906088,-52.8754559583759
28375.6227669148,-52.8766027089192
28395.2326859492,-52.8777508054539
28414.8561570711,-52.8789002494164
28434.4931896463,-52.8800510422433
28454.1437930467,-52.8812031853711
28473.807976651,-52.8823566802365
28493.4857498442,-52.8835115282761
28513.1771220178,-52.8846677309263
28532.8821025699,-52.8858252896239
28552.600700905,-52.8869842058052
28572.3329264342,-52.888144480907
28592.0787885748,-52.8893061163657
28611.8382967511,-52.8904691136177
28631.6114603935,-52.8916334740995
28651.398288939,-52.8927991992474
28671.1987918314,-52.8939662904977
28691.0129785206,-52.8951347492867
28710.8408584634,-52.8963045770505
28730.6824411228,-52.8974757752251
28750.5377359687,-52.8986483452465
28770.4067524773,-52.8998222885505
28790.2895001315,-52.9009976065728
28810.1859884204,-52.9021743007491
28830.0962268402,-52.9033523725148
28850.0202248932,-52.9045318233053
28869.9579920886,-52.9057126545556
28889.909537942,-52.9068948677009
28909.8748719755,-52.908078464176
28929.8540037179,-52.9092634454155
28949.8469427047,-52.9104498128539
28969.8536984777,-52.9116375679255
28989.8742805855,-52.9128267120643
29009.9086985833,-52.9140172467043
29029.9569620328,-52.915209173279
29050.0190805023,-52.9164024932219
29070.0950635669,-52.9175972079661
29090.1849208082,-52.9187933189444
29110.2886618142,-52.9199908275896
29130.40629618,-52.921189735334
29150.537833507,-52.9223900436096
29170.6832834031,-52.9235917538483
29190.8426554833,-52.9247948674815
29211.0159593689,-52.9259993859403
29231.2032046879,-52.9272053106557
29251.4044010751,-52.928412643058
29271.6195581717,-52.9296213845776
29291.8486856258,-52.930831536644
29312.0917930921,-52.9320431006869
29332.3488902319,-52.9332560781352
29352.6199867132,-52.9344704704177
29372.9050922108,-52.9356862789625
29393.204216406,-52.9369035051975
29413.517368987,-52.9381221505502
29433.8445596486,-52.9393422164475
29454.1857980921,-52.9405637043161
29474.5410940258,-52.941786615582
29494.9104571647,-52.9430109516708
29515.2938972302,-52.9442367140077
29535.6914239508,-52.9454639040175
29556.1030470614,-52.9466925231241
29576.5287763039,-52.9479225727514
29596.9686214269,-52.9491540543224
29617.4225921854,-52.9503869692597
29637.8906983416,-52.9516213189854
29658.3729496641,-52.9528571049209
29678.8693559284,-52.9540943284871
29699.3799269169,-52.9553329911044
29719.9046724184,-52.9565730941925
29740.4436022288,-52.9578146391705
29760.9967261506,-52.9590576274568
29781.5640539931,-52.9603020604694
29802.1455955725,-52.9615479396255
29822.7413607115,-52.9627952663415
29843.3513592398,-52.9640440420333
29863.975600994,-52.9652942681162
29884.6140958172,-52.9665459460045
29905.2668535595,-52.967799077112
29925.9338840778,-52.9690536628518
29946.6151972358,-52.9703097046362
29967.310802904,-52.9715672038766
29988.0207109596,-52.9728261619839
30008.7449312868,-52.9740865803679
30029.4834737766,-52.975348460438
30050.2363483268,-52.9766118036023
30071.003564842,-52.9778766112686
30091.7851332338,-52.9791428848434
30112.5810634204,-52.9804106257325
30133.3913653272,-52.9816798353411
30154.216048886,-52.982950515073
30175.0551240359,-52.9842226663316
30195.9086007226,-52.985496290519
30216.7764888988,-52.9867713890366
30237.658798524,-52.9880479632848
30258.5555395647,-52.989326014663
30279.4667219942,-52.9906055445696
30300.3923557926,-52.9918865544021
30321.3324509471,-52.9931690455569
30342.2870174517,-52.9944530194294
30363.2560653073,-52.995738477414
30384.2396045216,-52.9970254209041
30405.2376451095,-52.9983138512917
30426.2501970926,-52.9996037699682
30447.2772704994,-53.0008951783235
30468.3188753656,-53.0021880777465
30489.3750217335,-53.003482469625
30510.4457196525,-53.0047783553456
30531.5309791789,-53.0060757362938
30552.6308103762,-53.0073746138538
30573.7452233143,-53.0086749894085
30594.8742280707,-53.0099768643399
30616.0178347295,-53.0112802400284
30637.1760533816,-53.0125851178533
30658.3488941254,-53.0138914991927
30679.5363670659,-53.0151993854232
30700.738482315,-53.0165087779202
30721.955249992,-53.0178196780578
30743.1866802228,-53.0191320872086
30764.4327831404,-53.0204460067439
30785.693568885,-53.0217614380335
30806.9690476036,-53.0230783824461
30828.2592294502,-53.0243968413486
30849.5641245859,-53.0257168161067
30870.8837431789,-53.0270383080844
30892.2180954043,-53.0283613186443
30913.5671914442,-53.0296858491476
30934.9310414879,-53.0310119009539
30956.3096557316,-53.032339475421
30977.7030443786,-53.0336685739055
30999.1112176392,-53.0349991977621
31020.5341857309,-53.0363313483442
31041.971958878,-53.0376650270031
31063.4245473121,-53.0390002350889
31084.8919612719,-53.0403369739497
31106.374211003,-53.041675244932
31127.8713067581,-53.0430150493807
31149.3832587971,-53.0443563886386
31170.9100773869,-53.045699264047
31192.4517728016,-53.0470436769454
31214.0083553222,-53.0483896286714
31235.579835237,-53.0497371205608
31257.1662228413,-53.0510861539474
31278.7675284377,-53.0524367301632
31300.3837623356,-53.0537888505384
31322.0149348517,-53.055142516401
31343.66105631,-53.0564977290773
31365.3221370413,-53.0578544898914
31386.9981873838,-53.0592128001655
31408.6892176827,-53.0605726612198
31430.3952382904,-53.0619340743722
31452.1162595665,-53.0632970409387
31473.8522918777,-53.0646615622333
31495.6033455977,-53.0660276395675
31517.3694311078,-53.067395274251
31539.1505587961,-53.068764467591
31560.946739058,-53.0701352208926
31582.7579822961,-53.0715075354588
31604.5842989202,-53.0728814125901
31626.4256993472,-53.0742568535847
31648.2821940013,-53.0756338597386
31670.1537933138,-53.0770124323454
31692.0405077234,-53.0783925726961
31713.9423476758,-53.0797742820796
31735.8593236241,-53.0811575617822
31757.7914460284,-53.0825424130877
31779.7387253563,-53.0839288372774
31801.7011720824,-53.08531683563
31823.6787966887,-53.0867064094218
31845.6716096643,-53.0880975599263
31867.6796215057,-53.0894902884145
31889.7028427166,-53.0908845961547
31911.7412838078,-53.0922804844126
31933.7949552977,-53.0936779544509
31955.8638677117,-53.0950770075298
31977.9480315824,-53.0964776449067
32000.0474574501,-53.0978798678359
32022.1621558619,-53.0992836775693
32044.2921373724,-53.1006890753554
32066.4374125437,-53.1020960624402
32088.5979919447,-53.1035046400664
32110.7738861522,-53.104914809474
32132.9651057498,-53.1063265718998
32155.1716613287,-53.1077399285775
32177.3935634873,-53.1091548807379
32199.6308228314,-53.1105714296084
32221.883449974,-53.1119895764134
32244.1514555357,-53.1134093223741
32266.4348501442,-53.1148306687083
32288.7336444345,-53.1162536166307
32311.0478490492,-53.1176781673526
32333.3774746381,-53.1191043220818
32355.7225318583,-53.1205320820229
32378.0830313744,-53.121961448377
32400.4589838583,-53.1233924223417
32422.8503999893,-53.124825005111
32445.2572904541,-53.1262591978755
32467.6796659467,-53.1276950018221
32490.1175371686,-53.1291324181341
32512.5709148285,-53.1305714479911
32535.0398096428,-53.1320120925689
32557.5242323351,-53.1334543530396
32580.0241936364,-53.1348982305715
32602.5397042853,-53.136343726329
32625.0707750275,-53.1377908414727
32647.6174166165,-53.139239577159
32670.1796398129,-53.1406899345406
32692.7574553851,-53.142141914766
32715.3508741085,-53.1435955189796
32737.9599067663,-53.1450507483219
32760.584564149,-53.1465076039288
32783.2248570547,-53.1479660869324
32805.8807962886,-53.1494261984603
32828.5523926639,-53.1508879396358
32851.2396570008,-53.1523513115778
32873.9426001271,-53.1538163154009
32896.6612328784,-53.1552829522151
32919.3955660974,-53.156751223126
32942.1456106344,-53.1582211292344
32964.9113773472,-53.1596926716368
32987.6928771013,-53.1611658514247
33010.4901207694,-53.162640669685
33033.3031192319,-53.1641171274999
33056.1318833766,-53.1655952259466
33078.9764240991,-53.1670749660975
33101.8367523021,-53.16855634902
33124.7128788962,-53.1700393757764
33147.6048147994,-53.1715240474242
33170.5125709372,-53.1730103650155
33193.4361582427,-53.1744983295973
33216.3755876565,-53.1759879422114
33239.330870127,-53.1774792038942
33262.3020166099,-53.1789721156769
33285.2890380685,-53.180466678585
33308.2919454737,-53.1819628936388
33331.3107498041,-53.1834607618528
33354.3454620457,-53.1849602842361
33377.3960931924,-53.186461461792
33400.4626542452,-53.1879642955179
33423.5451562132,-53.1894687864057
33446.6436101129,-53.1909749354413
33469.7580269683,-53.1924827436044
33492.8884178112,-53.1939922118691
33516.034793681,-53.1955033412031
33539.1971656246,-53.197016132568
33562.3755446966,-53.1985305869193
33585.5699419593,-53.2000467052061
33608.7803684827,-53.2015644883712
33632.0068353442,-53.2030839373507
33655.2493536291,-53.2046050530745
33678.5079344303,-53.2061278364657
33701.7825888482,-53.2076522884408
33725.0733279911,-53.2091784099096
33748.3801629749,-53.2107062017749
33771.7031049231,-53.2122356649327
33795.0421649671,-53.213766800272
33818.3973542456,-53.2152996086747
33841.7686839055,-53.2168340910157
33865.156165101,-53.2183702481622
33888.5598089942,-53.2199080809747
33911.9796267549,-53.2214475903058
33935.4156295605,-53.2229887770008
33958.8678285963,-53.2245316418974
33982.3362350552,-53.2260761858256
34005.8208601379,-53.2276224096076
34029.3217150528,-53.2291703140578
34052.8388110161,-53.2307198999827
34076.3721592517,-53.2322711681805
34099.9217709912,-53.2338241194415
34123.4876574742,-53.2353787545478
34147.0698299478,-53.2369350742729
34170.6682996669,-53.2384930793821
34194.2830778944,-53.240052770632
34217.9141759008,-53.2416141487707
34241.5616049644,-53.2431772145374
34265.2253763712,-53.2447419686627
34288.9055014154,-53.2463084118679
34312.6019913985,-53.2478765448655
34336.3148576301,-53.2494463683588
34360.0441114276,-53.2510178830417
34383.7897641161,-53.2525910895988
34407.5518270287,-53.2541659887051
34431.3303115061,-53.2557425810261
34455.125228897,-53.2573208672175
34478.936590558,-53.2589008479251
34502.7644078534,-53.2604825237848
34526.6086921554,-53.2620658954223
34550.4694548441,-53.2636509634532
34574.3467073074,-53.2652377284827
34598.2404609412,-53.2668261911054
34622.150727149,-53.2684163519055
34646.0775173426,-53.2700082114563
34670.0208429413,-53.2716017703203
34693.9807153725,-53.2731970290491
34717.9571460714,-53.2747939881828
34741.9501464812,-53.2763926482507
34765.9597280529,-53.2779930097704
34789.9859022454,-53.2795950732479
34814.0286805258,-53.2811988391777
34838.0880743686,-53.2828043080422
34862.1640952568,-53.2844114803121
34886.256754681,-53.2860203564456
34910.3660641397,-53.2876309368889
34934.4920351396,-53.2892432220756
34958.6346791952,-53.2908572124266
34982.7940078289,-53.2924729083502
35006.9700325712,-53.2940903102416
35031.1627649604,-53.2957094184831
35055.372216543,-53.2973302334435
35079.5983988733,-53.2989527554783
35103.8413235137,-53.3005769849294
35128.1010020344,-53.3022029221247
35152.3774460138,-53.3038305673783
35176.6706670382,-53.3054599209903
35200.980676702,-53.3070909832461
35225.3074866076,-53.3087237544169
35249.6511083652,-53.3103582347591
35274.0115535932,-53.3119944245142
35298.3888339182,-53.3136323239085
35322.7829609745,-53.3152719331532
35347.1939464046,-53.3169132524439
35371.6218018591,-53.3185562819605
35396.0665389966,-53.3202010218669
35420.5281694837,-53.3218474723112
35445.0067049951,-53.323495633425
35469.5021572137,-53.3251455053231
35494.0145378302,-53.3267970881041
35518.5438585436,-53.328450381849
35543.0901310609,-53.330105386622
35567.6533670973,-53.3317621024698
35592.2335783759,-53.3334205294213
35616.830776628,-53.3350806674875
35641.4449735931,-53.3367425166613
35666.0761810187,-53.3384060769172
35690.7244106603,-53.340071348211
35715.3896742819,-53.3417383304795
35740.0719836552,-53.3434070236405
35764.7713505604,-53.3450774275922
35789.4877867856,-53.3467495422133
35814.2213041271,-53.3484233673623
35838.9719143894,-53.3500989028777
35863.7396293851,-53.3517761485771
35888.524460935,-53.3534551042577
35913.3264208682,-53.3551357696953
35938.1455210216,-53.3568181446444
35962.9817732407,-53.3585022288377
35987.835189379,-53.3601880219861
36012.7057812981,-53.361875523778
36037.593560868,-53.3635647338793
36062.4985399667,-53.3652556519326
36087.4207304806,-53.3669482775578
36112.3601443042,-53.3686426103505
36137.3167933401,-53.370338649883
36162.2906894995,-53.3720363957028
36187.2818447014,-53.3737358473329
36212.2902708733,-53.3754370042715
36237.315979951,-53.3771398659911
36262.3589838782,-53.3788444319386
36287.4192946073,-53.3805507015349
36312.4969240986,-53.3822586741742
36337.5918843209,-53.383968349224
36362.7041872511,-53.3856797260243
36387.8338448746,-53.3873928038876
36412.9808691847,-53.3891075820982
36438.1452721834,-53.3908240599119
36463.3270658808,-53.3925422365556
36488.5262622953,-53.3942621112268
36513.7428734536,-53.395983683093
36538.9769113907,-53.3977069512919
36564.2283881501,-53.3994319149299
36589.4973157834,-53.4011585730827
36614.7837063506,-53.402886924794
36640.0875719201,-53.4046169690755
36665.4089245684,-53.4063487049062
36690.7477763808,-53.4080821312321
36716.1041394505,-53.4098172469653
36741.4780258792,-53.4115540509839
36766.8694477772,-53.4132925421312
36792.2784172627,-53.4150327192154
36817.7049464628,-53.4167745810088
36843.1490475126,-53.4185181262472
36868.6107325558,-53.4202633536298
36894.0900137442,-53.422010261818
36919.5869032384,-53.4237588494351
36945.1014132072,-53.4255091150659
36970.6335558277,-53.4272610572556
36996.1833432856,-53.4290146745097
37021.7507877749,-53.4307699652928
37047.3359014982,-53.4325269280286
37072.9386966663,-53.4342855610984
37098.5591854985,-53.4360458628413
37124.1973802228,-53.437807831553
37149.8532930753,-53.439571465485
37175.5269363007,-53.4413367628442
37201.2183221522,-53.443103721792
37226.9274628914,-53.4448723404436
37252.6543707885,-53.4466426168672
37278.399058122,-53.4484145490831
37304.161537179,-53.4501881350632
37329.9418202551,-53.4519633727298
37355.7399196542,-53.4537402599553
37381.5558476891,-53.4555187945605
37407.3896166807,-53.4572989743149
37433.2412389586,-53.4590807969345
37459.1107268609,-53.4608642600821
37484.9980927344,-53.4626493613655
37510.9033489341,-53.4644360983372
37536.8265078237,-53.4662244684928
37562.7675817756,-53.4680144692705
37588.7265831705,-53.4698060980501
37614.7035243977,-53.4715993521515
37640.6984178552,-53.4733942288344
37666.7112759494,-53.4751907252963
37692.7421110955,-53.4769888386724
37718.7909357171,-53.4787885660336
37744.8577622464,-53.4805899043861
37770.9426031241,-53.4823928506695
37797.0454707998,-53.4841974017565
37823.1663777315,-53.4860035544506
37849.3053363857,-53.487811305486
37875.4623592377,-53.4896206515253
37901.6374587714,-53.4914315891589
37927.8306474793,-53.4932441149033
37954.0419378625,-53.4950582252002
37980.2713424307,-53.4968739164142
38006.5188737024,-53.4986911848326
38032.7845442047,-53.5005100266627
38059.0683664732,-53.5023304380314
38085.3703530524,-53.5041524149829
38111.6905164953,-53.5059759534775
38138.0288693635,-53.50780104939
38164.3854242277,-53.5096276985079
38190.7601936667,-53.51145589653
38217.1531902685,-53.5132856390644
38243.5644266294,-53.5151169216268
38269.9939153548,-53.5169497396391
38296.4416690584,-53.5187840884269
38322.907700363,-53.5206199632183
38349.3920218998,-53.5224573591414
38375.894646309,-53.5242962712228
38402.4155862393,-53.5261366943852
38428.9548543483,-53.5279786234457
38455.5124633023,-53.5298220531135
38482.0884257763,-53.5316669779875
38508.6827544543,-53.5335133925547
38535.2954620286,-53.5353612911871
38561.9265612007,-53.5372106681403
38588.5760646808,-53.5390615175502
38615.2439851877,-53.5409138334314
38641.9303354491,-53.5427676096739
38668.6351282015,-53.5446228400411
38695.3583761902,-53.5464795181671
38722.1000921693,-53.5483376375535
38748.8602889018,-53.5501971915674
38775.6389791594,-53.5520581734379
38802.4361757225,-53.5539205762535
38829.2518913808,-53.555784392959
38856.0861389323,-53.5576496163526
38882.9389311842,-53.5595162390825
38909.8102809524,-53.5613842536439
38936.7002010617,-53.5632536523754
38963.6087043457,-53.5651244274558
38990.5358036469,-53.5669965709008
39017.4815118169,-53.568870074559
39044.4458417158,-53.5707449301082
39071.4288062127,-53.5726211290523
39098.4304181858,-53.5744986627164
39125.4506905221,-53.5763775222436
39152.4896361173,-53.5782576985905
39179.5472678763,-53.5801391825234
39206.6235987127,-53.5820219646132
39233.7186415493,-53.5839060352318
39260.8324093174,-53.5857913845469
39287.9649149577,-53.5876780025177
39315.1161714195,-53.5895658788897
39342.2861916613,-53.5914550031903
39369.4749886503,-53.5933453647228
39396.6825753628,-53.5952369525621
39423.9089647842,-53.5971297555485
39451.1541699087,-53.5990237622828
39478.4182037394,-53.6009189611199
39505.7010792887,-53.6028153401634
39533.0028095776,-53.6047128872594
39560.3234076363,-53.6066115899902
39587.6628865042,-53.6085114356679
39615.0212592293,-53.6104124113277
39642.398538869,-53.6123145037212
39669.7947384894,-53.6142176993093
39697.2098711659,-53.6161219842552
39724.6439499828,-53.6180273444163
39752.0969880333,-53.6199337653373
39779.5689984201,-53.6218412322418
39807.0599942544,-53.6237497300244
39834.5699886569,-53.6256592432418
39862.0989947571,-53.6275697561049
39889.6470256937,-53.6294812524691
39917.2140946144,-53.6313937158257
39944.8002146761,-53.6333071292917
39972.4053990448,-53.6352214756007
40000.0296608953,-53.6371367370921
40027.6730134119,-53.6390528957013
40055.3354697878,-53.6409699329482
40083.0170432253,-53.6428878299266
40110.717746936,-53.6448065672925
40138.4375941404,-53.646726125252
40166.1765980683,-53.6486464835494
40193.9347719586,-53.6505676214541
40221.7121290593,-53.6524895177479
40249.5086826276,-53.654412150711
40277.3244459299,-53.6563354981084
40305.1594322418,-53.6582595371751
40333.0136548478,-53.6601842446013
40360.8871270419,-53.6621095965167
40388.7798621272,-53.6640355684748
40416.691873416,-53.6659621354357
40444.6231742296,-53.6678892717497
40472.5737778987,-53.669816951139
40500.5436977633,-53.6717451466794
40528.5329471724,-53.6736738307811
40556.5415394844,-53.6756029751694
40584.5694880668,-53.6775325508638
40612.6168062964,-53.6794625281568
40640.6835075592,-53.6813928765924
40668.7696052506,-53.6833235649427
40696.8751127751,-53.6852545611848
40725.0000435464,-53.687185832476
40753.1444109878,-53.6891173451283
40781.3082285315,-53.6910490645825
40809.4915096192,-53.6929809553803
40837.6942677018,-53.6949129811362
40865.9165162395,-53.696845104508
40894.158268702,-53.6987772871661
40922.4195385679,-53.7007094897615
40950.7003393254,-53.702641671893
40979.0006844721,-53.7045737920729
41007.3205875148,-53.7065058076909
41035.6600619694,-53.7084376749771
41064.0191213616,-53.7103693489636
41092.3977792262,-53.712300783444
41120.7960491073,-53.7142319309317
41149.2139445585,-53.7161627426162
41177.6514791427,-53.7180931683179
41206.1086664322,-53.7200231564408
41234.5855200085,-53.7219526539233
41263.0820534628,-53.7238816061869
41291.5982803955,-53.7258099570828
41320.1342144164,-53.7277376488359
41348.6898691448,-53.7296646219872
41377.2652582094,-53.7315908153326
41405.860395248,-53.7335161658596
41434.4752939084,-53.7354406086818
41463.1099678474,-53.7373640769691
41491.7644307314,-53.7392865018763
41520.4386962361,-53.7412078124672
41549.1327780469,-53.7431279356361
41577.8466898584,-53.7450467960255
41606.5804453749,-53.7469643159398
41635.33405831,-53.7488804152553
41664.1075423868,-53.7507950113257
41692.9009113379,-53.7527080188837
41721.7141789055,-53.7546193499368
41750.5473588412,-53.7565289136597
41779.400464906,-53.75843661628
41808.2735108705,-53.7603423609595
41837.166510515,-53.7622460476687
41866.0794776291,-53.7641475730561
41895.0124260118,-53.7660468303103
41923.965369472,-53.7679437090149
41952.938321828,-53.7698380949972
41981.9312969075,-53.7717298701682
42010.9443085479,-53.7736189123543
42039.9773705961,-53.775505095121
42069.0304969087,-53.7773882875868
42098.1037013517,-53.7792683542272
42127.1969978007,-53.7811451546688
42156.3104001411,-53.7830185434713
42185.4439222677,-53.7848883698992
42214.5975780849,-53.7867544776789
42243.7713815068,-53.7886167047446
42272.9653464571,-53.7904748829684
42302.179486869,-53.7923288378757
42331.4138166855,-53.7941783883443
42360.6683498591,-53.7960233462868
42389.943100352,-53.7978635163136
42419.2380821362,-53.7996986953769
42448.553309193,-53.801528672393
42477.8887955137,-53.803353227843
42507.2445550991,-53.8051721333483
42536.6206019598,-53.8069851512208
42566.0169501158,-53.8087920339856
42595.4336135972,-53.8105925238733
42624.8706064434,-53.8123863522811
42654.3279427039,-53.814173239199
42683.8056364374,-53.8159528925996
42713.3037017129,-53.8177250077884
42742.8221526087,-53.8194892667106
42772.3610032129,-53.8212453372129
42801.9202676235,-53.8229928722553
42831.4999599482,-53.8247315090692
42861.1000943042,-53.8264608682581
42890.7206848188,-53.8281805528356
42920.3617456288,-53.8298901471959
42950.0232908809,-53.8315892160111
42979.7053347316,-53.833277303049
43009.4078913472,-53.8349539299054
43039.1309749036,-53.836618594642
43068.8745995867,-53.8382707703233
43098.6387795921,-53.8399099034432
43128.4235291253,-53.84153541223
43158.2288624015,-53.8431466848217
43188.0547936458,-53.8447430772962
43217.9013370931,-53.8463239115462
43247.7685069881,-53.8478884729818
43277.6563175855,-53.8494360080457
43307.5647831497,-53.8509657215224
43337.4939179549,-53.8524767736211
43367.4437362855,-53.8539682768102
43397.4142524353,-53.8554392923778
43427.4054807083,-53.8568888266909
43457.4174354184,-53.8583158271213
43487.4501308892,-53.859719177603
43517.5035814543,-53.8610976937829
43547.5778014571,-53.8624501177184
43577.6728052513,-53.8637751120745
43607.7886071999,-53.8650712537616
43637.9252216764,-53.8663370269525
43668.0826630638,-53.8675708154054
43698.2609457554,-53.8687708940109
43728.4600841542,-53.8699354194709
43758.6800926733,-53.871062420003
43788.9209857355,-53.8721497839496
43819.182777774,-53.8731952471528
43849.4654832316,-53.8741963789371
43879.7691165612,-53.8751505665168
43910.0936922257,-53.8760549976173
43940.4392246981,-53.8769066410686
43970.8057284612,-53.8777022250871
44001.1932180079,-53.8784382129198
44031.6017078412,-53.8791107754685
44062.0312124741,-53.8797157604491
44092.4817464294,-53.8802486575605
44122.9533242402,-53.880704559052
44153.4459604496,-53.8810781149592
44183.9596696107,-53.8813634821517
44214.4944662866,-53.8815542661689
44245.0503650506,-53.8816434546248
44275.6273804859,-53.8816233407218
44306.225527186,-53.8814854351139
44336.8448197543,-53.8812203639971
44367.4852728044,-53.8808177508475
44398.1469009599,-53.8802660786627
44428.8297188545,-53.8795525288499
44459.5337411323,-53.8786627920087
44490.258982447,-53.8775808447157
44521.005457463,-53.8762886849659
44551.7731808544,-53.8747660170511
44582.5621673056,-53.8729898742317
44613.3724315112,-53.8709341643863
44644.2039881758,-53.8685691196518
44675.0568520144,-53.8658606255202
44705.931037752,-53.8627693974242
44736.8265601237,-53.8592499627685
44767.7434338751,-53.8552493925826
44798.6816737615,-53.8507057078741
44829.641294549,-53.8455458590023
44860.6223110133,-53.8396831383692
44891.6247379407,-53.8330138319229
44922.6485901277,-53.8254128347432
44953.6938823808,-53.8167278364884
44984.7606295169,-53.8067715011841
45015.8488463632,-53.7953107849977
45046.958547757,-53.782052090636
45078.0897485459,-53.7666202337631
45109.2424635878,-53.7485279876643
45140.4167077508,-53.7271308852377
45171.6124959134,-53.7015582218068
45202.8298429642,-53.6706042324779
45234.0687638023,-53.6325497714904
45265.3292733368,-53.5848565457518
45296.6113864875,-53.5236132695907
45327.9151181842,-53.442462209694
45359.2404833671,-53.3303319844873
45390.5874969868,-53.166075505529
45421.956174004,-52.9036324035519
45453.3465293901,-52.4200175592649
45484.7585781267,-51.23928585914
45516.1923352055,-43.9160239370702
45547.6478156289,-60.2317046698202
45579.1250344096,-56.5294098990208
45610.6240065705,-55.5959872208156
45642.144747145,-55.1793892823056
45673.687271177,-54.9443955608758
45705.2515937206,-54.7940153275508
45736.8377298404,-54.6898699294873
45768.4456946114,-54.613739027111
45800.075503119,-54.5558636192988
45831.727170459,-54.510545789052
45863.4007117378,-54.4742354736379
45895.0961420721,-54.4446056361326
45926.8134765889,-54.420067378674
45958.552730426,-54.3994987853857
45990.3139187313,-54.3820851117993
46022.0970566635,-54.3672203964274
46053.9021593915,-54.3544446116361
46085.729242095,-54.3434022278064
46117.5783199637,-54.3338141366824
46149.4494081984,-54.3254581653134
46181.3425220098,-54.3181552629009
46213.2576766197,-54.311759522956
46245.1948872599,-54.3061508533547
46277.154169173,-54.3012295092154
46309.1355376122,-54.296911958732
46341.139007841,-54.2931277176151
46373.1645951337,-54.2898168973311
46405.2123147749,-54.2869282861652
46437.28218206,-54.2844178327361
46469.3742122948,-54.282247436817
46501.4884207958,-54.2803839771856
46533.62482289,-54.2787985240086
46565.783433915,-54.2774656961501
46597.9642692191,-54.2763631332171
46630.167344161,-54.2754710591358
46662.3926741102,-54.2747719192659
46694.6402744469,-54.2742500769907
46726.9101605616,-54.2738915587129
46759.2023478557,-54.2736838384804
46791.5168517412,-54.2736156552378
46823.8536876406,-54.2736768570795
46856.2128709874,-54.2738582679619
46888.5944172254,-54.2741515731856
46920.9983418092,-54.2745492206331
46953.4246602042,-54.2750443352915
46985.8733878863,-54.2756306450192
47018.3445403423,-54.2763024158702
47050.8381330694,-54.277054395568
47083.3541815759,-54.2778817639582
47115.8927013804,-54.2787800894527
47148.4537080127,-54.279745290639
47181.0372170128,-54.2807736023513
47213.6432439319,-54.281861545613
47246.2718043317,-54.2830059009418
47278.9229137847,-54.2842036845888
47311.5965878742,-54.2854521273412
47344.2928421943,-54.2867486555717
47377.0116923496,-54.2880908742612
47409.753153956,-54.2894765517605
47442.5172426396,-54.290903606085
47475.3039740378,-54.2923700925668
47508.1133637987,-54.2938741927086
47540.9454275808,-54.2954142041068
47573.8001810539,-54.2969885313242
47606.6776398985,-54.298595677611
47639.5778198059,-54.3002342373823
47672.5007364781,-54.301902889374
47705.4464056283,-54.3036003904054
47738.4148429803,-54.3053255696875
47771.4060642687,-54.3070773236224
47804.4200852393,-54.3088546110434
47837.4569216484,-54.3106564488555
47870.5165892635,-54.3124819080348
47903.5991038628,-54.3143301099549
47936.7044812354,-54.3162002230082
47969.8327371815,-54.3180914594956
48002.9838875121,-54.3200030727596
48036.1579480491,-54.3219343545393
48069.3549346253,-54.3238846325268
48102.5748630845,-54.3258532681087
48135.8177492816,-54.3278396542744
48169.0836090821,-54.3298432136795
48202.3724583629,-54.3318633968488
48235.6843130115,-54.333899680509
48269.0191889265,-54.3359515660392
48302.3771020176,-54.3380185780302
48335.7580682054,-54.3401002629434
48369.1621034214,-54.3421961878618
48402.5892236084,-54.3443059393257
48436.0394447199,-54.3464291222455
48469.5127827206,-54.3485653588877
48503.0092535862,-54.3507142879263
48536.5288733035,-54.3528755635565
48570.0716578701,-54.3550488546644
48603.6376232951,-54.3572338440497
48637.2267855982,-54.3594302276977
48670.8391608105,-54.3616377140954
48704.474764974,-54.3638560235907
48738.1336141417,-54.3660848877899
48771.8157243781,-54.368324048992
48805.5211117584,-54.370573259656
48839.249792369,-54.3728322819007
48873.0017823076,-54.3751008870328
48906.7770976827,-54.3773788551026
48940.5757546143,-54.3796659744857
48974.3977692332,-54.3819620414875
49008.2431576817,-54.3842668599711
49042.1119361129,-54.3865802410047
49076.0041206913,-54.3889020025297
49109.9197275924,-54.3912319690458
49143.8587730031,-54.3935699713143
49177.8212731214,-54.3959158460764
49211.8072441563,-54.3982694357873
49245.8167023283,-54.4006305883634
49279.8496638688,-54.4029991569439
49313.9061450207,-54.4053749996637
49347.986162038,-54.4077579794386
49382.089731186,-54.4101479637614
49416.2168687411,-54.4125448245081
49450.367590991,-54.4149484377537
49484.5419142348,-54.4173586835979
49518.7398547827,-54.4197754459983
49552.9614289562,-54.4221986126129
49587.2066530881,-54.4246280746493
49621.4755435226,-54.4270637267217
49655.7681166149,-54.4295054667143
49690.0843887319,-54.431953195652
49724.4243762515,-54.4344068175761
49758.788095563,-54.4368662394265
49793.175563067,-54.4393313709293
49827.5867951755,-54.4418021244892
49862.0218083119,-54.4442784150871
49896.4806189109,-54.4467601601823
49930.9632434184,-54.4492472796191
49965.4696982918,-54.4517396955375
50000,-54.4542373322876
