Frequency_Hz,TargetStrength_dB_re_1m
50,-47.4707836913379
50.0345541650231,-47.4567500294773
50.0691322098525,-47.442713080703
50.1037341509913,-47.4286728389273
50.1383600049538,-47.4146292980482
50.1730097882657,-47.4005824519504
50.2076835174642,-47.3865322945045
50.242381209098,-47.372478819567
50.277102879727,-47.3584220209808
50.3118485459228,-47.3443618925748
50.3466182242682,-47.3302984281636
50.3814119313576,-47.3162316215481
50.416229683797,-47.3021614665148
50.4510714982037,-47.2880879568363
50.4859373912065,-47.2740110862709
50.5208273794457,-47.2599308485626
50.5557414795731,-47.2458472374413
50.590679708252,-47.2317602466226
50.6256420821574,-47.2176698698076
50.6606286179755,-47.2035761006832
50.6956393324042,-47.1894789329217
50.730674242153,-47.175378360181
50.7657333639429,-47.1612743761047
50.8008167145063,-47.1471669743214
50.8359243105875,-47.1330561484456
50.8710561689421,-47.1189418920767
50.9062123063373,-47.1048241987999
50.9413927395519,-47.0907030621853
50.9765974853764,-47.0765784757884
51.0118265606129,-47.0624504331498
51.0470799820749,-47.0483189277954
51.0823577665878,-47.034183953236
51.1176599309885,-47.0200455029677
51.1529864921254,-47.0059035704715
51.1883374668588,-46.9917581492134
51.2237128720606,-46.9776092326442
51.259112724614,-46.9634568141997
51.2945370414145,-46.9493008873007
51.3299858393687,-46.9351414453525
51.3654591353951,-46.9209784817453
51.4009569464241,-46.9068119898541
51.4364792893975,-46.8926419630384
51.472026181269,-46.8784683946424
51.5075976390037,-46.8642912779949
51.5431936795789,-46.8501106064092
51.5788143199833,-46.8359263731831
51.6144595772174,-46.8217385715988
51.6501294682935,-46.8075471949228
51.6858240102357,-46.7933522364062
51.7215432200797,-46.7791536892843
51.7572871148732,-46.7649515467764
51.7930557116754,-46.7507458020865
51.8288490275576,-46.7365364484022
51.8646670796027,-46.7223234788957
51.9005098849053,-46.7081068867229
51.9363774605722,-46.693886665024
51.9722698237216,-46.679662806923
52.0081869914839,-46.6654353055279
52.0441289810009,-46.6512041539305
52.0800958094268,-46.6369693452065
52.1160874939271,-46.6227308724154
52.1521040516795,-46.6084887286003
52.1881454998735,-46.5942429067882
52.2242118557105,-46.5799933999895
52.2603031364037,-46.5657402011983
52.2964193591783,-46.5514833033923
52.3325605412713,-46.5372226995325
52.3687266999318,-46.5229583825636
52.4049178524205,-46.5086903454133
52.4411340160103,-46.4944185809932
52.477375207986,-46.4801430821976
52.5136414456443,-46.4658638419045
52.5499327462938,-46.4515808529747
52.5862491272551,-46.4372941082525
52.6225906058608,-46.423003600565
52.6589571994555,-46.4087093227225
52.6953489253958,-46.3944112675182
52.7317658010501,-46.3801094277284
52.768207843799,-46.365803796112
52.8046750710351,-46.3514943654109
52.841167500163,-46.3371811283498
52.8776851485992,-46.3228640776361
52.9142280337724,-46.3085432059598
52.9507961731233,-46.2942185059936
52.9873895841047,-46.2798899703927
53.0240082841813,-46.265557591795
53.06065229083,-46.2512213628206
53.0973216215397,-46.2368812760721
53.1340162938116,-46.2225373241346
53.1707363251586,-46.2081894995754
53.2074817331062,-46.193837794944
53.2442525351915,-46.179482202772
53.2810487489641,-46.1651227155734
53.3178703919856,-46.1507593258442
53.3547174818296,-46.1363920260622
53.3915900360821,-46.1220208086876
53.4284880723411,-46.1076456661621
53.4654116082168,-46.0932665909096
53.5023606613315,-46.0788835753354
53.5393352493198,-46.0644966118271
53.5763353898284,-46.0501056927535
53.6133611005162,-46.0357108104654
53.6504123990543,-46.0213119572948
53.6874893031261,-46.0069091255557
53.7245918304272,-45.9925023075432
53.7617199986653,-45.978091495534
53.7988738255604,-45.9636766817861
53.8360533288449,-45.9492578585387
53.8732585262632,-45.9348350180125
53.9104894355721,-45.920408152409
53.9477460745407,-45.9059772539113
53.9850284609503,-45.8915423146831
54.0223366125946,-45.8771033268695
54.0596705472795,-45.8626602825963
54.0970302828231,-45.8482131739703
54.1344158370561,-45.8337619930789
54.1718272278213,-45.8193067319907
54.2092644729739,-45.8048473827547
54.2467275903814,-45.7903839374006
54.2842165979238,-45.7759163879388
54.3217315134932,-45.76144472636
54.3592723549943,-45.7469689446356
54.396839140344,-45.7324890347174
54.4344318874718,-45.7180049885374
54.4720506143193,-45.7035167980079
54.5096953388408,-45.6890244550216
54.5473660790027,-45.6745279514512
54.585062852784,-45.6600272791495
54.6227856781762,-45.6455224299495
54.660534573183,-45.631013395664
54.6983095558208,-45.6165001680858
54.7361106441183,-45.6019827389875
54.7739378561166,-45.5874611001215
54.8117912098694,-45.5729352432199
54.8496707234429,-45.5584051599946
54.8875764149157,-45.5438708421369
54.9255083023788,-45.5293322813177
54.9634664039359,-45.5147894691875
55.0014507377031,-45.5002423973759
55.039461321809,-45.4856910574922
55.0774981743949,-45.4711354411246
55.1155613136144,-45.4565755398409
55.1536507576338,-45.4420113451876
55.1917665246319,-45.4274428486907
55.2299086328,-45.4128700418548
55.2680771003421,-45.3982929161638
55.3062719454747,-45.3837114630803
55.344493186427,-45.3691256740457
55.3827408414406,-45.3545355404801
55.4210149287699,-45.3399410537823
55.4593154666818,-45.3253422053298
55.4976424734558,-45.3107389864786
55.5359959673841,-45.296131388563
55.5743759667716,-45.2815194028959
55.6127824899358,-45.2669030207684
55.6512155552068,-45.2522822334499
55.6896751809273,-45.237657032188
55.728161385453,-45.2230274082084
55.7666741871518,-45.2083933527148
55.8052136044049,-45.1937548568889
55.8437796556055,-45.1791119118904
55.8823723591601,-45.1644645088568
55.9209917334877,-45.1498126389032
55.9596377970199,-45.1351562931226
55.9983105682013,-45.1204954625854
56.037010065489,-45.1058301383399
56.075736307353,-45.0911603114114
56.1144893122761,-45.0764859728031
56.1532690987537,-45.061807113495
56.1920756852941,-45.0471237244449
56.2309090904185,-45.0324357965873
56.2697693326606,-45.0177433208342
56.3086564305672,-45.0030462880742
56.3475704026977,-44.9883446891734
56.3865112676246,-44.9736385149743
56.4254790439329,-44.9589277562964
56.4644737502207,-44.944212403936
56.5034954050988,-44.9294924486659
56.5425440271909,-44.9147678812357
56.5816196351337,-44.9000386923712
56.6207222475766,-44.8853048727748
56.6598518831819,-44.8705664131254
56.699008560625,-44.8558233040778
56.7381922985939,-44.8410755362634
56.7774031157898,-44.8263231002893
56.8166410309266,-44.811565986739
56.8559060627314,-44.7968041861718
56.8951982299439,-44.7820376891228
56.9345175513171,-44.7672664861031
56.9738640456166,-44.7524905675994
57.0132377316212,-44.7377099240739
57.0526386281228,-44.7229245459647
57.0920667539259,-44.708134423685
57.1315221278484,-44.6933395476237
57.1710047687208,-44.6785399081449
57.2105146953871,-44.6637354955879
57.2500519267038,-44.6489263002672
57.2896164815409,-44.6341123124723
57.3292083787811,-44.6192935224679
57.3688276373203,-44.6044699204932
57.4084742760675,-44.5896414967627
57.4481483139446,-44.5748082414652
57.4878497698868,-44.5599701447646
57.5275786628422,-44.5451271967989
57.567335011772,-44.5302793876808
57.6071188356507,-44.5154267074976
57.6469301534657,-44.5005691463106
57.6867689842176,-44.4857066941555
57.7266353469201,-44.470839341042
57.7665292606002,-44.4559670769539
57.8064507442978,-44.4410898918492
57.8463998170661,-44.4262077756594
57.8863764979715,-44.4113207182901
57.9263808060934,-44.3964287096205
57.9664127605246,-44.3815317395032
58.006472380371,-44.3666297977647
58.0465596847518,-44.3517228742047
58.0866746927991,-44.3368109585963
58.1268174236586,-44.3218940406859
58.166987896489,-44.306972110193
58.2071861304624,-44.2920451568102
58.247412144764,-44.2771131702031
58.2876659585923,-44.2621761400102
58.3279475911591,-44.2472340558429
58.3682570616895,-44.232286907285
58.4085943894219,-44.2173346838931
58.4489595936079,-44.2023773751966
58.4893526935123,-44.1874149706968
58.5297737084136,-44.1724474598678
58.5702226576032,-44.1574748321557
58.6106995603862,-44.1424970769787
58.6512044360807,-44.1275141837272
58.6917373040184,-44.1125261417636
58.7322981835442,-44.097532940422
58.7728870940166,-44.0825345690083
58.8135040548071,-44.0675310168001
58.854149085301,-44.0525222730466
58.8948222048966,-44.0375083269685
58.9355234330061,-44.0224891677578
58.9762527890545,-44.0074647845777
59.0170102924808,-43.9924351665628
59.0577959627371,-43.9774003028187
59.098609819289,-43.9623601824217
59.1394518816156,-43.9473147944195
59.1803221692094,-43.9322641278301
59.2212207015764,-43.9172081716425
59.2621474982362,-43.9021469148161
59.3031025787217,-43.8870803462807
59.3440859625793,-43.8720084549369
59.3850976693692,-43.856931229655
59.4261377186647,-43.8418486592759
59.467206130053,-43.8267607326103
59.5083029231345,-43.8116674384391
59.5494281175235,-43.7965687655127
59.5905817328475,-43.7814647025516
59.6317637887478,-43.7663552382458
59.6729743048793,-43.7512403612549
59.7142133009102,-43.7361200602078
59.7554807965226,-43.7209943237028
59.7967768114122,-43.7058631403074
59.8381013652879,-43.6907264985583
59.8794544778727,-43.6755843869612
59.9208361689031,-43.6604367939905
59.9622464581291,-43.6452837080896
60.0036853653144,-43.6301251176704
60.0451529102365,-43.6149610111135
60.0866491126864,-43.599791376768
60.1281739924688,-43.5846162029511
60.1697275694022,-43.5694354779485
60.2113098633187,-43.5542491900138
60.2529208940641,-43.5390573273688
60.294560681498,-43.523859878203
60.3362292454936,-43.5086568306739
60.377926605938,-43.4934481729065
60.4196527827318,-43.4782338929933
60.4614077957896,-43.4630139789945
60.5031916650397,-43.4477884189373
60.545004410424,-43.4325572008165
60.5868460518983,-43.4173203125934
60.6287166094324,-43.4020777421969
60.6706161030096,-43.3868294775224
60.712544552627,-43.3715755064321
60.7545019782958,-43.3563158167548
60.7964884000409,-43.3410503962858
60.8385038379008,-43.3257792327868
60.8805483119282,-43.3105023139858
60.9226218421895,-43.2952196275769
60.9647244487649,-43.2799311612201
61.0068561517486,-43.2646369025416
61.0490169712487,-43.2493368391329
61.0912069273871,-43.2340309585516
61.1334260402996,-43.2187192483206
61.1756743301361,-43.2034016959282
61.2179518170601,-43.1880782888281
61.2602585212493,-43.1727490144389
61.3025944628952,-43.1574138601446
61.3449596622035,-43.1420728132937
61.3873541393935,-43.1267258611997
61.4297779146987,-43.1113729911407
61.4722310083666,-43.0960141903593
61.5147134406585,-43.0806494460626
61.55722523185,-43.0652787454216
61.5997664022304,-43.0499020755719
61.6423369721033,-43.0345194236128
61.6849369617861,-43.0191307766076
61.7275663916104,-43.0037361215831
61.7702252819217,-42.98833544553
61.8129136530798,-42.9729287354023
61.8556315254582,-42.9575159781174
61.898378919445,-42.9420971605558
61.9411558554418,-42.9266722695613
61.9839623538648,-42.9112412919403
62.0267984351439,-42.8958042144621
62.0696641197235,-42.8803610238589
62.1125594280619,-42.8649117068252
62.1554843806315,-42.8494562500179
62.198438997919,-42.8339946400561
62.2414233004252,-42.8185268635212
62.284437308665,-42.8030529069563
62.3274810431677,-42.7875727568665
62.3705545244764,-42.7720863997187
62.4136577731487,-42.7565938219409
62.4567908097564,-42.741095009923
62.4999536548854,-42.7255899500158
62.5431463291359,-42.7100786285315
62.5863688531223,-42.6945610317431
62.6296212474732,-42.6790371458843
62.6729035328315,-42.6635069571497
62.7162157298545,-42.6479704516945
62.7595578592135,-42.6324276156339
62.8029299415943,-42.6168784350438
62.8463319976969,-42.6013228959597
62.8897640482358,-42.5857609843776
62.9332261139394,-42.5701926862528
62.9767182155509,-42.5546179875004
63.0202403738275,-42.5390368739952
63.0637926095409,-42.523449331571
63.1073749434771,-42.5078553460209
63.1509873964364,-42.4922549030973
63.1946299892337,-42.476647988511
63.2383027426981,-42.4610345879318
63.2820056776731,-42.4454146869881
63.3257388150166,-42.4297882712666
63.369502175601,-42.4141553263123
63.4132957803131,-42.3985158376282
63.4571196500541,-42.3828697906755
63.5009738057396,-42.3672171708727
63.5448582682997,-42.3515579635965
63.5887730586791,-42.3358921541806
63.6327181978368,-42.3202197279161
63.6766937067462,-42.3045406700514
63.7206996063955,-42.2888549657917
63.7647359177872,-42.273162600299
63.8088026619383,-42.2574635586921
63.8528998598803,-42.2417578260461
63.8970275326595,-42.2260453873926
63.9411857013364,-42.210326227719
63.9853743869863,-42.194600331969
64.0295936106989,-42.1788676850421
64.0738433935786,-42.1631282717931
64.1181237567442,-42.1473820770326
64.1624347213294,-42.1316290855265
64.2067763084822,-42.1158692819956
64.2511485393654,-42.1001026511157
64.2955514351564,-42.0843291775175
64.3399850170472,-42.0685488457862
64.3844493062444,-42.0527616404615
64.4289443239693,-42.0369675460373
64.4734700914579,-42.0211665469616
64.5180266299609,-42.0053586276361
64.5626139607435,-41.9895437724166
64.6072321050859,-41.9737219656121
64.6518810842827,-41.9578931914852
64.6965609196435,-41.9420574342514
64.7412716324923,-41.9262146780795
64.7860132441681,-41.9103649070908
64.8307857760247,-41.8945081053595
64.8755892494302,-41.8786442569121
64.9204236857681,-41.8627733457273
64.9652891064361,-41.8468953557361
65.0101855328472,-41.8310102708211
65.0551129864288,-41.8151180748168
65.1000714886234,-41.799218751509
65.145061060888,-41.7833122846351
65.1900817246947,-41.7673986578833
65.2351335015303,-41.7514778548929
65.2802164128965,-41.7355498592541
65.3253304803099,-41.7196146545072
65.370475725302,-41.7036722241433
65.4156521694189,-41.6877225516034
65.4608598342219,-41.6717656202785
65.5060987412872,-41.6558014135094
65.5513689122057,-41.6398299145863
65.5966703685833,-41.6238511067491
65.6420031320409,-41.6078649731864
65.6873672242142,-41.5918714970362
65.7327626667541,-41.5758706613848
65.7781894813263,-41.5598624492675
65.8236476896113,-41.5438468436677
65.8691373133051,-41.5278238275168
65.914658374118,-41.5117933836944
65.960210893776,-41.4957554950278
66.0057948940196,-41.4797101442916
66.0514103966045,-41.4636573142078
66.0970574233015,-41.4475969874456
66.1427359958963,-41.431529146621
66.1884461361899,-41.4154537742965
66.234187865998,-41.3993708529814
66.2799612071518,-41.383280365131
66.3257661814973,-41.3671822931466
66.3716028108957,-41.3510766193753
66.4174711172231,-41.3349633261099
66.463371122371,-41.3188423955886
66.509302848246,-41.3027138099945
66.5552663167698,-41.2865775514558
66.601261549879,-41.2704336020454
66.6472885695258,-41.2542819437806
66.6933473976772,-41.2381225586229
66.7394380563155,-41.221955428478
66.7855605674384,-41.2057805351952
66.8317149530585,-41.1895978605674
66.8779012352037,-41.173407386331
66.9241194359172,-41.1572090941653
66.9703695772574,-41.1410029656925
67.016651681298,-41.1247889824775
67.0629657701278,-41.1085671260277
67.1093118658509,-41.0923373777923
67.1556899905868,-41.0760997191628
67.2021001664702,-41.0598541314722
67.2485424156512,-41.0436005959951
67.295016760295,-41.0273390939471
67.3415232225823,-41.0110696064849
67.388061824709,-40.9947921147059
67.4346325888865,-40.9785065996478
67.4812355373414,-40.9622130422889
67.5278706923157,-40.9459114235472
67.5745380760668,-40.9296017242805
67.6212377108676,-40.9132839252861
67.667969619006,-40.8969580073005
67.7147338227858,-40.8806239509992
67.7615303445259,-40.8642817369965
67.8083592065607,-40.847931345845
67.85522043124,-40.8315727580356
67.9021140409292,-40.8152059539973
67.9490400580089,-40.7988309140966
67.9959985048753,-40.7824476186375
68.0429894039402,-40.7660560478613
68.0900127776307,-40.7496561819459
68.1370686483895,-40.7332480010062
68.1841570386747,-40.7168314850932
68.2312779709602,-40.7004066141943
68.278431467735,-40.6839733682324
68.325617551504,-40.6675317270663
68.3728362447875,-40.6510816704899
68.4200875701215,-40.6346231782323
68.4673715500572,-40.6181562299571
68.5146882071619,-40.6016808052627
68.5620375640182,-40.5851968836814
68.6094196432243,-40.5687044446795
68.6568344673941,-40.5522034676573
68.704282059157,-40.5356939319478
68.7517624411582,-40.5191758168177
68.7992756360586,-40.5026491014662
68.8468216665345,-40.4861137650249
68.894400555278,-40.469569786558
68.942012324997,-40.4530171450611
68.989656998415,-40.436455819462
69.0373345982711,-40.4198857886194
69.0850451473203,-40.4033070313233
69.1327886683332,-40.3867195262944
69.1805651840962,-40.3701232521838
69.2283747174114,-40.3535181875728
69.2762172910966,-40.3369043109726
69.3240929279856,-40.3202816008239
69.3720016509278,-40.3036500354968
69.4199434827882,-40.2870095932899
69.4679184464482,-40.270360252431
69.5159265648043,-40.253701991076
69.5639678607693,-40.2370347873088
69.6120423572717,-40.2203586191409
69.6601500772558,-40.2036734645114
69.7082910436818,-40.1869793012865
69.7564652795258,-40.1702761072589
69.8046728077796,-40.153563860148
69.8529136514512,-40.1368425375992
69.9011878335643,-40.1201121171837
69.9494953771584,-40.1033725763983
69.9978363052892,-40.0866238926648
70.0462106410282,-40.0698660433299
70.0946184074628,-40.0530990056647
70.1430596276964,-40.0363227568647
70.1915343248483,-40.0195372740489
70.240042522054,-40.00274253426
70.2885842424647,-39.9859385144638
70.3371595092477,-39.9691251915491
70.3857683455864,-39.9523025423268
70.4344107746801,-39.9354705435303
70.4830868197443,-39.9186291718145
70.5317965040104,-39.901778403756
70.5805398507258,-39.8849182158524
70.6293168831541,-39.8680485845219
70.678127624575,-39.8511694861033
70.7269720982842,-39.8342808968553
70.7758503275935,-39.8173827929564
70.8247623358308,-39.8004751505043
70.8737081463403,-39.7835579455159
70.9226877824819,-39.7666311539263
70.9717012676322,-39.7496947515893
71.0207486251836,-39.7327487142762
71.0698298785447,-39.715793017676
71.1189450511404,-39.6988276373948
71.1680941664116,-39.6818525489555
71.2172772478157,-39.6648677277973
71.2664943188259,-39.6478731492754
71.3157454029321,-39.6308687886608
71.3650305236399,-39.6138546211396
71.4143497044717,-39.5968306218128
71.4637029689657,-39.5797967656959
71.5130903406767,-39.5627530277185
71.5625118431755,-39.5456993827239
71.6119675000493,-39.5286358054687
71.6614573349018,-39.5115622706225
71.7109813713526,-39.4944787527674
71.760539633038,-39.4773852263974
71.8101321436105,-39.4602816659186
71.8597589267389,-39.4431680456482
71.9094200061083,-39.4260443398144
71.9591154054204,-39.4089105225558
72.008845148393,-39.3917665679213
72.0586092587605,-39.3746124498692
72.1084077602737,-39.3574481422674
72.1582406766996,-39.3402736188925
72.2081080318219,-39.3230888534294
72.2580098494406,-39.3058938194713
72.3079461533721,-39.2886884905187
72.3579169674493,-39.2714728399796
72.4079223155217,-39.2542468411684
72.457962221455,-39.2370104673061
72.5080367091317,-39.2197636915193
72.5581458024505,-39.2025064868401
72.608289525327,-39.1852388262059
72.658467901693,-39.1679606824581
72.7086809554969,-39.1506720283428
72.7589287107039,-39.1333728365092
72.8092111912953,-39.1160630795102
72.8595284212693,-39.0987427298012
72.9098804246407,-39.0814117597399
72.9602672254408,-39.0640701415859
73.0106888477175,-39.0467178475002
73.0611453155353,-39.0293548495448
73.1116366529754,-39.0119811196819
73.1621628841356,-38.9945966297739
73.2127240331304,-38.9772013515827
73.263320124091,-38.9597952567693
73.3139511811651,-38.9423783168931
73.3646172285172,-38.9249505034117
73.4153182903285,-38.9075117876803
73.466054390797,-38.8900621409511
73.5168255541373,-38.8726015343731
73.5676318045806,-38.8551299389914
73.6184731663753,-38.8376473257468
73.669349663786,-38.820153665475
73.7202613210944,-38.8026489289067
73.771208162599,-38.7851330866664
73.822190212615,-38.7676061092726
73.8732074954744,-38.7500679671366
73.924260035526,-38.7325186305626
73.9753478571355,-38.7149580697467
74.0264709846854,-38.6973862547766
74.0776294425749,-38.6798031556314
74.1288232552204,-38.6622087421802
74.1800524470549,-38.6446029841825
74.2313170425284,-38.6269858512872
74.2826170661077,-38.6093573130321
74.3339525422766,-38.5917173388435
74.3853234955359,-38.5740658980354
74.4367299504031,-38.5564029598094
74.4881719314127,-38.5387284932536
74.5396494631164,-38.5210424673426
74.5911625700825,-38.5033448509365
74.6427112768967,-38.4856356127804
74.6942956081613,-38.4679147215044
74.7459155884958,-38.4501821456221
74.7975712425366,-38.4324378535308
74.8492625949374,-38.4146818135107
74.9009896703686,-38.3969139937242
74.9527524935177,-38.3791343622154
75.0045510890896,-38.3613428869094
75.0563854818058,-38.3435395356121
75.1082556964053,-38.3257242760093
75.1601617576438,-38.3078970756659
75.2121036902944,-38.2900579020259
75.2640815191474,-38.2722067224112
75.3160952690098,-38.2543435040215
75.3681449647062,-38.2364682139333
75.420230631078,-38.2185808190995
75.472352292984,-38.2006812863487
75.5245099753002,-38.1827695823846
75.5767037029196,-38.1648456737854
75.6289335007526,-38.1469095270032
75.6811993937267,-38.1289611083633
75.7335014067865,-38.1110003840637
75.7858395648942,-38.0930273201742
75.8382138930289,-38.0750418826359
75.8906244161871,-38.0570440372609
75.9430711593827,-38.0390337497308
75.9955541476467,-38.0210109855971
76.0480734060274,-38.0029757102797
76.1006289595905,-37.9849278890666
76.1532208334191,-37.9668674871131
76.2058490526134,-37.9487944694415
76.2585136422911,-37.9307088009399
76.3112146275873,-37.9126104463617
76.3639520336543,-37.8944993703252
76.4167258856619,-37.8763755373126
76.4695362087974,-37.8582389116692
76.5223830282653,-37.8400894576032
76.5752663692876,-37.8219271391845
76.6281862571038,-37.8037519203442
76.6811427169707,-37.7855637648741
76.7341357741626,-37.7673626364253
76.7871654539715,-37.7491484985086
76.8402317817064,-37.7309213144924
76.8933347826943,-37.7126810476033
76.9464744822794,-37.6944276609244
76.9996509058235,-37.676161117395
77.0528640787058,-37.6578813798099
77.1061140263233,-37.6395884108184
77.1594007740903,-37.6212821729238
77.2127243474389,-37.6029626284823
77.2660847718185,-37.5846297397026
77.3194820726963,-37.5662834686452
77.372916275557,-37.547923777221
77.426387405903,-37.5295506271912
77.4798954892542,-37.5111639801663
77.5334405511483,-37.4927637976051
77.5870226171405,-37.4743500408141
77.6406417128037,-37.455922670947
77.6942978637285,-37.4374816490031
77.7479910955231,-37.4190269358273
77.8017214338136,-37.4005584921088
77.8554889042436,-37.3820762783806
77.9092935324746,-37.3635802550183
77.9631353441857,-37.3450703822397
78.0170143650736,-37.3265466201035
78.0709306208531,-37.308008928509
78.1248841372566,-37.2894572671948
78.1788749400344,-37.2708915957381
78.2329030549542,-37.2523118735538
78.2869685078021,-37.2337180598938
78.3410713243815,-37.2151101138461
78.395211530514,-37.1964879943336
78.4493891520389,-37.1778516601137
78.5036042148132,-37.159201069777
78.557856744712,-37.1405361817467
78.6121467676283,-37.1218569542775
78.6664743094728,-37.1031633454548
78.7208393961742,-37.084455313194
78.7752420536793,-37.0657328152389
78.8296823079523,-37.0469958091615
78.884160184976,-37.028244252361
78.9386757107507,-37.0094781020623
78.9932289112949,-36.9906973153156
79.047819812645,-36.9719018489952
79.1024484408553,-36.9530916597987
79.1571148219984,-36.934266704246
79.2118189821645,-36.9154269386781
79.2665609474622,-36.8965723192566
79.321340744018,-36.8777028019621
79.3761583979764,-36.8588183425939
79.4310139354999,-36.8399188967684
79.4859073827694,-36.8210044199184
79.5408387659837,-36.8020748672921
79.5958081113595,-36.783130193952
79.6508154451319,-36.764170354774
79.7058607935542,-36.7451953044461
79.7609441828975,-36.7262049974677
79.8160656394513,-36.7071993881483
79.8712251895232,-36.6881784306066
79.9264228594391,-36.6691420787693
79.9816586755428,-36.6500902863704
80.0369326641966,-36.6310230069495
80.092244851781,-36.6119401938512
80.1475952646945,-36.592841800224
80.202983929354,-36.573727779019
80.2584108721947,-36.5545980829888
80.31387611967,-36.5354526646866
80.3693796982516,-36.5162914764649
80.4249216344295,-36.4971144704746
80.4805019547119,-36.4779215986633
80.5361206856255,-36.4587128127749
80.5917778537152,-36.4394880643481
80.6474734855445,-36.420247304715
80.7032076076947,-36.4009904850005
80.758980246766,-36.3817175561204
80.8147914293768,-36.3624284687811
80.8706411821639,-36.3431231734775
80.9265295317824,-36.3238016204925
80.9824565049061,-36.3044637598954
81.038422128227,-36.2851095415409
81.0944264284555,-36.2657389150676
81.1504694323206,-36.2463518298972
81.2065511665699,-36.2269482352327
81.2626716579691,-36.2075280800577
81.3188309333028,-36.1880913131348
81.3750290193738,-36.1686378830043
81.4312659430036,-36.1491677379833
81.4875417310322,-36.1296808261638
81.5438564103181,-36.1101770954121
81.6002100077386,-36.090656493367
81.656602550189,-36.0711189674384
81.7130340645838,-36.0515644648066
81.7695045778558,-36.0319929324202
81.8260141169566,-36.0124043169954
81.8825627088561,-35.9927985650142
81.9391503805431,-35.9731756227232
81.995777159025,-35.9535354361322
82.052443071328,-35.933877951013
82.1091481444966,-35.9142031128977
82.1658924055943,-35.8945108670773
82.2226758817033,-35.8748011586006
82.2794985999243,-35.8550739322727
82.336360587377,-35.8353291326532
82.3932618711997,-35.8155667040551
82.4502024785494,-35.7957865905431
82.507182436602,-35.7759887359327
82.564201772552,-35.7561730837878
82.6212605136129,-35.7363395774199
82.6783586870169,-35.7164881598865
82.735496320015,-35.6966187739893
82.7926734398771,-35.6767313622731
82.8498900738919,-35.6568258670237
82.907146249367,-35.636902230267
82.9644419936288,-35.6169603937668
83.0217773340227,-35.5970002990239
83.0791522979128,-35.5770218872738
83.1365669126823,-35.5570250994858
83.1940212057334,-35.5370098763608
83.2515152044868,-35.5169761583301
83.3090489363827,-35.4969238855535
83.3666224288799,-35.4768529979179
83.4242357094564,-35.4567634350354
83.4818888056089,-35.4366551362417
83.5395817448535,-35.4165280405946
83.5973145547248,-35.3963820868721
83.655087262777,-35.3762172135708
83.7128998965829,-35.356033358904
83.7707524837345,-35.3358304608002
83.8286450518431,-35.3156084569014
83.8865776285387,-35.2953672845609
83.9445502414706,-35.275106880842
84.0025629183072,-35.2548271825161
84.0606156867359,-35.2345281260608
84.1187085744635,-35.2142096476579
84.1768416092156,-35.1938716831921
84.2350148187373,-35.1735141682487
84.2932282307926,-35.1531370381119
84.3514818731649,-35.1327402277629
84.4097757736566,-35.1123236718781
84.4681099600894,-35.0918873048271
84.5264844603043,-35.0714310606709
84.5848993021615,-35.0509548731596
84.6433545135404,-35.0304586757311
84.7018501223397,-35.0099424015085
84.7603861564774,-34.9894059832985
84.8189626438908,-34.9688493535895
84.8775796125364,-34.9482724445491
84.9362370903902,-34.9276751880225
84.9949351054473,-34.9070575155303
85.0536736857224,-34.8864193582666
85.1124528592495,-34.8657606470966
85.1712726540818,-34.845081312555
85.230133098292,-34.8243812848434
85.2890342199723,-34.8036604938283
85.3479760472342,-34.7829188690394
85.4069586082086,-34.7621563396667
85.4659819310459,-34.7413728345591
85.525046043916,-34.7205682822214
85.5841509750081,-34.6997426108131
85.643296752531,-34.6788957481449
85.7024834047131,-34.6580276216777
85.7617109598022,-34.6371381585196
85.8209794460654,-34.6162272854237
85.8802888917898,-34.5952949287861
85.9396393252817,-34.5743410146432
85.999030774867,-34.5533654686698
86.0584632688913,-34.5323682161762
86.1179368357198,-34.5113491821063
86.1774515037371,-34.4903082910351
86.2370073013476,-34.4692454671659
86.2966042569753,-34.4481606343286
86.3562423990638,-34.4270537159765
86.4159217560764,-34.4059246351842
86.475642356496,-34.3847733146453
86.5354042288252,-34.3635996766694
86.5952074015864,-34.3424036431798
86.6550519033215,-34.3211851357111
86.7149377625925,-34.2999440754063
86.7748650079807,-34.2786803830146
86.8348336680875,-34.2573939788882
86.8948437715338,-34.2360847829805
86.9548953469605,-34.2147527148425
87.0149884230281,-34.1933976936207
87.075123028417,-34.1720196380544
87.1352991918276,-34.1506184664727
87.1955169419797,-34.1291940967916
87.2557763076133,-34.107746446512
87.3160773174883,-34.0862754327161
87.3764200003842,-34.0647809720646
87.4368043851006,-34.0432629807947
87.4972305004568,-34.0217213747161
87.5576983752922,-34.000156069209
87.6182080384662,-33.9785669792205
87.6787595188579,-33.9569540192622
87.7393528453665,-33.9353171034068
87.7999880469112,-33.9136561452856
87.8606651524311,-33.8919710580847
87.9213841908853,-33.8702617545429
87.982145191253,-33.8485281469479
88.0429481825334,-33.8267701471334
88.1037931937457,-33.8049876664762
88.1646802539292,-33.7831806158926
88.2256093921431,-33.7613489058358
88.286580637467,-33.7394924462921
88.3475940190004,-33.7176111467779
88.4086495658629,-33.6957049163368
88.4697473071942,-33.6737736635356
88.5308872721542,-33.6518172964615
88.5920694899229,-33.6298357227185
88.6532939897007,-33.6078288494243
88.7145608007078,-33.5857965832065
88.7758699521849,-33.5637388301994
88.8372214733928,-33.5416554960404
88.8986153936124,-33.5195464858669
88.960051742145,-33.497411704312
89.0215305483121,-33.4752510555017
89.0830518414555,-33.4530644430508
89.1446156509373,-33.4308517700595
89.2062220061396,-33.4086129391098
89.2678709364653,-33.3863478522615
89.3295624713372,-33.3640564110488
89.3912966401986,-33.3417385164765
89.4530734725132,-33.3193940690159
89.514892997765,-33.2970229686013
89.5767552454583,-33.2746251146261
89.6386602451179,-33.2522004059387
89.700608026289,-33.2297487408388
89.7625986185372,-33.2072700170732
89.8246320514484,-33.1847641318322
89.8867083546292,-33.1622309817451
89.9488275577065,-33.1396704628762
90.0109896903277,-33.117082470721
90.0731947821606,-33.0944669002018
90.1354428628937,-33.0718236456636
90.1977339622359,-33.0491526008698
90.2600681099166,-33.0264536589978
90.3224453356859,-33.0037267126352
90.3848656693142,-32.9809716537749
90.4473291405927,-32.958188373811
90.5098357793331,-32.9353767635342
90.5723856153676,-32.9125367131277
90.6349786785493,-32.8896681121622
90.6976149987517,-32.8667708495917
90.7602946058689,-32.8438448137487
90.823017529816,-32.8208898923398
90.8857838005283,-32.7979059724408
90.9485934479621,-32.774892940492
91.0114465020944,-32.7518506822938
91.0743429929228,-32.7287790830011
91.1372829504657,-32.7056780271193
91.2002664047621,-32.682547398499
91.263293385872,-32.659387080331
91.3263639238761,-32.6361969551414
91.3894780488757,-32.6129769047864
91.4526357909931,-32.5897268104476
91.5158371803714,-32.5664465526266
91.5790822471745,-32.5431360111397
91.6423710215871,-32.5197950651128
91.7057035338148,-32.4964235929762
91.769079814084,-32.4730214724592
91.8324998926422,-32.4495885805844
91.8959637997576,-32.4261247936629
91.9594715657193,-32.4026299872882
92.0230232208376,-32.3791040363311
92.0866187954435,-32.3555468149337
92.1502583198889,-32.331958196504
92.2139418245469,-32.3083380537103
92.2776693398116,-32.284686258475
92.3414408960978,-32.2610026819693
92.4052565238415,-32.2372871946069
92.4691162534999,-32.2135396660383
92.5330201155512,-32.1897599651448
92.5969681404943,-32.1659479600322
92.6609603588495,-32.1421035180251
92.7249968011582,-32.1182265056604
92.7890774979827,-32.0943167886812
92.8532024799068,-32.0703742320303
92.917371777535,-32.0463986998444
92.9815854214931,-32.0223900554468
93.0458434424283,-31.9983481613418
93.1101458710087,-31.9742728792077
93.1744927379236,-31.95016406989
93.2388840738837,-31.9260215933952
93.3033199096208,-31.9018453088838
93.3678002758878,-31.8776350746633
93.4323252034593,-31.8533907481816
93.4968947231306,-31.8291121860202
93.5615088657187,-31.8047992438865
93.6261676620618,-31.7804517766073
93.6908711430192,-31.7560696381216
93.7556193394718,-31.731652681473
93.8204122823217,-31.7072007588028
93.8852500024924,-31.6827137213422
93.9501325309287,-31.6581914194052
94.0150598985969,-31.6336337023807
94.0800321364847,-31.6090404187253
94.145049275601,-31.5844114159551
94.2101113469764,-31.5597465406385
94.2752183816629,-31.5350456383878
94.3403704107338,-31.5103085538515
94.4055674652839,-31.4855351307063
94.4708095764297,-31.460725211649
94.536096775309,-31.4358786383882
94.6014290930812,-31.4109952516361
94.6668065609273,-31.3860748911
94.7322292100495,-31.3611173954741
94.797697071672,-31.3361226024307
94.8632101770404,-31.3110903486117
94.9287685574218,-31.28602046962
94.9943722441052,-31.2609128000103
95.0600212684008,-31.2357671732805
95.1257156616409,-31.2105834218627
95.1914554551791,-31.1853613771139
95.2572406803907,-31.1601008693069
95.3230713686729,-31.1348017276212
95.3889475514444,-31.1094637801333
95.4548692601458,-31.0840868538072
95.5208365262391,-31.058670774485
95.5868493812085,-31.0332153668773
95.6529078565595,-31.0077204545528
95.7190119838197,-30.9821858599291
95.7851617945384,-30.9566114042622
95.8513573202865,-30.9309969076366
95.9175985926571,-30.9053421889551
95.9838856432648,-30.8796470659278
96.0502185037462,-30.8539113550629
96.1165972057598,-30.8281348716547
96.1830217809858,-30.8023174297739
96.2494922611265,-30.7764588422563
96.316008677906,-30.7505589206921
96.3825710630704,-30.7246174754147
96.4491794483876,-30.6986343154894
96.5158338656475,-30.6726092487025
96.5825343466621,-30.6465420815493
96.6492809232653,-30.6204326192231
96.7160736273129,-30.594280665603
96.7829124906829,-30.5680860232424
96.8497975452752,-30.5418484933571
96.9167288230118,-30.5155678758129
96.9837063558366,-30.4892439691135
97.050730175716,-30.4628765703882
97.1178003146379,-30.4364654753794
97.1849168046129,-30.4100104784298
97.2520796776733,-30.3835113724698
97.3192889658736,-30.3569679490044
97.3865447012906,-30.3303799981001
97.4538469160233,-30.3037473083716
97.5211956421926,-30.2770696669689
97.5885909119419,-30.2503468595629
97.6560327574367,-30.2235786703326
97.7235212108646,-30.1967648819504
97.7910563044357,-30.1699052755686
97.8586380703822,-30.1429996308052
97.9262665409585,-30.1160477257292
97.9939417484414,-30.0890493368464
98.0616637251301,-30.0620042390845
98.1294325033459,-30.0349122057783
98.1972481154327,-30.0077730086549
98.2651105937565,-29.9805864178179
98.3330199707058,-29.9533522017325
98.4009762786915,-29.9260701272098
98.4689795501467,-29.8987399593908
98.5370298175273,-29.8713614617308
98.6051271133112,-29.8439343959831
98.673271469999,-29.8164585221822
98.7414629201137,-29.7889335986281
98.8097014962009,-29.761359381869
98.8779872308285,-29.7337356266844
98.9463201565869,-29.7060620860682
99.0147003060892,-29.6783385112109
99.0831277119709,-29.6505646514827
99.1516024068901,-29.6227402544147
99.2201244235274,-29.5948650656823
99.2886937945862,-29.5669388290854
99.3573105527922,-29.5389612865313
99.425974730894,-29.5109321780153
99.4946863616626,-29.482851241602
99.5634454778917,-29.4547182134059
99.6322521123978,-29.4265328275725
99.70110629802,-29.3982948162584
99.77000806762,-29.3700039096113
99.8389574540824,-29.3416598357502
99.9079544903144,-29.313262320745
99.9769992092458,-29.2848110885955
100.04609164383,-29.2563058612108
100.115231827041,-29.2277463583885
100.184419791878,-29.1991322977926
100.253655571363,-29.1704633949323
100.322939198539,-29.1417393631398
100.392270706472,-29.1129599135482
100.461650128252,-29.084124755069
100.531077496993,-29.0552335943692
100.600552845828,-29.0262861358481
100.670076207917,-28.9972820816142
100.739647616441,-28.968221131461
100.809267104603,-28.9391029828438
100.87893470563,-28.9099273308542
100.948650452774,-28.8806938681968
101.018414379306,-28.851402285163
101.088226518522,-28.8220522696066
101.158086903742,-28.7926435069177
101.227995568308,-28.7631756799969
101.297952545585,-28.7336484692291
101.36795786896,-28.7040615524565
101.438011571845,-28.674414604952
101.508113687674,-28.6447072993916
101.578264249905,-28.6149393058268
101.648463292018,-28.5851102916562
101.718710847516,-28.5552199215974
101.789006949928,-28.5252678576581
101.859351632801,-28.4952537591066
101.92974492971,-28.4651772824424
102.000186874252,-28.4350380813657
102.070677500044,-28.4048358067478
102.141216840731,-28.3745701065994
102.211804929979,-28.3442406260397
102.282441801476,-28.3138470072646
102.353127488935,-28.2833888895146
102.423862026093,-28.2528659090421
102.494645446708,-28.2222776990785
102.565477784563,-28.1916238898004
102.636359073463,-28.1609041082959
102.707289347239,-28.1301179785304
102.778268639742,-28.0992651213107
102.84929698485,-28.0683451542508
102.92037441646,-28.0373576917351
102.991500968497,-28.0063023448825
103.062676674905,-27.975178721509
103.133901569656,-27.9439864260907
103.205175686742,-27.9127250597256
103.27649906018,-27.881394220095
103.347871724011,-27.8499935014245
103.419293712298,-27.8185224944443
103.490765059128,-27.7869807863492
103.562285798612,-27.7553679607575
103.633855964885,-27.7236835976698
103.705475592105,-27.691927273427
103.777144714453,-27.6600985606677
103.848863366134,-27.628197028285
103.920631581379,-27.5962222413824
103.992449394438,-27.56417376123
104.064316839588,-27.5320511452184
104.13623395113,-27.4998539468137
104.208200763387,-27.4675817155108
104.280217310705,-27.4352339967859
104.352283627457,-27.4028103320488
104.424399748037,-27.3703102585948
104.496565706864,-27.3377333095545
104.568781538379,-27.3050790138445
104.64104727705,-27.272346896116
104.713362957366,-27.2395364767037
104.785728613841,-27.2066472715734
104.858144281012,-27.1736787922681
104.930609993442,-27.1406305458554
105.003125785716,-27.1075020348713
105.075691692443,-27.0742927572654
105.148307748256,-27.0410022063445
105.220973987812,-27.0076298707143
105.293690445793,-26.9741752342224
105.366457156904,-26.9406377758982
105.439274155874,-26.9070169698934
105.512141477456,-26.8733122854206
105.585059156427,-26.8395231866915
105.658027227588,-26.805649132854
105.731045725765,-26.7716895779284
105.804114685806,-26.7376439707419
105.877234142586,-26.7035117548633
105.950404131001,-26.6692923685357
106.023624685973,-26.634985244608
106.096895842448,-26.6005898104666
106.170217635395,-26.5661054879644
106.243590099809,-26.5315316933494
106.317013270708,-26.4968678371926
106.390487183134,-26.4621133243135
106.464011872155,-26.4272675537062
106.537587372859,-26.3923299184619
106.611213720364,-26.3572998056925
106.684890949808,-26.3221765964514
106.758619096355,-26.2869596656539
106.832398195193,-26.2516483819951
106.906228281534,-26.2162421078681
106.980109390614,-26.1807401992794
107.054041557696,-26.1451420057636
107.128024818063,-26.1094468702965
107.202059207026,-26.0736541292067
107.276144759919,-26.037763112086
107.350281512101,-26.0017731416974
107.424469498954,-25.9656835338831
107.498708755885,-25.9294935974692
107.572999318327,-25.8932026341698
107.647341221737,-25.8568099384896
107.721734501594,-25.8203147976238
107.796179193405,-25.7837164913575
107.870675332699,-25.7470142919627
107.945222955031,-25.7102074640929
108.01982209598,-25.6732952646775
108.094472791149,-25.636276942813
108.169175076167,-25.5991517396522
108.243928986687,-25.5619188882929
108.318734558386,-25.5245776136627
108.393591826966,-25.4871271324032
108.468500828155,-25.4495666527519
108.543461597703,-25.4118953744208
108.618474171388,-25.3741124884748
108.693538585009,-25.3362171772063
108.768654874393,-25.298208614008
108.84382307539,-25.2600859632437
108.919043223876,-25.2218483801167
108.99431535575,-25.1834950105351
109.069639506938,-25.1450249909755
109.145015713388,-25.1064374483439
109.220444011076,-25.0677314998337
109.295924436001,-25.0289062527817
109.371457024188,-24.9899608045203
109.447041811684,-24.9508942422288
109.522678834565,-24.9117056427797
109.598368128929,-24.872394072584
109.674109730901,-24.8329585874322
109.749903676629,-24.7933982323333
109.825750002287,-24.75371204135
109.901648744074,-24.7138990374313
109.977599938214,-24.6739582322413
110.053603620956,-24.6338886259853
110.129659828574,-24.5936892072323
110.205768597367,-24.5533589527334
110.28192996366,-24.5128968272385
110.3581439638,-24.4723017833069
110.434410634163,-24.4315727611164
110.510730011149,-24.3907086882673
110.587102131181,-24.3497084795828
110.66352703071,-24.3085710369061
110.740004746211,-24.2672952488925
110.816535314185,-24.2258799907976
110.893118771155,-24.1843241242622
110.969755153674,-24.142626497091
111.046444498317,-24.1007859430287
111.123186841685,-24.0588012815302
111.199982220406,-24.0166713175271
111.27683067113,-23.9743948411885
111.353732230535,-23.9319706276775
111.430686935323,-23.8893974369023
111.507694822223,-23.8466740132627
111.584755927988,-23.8037990853905
111.661870289395,-23.7607713658849
111.739037943251,-23.7175895510426
111.816258926383,-23.6742523205818
111.893533275647,-23.6307583373601
111.970861027923,-23.5871062470873
112.048242220118,-23.5432946780314
112.125676889162,-23.4993222407179
112.203165072013,-23.4551875276237
112.280706805653,-23.4108891128636
112.358302127091,-23.36642555187
112.435951073359,-23.321795381066
112.513653681517,-23.276997117531
112.59140998865,-23.232029258659
112.669220031869,-23.1868902818093
112.747083848309,-23.1415786439499
112.825001475132,-23.0960927812919
112.902972949526,-23.0504311089168
112.980998308704,-23.004592020395
113.059077589904,-22.9585738873952
113.137210830392,-22.9123750592858
113.215398067458,-22.8659938627262
113.293639338417,-22.8194286012502
113.371934680612,-22.7726775548374
113.450284131411,-22.7257389794779
113.528687728207,-22.6786111067236
113.607145508419,-22.6312921432316
113.685657509493,-22.5837802702951
113.7642237689,-22.5360736433647
113.842844324136,-22.4881703915569
113.921519212726,-22.4400686171522
114.000248472217,-22.3917663950806
114.079032140184,-22.3432617723943
114.157870254229,-22.2945527677288
114.236762851978,-22.2456373707501
114.315709971084,-22.1965135415882
114.394711649225,-22.1471792102579
114.473767924107,-22.0976322760642
114.55287883346,-22.0478706069931
114.632044415042,-21.9978920390885
114.711264706635,-21.9476943758119
114.790539746048,-21.8972753873866
114.869869571118,-21.8466328101262
114.949254219704,-21.7957643457453
115.028693729696,-21.7446676606522
115.108188139006,-21.6933403852246
115.187737485576,-21.641780113066
115.26734180737,-21.5899844002431
115.347001142381,-21.5379507645031
115.426715528629,-21.485676684471
115.506485004158,-21.4331595988253
115.586309607039,-21.3803969054525
115.666189375371,-21.3273859605789
115.746124347276,-21.2741240778791
115.826114560905,-21.2206085275608
115.906160054436,-21.1668365354254
115.98626086607,-21.1128052819017
116.066417034037,-21.058511901055
116.146628596594,-21.0039534795684
116.226895592022,-20.9491270556951
116.30721805863,-20.8940296181837
116.387596034753,-20.8386581051719
116.468029558754,-20.7830094030496
116.548518669019,-20.7270803452907
116.629063403965,-20.6708677112514
116.709663802032,-20.6143682249337
116.790319901688,-20.557578553715
116.871031741427,-20.5004953070397
116.951799359772,-20.4431150350737
117.032622795268,-20.3854342273195
117.113502086491,-20.3274493111912
117.194437272041,-20.2691566505471
117.275428390547,-20.2105525441785
117.356475480662,-20.151633224255
117.437578581068,-20.0923948547213
117.518737730472,-20.0328335296473
117.599952967608,-19.9729452715278
117.681224331239,-19.9127260295289
117.762551860153,-19.8521716776835
117.843935593163,-19.7912780130288
117.925375569112,-19.7300407536864
118.006871826868,-19.6684555368835
118.088424405327,-19.6065179169109
118.170033343412,-19.544223363017
118.25169868007,-19.4815672572344
118.333420454279,-19.4185448921375
118.415198705042,-19.3551514685276
118.497033471387,-19.2913820930428
118.578924792374,-19.2272317756906
118.660872707084,-19.1626954272988
118.74287725463,-19.0977678568827
118.82493847415,-19.0324437689248
118.907056404807,-18.9667177605634
118.989231085796,-18.9005843186859
119.071462556334,-18.8340378169256
119.153750855668,-18.7670725125534
119.236096023072,-18.6996825432647
119.318498097845,-18.6318619238545
119.400957119317,-18.5636045427771
119.483473126841,-18.4949041585847
119.5660461598,-18.4257543962411
119.648676257603,-18.3561487433041
119.731363459687,-18.2860805459715
119.814107805515,-18.2155430049846
119.89690933458,-18.1445291713834
119.979768086397,-18.0730319421064
120.062684100515,-18.0010440554295
120.145657416506,-17.928558086235
120.228688073969,-17.8555664411047
120.311776112533,-17.7820613532286
120.394921571853,-17.7080348771209
120.478124491612,-17.6334788831352
120.561384911519,-17.5583850517676
120.644702871312,-17.4827448677416
120.728078410755,-17.4065496138611
120.811511569642,-17.3297903646222
120.895002387791,-17.2524579795735
120.97855090505,-17.1745430964102
121.062157161295,-17.0960361237925
121.145821196427,-17.0169272338721
121.229543050376,-16.9372063545152
121.313322763101,-16.8568631612051
121.397160374586,-16.7758870686101
121.481055924844,-16.694267221799
121.565009453916,-16.6119924870875
121.64902100187,-16.5290514424964
121.733090608802,-16.4454323678014
121.817218314835,-16.3611232341554
121.901404160121,-16.2761116932588
121.985648184839,-16.1903850660563
122.069950429195,-16.1039303309338
122.154310933425,-16.0167341113914
122.238729737791,-15.9287826631608
122.323206882582,-15.8400618607417
122.407742408117,-15.750557183322
122.492336354743,-15.6602537000501
122.576988762832,-15.5691360546242
122.661699672787,-15.4771884491579
122.746469125037,-15.384394627286
122.83129716004,-15.2907378564625
122.916183818281,-15.19620090941
123.001129140274,-15.1007660446678
123.086133166561,-15.0044149861884
123.17119593771,-14.9071289019273
123.256317494321,-14.8088883813653
123.341497877017,-14.7096734119018
123.426737126454,-14.6094633540498
123.512035283313,-14.5082369153617
123.597392388303,-14.4059721230076
123.682808482163,-14.3026462949246
123.768283605659,-14.1982360094464
123.853817799586,-14.0927170733216
123.939411104765,-13.9860644880149
124.025063562049,-13.8782524141867
124.110775212315,-13.7692541342306
124.196546096471,-13.6590420127447
124.282376255454,-13.5475874548028
124.368265730225,-13.4348608618784
124.454214561779,-13.3208315852688
124.540222791134,-13.2054678768489
124.626290459341,-13.0887368369764
124.712417607476,-12.9706043593561
124.798604276645,-12.8510350726482
124.884850507981,-12.7299922786049
124.971156342648,-12.6074378864845
125.057521821835,-12.4833323434869
125.143946986764,-12.3576345609252
125.23043187868,-12.2303018358324
125.316976538861,-12.101289767671
125.403581008611,-11.9705521697944
125.490245329264,-11.8380409752755
125.576969542182,-11.7037061366888
125.663753688755,-11.567495519403
125.750597810402,-11.4293547878962
125.837501948572,-11.2892272845799
125.924466144741,-11.1470539005647
126.011490440413,-11.0027729377654
126.098574877122,-10.8563199616899
126.185719496432,-10.7076276442088
126.272924339932,-10.5566255955467
126.360189449244,-10.4032401846816
126.447514866016,-10.2473943472795
126.534900631924,-10.0890073802221
126.622346788676,-9.927994721736
126.709853378007,-9.76426771605208
126.797420441681,-9.59773336146896
126.885048021489,-9.42829404063031
126.972736159255,-9.25584723177121
127.060484896829,-9.08028519963523
127.148294276089,-8.90149466473591
127.236164338946,-8.71935644962092
127.324095127335,-8.53374510080311
127.412086683224,-8.34452848509043
127.500139048608,-8.15156735913792
127.588252265511,-7.95471491124736
127.676426375986,-7.75381627470506
127.764661422117,-7.54870801238669
127.852957446015,-7.3392175729509
127.941314489821,-7.1251627197941
128.029732595703,-6.90635093511635
128.118211805863,-6.68257880304129
128.206752162527,-6.45363137792999
128.295353707953,-6.21928154695816
128.384016484427,-5.97928940000188
128.472740534265,-5.73340162518781
128.561525899813,-5.4813509555991
128.650372623444,-5.2228557021522
128.739280747562,-4.95761942042796
128.8282503146,-4.68533077630161
128.91728136702,-4.40566369804322
129.006373947314,-4.11827793313974
129.095528098002,-3.82282016900847
129.184743861635,-3.51892593163206
129.274021280792,-3.20622254960189
129.363360398082,-2.88433356944048
129.452761256145,-2.55288513960806
129.542223897648,-2.2115150559627
129.631748365288,-1.85988539423475
129.721334701793,-1.49769996171258
129.810982949919,-1.12472819975482
129.900693152452,-0.740837679759409
129.990465352208,-0.346037971169937
130.080299592032,0.0594605836255151
130.170195914799,0.475168822278545
130.260154363413,0.900216306004672
130.350174980809,1.33321889681166
130.440257809951,1.77211132194628
130.530402893831,2.21394214722537
130.620610275473,2.65463466181116
130.710879997931,3.08872919388568
130.801212104286,3.50914286424273
130.891606637651,3.90701286635781
130.982063641169,4.2717251601059
131.072583158011,4.59125767503122
131.16316523138,4.85295719940879
131.253809904507,5.04478627440311
131.344517220654,5.1569056977064
131.435287223112,5.18324796927127
131.526119955204,5.12261079620694
131.617015460279,4.97888481229979
131.70797378172,4.76032985645524
131.798994962938,4.47816585706381
131.890079047375,4.14494028523155
131.981226078501,3.77309520074546
132.072436099818,3.37396743082989
132.163709154858,2.95725518323634
132.255045287182,2.53085956950816
132.346444540381,2.10096973224519
132.437906958079,1.67227454303699
132.529432583925,1.24821825627407
132.621021461604,0.831251228418905
132.712673634826,0.423051823640564
132.804389147334,0.0247113034142322
132.896168042902,-0.363117977850858
132.988010365332,-0.740106846669584
133.079916158457,-1.10616056926217
133.171885466141,-1.46135169182541
133.263918332277,-1.80586971713559
133.35601480079,-2.1399836996389
133.448174915635,-2.46401464162971
133.540398720797,-2.77831526748092
133.632686260289,-3.08325532117215
133.72503757816,-3.3792109815582
133.817452718483,-3.6665573372619
133.909931725367,-3.94566312804096
134.002474642949,-4.21688715973909
134.095081515395,-4.48057595037572
134.187752386904,-4.73706227760881
134.280487301705,-4.98666438196862
134.373286304057,-5.2296856431289
134.46614943825,-5.46641459337167
134.559076748604,-5.6971251674421
134.65206827947,-5.92207711413061
134.745124075231,-6.14151651446746
134.838244180298,-6.35567636602639
134.931428639114,-6.56477720375297
135.024677496154,-6.76902773588907
135.117990795922,-6.96862547967817
135.211368582953,-7.16375738606197
135.304810901813,-7.35460044598346
135.398317797099,-7.54132227340473
135.491889313439,-7.72408166201268
135.585525495492,-7.90302911393541
135.679226387946,-8.07830733978743
135.772992035522,-8.25005173006635
135.866822482971,-8.41839079842107
135.960717775076,-8.58344659766162
136.054677956649,-8.74533510960213
136.148703072534,-8.90416660996895
136.242793167607,-9.06004600968677
136.336948286773,-9.213073173884
136.43116847497,-9.36334321995305
136.525453777166,-9.51094679598185
136.619804238359,-9.65597034082559
136.71421990358,-9.79849632703283
136.808700817891,-9.93860348778904
136.903247026384,-10.0763670289682
136.997858574183,-10.2118588273233
137.092535506443,-10.345147615782
137.187277868349,-10.4762991567515
137.28208570512,-10.6053764042716
137.376959062003,-10.7324396558036
137.471897984279,-10.8575466943805
137.566902517258,-10.9807529217994
137.661972706284,-11.1021114834771
137.75710859673,-11.2216733855598
137.852310234001,-11.3394876048173
137.947577663534,-11.4556011918278
138.042910930796,-11.5700593679124
138.138310081287,-11.6829056162488
138.233775160538,-11.7941817675602
138.329306214111,-11.9039280807485
138.4249032876,-12.0121833188101
138.52056642663,-12.11898482035
138.616295676858,-12.2243685669881
138.712091083972,-12.3283692469251
138.807952693692,-12.4310203149231
138.90388055177,-12.5323540489304
138.999874703989,-12.6324016035693
139.095935196163,-12.7311930606849
139.192062074139,-12.8287574771447
139.288255383795,-12.9251229300581
139.384515171041,-13.0203165595804
139.480841481819,-13.1143646094502
139.577234362101,-13.2072924653964
139.673693857893,-13.2991246915501
139.770220015232,-13.3898850649769
139.866812880186,-13.4795966084464
139.963472498856,-13.56828162154
140.060198917375,-13.6559617101991
140.156992181906,-13.7426578148018
140.253852338646,-13.8283902368544
140.350779433822,-13.9131786643791
140.447773513696,-13.9970421960699
140.544834624558,-14.0799993642881
140.641962812733,-14.1620681569622
140.739158124577,-14.2432660384539
140.836420606478,-14.3236099694458
140.933750304856,-14.4031164259061
141.031147266163,-14.48180141718
141.128611536883,-14.5596805032548
141.226143163533,-14.6367688112428
141.323742192662,-14.7130810511249
141.42140867085,-14.7886315307912
141.51914264471,-14.8634341704189
141.616944160888,-14.9375025162186
141.71481326606,-15.010849753584
141.812750006936,-15.0834887196738
141.910754430258,-15.1554319154564
142.008826582801,-15.2266915172416
142.10696651137,-15.2972793877286
142.205174262805,-15.3672070865915
142.303449883977,-15.4364858806258
142.40179342179,-15.5051267534778
142.50020492318,-15.573140414977
142.598684435114,-15.6405373100902
142.697232004595,-15.7073276275154
142.795847678655,-15.7735213079335
142.894531504361,-15.8391280519326
142.993283528811,-15.9041573276206
143.092103799136,-15.9686183779422
143.190992362499,-16.0325202277102
143.289949266098,-16.0958716903686
143.388974557159,-16.1586813744966
143.488068282946,-16.220957690066
143.587230490752,-16.2827088544634
143.686461227903,-16.3439428982878
143.78576054176,-16.4046676709323
143.885128479715,-16.4648908459612
143.984565089192,-16.5246199262895
144.084070417649,-16.5838622491754
144.183644512577,-16.6426249910316
144.283287421499,-16.7009151720648
144.382999191972,-16.7587396607502
144.482779871584,-16.8161051781479
144.582629507957,-16.8730183020675
144.682548148747,-16.9294854710878
144.782535841641,-16.9855129884372
144.882592634359,-17.0411070257405
144.982718574657,-17.0962736266383
145.082913710319,-17.1510187102823
145.183178089166,-17.2053480747137
145.283511759052,-17.2592674001284
145.383914767861,-17.3127822520327
145.484387163512,-17.3658980842953
145.584928993959,-17.4186202420987
145.685540307185,-17.4709539647943
145.78622115121,-17.5229043886647
145.886971574085,-17.5744765495972
145.987791623895,-17.6256753856707
146.088681348757,-17.6765057396614
146.189640796824,-17.7269723614687
146.290670016279,-17.7770799104641
146.39176905534,-17.8268329577675
146.492937962259,-17.8762359884525
146.594176785321,-17.9252934036833
146.695485572842,-17.9740095227858
146.796864373174,-18.0223885852567
146.898313234702,-18.0704347527094
146.999832205845,-18.1181521107636
147.101421335053,-18.1655446708763
147.203080670812,-18.2126163721191
147.30481026164,-18.259371082903
147.406610156089,-18.3058126026515
147.508480402745,-18.3519446634253
147.610421050228,-18.3977709314995
147.71243214719,-18.4432950088952
147.814513742317,-18.4885204348664
147.91666588433,-18.5334506873449
148.018888621983,-18.5780891843439
148.121182004062,-18.6224392853218
148.22354607939,-18.666504292507
148.325980896821,-18.7102874521864
148.428486505243,-18.7537919559579
148.531062953579,-18.797020941947
148.633710290786,-18.8399774959919
148.736428565854,-18.8826646527938
148.839217827806,-18.9250853970377
148.9420781257,-18.9672426644816
149.045009508629,-19.009139343017
149.148012025717,-19.0507782737004
149.251085726125,-19.0921622517577
149.354230659046,-19.1332940275614
149.457446873708,-19.1741763075826
149.560734419372,-19.2148117553172
149.664093345334,-19.2552029921887
149.767523700923,-19.2953525984269
149.871025535504,-19.3352631139237
149.974598898475,-19.3749370390676
150.078243839267,-19.4143768355566
150.181960407347,-19.4535849271891
150.285748652215,-19.492563700637
150.389608623406,-19.531315506197
150.493540370488,-19.5698426585249
150.597543943066,-19.6081474373499
150.701619390775,-19.6462320881724
150.805766763288,-19.684098822944
150.909986110312,-19.7217498207305
151.014277481585,-19.7591872283592
151.118640926884,-19.7964131610498
151.223076496017,-19.8334297030306
151.327584238828,-19.8702389081393
151.432164205194,-19.9068428004093
151.536816445029,-19.9432433746429
151.641541008279,-19.979442596969
151.746337944926,-20.0154424053898
151.851207304986,-20.0512447103129
151.956149138509,-20.0868513950714
152.061163495581,-20.1222643164322
152.166250426322,-20.157485305092
152.271409980885,-20.192516166162
152.376642209461,-20.2273586796412
152.481947162272,-20.2620146008793
152.587324889578,-20.2964856610286
152.692775441671,-20.3307735674856
152.79829886888,-20.3648800043229
152.903895221567,-20.398806632711
153.00956455013,-20.4325550913309
153.115306905001,-20.4661269967775
153.221122336648,-20.4995239439535
153.327010895573,-20.5327475064554
153.432972632312,-20.5657992369503
153.539007597439,-20.5986806675444
153.645115841559,-20.6313933101444
153.751297415314,-20.6639386568096
153.857552369382,-20.6963181800974
153.963880754474,-20.728533333401
154.070282621338,-20.7605855512799
154.176758020755,-20.7924762497829
154.283307003542,-20.8242068267652
154.389929620552,-20.8557786621976
154.496625922672,-20.8871931184699
154.603395960825,-20.9184515406878
154.710239785968,-20.9495552569635
154.817157449095,-20.9805055786999
154.924149001232,-21.0113038008696
155.031214493445,-21.0419512022874
155.138353976832,-21.0724490458778
155.245567502526,-21.1027985789364
155.352855121698,-21.1330010333865
155.460216885551,-21.1630576260301
155.567652845327,-21.192969558794
155.6751630523,-21.2227380189707
155.782747557782,-21.2523641794549
155.890406413119,-21.2818491989744
155.998139669694,-21.3111942223177
156.105947378922,-21.3404003805555
156.213829592259,-21.3694687912594
156.321786361191,-21.398400558715
156.429817737243,-21.4271967741313
156.537923771976,-21.4558585158464
156.646104516983,-21.4843868495282
156.754360023897,-21.5127828283724
156.862690344384,-21.5410474932958
156.971095530147,-21.5691818731259
157.079575632923,-21.5971869847874
157.188130704486,-21.6250638334847
157.296760796646,-21.652813412881
157.40546596125,-21.6804367052742
157.514246250177,-21.7079346817689
157.623101715345,-21.735308302446
157.732032408707,-21.7625585165283
157.841038382253,-21.7896862625437
157.950119688006,-21.8166924684848
158.059276378028,-21.8435780519656
158.168508504416,-21.870343920376
158.277816119302,-21.8969909710323
158.387199274856,-21.9235200913259
158.496658023281,-21.9499321588688
158.60619241682,-21.9762280416364
158.715802507749,-22.0024085981084
158.825488348381,-22.0284746774058
158.935249991067,-22.054427119427
159.04508748819,-22.0802667549801
159.155000892173,-22.105994405914
159.264990255475,-22.1316108852458
159.375055630589,-22.1571169972877
159.485197070045,-22.1825135377695
159.595414626411,-22.2078012939614
159.705708352289,-22.2329810447919
159.81607830032,-22.2580535609665
159.926524523178,-22.2830196050817
160.037047073577,-22.3078799317388
160.147646004265,-22.3326352876551
160.258321368026,-22.357286411773
160.369073217684,-22.3818340353676
160.479901606095,-22.4062788821523
160.590806586154,-22.430621668382
160.701788210794,-22.454863102956
160.81284653298,-22.4790038875176
160.923981605719,-22.5030447165529
161.03519348205,-22.5269862774874
161.146482215052,-22.5508292507818
161.257847857839,-22.5745743100251
161.369290463562,-22.598222122027
161.480810085408,-22.6217733469084
161.592406776603,-22.6452286381904
161.704080590408,-22.6685886428819
161.81583158012,-22.6918540015657
161.927659799076,-22.7150253484831
162.039565300645,-22.7381033116177
162.151548138239,-22.7610885127766
162.263608365301,-22.7839815676717
162.375746035315,-22.8067830859985
162.4879612018,-22.8294936715147
162.600253918312,-22.8521139221162
162.712624238446,-22.8746444299134
162.825072215831,-22.8970857813049
162.937597904136,-22.9194385570512
163.050201357065,-22.9417033323462
163.162882628359,-22.9638806768881
163.275641771799,-22.9859711549494
163.388478841199,-23.0079753254453
163.501393890414,-23.0298937420009
163.614386973334,-23.0517269530183
163.727458143886,-23.0734755017417
163.840607456037,-23.0951399263216
163.953834963787,-23.1167207598785
164.067140721177,-23.1382185305653
164.180524782284,-23.1596337616286
164.293987201222,-23.1809669714692
164.407528032143,-23.2022186737019
164.521147329236,-23.2233893772139
164.634845146727,-23.2444795862228
164.748621538882,-23.2654898003335
164.862476560002,-23.2864205145938
164.976410264425,-23.3072722195501
165.090422706529,-23.3280454013016
165.204513940727,-23.3487405415536
165.318684021473,-23.3693581176707
165.432933003254,-23.3898986027281
165.547260940599,-23.4103624655634
165.661667888072,-23.4307501708265
165.776153900276,-23.4510621790299
165.890719031851,-23.4712989465966
166.005363337475,-23.4914609259095
166.120086871865,-23.5115485653581
166.234889689773,-23.5315623093854
166.349771845992,-23.5515025985344
166.46473339535,-23.5713698694932
166.579774392715,-23.5911645551398
166.694894892993,-23.6108870845865
166.810094951125,-23.6305378832232
166.925374622094,-23.6501173727602
167.040733960919,-23.6696259712708
167.156173022656,-23.6890640932324
167.271691862401,-23.7084321495685
167.387290535287,-23.7277305476879
167.502969096485,-23.7469596915257
167.618727601205,-23.7661199815823
167.734566104695,-23.7852118149619
167.85048466224,-23.8042355854112
167.966483329164,-23.8231916833566
168.08256216083,-23.8420804959418
168.198721212638,-23.8609024070645
168.314960540027,-23.879657797412
168.431280198474,-23.8983470444975
168.547680243495,-23.9169705226948
168.664160730642,-23.9355286032733
168.78072171551,-23.9540216544318
168.897363253727,-23.9724500413328
169.014085400964,-23.990814126135
169.130888212927,-24.0091142680269
169.247771745363,-24.0273508232586
169.364736054056,-24.0455241451739
169.48178119483,-24.0636345842418
169.598907223546,-24.0816824880877
169.716114196105,-24.0996682015239
169.833402168445,-24.1175920665796
169.950771196544,-24.1354544225313
170.068221336418,-24.1532556059317
170.185752644123,-24.1709959506392
170.303365175752,-24.1886757878459
170.421058987437,-24.2062954461068
170.53883413535,-24.2238552513669
170.656690675701,-24.2413555269889
170.774628664739,-24.2587965937807
170.892648158752,-24.2761787700221
171.010749214066,-24.293502371491
171.128931887047,-24.3107677114896
171.2471962341,-24.3279751008706
171.365542311668,-24.3451248480621
171.483970176234,-24.3622172590929
171.60247988432,-24.3792526376175
171.721071492485,-24.3962312849403
171.839745057331,-24.4131535000398
171.958500635496,-24.4300195795927
172.077338283657,-24.4468298179971
172.196258058533,-24.4635845073959
172.315260016879,-24.4802839376999
172.434344215491,-24.4969283966102
172.553510711204,-24.5135181696406
172.672759560893,-24.5300535401399
172.79209082147,-24.5465347893135
172.911504549888,-24.562962196245
173.03100080314,-24.5793360379176
173.150579638258,-24.5956565892349
173.270241112311,-24.6119241230418
173.38998528241,-24.6281389101447
173.509812205706,-24.6443012193322
173.629721939388,-24.6604113173946
173.749714540683,-24.676469469144
173.869790066862,-24.6924759374335
173.989948575232,-24.7084309831767
174.110190123141,-24.7243348653666
174.230514767975,-24.7401878410943
174.350922567162,-24.7559901655676
174.471413578168,-24.7717420921295
174.5919878585,-24.787443872276
174.712645465703,-24.8030957556743
174.833386457364,-24.8186979901802
174.954210891107,-24.8342508218558
175.075118824599,-24.8497544949866
175.196110315545,-24.8652092520983
175.31718542169,-24.8806153339743
175.438344200819,-24.8959729796717
175.559586710757,-24.911282426538
175.680913009368,-24.9265439102274
175.802323154559,-24.9417576647166
175.923817204273,-24.9569239223211
176.045395216496,-24.9720429137104
176.167057249254,-24.9871148679237
176.28880336061,-25.0021400123853
176.410633608671,-25.0171185729195
176.532548051581,-25.0320507737658
176.654546747528,-25.0469368375935
176.776629754735,-25.0617769855164
176.898797131471,-25.0765714371072
177.02104893604,-25.0913204104116
177.143385226789,-25.106024121963
177.265806062107,-25.1206827867956
177.388311500419,-25.1352966184588
177.510901600194,-25.1498658290306
177.63357641994,-25.164390629131
177.756336018205,-25.1788712279356
177.879180453578,-25.1933078331884
178.002109784689,-25.2077006512152
178.125124070208,-25.2220498869359
178.248223368846,-25.236355743878
178.371407739353,-25.2506184241883
178.494677240521,-25.2648381286463
178.618031931183,-25.2790150566756
178.741471870212,-25.2931494063565
178.864997116521,-25.307241374438
178.988607729066,-25.3212911563498
179.11230376684,-25.3352989462138
179.23608528888,-25.3492649368557
179.359952354263,-25.3631893198168
179.483905022107,-25.3770722853651
179.607943351569,-25.3909140225068
179.732067401849,-25.404714718997
179.856277232188,-25.4184745613512
179.980572901866,-25.4321937348559
180.104954470206,-25.4458724235793
180.229421996571,-25.459510810382
180.353975540365,-25.4731090769277
180.478615161032,-25.4866674036935
180.60334091806,-25.5001859699799
180.728152870976,-25.5136649539216
180.853051079349,-25.5271045324969
180.978035602787,-25.5405048815384
181.103106500942,-25.553866175742
181.228263833507,-25.5671885886775
181.353507660214,-25.5804722927976
181.478838040838,-25.5937174594478
181.604255035195,-25.6069242588759
181.729758703142,-25.6200928602409
181.855349104579,-25.6332234316229
181.981026299444,-25.6463161400316
182.106790347721,-25.6593711514157
182.23264130943,-25.672388630672
182.358579244638,-25.6853687416539
182.48460421345,-25.6983116471804
182.610716276013,-25.7112175090445
182.736915492517,-25.7240864880223
182.863201923191,-25.7369187438809
182.989575628309,-25.7497144353874
183.116036668185,-25.7624737203168
183.242585103172,-25.7751967554601
183.369220993671,-25.787883696633
183.495944400118,-25.8005346986837
183.622755382995,-25.8131499155005
183.749654002825,-25.8257295000204
183.876640320172,-25.8382736042365
184.003714395642,-25.8507823792055
184.130876289883,-25.8632559750561
184.258126063587,-25.8756945409958
184.385463777483,-25.8880982253189
184.512889492348,-25.9004671754138
184.640403268996,-25.9128015377701
184.768005168285,-25.9251014579864
184.895695251117,-25.9373670807771
185.023473578432,-25.9495985499794
185.151340211215,-25.961796008561
185.279295210493,-25.9739595986264
185.407338637334,-25.9860894614241
185.535470552849,-25.9981857373537
185.663691018192,-26.0102485659721
185.792000094556,-26.0222780860007
185.920397843181,-26.0342744353321
186.048884325345,-26.0462377510362
186.177459602372,-26.0581681693669
186.306123735625,-26.0700658257691
186.434876786513,-26.081930854884
186.563718816483,-26.0937633905567
186.692649887029,-26.1055635658414
186.821670059685,-26.1173315130081
186.950779396027,-26.1290673635487
187.079977957676,-26.140771248183
187.209265806293,-26.1524432968648
187.338643003584,-26.1640836387879
187.468109611295,-26.1756924023918
187.597665691216,-26.1872697153676
187.727311305181,-26.1988157046642
187.857046515064,-26.2103304964933
187.986871382784,-26.2218142163358
188.116785970303,-26.2332669889468
188.246790339623,-26.2446889383619
188.376884552792,-26.2560801879019
188.5070686719,-26.2674408601789
188.637342759078,-26.2787710771013
188.767706876502,-26.2900709598795
188.898161086391,-26.301340629031
189.028705451005,-26.3125802043856
189.15934003265,-26.3237898050909
189.290064893673,-26.3349695496172
189.420880096464,-26.3461195557626
189.551785703457,-26.3572399406583
189.68278177713,-26.3683308207734
189.813868380001,-26.3793923119198
189.945045574634,-26.3904245292577
190.076313423636,-26.4014275872995
190.207671989656,-26.4124015999156
190.339121335388,-26.4233466803386
190.470661523567,-26.434262941168
190.602292616974,-26.4451504943755
190.734014678431,-26.456009451309
190.865827770805,-26.4668399226975
190.997731957006,-26.4776420186556
191.129727299988,-26.4884158486882
191.261813862746,-26.4991615216947
191.393991708323,-26.5098791459738
191.526260899801,-26.5205688292273
191.658621500309,-26.5312306785653
191.791073573017,-26.5418648005099
191.923617181141,-26.5524713009995
192.056252387938,-26.5630502853935
192.188979256713,-26.573601858476
192.32179785081,-26.5841261244603
192.454708233619,-26.594623186993
192.587710468574,-26.6050931491577
192.720804619153,-26.6155361134796
192.853990748877,-26.6259521819293
192.987268921311,-26.6363414559268
193.120639200064,-26.6467040363451
193.254101648789,-26.6570400235149
193.387656331184,-26.6673495172276
193.52130331099,-26.6776326167397
193.655042651992,-26.6878894207767
193.788874418019,-26.6981200275362
193.922798672944,-26.7083245346924
194.056815480686,-26.7185030393993
194.190924905205,-26.7286556382948
194.325127010508,-26.7387824275038
194.459421860645,-26.7488835026423
194.59380951971,-26.7589589588208
194.728290051842,-26.7690088906478
194.862863521224,-26.7790333922333
194.997529992084,-26.7890325571926
195.132289528693,-26.7990064786492
195.267142195367,-26.8089552492386
195.402088056467,-26.8188789611118
195.537127176398,-26.8287777059384
195.672259619609,-26.8386515749099
195.807485450596,-26.8485006587433
195.942804733896,-26.8583250476841
196.078217534093,-26.8681248315099
196.213723915815,-26.8779000995331
196.349323943735,-26.8876509406045
196.485017682569,-26.8973774431166
196.62080519708,-26.907079695006
196.756686552075,-26.9167577837575
196.892661812405,-26.9264117964064
197.028731042967,-26.9360418195421
197.164894308702,-26.9456479393106
197.301151674596,-26.955230241418
197.43750320568,-26.9647888111334
197.57394896703,-26.9743237332916
197.710489023767,-26.9838350922962
197.847123441058,-26.9933229721224
197.983852284112,-27.0027874563203
198.120675618186,-27.0122286280171
198.257593508582,-27.0216465699204
198.394606020646,-27.031041364321
198.531713219768,-27.0404130930955
198.668915171386,-27.049761837709
198.806211940982,-27.0590876792183
198.943603594082,-27.0683906982741
199.081090196259,-27.0776709751239
199.218671813131,-27.0869285896147
199.356348510362,-27.0961636211958
199.494120353658,-27.105376148921
199.631987408774,-27.1145662514517
199.76994974151,-27.1237340070592
199.908007417711,-27.1328794936272
200.046160503266,-27.1420027886547
200.184409064111,-27.1511039692581
200.322753166228,-27.160183112174
200.461192875643,-27.1692402937616
200.59972825843,-27.1782755900052
200.738359380706,-27.1872890765164
200.877086308636,-27.196280828537
201.01590910843,-27.2052509209408
201.154827846341,-27.2141994282366
201.293842588673,-27.22312642457
201.432953401772,-27.2320319837264
201.57216035203,-27.2409161791324
201.711463505887,-27.2497790838592
201.850862929828,-27.258620770624
201.990358690382,-27.2674413117927
202.129950854127,-27.2762407793821
202.269639487686,-27.2850192450621
202.409424657726,-27.2937767801578
202.549306430963,-27.3025134556519
202.689284874157,-27.3112293421869
202.829360054116,-27.319924510067
202.969532037693,-27.3285990292605
203.109800891786,-27.3372529694018
203.250166683342,-27.3458863997936
203.390629479353,-27.3544993894088
203.531189346857,-27.363092006893
203.671846352937,-27.371664320566
203.812600564726,-27.3802163984244
203.953452049399,-27.3887483081432
204.094400874182,-27.397260117078
204.235447106344,-27.4057518922671
204.376590813201,-27.4142237004332
204.517832062117,-27.4226756079858
204.659170920502,-27.4311076810227
204.800607455811,-27.439519985332
204.942141735548,-27.4479125863945
205.083773827263,-27.4562855493851
205.22550379855,-27.4646389391747
205.367331717054,-27.4729728203325
205.509257650464,-27.4812872571274
205.651281666516,-27.4895823135301
205.793403832994,-27.4978580532151
205.935624217728,-27.506114539562
206.077942888595,-27.5143518356577
206.220359913519,-27.5225700042982
206.36287536047,-27.5307691079902
206.505489297467,-27.538949208953
206.648201792574,-27.5471103691202
206.791012913903,-27.5552526501414
206.933922729613,-27.563376113384
207.07693130791,-27.5714808199351
207.220038717048,-27.5795668306025
207.363245025326,-27.5876342059174
207.506550301093,-27.5956830061351
207.649954612742,-27.6037132912375
207.793458028716,-27.6117251209341
207.937060617505,-27.6197185546639
208.080762447645,-27.6276936515973
208.22456358772,-27.635650470637
208.368464106361,-27.6435890704205
208.512464072247,-27.6515095093208
208.656563554106,-27.6594118454488
208.800762620709,-27.667296136654
208.94506134088,-27.675162440527
209.089459783487,-27.6830108144003
209.233958017445,-27.69084131535
209.378556111721,-27.6986540001977
209.523254135324,-27.7064489255115
209.668052157315,-27.7142261476077
209.812950246801,-27.7219857225525
209.957948472937,-27.7297277061631
210.103046904926,-27.7374521540093
210.248245612018,-27.7451591214152
210.393544663512,-27.7528486634603
210.538944128753,-27.7605208349811
210.684444077137,-27.7681756905723
210.830044578106,-27.7758132845887
210.975745701149,-27.7834336711461
211.121547515806,-27.7910369041231
211.267450091661,-27.7986230371619
211.413453498351,-27.8061921236703
211.559557805556,-27.8137442168229
211.705763083008,-27.8212793695621
211.852069400487,-27.8287976345998
211.998476827817,-27.8362990644186
212.144985434876,-27.8437837112733
212.291595291587,-27.8512516271918
212.438306467921,-27.8587028639768
212.585119033899,-27.8661374732069
212.73203305959,-27.873555506238
212.879048615111,-27.8809570142045
213.026165770627,-27.8883420480206
213.173384596352,-27.8957106583814
213.320705162549,-27.9030628957644
213.46812753953,-27.9103988104305
213.615651797653,-27.9177184524256
213.763278007327,-27.9250218715813
213.91100623901,-27.9323091175165
214.058836563206,-27.9395802396385
214.206769050471,-27.9468352871441
214.354803771408,-27.9540743090211
214.502940796668,-27.9612973540488
214.651180196952,-27.9685044708002
214.799522043011,-27.975695707642
214.947966405642,-27.9828711127368
215.096513355693,-27.9900307340436
215.24516296406,-27.997174619319
215.39391530169,-28.0043028161186
215.542770439575,-28.011415371798
215.691728448761,-28.0185123335137
215.84078940034,-28.0255937482247
215.989953365453,-28.0326596626929
216.139220415291,-28.0397101234849
216.288590621094,-28.0467451769726
216.438064054153,-28.0537648693346
216.587640785805,-28.0607692465569
216.737320887438,-28.0677583544343
216.88710443049,-28.0747322385714
217.036991486447,-28.0816909443833
217.186982126846,-28.0886345170972
217.337076423271,-28.0955630017531
217.487274447359,-28.1024764432047
217.637576270792,-28.1093748861207
217.787981965305,-28.1162583749858
217.938491602683,-28.1231269541014
218.089105254757,-28.1299806675869
218.239822993411,-28.1368195593807
218.390644890577,-28.1436436732409
218.541571018238,-28.1504530527466
218.692601448425,-28.1572477412986
218.843736253221,-28.1640277821206
218.994975504756,-28.1707932182599
219.146319275212,-28.1775440925888
219.297767636821,-28.1842804478048
219.449320661863,-28.1910023264325
219.60097842267,-28.1977097708235
219.752740991622,-28.2044028231582
219.904608441152,-28.2110815254462
220.05658084374,-28.2177459195275
220.208658271918,-28.2243960470732
220.360840798267,-28.2310319495864
220.513128495418,-28.2376536684034
220.665521436053,-28.2442612446941
220.818019692905,-28.2508547194633
220.970623338756,-28.2574341335516
221.123332446438,-28.2639995276357
221.276147088834,-28.27055094223
221.429067338877,-28.277088417687
221.582093269552,-28.2836119941983
221.735224953892,-28.2901217117955
221.888462464981,-28.2966176103508
222.041805875956,-28.3030997295782
222.195255260001,-28.309568109034
222.348810690353,-28.3160227881179
222.502472240298,-28.3224638060737
222.656239983175,-28.3288912019898
222.81011399237,-28.3353050148008
222.964094341324,-28.3417052832876
223.118181103526,-28.3480920460782
223.272374352516,-28.3544653416492
223.426674161885,-28.3608252083257
223.581080605276,-28.3671716842827
223.735593756381,-28.3735048075455
223.890213688945,-28.379824615991
224.044940476762,-28.3861311473478
224.199774193678,-28.3924244391973
224.354714913591,-28.3987045289746
224.509762710447,-28.404971453969
224.664917658247,-28.4112252513249
224.82017983104,-28.4174659580424
224.975549302928,-28.4236936109783
225.131026148063,-28.4299082468466
225.28661044065,-28.4361099022191
225.442302254943,-28.4422986135266
225.598101665249,-28.4484744170593
225.754008745925,-28.4546373489674
225.910023571381,-28.4607874452622
226.066146216078,-28.4669247418163
226.222376754528,-28.473049274365
226.378715261294,-28.4791610785062
226.53516181099,-28.4852601897017
226.691716478285,-28.4913466432776
226.848379337896,-28.497420474425
227.005150464593,-28.5034817182009
227.162029933198,-28.5095304095286
227.319017818584,-28.5155665831984
227.476114195675,-28.5215902738686
227.63331913945,-28.5276015160657
227.790632724935,-28.5336003441855
227.948055027213,-28.5395867924932
228.105586121415,-28.5455608951248
228.263226082725,-28.551522686087
228.42097498638,-28.5574721992584
228.578832907668,-28.5634094683898
228.73679992193,-28.5693345271051
228.894876104557,-28.5752474089015
229.053061530994,-28.5811481471507
229.211356276737,-28.5870367750992
229.369760417336,-28.5929133258688
229.528274028391,-28.5987778324576
229.686897185556,-28.6046303277401
229.845629964535,-28.6104708444685
230.004472441088,-28.6162994152725
230.163424691023,-28.6221160726606
230.322486790204,-28.6279208490202
230.481658814546,-28.6337137766185
230.640940840015,-28.639494887603
230.800332942632,-28.645264214002
230.959835198469,-28.6510217877253
231.119447683652,-28.6567676405647
231.279170474358,-28.6625018041948
231.439003646817,-28.6682243101731
231.598947277313,-28.673935189941
231.759001442181,-28.6796344748242
231.919166217809,-28.6853221960333
232.079441680639,-28.6909983846643
232.239827907165,-28.6966630716992
232.400324973933,-28.7023162880067
232.560932957545,-28.7079580643423
232.721651934651,-28.7135884313493
232.882481981959,-28.7192074195593
233.043423176227,-28.7248150593924
233.204475594266,-28.7304113811581
233.365639312942,-28.7359964150556
233.526914409172,-28.7415701911745
233.688300959929,-28.7471327394952
233.849799042235,-28.7526840898895
234.011408733169,-28.758224272121
234.173130109862,-28.7637533158458
234.334963249498,-28.7692712506129
234.496908229314,-28.7747781058646
234.658965126601,-28.7802739109374
234.821134018703,-28.7857586950619
234.983414983019,-28.7912324873638
235.145808096999,-28.7966953168645
235.308313438148,-28.8021472124808
235.470931084025,-28.8075882030263
235.633661112241,-28.8130183172114
235.796503600462,-28.8184375836439
235.959458626408,-28.8238460308296
236.12252626785,-28.8292436871725
236.285706602616,-28.8346305809755
236.448999708587,-28.8400067404409
236.612405663696,-28.8453721936706
236.775924545932,-28.8507269686669
236.939556433337,-28.8560710933329
237.103301404007,-28.8614045954728
237.267159536091,-28.8667275027923
237.431130907795,-28.8720398428995
237.595215597375,-28.8773416433049
237.759413683143,-28.8826329314221
237.923725243467,-28.887913734568
238.088150356766,-28.8931840799637
238.252689101516,-28.8984439947344
238.417341556244,-28.9036935059102
238.582107799534,-28.9089326404267
238.746987910023,-28.9141614251247
238.911981966402,-28.9193798867515
239.07709004742,-28.9245880519608
239.242312231874,-28.9297859473134
239.407648598621,-28.9349735992773
239.57309922657,-28.9401510342287
239.738664194685,-28.9453182784517
239.904343581985,-28.9504753581392
240.070137467543,-28.9556222993933
240.236045930486,-28.9607591282256
240.402069049997,-28.9658858705574
240.568206905314,-28.9710025522207
240.734459575728,-28.976109198958
240.900827140586,-28.981205836423
241.067309679291,-28.986292490181
241.233907271297,-28.9913691857093
241.400619996117,-28.9964359483975
241.567447933317,-29.001492803548
241.734391162519,-29.0065397763762
241.901449763398,-29.0115768920113
242.068623815687,-29.0166041754963
242.235913399172,-29.0216216517884
242.403318593694,-29.0266293457599
242.57083947915,-29.0316272821978
242.738476135493,-29.0366154858047
242.90622864273,-29.0415939811991
243.074097080923,-29.0465627929158
243.24208153019,-29.051521945406
243.410182070705,-29.0564714630382
243.578398782696,-29.0614113700978
243.746731746448,-29.0663416907885
243.9151810423,-29.0712624492316
244.083746750647,-29.076173669467
244.25242895194,-29.0810753754536
244.421227726686,-29.0859675910692
244.590143155446,-29.0908503401114
244.759175318838,-29.0957236462975
244.928324297536,-29.1005875332652
245.097590172268,-29.1054420245727
245.266973023819,-29.1102871436991
245.43647293303,-29.115122914045
245.606089980798,-29.1199493589325
245.775824248075,-29.1247665016057
245.94567581587,-29.1295743652312
246.115644765247,-29.1343729728981
246.285731177327,-29.1391623476185
246.455935133285,-29.1439425123281
246.626256714355,-29.148713489886
246.796696001826,-29.1534753030755
246.967253077042,-29.1582279746043
247.137928021404,-29.1629715271047
247.30872091637,-29.1677059831339
247.479631843454,-29.1724313651748
247.650660884225,-29.1771476956357
247.82180812031,-29.1818549968509
247.993073633392,-29.1865532910811
248.16445750521,-29.1912426005137
248.33595981756,-29.1959229472628
248.507580652294,-29.2005943533701
248.67932009132,-29.2052568408046
248.851178216606,-29.2099104314634
249.023155110171,-29.2145551471718
249.195250854096,-29.2191910096834
249.367465530515,-29.2238180406809
249.539799221622,-29.228436261776
249.712252009664,-29.2330456945099
249.884823976949,-29.2376463603534
250.057515205838,-29.2422382807075
250.230325778751,-29.2468214769034
250.403255778166,-29.2513959702032
250.576305286615,-29.2559617817996
250.74947438669,-29.2605189328169
250.922763161038,-29.2650674443105
251.096171692364,-29.2696073372679
251.26970006343,-29.2741386326087
251.443348357056,-29.2786613511848
251.617116656117,-29.2831755137809
251.791005043549,-29.2876811411145
251.965013602341,-29.2921782538365
252.139142415542,-29.2966668725313
252.313391566257,-29.3011470177171
252.487761137652,-29.3056187098462
252.662251212945,-29.3100819693052
252.836861875415,-29.3145368164155
253.011593208398,-29.3189832714333
253.186445295287,-29.3234213545501
253.361418219534,-29.3278510858929
253.536512064646,-29.3322724855242
253.711726914191,-29.3366855734428
253.887062851793,-29.3410903695836
254.062519961133,-29.3454868938182
254.238098325951,-29.3498751659548
254.413798030045,-29.3542552057389
254.58961915727,-29.3586270328532
254.765561791541,-29.3629906669181
254.941626016827,-29.3673461274918
255.11781191716,-29.3716934340706
255.294119576626,-29.3760326060891
255.470549079372,-29.3803636629208
255.6471005096,-29.3846866238778
255.823773951573,-29.3890015082116
256.000569489612,-29.3933083351128
256.177487208095,-29.3976071237118
256.354527191458,-29.401897893079
256.531689524198,-29.4061806622247
256.708974290867,-29.4104554500998
256.886381576078,-29.4147222755957
257.063911464501,-29.4189811575447
257.241564040865,-29.4232321147203
257.419339389958,-29.4274751658372
257.597237596627,-29.4317103295519
257.775258745775,-29.4359376244625
257.953402922366,-29.4401570691094
258.131670211422,-29.4443686819753
258.310060698026,-29.4485724814852
258.488574467315,-29.4527684860071
258.66721160449,-29.4569567138521
258.845972194806,-29.4611371832742
259.024856323582,-29.4653099124714
259.203864076191,-29.4694749195848
259.382995538069,-29.4736322227
259.562250794709,-29.4777818398464
259.741629931663,-29.4819237889979
259.921133034544,-29.486058088073
260.100760189021,-29.4901847549352
260.280511480824,-29.4943038073927
260.460386995744,-29.4984152631994
260.640386819629,-29.5025191400544
260.820511038385,-29.5066154556027
261.000759737982,-29.5107042274352
261.181133004444,-29.5147854730888
261.361630923859,-29.5188592100471
261.542253582372,-29.5229254557399
261.723001066188,-29.5269842275442
261.903873461571,-29.5310355427837
262.084870854846,-29.5350794187294
262.265993332397,-29.5391158725999
262.447240980668,-29.5431449215614
262.628613886162,-29.5471665827277
262.810112135442,-29.551180873161
262.991735815131,-29.5551878098716
263.173485011912,-29.5591874098183
263.355359812528,-29.5631796899086
263.537360303781,-29.5671646669989
263.719486572535,-29.5711423578946
263.901738705711,-29.5751127793506
264.084116790293,-29.5790759480709
264.266620913324,-29.5830318807097
264.449251161907,-29.5869805938706
264.632007623204,-29.5909221041077
264.81489038444,-29.594856427925
264.997899532898,-29.5987835817773
265.181035155922,-29.6027035820698
265.364297340918,-29.6066164451589
265.547686175348,-29.6105221873516
265.73120174674,-29.6144208249067
265.914844142679,-29.6183123740339
266.09861345081,-29.6221968508949
266.282509758842,-29.6260742716031
266.466533154541,-29.6299446522239
266.650683725736,-29.6338080087749
266.834961560316,-29.637664357226
267.019366746229,-29.6415137134999
267.203899371487,-29.6453560934718
267.388559524161,-29.64919151297
267.573347292382,-29.6530199877757
267.758262764344,-29.6568415336238
267.943306028301,-29.6606561662022
268.128477172568,-29.6644639011528
268.31377628552,-29.6682647540712
268.499203455594,-29.672058740507
268.684758771289,-29.6758458759641
268.870442321165,-29.6796261759007
269.05625419384,-29.6833996557296
269.242194477998,-29.6871663308182
269.428263262381,-29.6909262164889
269.614460635794,-29.6946793280192
269.800786687103,-29.6984256806416
269.987241505233,-29.7021652895444
270.173825179175,-29.7058981698712
270.360537797978,-29.7096243367213
270.547379450754,-29.7133438051503
270.734350226676,-29.7170565901695
270.921450214979,-29.7207627067466
271.108679504959,-29.7244621698057
271.296038185975,-29.7281549942275
271.483526347446,-29.7318411948496
271.671144078855,-29.7355207864663
271.858891469745,-29.7391937838291
272.046768609722,-29.7428602016466
272.234775588452,-29.7465200545851
272.422912495666,-29.7501733572681
272.611179421155,-29.7538201242773
272.799576454772,-29.7574603701517
272.988103686433,-29.7610941093889
273.176761206115,-29.7647213564443
273.365549103858,-29.7683421257319
273.554467469765,-29.7719564316242
273.743516394,-29.7755642884523
273.93269596679,-29.7791657105061
274.122006278422,-29.7827607120345
274.31144741925,-29.7863493072458
274.501019479687,-29.7899315103071
274.690722550209,-29.7935073353454
274.880556721355,-29.7970767964471
275.070522083726,-29.8006399076584
275.260618727988,-29.8041966829852
275.450846744865,-29.8077471363938
275.641206225148,-29.8112912818103
275.831697259689,-29.8148291331216
276.022319939403,-29.8183607041746
276.213074355268,-29.8218860087773
276.403960598324,-29.8254050606981
276.594978759675,-29.8289178736666
276.786128930487,-29.8324244613733
276.97741120199,-29.83592483747
277.168825665477,-29.8394190155699
277.360372412302,-29.8429070092477
277.552051533886,-29.8463888320395
277.74386312171,-29.8498644974436
277.935807267319,-29.8533340189199
278.127884062321,-29.8567974098906
278.320093598389,-29.8602546837398
278.512435967258,-29.8637058538144
278.704911260726,-29.8671509334234
278.897519570654,-29.8705899358385
279.09026098897,-29.8740228742943
279.28313560766,-29.8774497619882
279.476143518779,-29.8808706120806
279.669284814442,-29.8842854376952
279.862559586829,-29.8876942519188
280.055967928184,-29.8910970678019
280.249509930814,-29.8944938983583
280.443185687089,-29.8978847565656
280.636995289446,-29.9012696553653
280.830938830382,-29.9046486076628
281.02501640246,-29.9080216263276
281.219228098308,-29.9113887241935
281.413574010615,-29.9147499140586
281.608054232137,-29.9181052086853
281.802668855692,-29.921454620801
281.997417974163,-29.9247981630976
282.192301680498,-29.9281358482318
282.387320067709,-29.9314676888254
282.582473228869,-29.9347936974654
282.777761257121,-29.938113886704
282.973184245667,-29.9414282690586
283.168742287778,-29.9447368570123
283.364435476785,-29.9480396630137
283.560263906088,-29.9513366994773
283.756227669148,-29.9546279787833
283.952326859492,-29.9579135132779
284.148561570711,-29.9611933152735
284.344931896463,-29.9644673970487
284.541437930467,-29.9677357708484
284.73807976651,-29.9709984488841
284.934857498442,-29.9742554433338
285.131771220178,-29.9775067663421
285.328821025699,-29.9807524300206
285.52600700905,-29.9839924464479
285.723329264342,-29.9872268276694
285.920787885748,-29.9904555856979
286.118382967511,-29.9936787325135
286.316114603935,-29.9968962800636
286.51398288939,-30.0001082402631
286.711987918314,-30.0033146249948
286.910129785206,-30.0065154461089
287.108408584634,-30.0097107154238
287.306824411228,-30.0129004447256
287.505377359688,-30.0160846457687
287.704067524774,-30.0192633302758
287.902895001315,-30.0224365099375
288.101859884204,-30.0256041964133
288.300962268402,-30.028766401331
288.500202248933,-30.0319231362871
288.699579920886,-30.0350744128469
288.89909537942,-30.0382202425445
289.098748719755,-30.041360636883
289.298540037179,-30.0444956073347
289.498469427047,-30.047625165341
289.698536984777,-30.0507493223126
289.898742805855,-30.0538680896297
290.099086985833,-30.0569814786419
290.299569620328,-30.0600895006686
290.500190805023,-30.0631921669986
290.700950635669,-30.0662894888911
290.901849208082,-30.0693814775746
291.102886618143,-30.0724681442481
291.3040629618,-30.0755495000806
291.50537833507,-30.0786255562113
291.706832834032,-30.0816963237499
291.908426554833,-30.0847618137764
292.110159593689,-30.0878220373416
292.31203204688,-30.0908770054666
292.514044010751,-30.0939267291435
292.716195581717,-30.0969712193354
292.918486856258,-30.1000104869761
293.120917930921,-30.1030445429705
293.323488902319,-30.1060733981948
293.526199867132,-30.1090970634964
293.729050922108,-30.1121155496941
293.93204216406,-30.115128867578
294.13517368987,-30.11813702791
294.338445596486,-30.1211400414235
294.541857980921,-30.1241379188237
294.745410940258,-30.1271306707876
294.949104571647,-30.1301183079642
295.152938972302,-30.1331008409746
295.356914239508,-30.1360782804119
295.561030470614,-30.1390506368414
295.76528776304,-30.1420179208011
295.969686214269,-30.1449801428009
296.174225921854,-30.1479373133235
296.378906983416,-30.1508894428242
296.583729496641,-30.153836541731
296.788693559284,-30.1567786204447
296.993799269169,-30.1597156893388
297.199046724184,-30.16264775876
297.404436022288,-30.165574839028
297.609967261506,-30.1684969404356
297.815640539931,-30.171414073249
298.021455955724,-30.1743262477075
298.227413607115,-30.1772334740241
298.433513592398,-30.1801357623851
298.63975600994,-30.1830331229505
298.846140958172,-30.1859255658541
299.052668535595,-30.1888131012032
299.259338840779,-30.1916957390793
299.466151972358,-30.1945734895376
299.67310802904,-30.1974463626075
299.880207109596,-30.2003143682925
300.087449312868,-30.2031775165704
300.294834737766,-30.2060358173931
300.502363483268,-30.2088892806871
300.710035648421,-30.2117379163532
300.917851332338,-30.2145817342669
301.125810634205,-30.2174207442783
301.333913653272,-30.2202549562123
301.54216048886,-30.2230843798684
301.750551240359,-30.2259090250214
301.959086007226,-30.2287289014206
302.167764888988,-30.2315440187907
302.37658798524,-30.2343543868315
302.585555395647,-30.237160015218
302.794667219942,-30.2399609136003
303.003923557926,-30.2427570916043
303.213324509471,-30.2455485588311
303.422870174517,-30.2483353248575
303.632560653073,-30.2511173992357
303.842396045216,-30.2538947914939
304.052376451095,-30.256667511136
304.262501970926,-30.2594355676416
304.472772704994,-30.2621989704666
304.683188753656,-30.2649577290427
304.893750217335,-30.2677118527778
305.104457196525,-30.2704613510558
305.315309791789,-30.2732062332372
305.526308103761,-30.2759465086586
305.737452233144,-30.2786821866331
305.948742280707,-30.2814132764503
306.160178347295,-30.2841397873764
306.371760533817,-30.2868617286543
306.583488941254,-30.2895791095035
306.795363670659,-30.2922919391203
307.00738482315,-30.2950002266782
307.21955249992,-30.2977039813272
307.431866802228,-30.3004032121947
307.644327831404,-30.3030979283849
307.85693568885,-30.3057881389796
308.069690476036,-30.3084738530373
308.282592294502,-30.3111550795944
308.495641245859,-30.3138318276643
308.708837431789,-30.316504106238
308.922180954043,-30.3191719242841
309.135671914442,-30.3218352907488
309.349310414879,-30.3244942145559
309.563096557316,-30.3271487046071
309.777030443786,-30.3297987697819
309.991112176392,-30.3324444189377
310.205341857308,-30.3350856609098
310.41971958878,-30.3377225045117
310.634245473122,-30.3403549585348
310.848919612719,-30.342983031749
311.06374211003,-30.3456067329021
311.278713067581,-30.3482260707206
311.493832587971,-30.3508410539092
311.709100773869,-30.353451691151
311.924517728016,-30.3560579911078
312.140083553222,-30.3586599624199
312.35579835237,-30.3612576137063
312.571662228413,-30.3638509535648
312.787675284377,-30.366439990572
313.003837623356,-30.3690247332832
313.220149348518,-30.3716051902329
313.4366105631,-30.3741813699345
313.653221370413,-30.3767532808805
313.869981873838,-30.3793209315424
314.086892176827,-30.3818843303712
314.303952382904,-30.3844434857969
314.521162595665,-30.3869984062289
314.738522918777,-30.3895491000562
314.956033455977,-30.3920955756471
315.173694311078,-30.3946378413495
315.391505587961,-30.3971759054908
315.60946739058,-30.3997097763782
315.827579822961,-30.4022394622985
316.045842989202,-30.4047649715185
316.264256993472,-30.4072863122846
316.482821940013,-30.4098034928233
316.701537933138,-30.4123165213411
316.920405077234,-30.4148254060244
317.139423476758,-30.4173301550398
317.358593236241,-30.4198307765341
317.577914460284,-30.4223272786343
317.797387253563,-30.4248196694477
318.017011720824,-30.4273079570619
318.236787966887,-30.4297921495451
318.456716096643,-30.4322722549457
318.676796215057,-30.434748281293
318.897028427166,-30.4372202365965
319.117412838078,-30.4396881288466
319.337949552977,-30.4421519660145
319.558638677117,-30.4446117560519
319.779480315824,-30.4470675068917
320.000474574501,-30.4495192264474
320.221621558619,-30.4519669226136
320.442921373724,-30.4544106032659
320.664374125437,-30.456850276261
320.885979919448,-30.4592859494367
321.107738861522,-30.4617176306119
321.329651057498,-30.4641453275871
321.551716613287,-30.4665690481436
321.773935634873,-30.4689888000446
321.996308228314,-30.4714045910343
322.21883449974,-30.4738164288387
322.441514555357,-30.476224321165
322.664348501442,-30.4786282757024
322.887336444345,-30.4810283001215
323.110478490492,-30.4834244020746
323.333774746381,-30.4858165891959
323.557225318583,-30.4882048691013
323.780830313744,-30.4905892493887
324.004589838583,-30.4929697376379
324.228503999894,-30.4953463414105
324.452572904541,-30.4977190682505
324.676796659467,-30.5000879256837
324.901175371686,-30.5024529212182
325.125709148285,-30.5048140623442
325.350398096428,-30.5071713565344
325.575242323351,-30.5095248112435
325.800241936364,-30.5118744339088
326.025397042853,-30.5142202319499
326.250707750275,-30.5165622127689
326.476174166165,-30.5189003837506
326.701796398129,-30.5212347522622
326.927574553851,-30.5235653256535
327.153508741085,-30.5258921112571
327.379599067663,-30.5282151163884
327.60584564149,-30.5305343483455
327.832248570547,-30.5328498144092
328.058807962886,-30.5351615218436
328.285523926639,-30.5374694778953
328.512396570008,-30.5397736897943
328.739426001271,-30.5420741647533
328.966612328784,-30.5443709099684
329.193955660974,-30.5466639326186
329.421456106344,-30.5489532398664
329.649113773472,-30.5512388388572
329.876928771013,-30.5535207367201
330.104901207694,-30.5557989405672
330.333031192319,-30.5580734574942
330.561318833766,-30.5603442945803
330.789764240991,-30.562611458888
331.018367523021,-30.5648749574635
331.247128788962,-30.5671347973367
331.476048147994,-30.5693909855209
331.705125709372,-30.5716435290134
331.934361582427,-30.573892434795
332.163755876566,-30.5761377098303
332.39330870127,-30.5783793610681
332.623020166099,-30.5806173954406
332.852890380685,-30.5828518198643
333.082919454737,-30.5850826412396
333.313107498041,-30.5873098664509
333.543454620457,-30.5895335023666
333.773960931924,-30.5917535558395
334.004626542452,-30.5939700337063
334.235451562132,-30.5961829427881
334.466436101129,-30.5983922898903
334.697580269683,-30.6005980818024
334.928884178112,-30.6028003252986
335.16034793681,-30.6049990271372
335.391971656246,-30.6071941940611
335.623755446966,-30.6093858327977
335.855699419593,-30.611573950059
336.087803684827,-30.6137585525415
336.320068353442,-30.6159396469264
336.552493536291,-30.6181172398797
336.785079344303,-30.6202913380519
337.017825888482,-30.6224619480783
337.250733279911,-30.6246290765793
337.483801629749,-30.6267927301599
337.717031049231,-30.6289529154101
337.950421649671,-30.6311096389049
338.183973542456,-30.6332629072042
338.417686839055,-30.6354127268529
338.65156165101,-30.6375591043813
338.885598089942,-30.6397020463045
339.119796267549,-30.6418415591228
339.354156295605,-30.643977649322
339.588678285963,-30.6461103233728
339.823362350552,-30.6482395877315
340.058208601379,-30.6503654488395
340.293217150528,-30.6524879131238
340.528388110161,-30.6546069869968
340.763721592517,-30.6567226768562
340.999217709913,-30.6588349890853
341.234876574742,-30.6609439300532
341.470698299478,-30.6630495061142
341.706682996669,-30.6651517236085
341.942830778944,-30.6672505888619
342.179141759008,-30.669346108186
342.415616049643,-30.6714382878781
342.652253763712,-30.6735271342214
342.889055014154,-30.6756126534846
343.126019913985,-30.6776948519229
343.363148576301,-30.6797737357768
343.600441114276,-30.6818493112733
343.837897641161,-30.683921584625
344.075518270286,-30.6859905620309
344.31330311506,-30.6880562496757
344.55125228897,-30.6901186537306
344.78936590558,-30.6921777803528
345.027644078534,-30.6942336356857
345.266086921554,-30.696286225859
345.504694548441,-30.6983355569887
345.743467073074,-30.7003816351771
345.982404609412,-30.7024244665128
346.221507271491,-30.704464057071
346.460775173426,-30.7065004129131
346.700208429413,-30.7085335400872
346.939807153725,-30.7105634446279
347.179571460714,-30.7125901325561
347.419501464812,-30.7146136098797
347.659597280529,-30.7166338825929
347.899859022454,-30.7186509566768
348.140286805258,-30.7206648380991
348.380880743686,-30.7226755328143
348.621640952568,-30.7246830467637
348.86256754681,-30.7266873858753
349.103660641397,-30.7286885560642
349.344920351396,-30.7306865632322
349.586346791952,-30.7326814132681
349.827940078289,-30.7346731120478
350.069700325712,-30.7366616654339
350.311627649604,-30.7386470792764
350.55372216543,-30.7406293594122
350.795983988733,-30.7426085116654
351.038413235137,-30.7445845418472
351.281010020344,-30.7465574557559
351.523774460138,-30.7485272591774
351.766706670382,-30.7504939578844
352.00980676702,-30.7524575576372
352.253074866076,-30.7544180641833
352.496511083652,-30.7563754832578
352.740115535932,-30.7583298205828
352.983888339182,-30.7602810818683
353.227829609745,-30.7622292728116
353.471939464046,-30.7641743990973
353.716218018591,-30.7661164663979
353.960665389966,-30.7680554803732
354.205281694837,-30.7699914466709
354.450067049952,-30.771924370926
354.695021572137,-30.7738542587617
354.940145378302,-30.7757811157883
355.185438585436,-30.7777049476044
355.430901310609,-30.779625759796
355.676533670973,-30.7815435579373
355.922335783759,-30.7834583475899
356.16830776628,-30.7853701343038
356.414449735931,-30.7872789236166
356.660761810187,-30.7891847210539
356.907244106603,-30.7910875321294
357.153896742819,-30.7929873623447
357.400719836552,-30.7948842171895
357.647713505604,-30.7967781021418
357.894877867856,-30.7986690226674
358.142213041271,-30.8005569842205
358.389719143894,-30.8024419922433
358.637396293851,-30.8043240521664
358.88524460935,-30.8062031694086
359.133264208682,-30.808079349377
359.381455210216,-30.809952597467
359.629817732408,-30.8118229190623
359.87835189379,-30.8136903195351
360.127057812982,-30.815554804246
360.37593560868,-30.8174163785439
360.624985399667,-30.8192750477665
360.874207304806,-30.8211308172397
361.123601443042,-30.822983692278
361.373167933401,-30.8248336781847
361.622906894995,-30.8266807802515
361.872818447014,-30.8285250037588
362.122902708733,-30.8303663539756
362.37315979951,-30.8322048361598
362.623589838782,-30.8340404555578
362.874192946073,-30.8358732174049
363.124969240987,-30.8377031269251
363.375918843209,-30.8395301893315
363.627041872511,-30.8413544098256
363.878338448746,-30.8431757935983
364.129808691847,-30.8449943458289
364.381452721834,-30.846810071686
364.633270658808,-30.8486229763271
364.885262622953,-30.8504330648987
365.137428734536,-30.8522403425363
365.389769113907,-30.8540448143644
365.642283881501,-30.8558464854969
365.894973157834,-30.8576453610364
366.147837063506,-30.859441446075
366.400875719201,-30.8612347456938
366.654089245684,-30.8630252649633
366.907477763808,-30.8648130089429
367.161041394505,-30.8665979826816
367.414780258792,-30.8683801912176
367.668694477772,-30.8701596395785
367.922784172627,-30.871936332781
368.177049464628,-30.8737102758315
368.431490475126,-30.8754814737257
368.686107325558,-30.8772499314487
368.940900137442,-30.879015653975
369.195869032384,-30.8807786462689
369.451014132072,-30.882538913284
369.706335558277,-30.8842964599634
369.961833432856,-30.88605129124
370.217507877749,-30.8878034120361
370.473359014982,-30.8895528272638
370.729386966663,-30.8912995418249
370.985591854985,-30.8930435606106
371.241973802228,-30.8947848885023
371.498532930753,-30.8965235303708
371.755269363007,-30.8982594910767
372.012183221522,-30.8999927754706
372.269274628915,-30.9017233883927
372.526543707885,-30.9034513346733
372.78399058122,-30.9051766191324
373.04161537179,-30.90689924658
373.299418202551,-30.9086192218161
373.557399196542,-30.9103365496305
373.815558476891,-30.9120512348033
374.073896166807,-30.9137632821042
374.332412389586,-30.9154726962932
374.59110726861,-30.9171794821205
374.849980927344,-30.9188836443262
375.109033489341,-30.9205851876406
375.368265078237,-30.9222841167841
375.627675817756,-30.9239804364673
375.887265831705,-30.9256741513911
376.147035243977,-30.9273652662465
376.406984178552,-30.9290537857149
376.667112759495,-30.9307397144679
376.927421110956,-30.9324230571674
377.187909357171,-30.9341038184657
377.448577622464,-30.9357820030053
377.709426031241,-30.9374576154194
377.970454707998,-30.9391306603312
378.231663777315,-30.9408011423548
378.493053363857,-30.9424690660943
378.754623592377,-30.9441344361447
379.016374587714,-30.9457972570913
379.278306474793,-30.9474575335099
379.540419378625,-30.9491152699669
379.802713424307,-30.9507704710194
380.065188737024,-30.9524231412149
380.327845442047,-30.9540732850919
380.590683664732,-30.9557209071792
380.853703530524,-30.9573660119963
381.116905164953,-30.9590086040538
381.380288693636,-30.9606486878525
381.643854242277,-30.9622862678844
381.907601936667,-30.963921348632
382.171531902685,-30.9655539345688
382.435644266294,-30.9671840301591
382.699939153548,-30.9688116398578
382.964416690584,-30.970436768111
383.22907700363,-30.9720594193557
383.493920218998,-30.9736795980195
383.75894646309,-30.9752973085213
384.024155862393,-30.9769125552708
384.289548543483,-30.9785253426687
384.555124633023,-30.9801356751069
384.820884257763,-30.9817435569681
385.086827544543,-30.9833489926261
385.352954620286,-30.984951986446
385.619265612008,-30.9865525427838
385.885760646808,-30.9881506659868
386.152439851877,-30.9897463603932
386.419303354491,-30.9913396303327
386.686351282015,-30.9929304801261
386.953583761902,-30.9945189140853
387.221000921693,-30.9961049365135
387.488602889018,-30.9976885517053
387.756389791594,-30.9992697639465
388.024361757226,-31.0008485775142
388.292518913808,-31.0024249966769
388.560861389323,-31.0039990256944
388.829389311842,-31.005570668818
389.098102809524,-31.0071399302902
389.367002010617,-31.0087068143452
389.636087043457,-31.0102713252084
389.90535803647,-31.0118334670969
390.174815118169,-31.0133932442191
390.444458417157,-31.014950660775
390.714288062127,-31.0165057209562
390.984304181858,-31.0180584289458
391.254506905221,-31.0196087889183
391.524896361173,-31.0211568050402
391.795472678763,-31.0227024814694
392.066235987127,-31.0242458223553
392.337186415493,-31.0257868318393
392.608324093174,-31.0273255140543
392.879649149577,-31.0288618731248
393.151161714195,-31.0303959131672
393.422861916613,-31.0319276382898
393.694749886503,-31.0334570525922
393.966825753628,-31.0349841601663
394.239089647842,-31.0365089650956
394.511541699087,-31.0380314714553
394.784182037394,-31.0395516833127
395.057010792887,-31.0410696047269
395.330028095776,-31.0425852397488
395.603234076363,-31.0440985924213
395.876628865042,-31.0456096667793
396.150212592293,-31.0471184668495
396.42398538869,-31.0486249966508
396.697947384894,-31.0501292601938
396.972098711659,-31.0516312614815
397.246439499828,-31.0531310045087
397.520969880333,-31.0546284932622
397.795689984201,-31.0561237317211
398.070599942544,-31.0576167238564
398.345699886569,-31.0591074736313
398.620989947571,-31.0605959850013
398.896470256937,-31.0620822619137
399.172140946144,-31.0635663083084
399.448002146762,-31.0650481281172
399.724053990448,-31.0665277252642
400.000296608953,-31.0680051036658
400.276730134119,-31.0694802672306
400.553354697878,-31.0709532198596
400.830170432253,-31.0724239654458
401.10717746936,-31.0738925078748
401.384375941404,-31.0753588510245
401.661765980683,-31.0768229987651
401.939347719586,-31.0782849549592
402.217121290593,-31.0797447234617
402.495086826276,-31.0812023081201
402.773244459299,-31.0826577127742
403.051594322418,-31.0841109412562
403.330136548478,-31.0855619973909
403.60887127042,-31.0870108849955
403.887798621273,-31.0884576078799
404.16691873416,-31.0899021698462
404.446231742295,-31.0913445746893
404.725737778987,-31.0927848261966
405.005436977633,-31.0942229281481
405.285329471724,-31.0956588843163
405.565415394844,-31.0970926984664
405.845694880668,-31.0985243743562
406.126168062964,-31.0999539157363
406.406835075592,-31.1013813263498
406.687696052506,-31.1028066099325
406.968751127751,-31.1042297702131
407.250000435465,-31.1056508109127
407.531444109878,-31.1070697357455
407.813082285315,-31.1084865484182
408.094915096192,-31.1099012526305
408.376942677018,-31.1113138520747
408.659165162396,-31.1127243504361
408.94158268702,-31.1141327513927
409.224195385679,-31.1155390586154
409.507003393255,-31.1169432757679
409.790006844721,-31.118345406507
410.073205875147,-31.1197454544822
410.356600619694,-31.121143423336
410.640191213617,-31.1225393167038
410.923977792262,-31.123933138214
411.207960491074,-31.1253248914881
411.492139445586,-31.1267145801404
411.776514791427,-31.1281022077782
412.061086664322,-31.129487778002
412.345855200085,-31.1308712944052
412.630820534628,-31.1322527605743
412.915982803955,-31.1336321800891
413.201342144165,-31.135009556522
413.486898691448,-31.136384893439
413.772652582093,-31.1377581943989
414.05860395248,-31.139129462954
414.344752939084,-31.1404987026494
414.631099678474,-31.1418659170235
414.917644307314,-31.143231109608
415.204386962361,-31.1445942839278
415.491327780469,-31.1459554435008
415.778466898584,-31.1473145918385
416.065804453749,-31.1486717324455
416.3533405831,-31.1500268688195
416.641075423868,-31.1513800044518
416.929009113379,-31.1527311428269
417.217141789055,-31.1540802874225
417.505473588412,-31.1554274417098
417.79400464906,-31.1567726091534
418.082735108706,-31.1581157932111
418.37166510515,-31.1594569973342
418.66079477629,-31.1607962249674
418.950124260118,-31.1621334795489
419.23965369472,-31.1634687645101
419.52938321828,-31.1648020832763
419.819312969075,-31.1661334392658
420.109443085479,-31.1674628358906
420.399773705961,-31.1687902765563
420.690304969087,-31.1701157646619
420.981037013517,-31.1714393035998
421.271969978007,-31.1727608967564
421.563104001411,-31.1740805475111
421.854439222677,-31.1753982592373
422.145975780849,-31.1767140353019
422.437713815068,-31.1780278790653
422.729653464571,-31.1793397938817
423.02179486869,-31.1806497830987
423.314138166855,-31.1819578500579
423.606683498591,-31.1832639980942
423.899431003521,-31.1845682305366
424.192380821362,-31.1858705507074
424.48553309193,-31.187170961923
424.778887955137,-31.1884694674932
425.072445550991,-31.1897660707217
425.366206019598,-31.1910607749061
425.660169501158,-31.1923535833376
425.954336135972,-31.1936444993012
426.248706064434,-31.1949335260758
426.543279427039,-31.1962206669341
426.838056364375,-31.1975059251427
427.133037017129,-31.1987893039619
427.428221526087,-31.2000708066459
427.723610032129,-31.201350436443
428.019202676235,-31.2026281965951
428.314999599482,-31.2039040903383
428.611000943042,-31.2051781209025
428.907206848188,-31.2064502915114
429.203617456288,-31.2077206053828
429.500232908809,-31.2089890657286
429.797053347316,-31.2102556757545
430.094078913472,-31.2115204386603
430.391309749036,-31.2127833576397
430.688745995867,-31.2140444358805
430.986387795921,-31.2153036765646
431.284235291253,-31.216561082868
431.582288624015,-31.2178166579605
431.880547936458,-31.2190704050062
432.179013370931,-31.2203223271634
432.477685069881,-31.2215724275843
432.776563175855,-31.2228207094154
433.075647831497,-31.2240671757971
433.374939179549,-31.2253118298642
433.674437362855,-31.2265546747457
433.974142524353,-31.2277957135645
434.274054807083,-31.229034949438
434.574174354184,-31.2302723854775
434.874501308892,-31.231508024789
435.175035814543,-31.2327418704722
435.475778014572,-31.2339739256214
435.776728052513,-31.2352041933251
436.077886071999,-31.236432676666
436.379252216764,-31.2376593787211
436.680826630638,-31.2388843025619
436.982609457554,-31.2401074512539
437.284600841542,-31.2413288278573
437.586800926733,-31.2425484354263
437.889209857355,-31.2437662770097
438.19182777774,-31.2449823556506
438.494654832316,-31.2461966743864
438.797691165612,-31.247409236249
439.100936922257,-31.2486200442647
439.404392246981,-31.2498291014543
439.708057284612,-31.2510364108329
440.011932180079,-31.2522419754101
440.316017078412,-31.25344579819
440.620312124741,-31.2546478821712
440.924817464294,-31.2558482303467
441.229533242402,-31.257046845704
441.534459604496,-31.2582437312254
441.839596696107,-31.2594388898873
442.144944662866,-31.2606323246608
442.450503650506,-31.2618240385119
442.75627380486,-31.2630140344006
443.06225527186,-31.2642023152819
443.368448197543,-31.2653888841052
443.674852728044,-31.2665737438146
443.981469009599,-31.2677568973487
444.288297188546,-31.268938347641
444.595337411323,-31.2701180976192
444.90258982447,-31.2712961502061
445.21005457463,-31.272472508319
445.517731808544,-31.2736471748698
445.825621673056,-31.2748201527652
446.133724315112,-31.2759914449065
446.442039881758,-31.2771610541898
446.750568520144,-31.2783289835061
447.05931037752,-31.2794952357407
447.368265601237,-31.2806598137742
447.677434338751,-31.2818227204814
447.986816737616,-31.2829839587325
448.29641294549,-31.2841435313919
448.606223110133,-31.2853014413191
448.916247379407,-31.2864576913686
449.226485901277,-31.2876122843893
449.536938823808,-31.2887652232252
449.847606295169,-31.2899165107152
450.158488463632,-31.2910661496929
450.46958547757,-31.2922141429869
450.780897485459,-31.2933604934206
451.092424635878,-31.2945052038124
451.404167077508,-31.2956482769754
451.716124959134,-31.296789715718
452.028298429642,-31.2979295228432
452.340687638023,-31.299067701149
452.653292733368,-31.3002042534286
452.966113864875,-31.3013391824698
453.279151181842,-31.3024724910556
453.592404833671,-31.3036041819641
453.905874969867,-31.3047342579682
454.21956174004,-31.3058627218359
454.533465293902,-31.3069895763302
454.847585781267,-31.3081148242092
455.161923352055,-31.3092384682259
455.476478156289,-31.3103605111286
455.791250344096,-31.3114809556605
456.106240065705,-31.31259980456
456.42144747145,-31.3137170605603
456.73687271177,-31.3148327263902
457.052515937206,-31.3159468047733
457.368377298404,-31.3170592984283
457.684456946114,-31.3181702100692
458.00075503119,-31.319279542405
458.31727170459,-31.32038729814
458.634007117378,-31.3214934799736
458.950961420721,-31.3225980906005
459.268134765889,-31.3237011327104
459.58552730426,-31.3248026089883
459.903139187313,-31.3259025221145
460.220970566635,-31.3270008747645
460.539021593915,-31.3280976696088
460.85729242095,-31.3291929093136
461.175783199637,-31.3302865965399
461.494494081984,-31.3313787339444
461.813425220098,-31.3324693241786
462.132576766197,-31.3335583698899
462.451948872599,-31.3346458737204
462.77154169173,-31.3357318383079
463.091355376122,-31.3368162662854
463.41139007841,-31.3378991602813
463.731645951337,-31.3389805229192
464.052123147749,-31.3400603568182
464.3728218206,-31.3411386645928
464.693742122948,-31.3422154488528
465.014884207958,-31.3432907122033
465.3362482289,-31.344364457245
465.65783433915,-31.3454366865738
465.979642692191,-31.3465074027813
466.30167344161,-31.3475766084542
466.623926741102,-31.3486443061749
466.946402744469,-31.3497104985212
467.269101605616,-31.3507751880663
467.592023478557,-31.3518383773788
467.915168517412,-31.3529000690229
468.238536876406,-31.3539602655584
468.562128709874,-31.3550189695404
468.885944172254,-31.3560761835197
469.209983418092,-31.3571319100423
469.534246602042,-31.3581861516501
469.858733878863,-31.3592389108804
470.183445403423,-31.360290190266
470.508381330694,-31.3613399923354
470.833541815759,-31.3623883196125
471.158927013804,-31.3634351746169
471.484537080127,-31.3644805598638
471.810372170128,-31.3655244778639
472.136432439319,-31.3665669311238
472.462718043317,-31.3676079221453
472.789229137848,-31.3686474534261
473.115965878742,-31.3696855274595
473.442928421943,-31.3707221467345
473.770116923496,-31.3717573137357
474.09753153956,-31.3727910309434
474.425172426397,-31.3738233008334
474.753039740379,-31.3748541258776
475.081133637986,-31.3758835085432
475.409454275808,-31.3769114512934
475.738001810539,-31.3779379565869
476.066776398985,-31.3789630268783
476.395778198059,-31.3799866646178
476.725007364781,-31.3810088722514
477.054464056283,-31.382029652221
477.384148429803,-31.3830490069641
477.714060642687,-31.384066938914
478.044200852393,-31.3850834504998
478.374569216484,-31.3860985441465
478.705165892635,-31.3871122222748
479.035991038628,-31.3881244873012
479.367044812354,-31.3891353416381
479.698327371816,-31.3901447876937
480.029838875121,-31.391152827872
480.361579480491,-31.392159464573
480.693549346253,-31.3931647001924
481.025748630845,-31.3941685371218
481.358177492816,-31.3951709777488
481.690836090822,-31.3961720244568
482.023724583629,-31.3971716796251
482.356843130115,-31.3981699456289
482.690191889265,-31.3991668248393
483.023771020176,-31.4001623196235
483.357580682054,-31.4011564323444
483.691621034214,-31.4021491653609
484.025892236084,-31.403140521028
484.360394447199,-31.4041305016966
484.695127827206,-31.4051191097134
485.030092535862,-31.4061063474213
485.365288733035,-31.4070922171592
485.700716578702,-31.4080767212617
486.036376232951,-31.4090598620598
486.372267855982,-31.4100416418803
486.708391608105,-31.411022063046
487.044747649739,-31.4120011278759
487.381336141417,-31.4129788386849
487.718157243781,-31.4139551977839
488.055211117584,-31.41493020748
488.39249792369,-31.4159038700764
488.730017823076,-31.4168761878723
489.067770976827,-31.4178471631629
489.405757546143,-31.4188167982396
489.743977692332,-31.41978509539
490.082431576817,-31.4207520568976
490.421119361129,-31.4217176850421
490.760041206913,-31.4226819820995
491.099197275924,-31.4236449503416
491.438587730032,-31.4246065920368
491.778212731214,-31.4255669094491
492.118072441563,-31.4265259048392
492.458167023283,-31.4274835804637
492.798496638688,-31.4284399385753
493.139061450207,-31.4293949814231
493.47986162038,-31.4303487112523
493.82089731186,-31.4313011303042
494.162168687411,-31.4322522408166
494.50367590991,-31.4332020450233
494.845419142348,-31.4341505451544
495.187398547827,-31.4350977434361
495.529614289562,-31.4360436420911
495.872066530881,-31.4369882433381
496.214755435226,-31.4379315493923
496.55768116615,-31.4388735624651
496.900843887319,-31.439814284764
497.244243762515,-31.4407537184931
497.587880955629,-31.4416918658525
497.93175563067,-31.4426287290389
498.275867951755,-31.4435643102449
498.620218083119,-31.4444986116599
498.964806189109,-31.4454316354693
499.309632434184,-31.4463633838549
499.654696982918,-31.4472938589951
500,-31.4482230630642
500.345541650231,-31.4491509982332
500.691322098525,-31.4500776666693
501.037341509913,-31.4510030705363
501.383600049538,-31.4519272119942
501.730097882657,-31.4528500931994
502.076835174643,-31.4537717163046
502.42381209098,-31.4546920834593
502.77102879727,-31.455611196809
503.118485459227,-31.4565290584957
503.466182242681,-31.4574456706582
503.814119313576,-31.4583610354312
504.16229683797,-31.4592751549462
504.510714982037,-31.460188031331
504.859373912065,-31.4610996667101
505.208273794457,-31.4620100632041
505.557414795731,-31.4629192229305
505.90679708252,-31.4638271480028
506.256420821574,-31.4647338405315
506.606286179754,-31.4656393026232
506.956393324042,-31.4665435363812
507.30674242153,-31.4674465439054
507.657333639429,-31.468348327292
508.008167145064,-31.4692488886339
508.359243105875,-31.4701482300205
508.710561689421,-31.4710463535377
509.062123063372,-31.471943261268
509.413927395519,-31.4728389552905
509.765974853764,-31.4737334376808
510.118265606128,-31.4746267105111
510.470799820749,-31.4755187758502
510.823577665878,-31.4764096357635
511.176599309885,-31.4772992923129
511.529864921254,-31.4781877475571
511.883374668588,-31.4790750035513
512.237128720605,-31.4799610623472
512.59112724614,-31.4808459259934
512.945370414145,-31.481729596535
513.299858393687,-31.4826120760136
513.654591353952,-31.4834933664677
514.009569464241,-31.4843734699323
514.364792893975,-31.4852523884392
514.720261812689,-31.4861301240167
515.075976390037,-31.4870066786899
515.431936795789,-31.4878820544806
515.788143199832,-31.4887562534071
516.144595772174,-31.4896292774848
516.501294682935,-31.4905011287253
516.858240102357,-31.4913718091374
517.215432200797,-31.4922413207263
517.572871148732,-31.493109665494
517.930557116754,-31.4939768454393
518.288490275576,-31.4948428625578
518.646670796027,-31.4957077188416
519.005098849054,-31.4965714162799
519.363774605722,-31.4974339568584
519.722698237217,-31.4982953425596
520.081869914839,-31.499155575363
520.44128981001,-31.5000146572447
520.800958094268,-31.5008725901775
521.160874939271,-31.5017293761312
521.521040516795,-31.5025850170724
521.881454998735,-31.5034395149643
522.242118557105,-31.5042928717672
522.603031364037,-31.505145089438
522.964193591783,-31.5059961699305
523.325605412713,-31.5068461151956
523.687266999318,-31.5076949271805
524.049178524205,-31.5085426078298
524.411340160103,-31.5093891590847
524.77375207986,-31.5102345828833
525.136414456443,-31.5110788811605
525.499327462938,-31.5119220558482
525.862491272551,-31.5127641088752
526.225906058608,-31.5136050421671
526.589571994555,-31.5144448576465
526.953489253958,-31.5152835572328
527.317658010501,-31.5161211428424
527.68207843799,-31.5169576163886
528.046750710351,-31.5177929797816
528.41167500163,-31.5186272349286
528.776851485992,-31.5194603837337
529.142280337724,-31.5202924280979
529.507961731233,-31.5211233699192
529.873895841047,-31.5219532110927
530.240082841813,-31.5227819535102
530.6065229083,-31.5236095990607
530.973216215397,-31.52443614963
531.340162938116,-31.525261607101
531.707363251587,-31.5260859733536
532.074817331062,-31.5269092502647
532.442525351915,-31.5277314397081
532.810487489641,-31.5285525435548
533.178703919856,-31.5293725636727
533.547174818296,-31.5301915019266
533.915900360821,-31.5310093601786
534.284880723411,-31.5318261402877
534.654116082168,-31.5326418441099
535.023606613315,-31.5334564734984
535.393352493198,-31.5342700303033
535.763353898284,-31.5350825163718
536.133611005162,-31.5358939335483
536.504123990543,-31.5367042836741
536.874893031261,-31.5375135685877
537.245918304272,-31.5383217901246
537.617199986653,-31.5391289501174
537.988738255605,-31.539935050396
538.360533288449,-31.5407400927872
538.732585262632,-31.5415440791149
539.104894355721,-31.5423470112002
539.477460745407,-31.5431488908614
539.850284609503,-31.5439497199137
540.223366125946,-31.5447495001697
540.596705472794,-31.545548233439
540.970302828231,-31.5463459215284
541.344158370561,-31.5471425662419
541.718272278213,-31.5479381693804
542.092644729739,-31.5487327327423
542.467275903814,-31.549526258123
542.842165979238,-31.5503187473153
543.217315134932,-31.5511102021087
543.592723549943,-31.5519006242905
543.968391403441,-31.5526900156447
544.344318874718,-31.5534783779528
544.720506143193,-31.5542657129934
545.096953388407,-31.5550520225423
545.473660790026,-31.5558373083726
545.85062852784,-31.5566215722546
546.227856781761,-31.5574048159558
546.60534573183,-31.558187041241
546.983095558208,-31.5589682498722
547.361106441183,-31.5597484436086
547.739378561166,-31.5605276242067
548.117912098694,-31.5613057934204
548.496707234429,-31.5620829530007
548.875764149157,-31.5628591046959
549.255083023788,-31.5636342502516
549.634664039359,-31.5644083914108
550.014507377031,-31.5651815299136
550.394613218091,-31.5659536674974
550.774981743949,-31.5667248058972
551.155613136144,-31.5674949468449
551.536507576338,-31.5682640920701
551.917665246319,-31.5690322432994
552.299086328,-31.5697994022569
552.680771003421,-31.570565570664
553.062719454747,-31.5713307502395
553.44493186427,-31.5720949426994
553.827408414406,-31.5728581497572
554.210149287699,-31.5736203731236
554.593154666817,-31.5743816145068
554.976424734558,-31.5751418756123
555.359959673841,-31.5759011581431
555.743759667717,-31.5766594637992
556.127824899358,-31.5774167942785
556.512155552068,-31.5781731512759
556.896751809274,-31.5789285364839
557.28161385453,-31.5796829515923
557.666741871519,-31.5804363982883
558.052136044049,-31.5811888782567
558.437796556055,-31.5819403931793
558.823723591601,-31.5826909447358
559.209917334877,-31.583440534603
559.596377970199,-31.5841891644553
559.983105682013,-31.5849368359644
560.37010065489,-31.5856835507997
560.75736307353,-31.5864293106277
561.144893122761,-31.5871741171126
561.532690987537,-31.587917971916
561.920756852941,-31.588660876697
562.309090904185,-31.589402833112
562.697693326606,-31.590143842815
563.086564305672,-31.5908839074576
563.475704026977,-31.5916230286888
563.865112676246,-31.5923612081549
564.254790439329,-31.5930984474999
564.644737502207,-31.5938347483653
565.034954050988,-31.5945701123901
565.425440271909,-31.5953045412108
565.816196351337,-31.5960380364613
566.207222475766,-31.5967705997731
566.598518831819,-31.5975022327753
566.99008560625,-31.5982329370946
567.381922985939,-31.598962714355
567.774031157898,-31.5996915661782
568.166410309267,-31.6004194941833
568.559060627314,-31.6011464999873
568.951982299439,-31.6018725852044
569.345175513171,-31.6025977514465
569.738640456166,-31.6033220003231
570.132377316213,-31.6040453334412
570.526386281228,-31.6047677524055
570.920667539259,-31.6054892588181
571.315221278483,-31.6062098542789
571.710047687208,-31.6069295403853
572.105146953871,-31.6076483187322
572.500519267038,-31.6083661909123
572.896164815409,-31.6090831585157
573.292083787811,-31.6097992231303
573.688276373203,-31.6105143863416
574.084742760675,-31.6112286497327
574.481483139446,-31.6119420148841
574.878497698868,-31.6126544833744
575.275786628422,-31.6133660567794
575.67335011772,-31.6140767366728
576.071188356507,-31.6147865246258
576.469301534657,-31.6154954222075
576.867689842176,-31.6162034309844
577.266353469201,-31.6169105525208
577.665292606002,-31.6176167883786
578.064507442978,-31.6183221401174
578.463998170661,-31.6190266092946
578.863764979714,-31.619730197465
579.263808060934,-31.6204329061813
579.664127605246,-31.621134736994
580.06472380371,-31.6218356914511
580.465596847518,-31.6225357710983
580.866746927991,-31.6232349774792
581.268174236586,-31.6239333121348
581.66987896489,-31.6246307766042
582.071861304624,-31.625327372424
582.47412144764,-31.6260231011284
582.876659585923,-31.6267179642497
583.279475911592,-31.6274119633176
583.682570616896,-31.6281050998598
584.085943894219,-31.6287973754015
584.489595936078,-31.6294887914659
584.893526935123,-31.6301793495737
585.297737084136,-31.6308690512436
585.702226576032,-31.631557897992
586.106995603862,-31.6322458913329
586.512044360807,-31.6329330327783
586.917373040184,-31.633619323838
587.322981835442,-31.6343047660192
587.728870940166,-31.6349893608275
588.135040548071,-31.6356731097657
588.54149085301,-31.6363560143348
588.948222048966,-31.6370380760334
589.355234330061,-31.637719296358
589.762527890546,-31.638399676803
590.170102924808,-31.6390792188604
590.577959627371,-31.6397579240201
590.98609819289,-31.64043579377
591.394518816155,-31.6411128295955
591.803221692093,-31.6417890329802
592.212207015764,-31.6424644054053
592.621474982362,-31.6431389483499
593.031025787217,-31.643812663291
593.440859625793,-31.6444855517034
593.850976693692,-31.6451576150598
594.261377186647,-31.6458288548307
594.67206130053,-31.6464992724845
595.083029231345,-31.6471688694876
595.494281175235,-31.647837647304
595.905817328475,-31.6485056073958
596.317637887479,-31.649172751223
596.729743048793,-31.6498390802434
597.142133009102,-31.6505045959127
597.554807965226,-31.6511692996844
597.967768114121,-31.6518331930101
598.381013652879,-31.6524962773393
598.794544778727,-31.6531585541192
599.208361689031,-31.6538200247952
599.622464581291,-31.6544806908104
600.036853653144,-31.6551405536058
600.451529102365,-31.6557996146206
600.866491126864,-31.6564578752916
601.281739924688,-31.6571153370539
601.697275694022,-31.6577720013402
602.113098633187,-31.6584278695814
602.529208940642,-31.6590829432061
602.945606814981,-31.6597372236411
603.362292454937,-31.660390712311
603.77926605938,-31.6610434106386
604.196527827318,-31.6616953200443
604.614077957896,-31.6623464419467
605.031916650396,-31.6629967777625
605.450044104239,-31.663646328906
605.868460518983,-31.6642950967899
606.287166094324,-31.6649430828246
606.706161030096,-31.6655902884187
607.12544552627,-31.6662367149786
607.545019782958,-31.6668823639089
607.964884000409,-31.6675272366119
608.385038379008,-31.6681713344884
608.805483119282,-31.6688146589367
609.226218421895,-31.6694572113535
609.647244487649,-31.6700989931334
610.068561517487,-31.6707400056689
610.490169712488,-31.6713802503506
610.912069273871,-31.6720197285673
611.334260402997,-31.6726584417057
611.756743301361,-31.6732963911506
612.179518170601,-31.6739335782846
612.602585212492,-31.6745700044888
613.025944628952,-31.675205671142
613.449596622035,-31.6758405796212
613.873541393935,-31.6764747313014
614.297779146987,-31.6771081275558
614.722310083666,-31.6777407697556
615.147134406585,-31.6783726592699
615.5722523185,-31.6790037974663
615.997664022304,-31.67963418571
616.423369721033,-31.6802638253646
616.849369617861,-31.6808927177918
617.275663916104,-31.6815208643512
617.702252819218,-31.6821482664007
618.129136530798,-31.6827749252962
618.556315254583,-31.6834008423916
618.98378919445,-31.6840260190392
619.411558554418,-31.6846504565892
619.839623538648,-31.68527415639
620.267984351439,-31.6858971197881
620.696641197235,-31.6865193481281
621.125594280619,-31.6871408427529
621.554843806315,-31.6877616050032
621.98438997919,-31.6883816362182
622.414233004252,-31.689000937735
622.84437308665,-31.6896195108891
623.274810431677,-31.6902373570138
623.705545244764,-31.6908544774409
624.136577731488,-31.6914708735001
624.567908097565,-31.6920865465194
624.999536548855,-31.6927014978251
625.431463291359,-31.6933157287413
625.863688531223,-31.6939292405906
626.296212474732,-31.6945420346937
626.729035328315,-31.6951541123694
627.162157298544,-31.6957654749347
627.595578592134,-31.696376123705
628.029299415943,-31.6969860599936
628.463319976969,-31.6975952851122
628.897640482358,-31.6982038003707
629.332261139394,-31.6988116070769
629.767182155509,-31.6994187065373
630.202403738275,-31.7000251000563
630.637926095409,-31.7006307889365
631.073749434771,-31.7012357744789
631.509873964365,-31.7018400579826
631.946299892338,-31.7024436407449
632.383027426981,-31.7030465240615
632.820056776731,-31.7036487092263
633.257388150166,-31.7042501975312
633.69502175601,-31.7048509902666
634.132957803131,-31.705451088721
634.571196500541,-31.7060504941813
635.009738057396,-31.7066492079326
635.448582682997,-31.7072472312582
635.887730586791,-31.7078445654396
636.327181978368,-31.7084412117569
636.766937067462,-31.7090371714879
637.206996063955,-31.7096324459093
637.647359177872,-31.7102270362957
638.088026619383,-31.71082094392
638.528998598803,-31.7114141700535
638.970275326595,-31.7120067159657
639.411857013364,-31.7125985829245
639.853743869863,-31.713189772196
640.295936106989,-31.7137802850446
640.738433935785,-31.7143701227331
641.181237567442,-31.7149592865224
641.624347213294,-31.7155477776721
642.067763084822,-31.7161355974396
642.511485393654,-31.716722747081
642.955514351564,-31.7173092278505
643.399850170472,-31.7178950410009
643.844493062444,-31.7184801877831
644.289443239693,-31.7190646694463
644.734700914579,-31.7196484872382
645.180266299609,-31.7202316424047
645.626139607436,-31.7208141361901
646.07232105086,-31.7213959698371
646.518810842828,-31.7219771445867
646.965609196435,-31.7225576616782
647.412716324923,-31.7231375223493
647.860132441681,-31.7237167278361
648.307857760246,-31.7242952793731
648.755892494302,-31.7248731781929
649.20423685768,-31.7254504255269
649.652891064361,-31.7260270226044
650.101855328472,-31.7266029706536
650.551129864288,-31.7271782709005
651.000714886234,-31.72775292457
651.45061060888,-31.7283269328851
651.900817246946,-31.7289002970673
652.351335015303,-31.7294730183363
652.802164128965,-31.7300450979106
653.253304803099,-31.7306165370066
653.70475725302,-31.7311873368396
654.156521694189,-31.7317574986229
654.60859834222,-31.7323270235684
655.060987412872,-31.7328959128864
655.513689122057,-31.7334641677857
655.966703685832,-31.7340317894734
656.420031320408,-31.734598779155
656.873672242142,-31.7351651380345
657.327626667541,-31.7357308673144
657.781894813263,-31.7362959681955
658.236476896113,-31.7368604418771
658.691373133051,-31.7374242895569
659.146583741181,-31.7379875124312
659.60210893776,-31.7385501116944
660.057948940196,-31.7391120885398
660.514103966045,-31.7396734441589
660.970574233014,-31.7402341797417
661.427359958963,-31.7407942964765
661.884461361899,-31.7413537955504
662.341878659981,-31.7419126781488
662.799612071518,-31.7424709454554
663.257661814973,-31.7430285986527
663.716028108956,-31.7435856389214
664.17471117223,-31.7441420674409
664.63371122371,-31.7446978853889
665.09302848246,-31.7452530939418
665.552663167698,-31.7458076942742
666.01261549879,-31.7463616875594
666.472885695258,-31.7469150749692
666.933473976772,-31.7474678576739
667.394380563155,-31.7480200368421
667.855605674384,-31.7485716136412
668.317149530585,-31.749122589237
668.779012352037,-31.7496729647937
669.241194359172,-31.7502227414741
669.703695772575,-31.7507719204396
670.16651681298,-31.7513205028501
670.629657701277,-31.7518684898638
671.093118658509,-31.7524158826378
671.556899905868,-31.7529626823274
672.021001664702,-31.7535088900867
672.485424156511,-31.7540545070681
672.95016760295,-31.7545995344228
673.415232225822,-31.7551439733003
673.88061824709,-31.7556878248487
674.346325888865,-31.7562310902149
674.812355373414,-31.756773770544
675.278706923157,-31.7573158669799
675.745380760668,-31.7578573806649
676.212377108676,-31.75839831274
676.679696190061,-31.7589386643448
677.147338227859,-31.7594784366173
677.615303445259,-31.7600176306941
678.083592065607,-31.7605562477105
678.5522043124,-31.7610942888003
679.021140409292,-31.7616317550959
679.490400580088,-31.7621686477283
679.959985048753,-31.7627049678271
680.429894039402,-31.7632407165204
680.900127776307,-31.7637758949351
681.370686483895,-31.7643105041963
681.841570386747,-31.7648445454282
682.312779709602,-31.7653780197532
682.78431467735,-31.7659109282926
683.25617551504,-31.7664432721662
683.728362447875,-31.7669750524922
684.200875701215,-31.7675062703879
684.673715500573,-31.7680369269686
685.14688207162,-31.7685670233488
685.620375640182,-31.7690965606414
686.094196432243,-31.7696255399577
686.56834467394,-31.770153962408
687.04282059157,-31.7706818291011
687.517624411582,-31.7712091411443
687.992756360585,-31.7717358996437
688.468216665345,-31.772262105704
688.94400555278,-31.7727877604285
689.42012324997,-31.7733128649193
689.89656998415,-31.773837420277
690.373345982711,-31.7743614276008
690.850451473203,-31.7748848879888
691.327886683332,-31.7754078025376
691.805651840962,-31.7759301723424
692.283747174114,-31.7764519984972
692.762172910967,-31.7769732820946
693.240929279857,-31.7774940242259
693.720016509278,-31.7780142259811
694.199434827883,-31.7785338884489
694.679184464482,-31.7790530127165
695.159265648043,-31.7795715998699
695.639678607693,-31.780089650994
696.120423572717,-31.780607167172
696.601500772558,-31.7811241494861
697.082910436818,-31.781640599017
697.564652795258,-31.7821565168442
698.046728077796,-31.7826719040459
698.529136514512,-31.783186761699
699.011878335643,-31.7837010908791
699.494953771584,-31.7842148926605
699.978363052892,-31.7847281681161
700.462106410283,-31.7852409183179
700.946184074628,-31.7857531443361
701.430596276964,-31.7862648472399
701.915343248483,-31.7867760280973
702.40042522054,-31.787286687975
702.885842424646,-31.7877968279381
703.371595092476,-31.7883064490509
703.857683455863,-31.7888155523762
704.344107746801,-31.7893241389755
704.830868197443,-31.7898322099091
705.317965040104,-31.7903397662361
705.805398507258,-31.7908468090142
706.293168831541,-31.7913533393001
706.781276245751,-31.7918593581491
707.269720982842,-31.7923648666151
707.758503275935,-31.792869865751
708.247623358308,-31.7933743566083
708.737081463403,-31.7938783402375
709.22687782482,-31.7943818176876
709.717012676322,-31.7948847900064
710.207486251836,-31.7953872582407
710.698298785447,-31.7958892234358
711.189450511404,-31.7963906866359
711.680941664116,-31.7968916488841
712.172772478156,-31.7973921112221
712.664943188259,-31.7978920746903
713.157454029321,-31.7983915403282
713.6503052364,-31.7988905091739
714.143497044717,-31.7993889822643
714.637029689658,-31.7998869606351
715.130903406767,-31.8003844453208
715.625118431755,-31.8008814373547
716.119675000494,-31.8013779377691
716.614573349018,-31.8018739475946
717.109813713526,-31.8023694678613
717.605396330381,-31.8028644995974
718.101321436105,-31.8033590438305
718.597589267389,-31.8038531015868
719.094200061083,-31.8043466738911
719.591154054203,-31.8048397617674
720.088451483929,-31.8053323662383
720.586092587605,-31.8058244883252
721.084077602737,-31.8063161290486
721.582406766996,-31.8068072894274
722.081080318219,-31.8072979704798
722.580098494406,-31.8077881732225
723.079461533721,-31.8082778986712
723.579169674493,-31.8087671478404
724.079223155217,-31.8092559217434
724.57962221455,-31.8097442213925
725.080367091317,-31.8102320477987
725.581458024506,-31.810719401972
726.082895253271,-31.811206284921
726.58467901693,-31.8116926976534
727.08680955497,-31.8121786411757
727.589287107039,-31.8126641164933
728.092111912953,-31.8131491246103
728.595284212693,-31.8136336665299
729.098804246407,-31.8141177432541
729.602672254408,-31.8146013557836
730.106888477174,-31.8150845051182
730.611453155353,-31.8155671922564
731.116366529754,-31.8160494181959
731.621628841356,-31.8165311839329
732.127240331305,-31.8170124904626
732.63320124091,-31.8174933387793
733.139511811651,-31.817973729876
733.646172285172,-31.8184536647446
734.153182903285,-31.8189331443759
734.66054390797,-31.8194121697598
735.168255541372,-31.8198907418847
735.676318045806,-31.8203688617383
736.184731663752,-31.820846530307
736.693496637859,-31.8213237485761
737.202613210944,-31.8218005175301
737.71208162599,-31.8222768381519
738.22190212615,-31.8227527114238
738.732074954744,-31.8232281383268
739.24260035526,-31.8237031198409
739.753478571355,-31.8241776569448
740.264709846854,-31.8246517506165
740.776294425749,-31.8251254018326
741.288232552204,-31.8255986115689
741.80052447055,-31.8260713808
742.313170425284,-31.8265437104993
742.826170661078,-31.8270156016394
743.339525422767,-31.8274870551918
743.853234955359,-31.8279580721267
744.36729950403,-31.8284286534136
744.881719314127,-31.8288988000206
745.396494631163,-31.8293685129151
745.911625700825,-31.8298377930632
746.427112768967,-31.83030664143
746.942956081613,-31.8307750589797
747.459155884958,-31.8312430466754
747.975712425366,-31.8317106054789
748.492625949374,-31.8321777363514
749.009896703686,-31.8326444402528
749.527524935177,-31.8331107181421
750.045510890896,-31.8335765709772
750.563854818059,-31.8340419997148
751.082556964053,-31.8345070053111
751.601617576438,-31.8349715887207
752.121036902945,-31.8354357508976
752.640815191474,-31.8358994927945
753.160952690098,-31.8363628153632
753.681449647061,-31.8368257195546
754.20230631078,-31.8372882063185
754.72352292984,-31.8377502766037
755.245099753002,-31.8382119313579
755.767037029196,-31.838673171528
756.289335007526,-31.8391339980598
756.811993937267,-31.8395944118979
757.335014067865,-31.8400544139864
757.858395648942,-31.840514005268
758.382138930289,-31.8409731866845
758.906244161871,-31.8414319591767
759.430711593827,-31.8418903236847
759.955541476467,-31.8423482811472
760.480734060274,-31.8428058325021
761.006289595906,-31.8432629786864
761.532208334191,-31.8437197206361
762.058490526134,-31.8441760592861
762.585136422911,-31.8446319955705
763.112146275872,-31.8450875304223
763.639520336543,-31.8455426647736
764.16725885662,-31.8459973995555
764.695362087974,-31.8464517356983
765.223830282653,-31.8469056741311
765.752663692876,-31.8473592157822
766.281862571038,-31.8478123615789
766.811427169707,-31.8482651124476
767.341357741626,-31.8487174693136
767.871654539715,-31.8491694331015
768.402317817065,-31.8496210047347
768.933347826944,-31.8500721851359
769.464744822794,-31.8505229752266
769.996509058235,-31.8509733759276
770.528640787058,-31.8514233881587
771.061140263233,-31.8518730128387
771.594007740903,-31.8523222508855
772.127243474388,-31.852771103216
772.660847718185,-31.8532195707464
773.194820726963,-31.8536676543918
773.72916275557,-31.8541153550663
774.26387405903,-31.8545626736834
774.798954892542,-31.8550096111553
775.334405511483,-31.8554561683935
775.870226171405,-31.8559023463087
776.406417128037,-31.8563481458103
776.942978637285,-31.8567935678072
777.479910955232,-31.8572386132072
778.017214338137,-31.8576832829172
778.554889042437,-31.8581275778433
779.092935324746,-31.8585714988906
779.631353441856,-31.8590150469632
780.170143650736,-31.8594582229647
780.709306208531,-31.8599010277973
781.248841372567,-31.8603434623627
781.788749400343,-31.8607855275615
782.329030549542,-31.8612272242935
782.869685078021,-31.8616685534577
783.410713243815,-31.862109515952
783.95211530514,-31.8625501126736
784.493891520389,-31.8629903445187
785.036042148132,-31.8634302123828
785.57856744712,-31.8638697171603
786.121467676284,-31.864308859745
786.664743094728,-31.8647476410296
787.208393961743,-31.8651860619059
787.752420536792,-31.8656241232652
788.296823079523,-31.8660618259975
788.841601849759,-31.8664991709922
789.386757107507,-31.8669361591378
789.932289112949,-31.8673727913219
790.47819812645,-31.8678090684313
791.024484408553,-31.8682449913518
791.571148219984,-31.8686805609686
792.118189821645,-31.8691157781659
792.665609474622,-31.869550643827
793.21340744018,-31.8699851588345
793.761583979764,-31.8704193240702
794.310139354999,-31.8708531404148
794.859073827695,-31.8712866087483
795.408387659837,-31.87171972995
795.958081113595,-31.8721525048983
796.50815445132,-31.8725849344706
797.058607935542,-31.8730170195437
797.609441828975,-31.8734487609934
798.160656394513,-31.8738801596949
798.712251895232,-31.8743112165222
799.26422859439,-31.8747419323489
799.816586755428,-31.8751723080476
800.369326641966,-31.87560234449
800.92244851781,-31.876032042547
801.475952646945,-31.876461403089
802.02983929354,-31.8768904269852
802.584108721947,-31.8773191151041
803.1387611967,-31.8777474683135
803.693796982516,-31.8781754874804
804.249216344295,-31.8786031734708
804.805019547119,-31.8790305271502
805.361206856255,-31.8794575493831
805.917778537153,-31.8798842410332
806.474734855444,-31.8803106029635
807.032076076947,-31.8807366360361
807.58980246766,-31.8811623411125
808.147914293768,-31.8815877190532
808.706411821639,-31.882012770718
809.265295317824,-31.8824374969661
809.824565049061,-31.8828618986556
810.384221282269,-31.883285976644
810.944264284555,-31.8837097317879
811.504694323206,-31.8841331649435
812.065511665699,-31.8845562769657
812.626716579691,-31.884979068709
813.188309333028,-31.885401541027
813.750290193738,-31.8858236947726
814.312659430036,-31.8862455307978
814.875417310322,-31.8866670499539
815.438564103182,-31.8870882530916
816.002100077385,-31.8875091410606
816.56602550189,-31.88792971471
817.130340645838,-31.8883499748882
817.695045778558,-31.8887699224425
818.260141169565,-31.88918955822
818.825627088561,-31.8896088830665
819.391503805431,-31.8900278978275
819.95777159025,-31.8904466033475
820.524430713279,-31.8908650004702
821.091481444966,-31.8912830900389
821.658924055943,-31.8917008728958
822.226758817033,-31.8921183498826
822.794985999244,-31.8925355218401
823.363605873771,-31.8929523896085
823.932618711997,-31.8933689540272
824.502024785494,-31.8937852159349
825.07182436602,-31.8942011761695
825.64201772552,-31.8946168355683
826.212605136129,-31.8950321949679
826.783586870169,-31.895447255204
827.35496320015,-31.8958620171117
827.926734398771,-31.8962764815254
828.498900738919,-31.8966906492786
829.07146249367,-31.8971045212045
829.644419936288,-31.8975180981352
830.217773340227,-31.8979313809021
830.791522979128,-31.8983443703362
831.365669126824,-31.8987570672676
831.940212057334,-31.8991694725256
832.515152044869,-31.899581586939
833.090489363827,-31.8999934113358
833.6662242888,-31.9004049465432
834.242357094564,-31.900816193388
834.818888056089,-31.9012271526961
835.395817448534,-31.9016378252926
835.973145547248,-31.9020482120022
836.550872627769,-31.9024583136487
837.128998965828,-31.9028681310552
837.707524837346,-31.9032776650444
838.286450518431,-31.9036869164379
838.865776285387,-31.9040958860569
839.445502414706,-31.904504574722
840.025629183072,-31.9049129832527
840.606156867359,-31.9053211124684
841.187085744635,-31.9057289631874
841.768416092156,-31.9061365362274
842.350148187374,-31.9065438324056
842.932282307927,-31.9069508525385
843.514818731649,-31.9073575974417
844.097757736566,-31.9077640679304
844.681099600894,-31.908170264819
845.264844603043,-31.9085761889213
845.848993021615,-31.9089818410505
846.433545135404,-31.9093872220191
847.018501223397,-31.9097923326387
847.603861564774,-31.9101971737208
848.189626438908,-31.9106017460756
848.775796125364,-31.9110060505132
849.362370903902,-31.9114100878428
849.949351054473,-31.9118138588729
850.536736857224,-31.9122173644115
851.124528592495,-31.9126206052659
851.712726540818,-31.9130235822428
852.301330982921,-31.9134262961482
852.890342199724,-31.9138287477876
853.479760472342,-31.9142309379655
854.069586082086,-31.9146328674863
854.659819310459,-31.9150345371535
855.250460439159,-31.9154359477698
855.84150975008,-31.9158371001375
856.43296752531,-31.9162379950584
857.024834047131,-31.9166386333333
857.617109598021,-31.9170390157628
858.209794460654,-31.9174391431465
858.802888917898,-31.9178390162836
859.396393252817,-31.9182386359726
859.99030774867,-31.9186380030116
860.584632688913,-31.9190371181978
861.179368357198,-31.9194359823279
861.774515037371,-31.919834596198
862.370073013477,-31.9202329606037
862.966042569753,-31.9206310763398
863.562423990638,-31.9210289442006
864.159217560764,-31.9214265649798
864.756423564959,-31.9218239394705
865.354042288251,-31.9222210684653
865.952074015863,-31.922617952756
866.550519033215,-31.9230145931339
867.149377625925,-31.9234109903898
867.748650079807,-31.9238071453138
868.348336680875,-31.9242030586954
868.948437715338,-31.9245987313237
869.548953469605,-31.9249941639869
870.149884230281,-31.925389357473
870.75123028417,-31.925784312569
871.352991918276,-31.9261790300617
871.955169419797,-31.9265735107371
872.557763076134,-31.9269677553807
873.160773174883,-31.9273617647775
873.764200003842,-31.9277555397117
874.368043851005,-31.9281490809671
874.972305004567,-31.928542389327
875.576983752922,-31.9289354655739
876.182080384661,-31.9293283104901
876.787595188579,-31.9297209248569
877.393528453665,-31.9301133094553
877.999880469112,-31.9305054650658
878.606651524311,-31.9308973924682
879.213841908853,-31.9312890924417
879.82145191253,-31.9316805657651
880.429481825334,-31.9320718132166
881.037931937457,-31.9324628355738
881.646802539292,-31.9328536336137
882.256093921432,-31.933244208113
882.865806374671,-31.9336345598475
883.475940190004,-31.9340246895928
884.086495658628,-31.9344145981238
884.697473071941,-31.9348042862147
885.308872721541,-31.9351937546396
885.920694899229,-31.9355830041715
886.532939897006,-31.9359720355833
887.145608007078,-31.9363608496473
887.758699521849,-31.936749447135
888.372214733928,-31.9371378288177
888.986153936124,-31.9375259954661
889.60051742145,-31.9379139478501
890.215305483121,-31.9383016867394
890.830518414555,-31.9386892129031
891.446156509372,-31.9390765271097
892.062220061397,-31.9394636301273
892.678709364653,-31.9398505227232
893.295624713372,-31.9402372056646
893.912966401986,-31.9406236797179
894.530734725132,-31.941009945649
895.14892997765,-31.9413960042235
895.767552454583,-31.9417818562062
896.386602451179,-31.9421675023616
897.00608026289,-31.9425529434537
897.625986185372,-31.9429381802458
898.246320514484,-31.9433232135009
898.867083546292,-31.9437080439814
899.488275577065,-31.9440926724492
900.109896903277,-31.9444770996659
900.731947821606,-31.9448613263922
901.354428628937,-31.9452453533886
901.977339622359,-31.9456291814152
902.600681099167,-31.9460128112312
903.224453356859,-31.9463962435958
903.848656693142,-31.9467794792675
904.473291405927,-31.9471625190041
905.09835779333,-31.9475453635632
905.723856153676,-31.9479280137018
906.349786785493,-31.9483104701766
906.976149987516,-31.9486927337435
907.60294605869,-31.9490748051582
908.23017529816,-31.9494566851757
908.857838005283,-31.9498383745508
909.485934479621,-31.9502198740376
910.114465020944,-31.9506011843898
910.743429929228,-31.9509823063607
911.372829504657,-31.9513632407029
912.002664047621,-31.9517439881689
912.632933858721,-31.9521245495104
913.263639238761,-31.9525049254788
913.894780488757,-31.9528851168251
914.526357909932,-31.9532651242996
915.158371803714,-31.9536449486525
915.790822471745,-31.9540245906332
916.423710215871,-31.9544040509909
917.057035338147,-31.9547833304741
917.69079814084,-31.955162429831
918.324998926422,-31.9555413498095
918.959637997576,-31.9559200911568
919.594715657193,-31.9562986546196
920.230232208376,-31.9566770409445
920.866187954435,-31.9570552508774
921.502583198889,-31.9574332851638
922.139418245469,-31.9578111445488
922.776693398115,-31.958188829777
923.414408960978,-31.9585663415926
924.052565238416,-31.9589436807394
924.691162535,-31.9593208479607
925.330201155512,-31.9596978439994
925.969681404943,-31.9600746695981
926.609603588495,-31.9604513254987
927.249968011581,-31.9608278124429
927.890774979827,-31.9612041311718
928.532024799068,-31.9615802824263
929.173717775349,-31.9619562669467
929.815854214931,-31.9623320854729
930.458434424283,-31.9627077387444
931.101458710087,-31.9630832275003
931.744927379236,-31.9634585524793
932.388840738837,-31.9638337144198
933.033199096208,-31.9642087140594
933.678002758879,-31.9645835521357
934.323252034593,-31.9649582293857
934.968947231307,-31.965332746546
935.615088657188,-31.9657071043528
936.261676620618,-31.966081303542
936.908711430192,-31.966455344849
937.556193394718,-31.9668292290088
938.204122823217,-31.9672029567559
938.852500024923,-31.9675765288247
939.501325309287,-31.9679499459489
940.150598985969,-31.968323208862
940.800321364847,-31.9686963182969
941.45049275601,-31.9690692749864
942.101113469765,-31.9694420796627
942.752183816629,-31.9698147330576
943.403704107338,-31.9701872359026
944.055674652839,-31.9705595889288
944.708095764298,-31.9709317928669
945.360967753091,-31.9713038484472
946.014290930812,-31.9716757563997
946.668065609272,-31.9720475174539
947.322292100494,-31.972419132339
947.976970716719,-31.9727906017839
948.632101770403,-31.9731619265169
949.287685574218,-31.9735331072661
949.943722441051,-31.9739041447593
950.600212684008,-31.9742750397236
951.257156616409,-31.9746457928862
951.91455455179,-31.9750164049735
952.572406803907,-31.9753868767118
953.230713686729,-31.9757572088269
953.889475514444,-31.9761274020443
954.548692601458,-31.9764974570893
955.208365262391,-31.9768673746864
955.868493812085,-31.9772371555603
956.529078565595,-31.9776068004348
957.190119838197,-31.9779763100338
957.851617945384,-31.9783456850805
958.513573202865,-31.978714926298
959.175985926571,-31.979084034409
959.838856432648,-31.9794530101357
960.502185037462,-31.9798218542001
961.165972057598,-31.9801905673238
961.830217809858,-31.9805591502281
962.494922611265,-31.9809276036339
963.16008677906,-31.9812959282617
963.825710630704,-31.9816641248319
964.491794483876,-31.9820321940643
965.158338656475,-31.9824001366786
965.825343466621,-31.9827679533939
966.492809232653,-31.9831356449291
967.160736273129,-31.9835032120029
967.829124906829,-31.9838706553334
968.497975452752,-31.9842379756386
969.167288230118,-31.9846051736361
969.837063558366,-31.9849722500431
970.50730175716,-31.9853392055766
971.178003146379,-31.9857060409531
971.849168046129,-31.9860727568891
972.520796776733,-31.9864393541003
973.192889658736,-31.9868058333026
973.865447012907,-31.9871721952112
974.538469160233,-31.9875384405412
975.211956421927,-31.9879045700073
975.885909119419,-31.9882705843238
976.560327574367,-31.9886364842049
977.235212108646,-31.9890022703643
977.910563044357,-31.9893679435155
978.586380703822,-31.9897335043717
979.262665409585,-31.9900989536458
979.939417484414,-31.9904642920502
980.616637251301,-31.9908295202973
981.294325033459,-31.991194639099
981.972481154327,-31.9915596491669
982.651105937565,-31.9919245512124
983.330199707058,-31.9922893459466
984.009762786915,-31.9926540340803
984.689795501467,-31.9930186163239
985.370298175273,-31.9933830933875
986.051271133112,-31.9937474659812
986.73271469999,-31.9941117348145
987.414629201138,-31.9944759005967
988.097014962009,-31.9948399640369
988.779872308285,-31.9952039258437
989.463201565869,-31.9955677867257
990.147003060892,-31.9959315473911
990.831277119709,-31.9962952085478
991.516024068901,-31.9966587709033
992.201244235274,-31.9970222351651
992.886937945862,-31.9973856020402
993.573105527922,-31.9977488722354
994.259747308939,-31.9981120464573
994.946863616625,-31.9984751254121
995.634454778917,-31.9988381098058
996.322521123978,-31.9992010003441
997.0110629802,-31.9995637977325
997.7000806762,-31.9999265026761
998.389574540824,-32.0002891158799
999.079544903144,-32.0006516380486
999.769992092458,-32.0010140698866
1000.4609164383,-32.0013764120979
1001.15231827041,-32.0017386653866
1001.84419791878,-32.0021008304562
1002.53655571363,-32.00246290801
1003.22939198539,-32.0028248987513
1003.92270706472,-32.0031868033829
1004.61650128252,-32.0035486226074
1005.31077496993,-32.0039103571271
1006.00552845828,-32.0042720076443
1006.70076207917,-32.0046335748607
1007.39647616441,-32.004995059478
1008.09267104603,-32.0053564621976
1008.7893470563,-32.0057177837207
1009.48650452774,-32.0060790247481
1010.18414379306,-32.0064401859805
1010.88226518522,-32.0068012681184
1011.58086903742,-32.0071622718619
1012.27995568308,-32.007523197911
1012.97952545585,-32.0078840469654
1013.6795786896,-32.0082448197245
1014.38011571845,-32.0086055168878
1015.08113687674,-32.0089661391541
1015.78264249905,-32.0093266872224
1016.48463292018,-32.0096871617911
1017.18710847516,-32.0100475635587
1017.89006949928,-32.0104078932232
1018.59351632801,-32.0107681514826
1019.2974492971,-32.0111283390345
1020.00186874252,-32.0114884565765
1020.70677500044,-32.0118485048058
1021.41216840731,-32.0122084844193
1022.11804929979,-32.012568396114
1022.82441801476,-32.0129282405864
1023.53127488935,-32.0132880185329
1024.23862026093,-32.0136477306498
1024.94645446708,-32.0140073776329
1025.65477784563,-32.014366960178
1026.36359073463,-32.0147264789808
1027.07289347239,-32.0150859347365
1027.78268639742,-32.0154453281403
1028.4929698485,-32.0158046598871
1029.2037441646,-32.0161639306718
1029.91500968497,-32.0165231411888
1030.62676674905,-32.0168822921324
1031.33901569656,-32.017241384197
1032.05175686742,-32.0176004180763
1032.7649906018,-32.0179593944642
1033.47871724011,-32.0183183140542
1034.19293712298,-32.0186771775397
1034.90765059128,-32.0190359856139
1035.62285798612,-32.0193947389698
1036.33855964885,-32.0197534383002
1037.05475592105,-32.0201120842977
1037.77144714453,-32.0204706776549
1038.48863366134,-32.0208292190638
1039.20631581379,-32.0211877092167
1039.92449394438,-32.0215461488054
1040.64316839588,-32.0219045385217
1041.3623395113,-32.022262879057
1042.08200763387,-32.0226211711028
1042.80217310705,-32.0229794153503
1043.52283627457,-32.0233376124903
1044.24399748037,-32.0236957632139
1044.96565706864,-32.0240538682117
1045.68781538379,-32.0244119281742
1046.4104727705,-32.0247699437917
1047.13362957366,-32.0251279157545
1047.85728613841,-32.0254858447524
1048.58144281012,-32.0258437314754
1049.30609993442,-32.0262015766132
1050.03125785716,-32.0265593808552
1050.75691692443,-32.0269171448909
1051.48307748256,-32.0272748694094
1052.20973987812,-32.0276325550998
1052.93690445793,-32.027990202651
1053.66457156904,-32.0283478127518
1054.39274155874,-32.0287053860906
1055.12141477456,-32.029062923356
1055.85059156427,-32.0294204252362
1056.58027227588,-32.0297778924194
1057.31045725765,-32.0301353255935
1058.04114685806,-32.0304927254464
1058.77234142586,-32.0308500926659
1059.50404131001,-32.0312074279394
1060.23624685973,-32.0315647319544
1060.96895842448,-32.0319220053981
1061.70217635395,-32.0322792489578
1062.43590099809,-32.0326364633203
1063.17013270708,-32.0329936491726
1063.90487183134,-32.0333508072013
1064.64011872155,-32.0337079380931
1065.37587372859,-32.0340650425344
1066.11213720364,-32.0344221212117
1066.84890949808,-32.0347791748109
1067.58619096355,-32.0351362040183
1068.32398195193,-32.0354932095198
1069.06228281534,-32.0358501920012
1069.80109390614,-32.0362071521482
1070.54041557696,-32.0365640906464
1071.28024818063,-32.0369210081812
1072.02059207026,-32.0372779054379
1072.76144759919,-32.0376347831018
1073.50281512101,-32.037991641858
1074.24469498954,-32.0383484823914
1074.98708755885,-32.0387053053869
1075.72999318327,-32.0390621115293
1076.47341221737,-32.0394189015032
1077.21734501594,-32.0397756759932
1077.96179193405,-32.0401324356835
1078.70675332699,-32.0404891812587
1079.45222955031,-32.0408459134028
1080.1982209598,-32.0412026328
1080.94472791149,-32.0415593401342
1081.69175076167,-32.0419160360894
1082.43928986687,-32.0422727213493
1083.18734558386,-32.0426293965976
1083.93591826966,-32.042986062518
1084.68500828155,-32.0433427197939
1085.43461597703,-32.0436993691088
1086.18474171388,-32.0440560111458
1086.93538585009,-32.0444126465883
1087.68654874393,-32.0447692761193
1088.4382307539,-32.045125900422
1089.19043223876,-32.0454825201791
1089.9431535575,-32.0458391360736
1090.69639506938,-32.0461957487882
1091.45015713388,-32.0465523590057
1092.20444011076,-32.0469089674086
1092.95924436001,-32.0472655746793
1093.71457024188,-32.0476221815004
1094.47041811684,-32.0479787885542
1095.22678834565,-32.048335396523
1095.98368128929,-32.0486920060889
1096.74109730901,-32.0490486179341
1097.49903676629,-32.0494052327406
1098.25750002287,-32.0497618511904
1099.01648744074,-32.0501184739654
1099.77599938214,-32.0504751017474
1100.53603620956,-32.0508317352181
1101.29659828574,-32.0511883750592
1102.05768597367,-32.0515450219524
1102.81929963659,-32.0519016765793
1103.581439638,-32.0522583396212
1104.34410634163,-32.0526150117597
1105.10730011149,-32.052971693676
1105.87102131181,-32.0533283860516
1106.6352703071,-32.0536850895676
1107.40004746211,-32.0540418049052
1108.16535314185,-32.0543985327455
1108.93118771155,-32.0547552737697
1109.69755153674,-32.0551120286587
1110.46444498317,-32.0554687980936
1111.23186841685,-32.0558255827552
1111.99982220406,-32.0561823833244
1112.7683067113,-32.056539200482
1113.53732230535,-32.0568960349087
1114.30686935323,-32.0572528872854
1115.07694822223,-32.0576097582927
1115.84755927988,-32.0579666486112
1116.61870289395,-32.0583235589215
1117.39037943251,-32.0586804899042
1118.16258926383,-32.0590374422397
1118.93533275647,-32.0593944166086
1119.70861027923,-32.0597514136913
1120.48242220118,-32.0601084341681
1121.25676889162,-32.0604654787195
1122.03165072013,-32.0608225480258
1122.80706805653,-32.0611796427673
1123.58302127091,-32.0615367636242
1124.35951073359,-32.0618939112768
1125.13653681517,-32.0622510864053
1125.9140998865,-32.0626082896899
1126.69220031869,-32.0629655218107
1127.47083848309,-32.0633227834479
1128.25001475132,-32.0636800752816
1129.02972949526,-32.0640373979919
1129.80998308704,-32.0643947522589
1130.59077589904,-32.0647521387625
1131.37210830392,-32.0651095581829
1132.15398067458,-32.0654670112
1132.93639338417,-32.0658244984939
1133.71934680612,-32.0661820207446
1134.50284131411,-32.0665395786319
1135.28687728207,-32.0668971728359
1136.07145508419,-32.0672548040366
1136.85657509493,-32.0676124729138
1137.642237689,-32.0679701801476
1138.42844324136,-32.0683279264178
1139.21519212726,-32.0686857124043
1140.00248472217,-32.0690435387871
1140.79032140184,-32.0694014062462
1141.57870254229,-32.0697593154613
1142.36762851978,-32.0701172671125
1143.15709971084,-32.0704752618797
1143.94711649225,-32.0708333004427
1144.73767924107,-32.0711913834815
1145.5287883346,-32.0715495116761
1146.32044415042,-32.0719076857063
1147.11264706635,-32.0722659062521
1147.90539746048,-32.0726241739936
1148.69869571118,-32.0729824896105
1149.49254219704,-32.0733408537829
1150.28693729696,-32.0736992671908
1151.08188139006,-32.0740577305142
1151.87737485576,-32.0744162444332
1152.6734180737,-32.0747748096276
1153.47001142381,-32.0751334267776
1154.26715528629,-32.0754920965633
1155.06485004158,-32.0758508196648
1155.86309607039,-32.0762095967621
1156.66189375371,-32.0765684285354
1157.46124347276,-32.0769273156648
1158.26114560905,-32.0772862588306
1159.06160054436,-32.077645258713
1159.8626086607,-32.0780043159921
1160.66417034037,-32.0783634313482
1161.46628596594,-32.0787226054618
1162.26895592022,-32.079081839013
1163.0721805863,-32.0794411326822
1163.87596034753,-32.0798004871499
1164.68029558754,-32.0801599030964
1165.48518669019,-32.0805193812023
1166.29063403965,-32.080878922148
1167.09663802032,-32.0812385266141
1167.90319901688,-32.0815981952812
1168.71031741427,-32.0819579288299
1169.51799359772,-32.0823177279408
1170.32622795268,-32.0826775932948
1171.13502086491,-32.0830375255724
1171.94437272041,-32.0833975254547
1172.75428390547,-32.0837575936223
1173.56475480662,-32.0841177307563
1174.37578581068,-32.0844779375375
1175.18737730472,-32.084838214647
1175.99952967609,-32.0851985627658
1176.81224331239,-32.0855589825751
1177.62551860153,-32.085919474756
1178.43935593163,-32.0862800399897
1179.25375569112,-32.0866406789575
1180.06871826868,-32.0870013923408
1180.88424405327,-32.087362180821
1181.70033343412,-32.0877230450795
1182.5169868007,-32.0880839857978
1183.33420454279,-32.0884450036576
1184.15198705042,-32.0888060993405
1184.97033471387,-32.0891672735282
1185.78924792374,-32.0895285269025
1186.60872707084,-32.0898898601453
1187.4287725463,-32.0902512739386
1188.2493847415,-32.0906127689642
1189.07056404807,-32.0909743459043
1189.89231085796,-32.0913360054411
1190.71462556334,-32.0916977482566
1191.53750855668,-32.0920595750334
1192.36096023072,-32.0924214864537
1193.18498097845,-32.0927834832
1194.00957119317,-32.0931455659548
1194.83473126841,-32.0935077354007
1195.660461598,-32.0938699922206
1196.48676257603,-32.094232337097
1197.31363459687,-32.094594770713
1198.14107805515,-32.0949572937514
1198.9690933458,-32.0953199068953
1199.79768086398,-32.0956826108279
1200.62684100515,-32.0960454062323
1201.45657416506,-32.096408293792
1202.28688073969,-32.0967712741902
1203.11776112533,-32.0971343481105
1203.94921571853,-32.0974975162365
1204.78124491612,-32.0978607792518
1205.61384911519,-32.0982241378404
1206.44702871312,-32.098587592686
1207.28078410755,-32.0989511444726
1208.11511569642,-32.0993147938844
1208.95002387791,-32.0996785416055
1209.7855090505,-32.1000423883202
1210.62157161295,-32.100406334713
1211.45821196427,-32.1007703814683
1212.29543050376,-32.1011345292708
1213.13322763101,-32.1014987788051
1213.97160374586,-32.1018631307561
1214.81055924844,-32.1022275858088
1215.65009453916,-32.1025921446481
1216.4902100187,-32.1029568079594
1217.33090608802,-32.1033215764278
1218.17218314835,-32.1036864507387
1219.01404160121,-32.1040514315777
1219.85648184839,-32.1044165196305
1220.69950429195,-32.1047817155826
1221.54310933425,-32.1051470201202
1222.38729737791,-32.105512433929
1223.23206882582,-32.1058779576953
1224.07742408117,-32.1062435921053
1224.92336354743,-32.1066093378454
1225.76988762832,-32.106975195602
1226.61699672787,-32.1073411660618
1227.46469125037,-32.1077072499116
1228.3129716004,-32.1080734478381
1229.16183818281,-32.1084397605286
1230.01129140274,-32.10880618867
1230.86133166561,-32.1091727329497
1231.7119593771,-32.109539394055
1232.56317494321,-32.1099061726737
1233.41497877017,-32.1102730694933
1234.26737126454,-32.1106400852016
1235.12035283313,-32.1110072204867
1235.97392388303,-32.1113744760367
1236.82808482163,-32.1117418525397
1237.68283605659,-32.1121093506843
1238.53817799586,-32.112476971159
1239.39411104765,-32.1128447146524
1240.25063562049,-32.1132125818534
1241.10775212315,-32.1135805734509
1241.96546096471,-32.1139486901342
1242.82376255454,-32.1143169325925
1243.68265730225,-32.1146853015152
1244.54214561779,-32.115053797592
1245.40222791135,-32.1154224215125
1246.26290459341,-32.1157911739668
1247.12417607476,-32.1161600556448
1247.98604276645,-32.1165290672367
1248.84850507981,-32.116898209433
1249.71156342648,-32.1172674829242
1250.57521821835,-32.1176368884011
1251.43946986763,-32.1180064265543
1252.3043187868,-32.1183760980751
1253.16976538861,-32.1187459036545
1254.03581008611,-32.119115843984
1254.90245329264,-32.119485919755
1255.76969542182,-32.1198561316594
1256.63753688755,-32.1202264803888
1257.50597810402,-32.1205969666355
1258.37501948572,-32.1209675910915
1259.24466144741,-32.1213383544494
1260.11490440413,-32.1217092574015
1260.98574877122,-32.1220803006408
1261.85719496432,-32.1224514848601
1262.72924339932,-32.1228228107525
1263.60189449244,-32.1231942790112
1264.47514866016,-32.1235658903298
1265.34900631924,-32.1239376454019
1266.22346788676,-32.1243095449212
1267.09853378007,-32.1246815895818
1267.97420441681,-32.125053780078
1268.85048021489,-32.125426117104
1269.72736159255,-32.1257986013544
1270.60484896829,-32.126171233524
1271.48294276089,-32.1265440143078
1272.36164338946,-32.1269169444009
1273.24095127335,-32.1272900244986
1274.12086683224,-32.1276632552965
1275.00139048608,-32.1280366374902
1275.88252265511,-32.1284101717757
1276.76426375986,-32.1287838588491
1277.64661422117,-32.1291576994068
1278.52957446015,-32.1295316941451
1279.41314489821,-32.129905843761
1280.29732595703,-32.1302801489512
1281.18211805863,-32.130654610413
1282.06752162527,-32.1310292288436
1282.95353707953,-32.1314040049406
1283.84016484427,-32.1317789394016
1284.72740534265,-32.1321540329248
1285.61525899813,-32.1325292862082
1286.50372623444,-32.1329046999502
1287.39280747562,-32.1332802748494
1288.282503146,-32.1336560116046
1289.1728136702,-32.1340319109148
1290.06373947314,-32.1344079734793
1290.95528098002,-32.1347841999974
1291.84743861635,-32.1351605911689
1292.74021280792,-32.1355371476936
1293.63360398082,-32.1359138702716
1294.52761256145,-32.1362907596033
1295.42223897648,-32.1366678163892
1296.31748365288,-32.1370450413301
1297.21334701793,-32.1374224351269
1298.10982949919,-32.137799998481
1299.00693152452,-32.1381777320937
1299.90465352208,-32.1385556366668
1300.80299592032,-32.1389337129021
1301.70195914799,-32.1393119615017
1302.60154363413,-32.1396903831682
1303.50174980809,-32.1400689786039
1304.40257809951,-32.140447748512
1305.30402893831,-32.1408266935953
1306.20610275473,-32.1412058145571
1307.10879997931,-32.1415851121012
1308.01212104286,-32.1419645869312
1308.91606637651,-32.1423442397511
1309.82063641169,-32.1427240712653
1310.72583158011,-32.1431040821783
1311.6316523138,-32.1434842731949
1312.53809904507,-32.1438646450199
1313.44517220654,-32.1442451983588
1314.35287223112,-32.1446259339169
1315.26119955203,-32.1450068524001
1316.17015460279,-32.1453879545143
1317.0797378172,-32.1457692409659
1317.98994962938,-32.1461507124612
1318.90079047375,-32.1465323697071
1319.81226078501,-32.1469142134105
1320.72436099818,-32.1472962442788
1321.63709154858,-32.1476784630195
1322.55045287182,-32.1480608703403
1323.46444540381,-32.1484434669492
1324.37906958079,-32.1488262535547
1325.29432583925,-32.1492092308652
1326.21021461604,-32.1495923995896
1327.12673634826,-32.149975760437
1328.04389147334,-32.1503593141166
1328.96168042902,-32.1507430613383
1329.88010365332,-32.1511270028118
1330.79916158457,-32.1515111392473
1331.71885466141,-32.1518954713552
1332.63918332277,-32.1522799998462
1333.5601480079,-32.1526647254314
1334.48174915635,-32.1530496488219
1335.40398720797,-32.1534347707293
1336.32686260289,-32.1538200918654
1337.2503757816,-32.1542056129422
1338.17452718483,-32.1545913346721
1339.09931725367,-32.1549772577677
1340.02474642949,-32.155363382942
1340.95081515395,-32.1557497109081
1341.87752386904,-32.1561362423795
1342.80487301705,-32.15652297807
1343.73286304057,-32.1569099186936
1344.6614943825,-32.1572970649647
1345.59076748604,-32.1576844175978
1346.5206827947,-32.158071977308
1347.45124075231,-32.1584597448102
1348.38244180298,-32.1588477208202
1349.31428639114,-32.1592359060536
1350.24677496154,-32.1596243012265
1351.17990795922,-32.1600129070553
1352.11368582953,-32.1604017242567
1353.04810901813,-32.1607907535476
1353.98317797099,-32.1611799956452
1354.91889313439,-32.1615694512672
1355.85525495492,-32.1619591211314
1356.79226387946,-32.162349005956
1357.72992035522,-32.1627391064593
1358.66822482971,-32.1631294233603
1359.60717775076,-32.1635199573778
1360.54677956649,-32.1639107092315
1361.48703072534,-32.1643016796408
1362.42793167607,-32.1646928693259
1363.36948286774,-32.1650842790069
1364.3116847497,-32.1654759094046
1365.25453777166,-32.1658677612399
1366.19804238359,-32.166259835234
1367.1421990358,-32.1666521321084
1368.08700817891,-32.167044652585
1369.03247026384,-32.167437397386
1369.97858574183,-32.1678303672339
1370.92535506443,-32.1682235628515
1371.87277868349,-32.168616984962
1372.82085705119,-32.1690106342889
1373.76959062003,-32.1694045115558
1374.71897984279,-32.169798617487
1375.66902517258,-32.1701929528069
1376.61972706284,-32.1705875182401
1377.5710859673,-32.1709823145119
1378.52310234001,-32.1713773423476
1379.47577663534,-32.1717726024729
1380.42910930796,-32.172168095614
1381.38310081287,-32.1725638224972
1382.33775160538,-32.1729597838493
1383.29306214111,-32.1733559803974
1384.249032876,-32.1737524128688
1385.2056642663,-32.1741490819913
1386.16295676858,-32.174545988493
1387.12091083972,-32.1749431331023
1388.07952693692,-32.175340516548
1389.0388055177,-32.1757381395591
1389.99874703989,-32.1761360028652
1390.95935196163,-32.1765341071959
1391.92062074139,-32.1769324532815
1392.88255383795,-32.1773310418523
1393.84515171041,-32.1777298736393
1394.80841481819,-32.1781289493736
1395.77234362101,-32.1785282697866
1396.73693857893,-32.1789278356104
1397.70220015232,-32.179327647577
1398.66812880186,-32.1797277064191
1399.63472498856,-32.1801280128696
1400.60198917375,-32.1805285676617
1401.56992181906,-32.1809293715292
1402.53852338646,-32.181330425206
1403.50779433822,-32.1817317294264
1404.47773513696,-32.1821332849252
1405.44834624558,-32.1825350924374
1406.41962812733,-32.1829371526984
1407.39158124577,-32.1833394664441
1408.36420606478,-32.1837420344107
1409.33750304856,-32.1841448573345
1410.31147266163,-32.1845479359526
1411.28611536883,-32.1849512710022
1412.26143163533,-32.1853548632209
1413.23742192662,-32.1857587133467
1414.2140867085,-32.1861628221179
1415.1914264471,-32.1865671902734
1416.16944160888,-32.1869718185521
1417.1481326606,-32.1873767076937
1418.12750006936,-32.1877818584379
1419.10754430258,-32.188187271525
1420.08826582801,-32.1885929476957
1421.0696651137,-32.1889988876908
1422.05174262805,-32.1894050922518
1423.03449883977,-32.1898115621204
1424.0179342179,-32.1902182980388
1425.0020492318,-32.1906253007494
1425.98684435114,-32.1910325709953
1426.97232004595,-32.1914401095195
1427.95847678655,-32.191847917066
1428.94531504361,-32.1922559943786
1429.93283528811,-32.1926643422019
1430.92103799136,-32.1930729612807
1431.90992362499,-32.1934818523603
1432.89949266098,-32.1938910161862
1433.88974557159,-32.1943004535044
1434.88068282946,-32.1947101650615
1435.87230490752,-32.1951201516041
1436.86461227903,-32.1955304138795
1437.8576054176,-32.1959409526354
1438.85128479715,-32.1963517686197
1439.84565089192,-32.1967628625808
1440.84070417649,-32.1971742352675
1441.83644512577,-32.197585887429
1442.83287421499,-32.197997819815
1443.82999191972,-32.1984100331754
1444.82779871584,-32.1988225282607
1445.82629507957,-32.1992353058217
1446.82548148747,-32.1996483666097
1447.82535841641,-32.2000617113763
1448.82592634359,-32.2004753408735
1449.82718574656,-32.2008892558538
1450.82913710319,-32.2013034570701
1451.83178089166,-32.2017179452758
1452.83511759052,-32.2021327212244
1453.83914767861,-32.2025477856702
1454.84387163512,-32.2029631393677
1455.84928993959,-32.2033787830718
1456.85540307185,-32.2037947175379
1457.8622115121,-32.2042109435219
1458.86971574085,-32.20462746178
1459.87791623895,-32.2050442730687
1460.88681348757,-32.2054613781453
1461.89640796824,-32.2058787777671
1462.90670016279,-32.2062964726921
1463.9176905534,-32.2067144636787
1464.92937962259,-32.2071327514856
1465.94176785321,-32.2075513368721
1466.95485572842,-32.2079702205978
1467.96864373174,-32.2083894034227
1468.98313234702,-32.2088088861074
1469.99832205845,-32.2092286694128
1471.01421335053,-32.2096487541003
1472.03080670812,-32.2100691409317
1473.0481026164,-32.2104898306692
1474.06610156089,-32.2109108240756
1475.08480402745,-32.211332121914
1476.10421050228,-32.2117537249479
1477.1243214719,-32.2121756339413
1478.14513742317,-32.2125978496588
1479.1666588433,-32.2130203728651
1480.18888621983,-32.2134432043258
1481.21182004062,-32.2138663448064
1482.2354607939,-32.2142897950734
1483.25980896821,-32.2147135558933
1484.28486505243,-32.2151376280333
1485.31062953579,-32.2155620122611
1486.33710290786,-32.2159867093446
1487.36428565854,-32.2164117200523
1488.39217827806,-32.2168370451533
1489.420781257,-32.2172626854168
1490.45009508629,-32.2176886416128
1491.48012025717,-32.2181149145116
1492.51085726125,-32.2185415048839
1493.54230659046,-32.2189684135011
1494.57446873708,-32.2193956411348
1495.60734419372,-32.2198231885571
1496.64093345334,-32.2202510565407
1497.67523700923,-32.2206792458587
1498.71025535504,-32.2211077572847
1499.74598898475,-32.2215365915926
1500.78243839267,-32.221965749557
1501.81960407347,-32.2223952319528
1502.85748652215,-32.2228250395554
1503.89608623406,-32.2232551731408
1504.93540370488,-32.2236856334854
1505.97543943066,-32.2241164213659
1507.01619390775,-32.2245475375597
1508.05766763288,-32.2249789828446
1509.09986110312,-32.2254107579989
1510.14277481585,-32.2258428638014
1511.18640926884,-32.2262753010312
1512.23076496017,-32.226708070468
1513.27584238828,-32.2271411728922
1514.32164205194,-32.2275746090843
1515.36816445029,-32.2280083798254
1516.41541008279,-32.2284424858974
1517.46337944926,-32.2288769280822
1518.51207304986,-32.2293117071626
1519.56149138509,-32.2297468239215
1520.61163495581,-32.2301822791426
1521.66250426322,-32.23061807361
1522.71409980885,-32.2310542081083
1523.76642209461,-32.2314906834225
1524.81947162272,-32.2319275003382
1525.87324889578,-32.2323646596415
1526.92775441671,-32.2328021621189
1527.9829886888,-32.2332400085574
1529.03895221567,-32.2336781997446
1530.0956455013,-32.2341167364685
1531.15306905001,-32.2345556195178
1532.21122336648,-32.2349948496814
1533.27010895573,-32.2354344277488
1534.32972632312,-32.2358743545102
1535.39007597439,-32.2363146307562
1536.45115841559,-32.2367552572776
1537.51297415314,-32.2371962348663
1538.57552369382,-32.2376375643141
1539.63880754474,-32.2380792464137
1540.70282621338,-32.2385212819583
1541.76758020755,-32.2389636717413
1542.83307003542,-32.239406416557
1543.89929620552,-32.2398495171999
1544.96625922672,-32.2402929744653
1546.03395960825,-32.2407367891487
1547.10239785968,-32.2411809620464
1548.17157449094,-32.241625493955
1549.24149001232,-32.2420703856718
1550.31214493445,-32.2425156379946
1551.38353976832,-32.2429612517215
1552.45567502526,-32.2434072276514
1553.52855121698,-32.2438535665835
1554.60216885551,-32.2443002693177
1555.67652845327,-32.2447473366544
1556.751630523,-32.2451947693944
1557.82747557782,-32.2456425683391
1558.90406413119,-32.2460907342905
1559.98139669694,-32.246539268051
1561.05947378922,-32.2469881704237
1562.13829592259,-32.247437442212
1563.21786361191,-32.2478870842201
1564.29817737243,-32.2483370972525
1565.37923771976,-32.2487874821144
1566.46104516983,-32.2492382396114
1567.54360023897,-32.2496893705497
1568.62690344384,-32.2501408757361
1569.71095530147,-32.2505927559779
1570.79575632923,-32.2510450120829
1571.88130704486,-32.2514976448595
1572.96760796646,-32.2519506551165
1574.0546596125,-32.2524040436635
1575.14246250177,-32.2528578113104
1576.23101715345,-32.2533119588678
1577.32032408707,-32.2537664871467
1578.41038382253,-32.2542213969589
1579.50119688006,-32.2546766891164
1580.59276378028,-32.2551323644322
1581.68508504416,-32.2555884237193
1582.77816119302,-32.2560448677918
1583.87199274856,-32.2565016974639
1584.96658023281,-32.2569589135507
1586.0619241682,-32.2574165168677
1587.15802507749,-32.2578745082308
1588.25488348381,-32.2583328884568
1589.35249991067,-32.2587916583629
1590.4508748819,-32.2592508187667
1591.55000892173,-32.2597103704867
1592.64990255475,-32.2601703143416
1593.75055630588,-32.2606306511509
1594.85197070045,-32.2610913817345
1595.95414626411,-32.2615525069132
1597.05708352289,-32.2620140275079
1598.1607830032,-32.2624759443404
1599.26524523178,-32.262938258233
1600.37047073577,-32.2634009700085
1601.47646004265,-32.2638640804902
1602.58321368026,-32.2643275905023
1603.69073217684,-32.2647915008692
1604.79901606095,-32.265255812416
1605.90806586154,-32.2657205259685
1607.01788210794,-32.266185642353
1608.1284653298,-32.2666511623963
1609.23981605719,-32.2671170869258
1610.3519348205,-32.2675834167695
1611.46482215052,-32.2680501527562
1612.57847857839,-32.2685172957148
1613.69290463562,-32.2689848464753
1614.80810085408,-32.2694528058679
1615.92406776603,-32.2699211747236
1617.04080590408,-32.2703899538739
1618.1583158012,-32.2708591441508
1619.27659799076,-32.2713287463872
1620.39565300645,-32.2717987614162
1621.51548138239,-32.2722691900718
1622.63608365301,-32.2727400331883
1623.75746035315,-32.273211291601
1624.879612018,-32.2736829661453
1626.00253918312,-32.2741550576576
1627.12624238446,-32.2746275669747
1628.25072215831,-32.275100494934
1629.37597904136,-32.2755738423736
1630.50201357065,-32.276047610132
1631.62882628359,-32.2765217990487
1632.75641771799,-32.2769964099632
1633.88478841199,-32.2774714437162
1635.01393890414,-32.2779469011486
1636.14386973334,-32.2784227831021
1637.27458143886,-32.278899090419
1638.40607456037,-32.279375823942
1639.53834963787,-32.2798529845146
1640.67140721177,-32.280330572981
1641.80524782284,-32.2808085901858
1642.93987201222,-32.2812870369743
1644.07528032143,-32.2817659141924
1645.21147329236,-32.2822452226866
1646.34845146728,-32.2827249633041
1647.48621538882,-32.2832051368925
1648.62476560002,-32.2836857443002
1649.76410264425,-32.2841667863763
1650.90422706529,-32.2846482639703
1652.04513940727,-32.2851301779324
1653.18684021473,-32.2856125291135
1654.32933003254,-32.286095318365
1655.47260940599,-32.286578546539
1656.61667888072,-32.2870622144881
1657.76153900276,-32.2875463230658
1658.90719031851,-32.2880308731259
1660.05363337475,-32.2885158655231
1661.20086871865,-32.2890013011125
1662.34889689773,-32.28948718075
1663.49771845992,-32.2899735052919
1664.6473339535,-32.2904602755955
1665.79774392715,-32.2909474925185
1666.94894892993,-32.2914351569191
1668.10094951125,-32.2919232696564
1669.25374622094,-32.29241183159
1670.40733960919,-32.2929008435802
1671.56173022656,-32.2933903064878
1672.71691862401,-32.2938802211744
1673.87290535287,-32.2943705885022
1675.02969096485,-32.2948614093339
1676.18727601205,-32.2953526845331
1677.34566104695,-32.2958444149637
1678.5048466224,-32.2963366014906
1679.66483329164,-32.2968292449792
1680.8256216083,-32.2973223462954
1681.98721212638,-32.2978159063059
1683.14960540027,-32.298309925878
1684.31280198474,-32.2988044058798
1685.47680243495,-32.2992993471798
1686.64160730642,-32.2997947506472
1687.8072171551,-32.3002906171521
1688.97363253727,-32.3007869475649
1690.14085400964,-32.301283742757
1691.30888212927,-32.3017810036001
1692.47771745363,-32.3022787309668
1693.64736054056,-32.3027769257303
1694.8178119483,-32.3032755887644
1695.98907223546,-32.3037747209437
1697.16114196105,-32.3042743231432
1698.33402168445,-32.3047743962389
1699.50771196544,-32.3052749411072
1700.68221336419,-32.3057759586252
1701.85752644123,-32.3062774496708
1703.03365175752,-32.3067794151224
1704.21058987437,-32.3072818558591
1705.3883413535,-32.3077847727609
1706.56690675701,-32.3082881667081
1707.74628664739,-32.3087920385819
1708.92648158752,-32.309296389264
1710.10749214066,-32.3098012196371
1711.28931887047,-32.3103065305842
1712.471962341,-32.3108123229891
1713.65542311668,-32.3113185977364
1714.83970176234,-32.3118253557113
1716.0247988432,-32.3123325977995
1717.21071492485,-32.3128403248876
1718.39745057331,-32.3133485378628
1719.58500635496,-32.313857237613
1720.77338283657,-32.3143664250268
1721.96258058533,-32.3148761009933
1723.15260016879,-32.3153862664025
1724.34344215491,-32.3158969221451
1725.53510711204,-32.3164080691123
1726.72759560893,-32.316919708196
1727.9209082147,-32.317431840289
1729.11504549888,-32.3179444662845
1730.3100080314,-32.3184575870767
1731.50579638257,-32.3189712035602
1732.70241112311,-32.3194853166304
1733.8998528241,-32.3199999271835
1735.09812205706,-32.3205150361162
1736.29721939388,-32.3210306443261
1737.49714540683,-32.3215467527112
1738.69790066862,-32.3220633621706
1739.89948575232,-32.3225804736036
1741.10190123141,-32.3230980879107
1742.30514767975,-32.3236162059927
1743.50922567162,-32.3241348287514
1744.71413578168,-32.3246539570891
1745.919878585,-32.3251735919088
1747.12645465703,-32.3256937341143
1748.33386457364,-32.3262143846101
1749.54210891107,-32.3267355443014
1750.75118824599,-32.3272572140939
1751.96110315545,-32.3277793948944
1753.1718542169,-32.32830208761
1754.38344200819,-32.3288252931488
1755.59586710757,-32.3293490124194
1756.80913009368,-32.3298732463314
1758.02323154559,-32.3303979957947
1759.23817204273,-32.3309232617202
1760.45395216496,-32.3314490450195
1761.67057249253,-32.3319753466048
1762.8880336061,-32.3325021673891
1764.10633608671,-32.333029508286
1765.32548051581,-32.33355737021
1766.54546747527,-32.3340857540762
1767.76629754735,-32.3346146608004
1768.98797131471,-32.3351440912992
1770.2104893604,-32.3356740464897
1771.43385226789,-32.3362045272902
1772.65806062107,-32.3367355346191
1773.88311500419,-32.3372670693961
1775.10901600194,-32.3377991325412
1776.3357641994,-32.3383317249753
1777.56336018205,-32.33886484762
1778.79180453578,-32.3393985013978
1780.02109784689,-32.3399326872315
1781.25124070208,-32.3404674060451
1782.48223368846,-32.3410026587631
1783.71407739353,-32.3415384463107
1784.94677240521,-32.3420747696139
1786.18031931183,-32.3426116295993
1787.41471870212,-32.3431490271946
1788.64997116521,-32.3436869633278
1789.88607729066,-32.3442254389278
1791.1230376684,-32.3447644549244
1792.3608528888,-32.3453040122478
1793.59952354263,-32.3458441118294
1794.83905022107,-32.3463847546008
1796.07943351569,-32.3469259414947
1797.32067401849,-32.3474676734445
1798.56277232188,-32.3480099513843
1799.80572901867,-32.3485527762488
1801.04954470206,-32.3490961489737
1802.29421996571,-32.3496400704953
1803.53975540365,-32.3501845417506
1804.78615161032,-32.3507295636775
1806.0334091806,-32.3512751372145
1807.28152870976,-32.351821263301
1808.53051079349,-32.3523679428769
1809.78035602787,-32.3529151768831
1811.03106500942,-32.3534629662611
1812.28263833507,-32.3540113119533
1813.53507660214,-32.3545602149028
1814.78838040838,-32.3551096760532
1816.04255035195,-32.3556596963493
1817.29758703142,-32.3562102767362
1818.55349104579,-32.3567614181602
1819.81026299444,-32.3573131215681
1821.06790347721,-32.3578653879073
1822.3264130943,-32.3584182181264
1823.58579244638,-32.3589716131744
1824.8460421345,-32.3595255740011
1826.10716276013,-32.3600801015573
1827.36915492517,-32.3606351967943
1828.63201923191,-32.3611908606644
1829.89575628309,-32.3617470941203
1831.16036668185,-32.3623038981158
1832.42585103172,-32.3628612736055
1833.69220993671,-32.3634192215444
1834.95944400118,-32.3639777428886
1836.22755382995,-32.3645368385949
1837.49654002825,-32.3650965096208
1838.76640320172,-32.3656567569246
1840.03714395642,-32.3662175814654
1841.30876289883,-32.366778984203
1842.58126063587,-32.3673409660981
1843.85463777483,-32.367903528112
1845.12889492348,-32.3684666712069
1846.40403268996,-32.3690303963459
1847.68005168285,-32.3695947044925
1848.95695251117,-32.3701595966113
1850.23473578432,-32.3707250736676
1851.51340211215,-32.3712911366274
1852.79295210493,-32.3718577864577
1854.07338637334,-32.3724250241259
1855.35470552849,-32.3729928506006
1856.63691018192,-32.3735612668508
1857.92000094556,-32.3741302738467
1859.20397843181,-32.3746998725588
1860.48884325345,-32.3752700639589
1861.77459602372,-32.3758408490191
1863.06123735625,-32.3764122287127
1864.34876786513,-32.3769842040134
1865.63718816483,-32.3775567758961
1866.92649887029,-32.3781299453362
1868.21670059685,-32.37870371331
1869.50779396027,-32.3792780807945
1870.79977957676,-32.3798530487677
1872.09265806293,-32.380428618208
1873.38643003584,-32.3810047900951
1874.68109611295,-32.3815815654091
1875.97665691216,-32.382158945131
1877.27311305181,-32.3827369302428
1878.57046515064,-32.383315521727
1879.86871382784,-32.3838947205671
1881.16785970303,-32.3844745277472
1882.46790339623,-32.3850549442525
1883.76884552792,-32.3856359710687
1885.070686719,-32.3862176091826
1886.37342759078,-32.3867998595814
1887.67706876502,-32.3873827232535
1888.98161086391,-32.3879662011878
1890.28705451005,-32.3885502943743
1891.5934003265,-32.3891350038036
1892.90064893673,-32.3897203304671
1894.20880096464,-32.3903062753571
1895.51785703457,-32.3908928394668
1896.8278177713,-32.3914800237898
1898.13868380001,-32.3920678293211
1899.45045574634,-32.3926562570559
1900.76313423636,-32.3932453079908
1902.07671989656,-32.3938349831228
1903.39121335388,-32.3944252834498
1904.70661523567,-32.3950162099706
1906.02292616974,-32.3956077636847
1907.34014678431,-32.3961999455926
1908.65827770805,-32.3967927566955
1909.97731957006,-32.3973861979953
1911.29727299988,-32.3979802704949
1912.61813862746,-32.398574975198
1913.93991708323,-32.3991703131089
1915.26260899801,-32.3997662852331
1916.58621500308,-32.4003628925767
1917.91073573017,-32.4009601361465
1919.23617181141,-32.4015580169503
1920.56252387938,-32.4021565359967
1921.88979256713,-32.4027556942951
1923.2179785081,-32.4033554928558
1924.54708233619,-32.4039559326897
1925.87710468574,-32.4045570148089
1927.20804619153,-32.4051587402259
1928.53990748877,-32.4057611099544
1929.87268921311,-32.4063641250087
1931.20639200064,-32.4069677864039
1932.54101648789,-32.4075720951562
1933.87656331185,-32.4081770522823
1935.2130331099,-32.4087826588
1936.55042651992,-32.4093889157278
1937.88874418019,-32.409995824085
1939.22798672944,-32.4106033848918
1940.56815480686,-32.4112115991693
1941.90924905205,-32.4118204679393
1943.25127010508,-32.4124299922245
1944.59421860645,-32.4130401730484
1945.9380951971,-32.4136510114354
1947.28290051842,-32.4142625084108
1948.62863521224,-32.4148746650005
1949.97529992084,-32.4154874822314
1951.32289528693,-32.4161009611313
1952.67142195367,-32.4167151027287
1954.02088056467,-32.417329908053
1955.37127176398,-32.4179453781346
1956.72259619609,-32.4185615140045
1958.07485450596,-32.4191783166945
1959.42804733896,-32.4197957872377
1960.78217534093,-32.4204139266674
1962.13723915815,-32.4210327360183
1963.49323943735,-32.4216522163256
1964.85017682569,-32.4222723686256
1966.2080519708,-32.4228931939552
1967.56686552075,-32.4235146933523
1968.92661812405,-32.4241368678556
1970.28731042967,-32.4247597185048
1971.64894308702,-32.4253832463401
1973.01151674596,-32.426007452403
1974.3750320568,-32.4266323377354
1975.7394896703,-32.4272579033805
1977.10489023767,-32.4278841503819
1978.47123441058,-32.4285110797845
1979.83852284112,-32.4291386926337
1981.20675618186,-32.429766989976
1982.57593508582,-32.4303959728586
1983.94606020645,-32.4310256423296
1985.31713219768,-32.431655999438
1986.68915171386,-32.4322870452336
1988.06211940982,-32.432918780767
1989.43603594082,-32.4335512070899
1990.81090196259,-32.4341843252547
1992.18671813131,-32.4348181363146
1993.56348510362,-32.4354526413237
1994.94120353658,-32.436087841337
1996.31987408775,-32.4367237374105
1997.69949741511,-32.4373603306007
1999.08007417711,-32.4379976219654
2000.46160503266,-32.4386356125628
2001.84409064111,-32.4392743034525
2003.22753166228,-32.4399136956944
2004.61192875643,-32.4405537903498
2005.9972825843,-32.4411945884804
2007.38359380706,-32.4418360911491
2008.77086308636,-32.4424782994195
2010.1590910843,-32.4431212143562
2011.54827846341,-32.4437648370245
2012.93842588673,-32.4444091684906
2014.32953401772,-32.4450542098218
2015.7216035203,-32.4456999620861
2017.11463505887,-32.4463464263522
2018.50862929828,-32.44699360369
2019.90358690382,-32.44764149517
2021.29950854127,-32.4482901018638
2022.69639487686,-32.4489394248438
2024.09424657726,-32.4495894651831
2025.49306430963,-32.4502402239559
2026.89284874157,-32.4508917022372
2028.29360054116,-32.4515439011029
2029.69532037692,-32.4521968216297
2031.09800891786,-32.4528504648952
2032.50166683342,-32.4535048319781
2033.90629479353,-32.4541599239575
2035.31189346857,-32.4548157419139
2036.71846352937,-32.4554722869283
2038.12600564726,-32.4561295600829
2039.53452049399,-32.4567875624604
2040.94400874182,-32.4574462951447
2042.35447106344,-32.4581057592205
2043.76590813201,-32.4587659557733
2045.17832062117,-32.4594268858895
2046.59170920502,-32.4600885506566
2048.00607455811,-32.4607509511626
2049.42141735548,-32.4614140884967
2050.83773827263,-32.4620779637489
2052.2550379855,-32.46274257801
2053.67331717054,-32.4634079323718
2055.09257650464,-32.464074027927
2056.51281666516,-32.4647408657689
2057.93403832994,-32.4654084469922
2059.35624217728,-32.466076772692
2060.77942888595,-32.4667458439646
2062.20359913519,-32.467415661907
2063.6287536047,-32.4680862276173
2065.05489297467,-32.4687575421942
2066.48201792574,-32.4694296067376
2067.91012913903,-32.470102422348
2069.33922729613,-32.4707759901271
2070.7693130791,-32.4714503111772
2072.20038717048,-32.4721253866017
2073.63245025326,-32.4728012175047
2075.06550301093,-32.4734778049915
2076.49954612742,-32.474155150168
2077.93458028716,-32.474833254141
2079.37060617505,-32.4755121180185
2080.80762447645,-32.4761917429091
2082.2456358772,-32.4768721299223
2083.68464106361,-32.4775532801687
2085.12464072247,-32.4782351947596
2086.56563554106,-32.4789178748074
2088.00762620709,-32.4796013214251
2089.4506134088,-32.4802855357269
2090.89459783487,-32.4809705188277
2092.33958017445,-32.4816562718434
2093.78556111721,-32.4823427958908
2095.23254135324,-32.4830300920876
2096.68052157315,-32.4837181615522
2098.12950246801,-32.4844070054042
2099.57948472937,-32.485096624764
2101.03046904926,-32.4857870207529
2102.48245612018,-32.4864781944929
2103.93544663512,-32.4871701471072
2105.38944128753,-32.4878628797198
2106.84444077137,-32.4885563934555
2108.30044578106,-32.4892506894401
2109.75745701149,-32.4899457688004
2111.21547515806,-32.4906416326639
2112.67450091661,-32.491338282159
2114.13453498351,-32.4920357184153
2115.59557805556,-32.492733942563
2117.05763083009,-32.4934329557334
2118.52069400487,-32.4941327590585
2119.98476827817,-32.4948333536714
2121.44985434876,-32.495534740706
2122.91595291587,-32.4962369212971
2124.38306467921,-32.4969398965805
2125.85119033899,-32.4976436676928
2127.3203305959,-32.4983482357717
2128.79048615111,-32.4990536019555
2130.26165770627,-32.4997597673837
2131.73384596352,-32.5004667331965
2133.20705162549,-32.5011745005351
2134.6812753953,-32.5018830705417
2136.15651797653,-32.5025924443591
2137.63278007327,-32.5033026231315
2139.1100623901,-32.5040136080035
2140.58836563207,-32.5047254001209
2142.06769050471,-32.5054380006304
2143.54803771408,-32.5061514106796
2145.02940796668,-32.5068656314169
2146.51180196952,-32.5075806639917
2147.99522043011,-32.5082965095542
2149.47966405641,-32.5090131692558
2150.96513355692,-32.5097306442485
2152.4516296406,-32.5104489356854
2153.9391530169,-32.5111680447203
2155.42770439575,-32.5118879725082
2156.91728448761,-32.5126087202049
2158.4078940034,-32.5133302889669
2159.89953365453,-32.514052679952
2161.39220415291,-32.5147758943185
2162.88590621094,-32.515499933226
2164.38064054153,-32.5162247978348
2165.87640785805,-32.5169504893061
2167.37320887438,-32.5176770088021
2168.8710443049,-32.5184043574858
2170.36991486447,-32.5191325365214
2171.86982126846,-32.5198615470735
2173.37076423271,-32.5205913903082
2174.87274447358,-32.5213220673921
2176.37576270792,-32.5220535794929
2177.87981965305,-32.5227859277791
2179.38491602683,-32.5235191134203
2180.89105254757,-32.5242531375868
2182.39822993411,-32.52498800145
2183.90644890577,-32.525723706182
2185.41571018238,-32.5264602529561
2186.92601448425,-32.5271976429463
2188.43736253221,-32.5279358773275
2189.94975504756,-32.5286749572757
2191.46319275212,-32.5294148839677
2192.9776763682,-32.5301556585812
2194.49320661863,-32.5308972822948
2196.0097842267,-32.5316397562881
2197.52740991622,-32.5323830817416
2199.04608441152,-32.5331272598368
2200.5658084374,-32.5338722917557
2202.08658271918,-32.5346181786819
2203.60840798267,-32.5353649217992
2205.13128495418,-32.5361125222929
2206.65521436053,-32.536860981349
2208.18019692905,-32.5376103001542
2209.70623338756,-32.5383604798964
2211.23332446438,-32.5391115217643
2212.76147088834,-32.5398634269477
2214.29067338877,-32.5406161966369
2215.82093269552,-32.5413698320236
2217.35224953892,-32.5421243343002
2218.88462464981,-32.5428797046599
2220.41805875956,-32.5436359442969
2221.95255260001,-32.5443930544065
2223.48810690353,-32.5451510361846
2225.02472240298,-32.5459098908283
2226.56239983175,-32.5466696195355
2228.1011399237,-32.5474302235049
2229.64094341324,-32.5481917039364
2231.18181103526,-32.5489540620305
2232.72374352516,-32.5497172989888
2234.26674161885,-32.5504814160139
2235.81080605276,-32.551246414309
2237.35593756381,-32.5520122950786
2238.90213688945,-32.5527790595278
2240.44940476762,-32.5535467088628
2241.99774193678,-32.5543152442906
2243.54714913591,-32.5550846670193
2245.09762710447,-32.5558549782577
2246.64917658247,-32.5566261792156
2248.2017983104,-32.5573982711038
2249.75549302928,-32.558171255134
2251.31026148063,-32.5589451325185
2252.8661044065,-32.559719904471
2254.42302254943,-32.5604955722058
2255.98101665249,-32.5612721369383
2257.54008745925,-32.5620495998845
2259.10023571381,-32.5628279622617
2260.66146216078,-32.563607225288
2262.22376754528,-32.5643873901822
2263.78715261293,-32.5651684581642
2265.3516181099,-32.5659504304548
2266.91716478285,-32.5667333082758
2268.48379337896,-32.5675170928496
2270.05150464593,-32.5683017854
2271.62029933198,-32.5690873871512
2273.19017818584,-32.5698738993286
2274.76114195675,-32.5706613231586
2276.3331913945,-32.5714496598682
2277.90632724935,-32.5722389106856
2279.48055027213,-32.5730290768397
2281.05586121415,-32.5738201595605
2282.63226082725,-32.5746121600788
2284.2097498638,-32.5754050796263
2285.78832907668,-32.5761989194356
2287.3679992193,-32.5769936807403
2288.94876104557,-32.5777893647749
2290.53061530994,-32.5785859727746
2292.11356276737,-32.5793835059759
2293.69760417336,-32.5801819656158
2295.28274028391,-32.5809813529325
2296.86897185556,-32.581781669165
2298.45629964536,-32.5825829155531
2300.04472441088,-32.5833850933378
2301.63424691023,-32.5841882037606
2303.22486790204,-32.5849922480643
2304.81658814545,-32.5857972274923
2306.40940840015,-32.5866031432891
2308.00332942632,-32.5874099967001
2309.59835198469,-32.5882177889715
2311.19447683652,-32.5890265213504
2312.79170474358,-32.5898361950849
2314.39003646817,-32.590646811424
2315.98947277313,-32.5914583716175
2317.59001442181,-32.5922708769162
2319.19166217809,-32.5930843285718
2320.79441680639,-32.5938987278367
2322.39827907165,-32.5947140759645
2324.00324973933,-32.5955303742096
2325.60932957545,-32.5963476238272
2327.21651934651,-32.5971658260735
2328.82481981959,-32.5979849822055
2330.43423176226,-32.5988050934812
2332.04475594266,-32.5996261611595
2333.65639312942,-32.6004481865002
2335.26914409172,-32.6012711707638
2336.88300959929,-32.6020951152119
2338.49799042235,-32.6029200211071
2340.11408733169,-32.6037458897125
2341.73130109862,-32.6045727222925
2343.34963249498,-32.6054005201121
2344.96908229314,-32.6062292844375
2346.58965126601,-32.6070590165355
2348.21134018703,-32.6078897176739
2349.83414983019,-32.6087213891214
2351.45808096999,-32.6095540321476
2353.08313438148,-32.610387648023
2354.70931084025,-32.6112222380189
2356.33661112241,-32.6120578034076
2357.96503600462,-32.6128943454622
2359.59458626408,-32.6137318654568
2361.2252626785,-32.6145703646662
2362.85706602616,-32.6154098443664
2364.48999708587,-32.6162503058338
2366.12405663696,-32.6170917503462
2367.75924545932,-32.617934179182
2369.39556433337,-32.6187775936204
2371.03301404007,-32.6196219949417
2372.67159536092,-32.6204673844271
2374.31130907795,-32.6213137633585
2375.95215597375,-32.6221611330186
2377.59413683143,-32.6230094946914
2379.23725243467,-32.6238588496613
2380.88150356766,-32.6247091992138
2382.52689101516,-32.6255605446354
2384.17341556244,-32.6264128872133
2385.82107799533,-32.6272662282355
2387.46987910023,-32.6281205689911
2389.11981966402,-32.6289759107699
2390.7709004742,-32.6298322548626
2392.42312231874,-32.6306896025609
2394.07648598621,-32.6315479551572
2395.7309922657,-32.6324073139448
2397.38664194685,-32.633267680218
2399.04343581985,-32.6341290552717
2400.70137467543,-32.6349914404021
2402.36045930486,-32.6358548369058
2404.02069049997,-32.6367192460805
2405.68206905314,-32.6375846692247
2407.34459575728,-32.6384511076379
2409.00827140586,-32.6393185626203
2410.6730967929,-32.6401870354729
2412.33907271297,-32.6410565274978
2414.00619996117,-32.6419270399979
2415.67447933317,-32.6427985742767
2417.34391162519,-32.6436711316387
2419.01449763398,-32.6445447133895
2420.68623815687,-32.6454193208353
2422.35913399172,-32.6462949552831
2424.03318593694,-32.6471716180409
2425.7083947915,-32.6480493104174
2427.38476135493,-32.6489280337224
2429.0622864273,-32.6498077892663
2430.74097080923,-32.6506885783605
2432.4208153019,-32.6515704023171
2434.10182070705,-32.6524532624493
2435.78398782696,-32.6533371600707
2437.46731746448,-32.6542220964963
2439.151810423,-32.6551080730414
2440.83746750647,-32.6559950910225
2442.5242895194,-32.6568831517569
2444.21227726686,-32.6577722565626
2445.90143155446,-32.6586624067585
2447.59175318838,-32.6595536036643
2449.28324297536,-32.6604458486006
2450.97590172268,-32.6613391428888
2452.66973023819,-32.6622334878511
2454.3647293303,-32.6631288848106
2456.06089980798,-32.6640253350911
2457.75824248076,-32.6649228400174
2459.4567581587,-32.665821400915
2461.15644765247,-32.6667210191102
2462.85731177327,-32.6676216959303
2464.55935133285,-32.6685234327031
2466.26256714355,-32.6694262307576
2467.96696001826,-32.6703300914233
2469.67253077042,-32.6712350160308
2471.37928021404,-32.6721410059112
2473.0872091637,-32.6730480623966
2474.79631843454,-32.6739561868199
2476.50660884225,-32.6748653805148
2478.2180812031,-32.6757756448159
2479.93073633392,-32.6766869810583
2481.6445750521,-32.6775993905782
2483.3595981756,-32.6785128747125
2485.07580652294,-32.679427434799
2486.79320091321,-32.6803430721761
2488.51178216606,-32.6812597881832
2490.23155110171,-32.6821775841603
2491.95250854096,-32.6830964614484
2493.67465530515,-32.6840164213891
2495.39799221622,-32.6849374653249
2497.12252009664,-32.6858595945992
2498.84823976949,-32.6867828105559
2500.57515205838,-32.68770711454
2502.30325778751,-32.688632507897
2504.03255778166,-32.6895589919733
2505.76305286615,-32.6904865681162
2507.4947438669,-32.6914152376737
2509.22763161038,-32.6923450019944
2510.96171692364,-32.6932758624279
2512.6970006343,-32.6942078203245
2514.43348357056,-32.6951408770353
2516.17116656118,-32.696075033912
2517.91005043549,-32.6970102923074
2519.65013602341,-32.6979466535748
2521.39142415542,-32.6988841190682
2523.13391566257,-32.6998226901427
2524.87761137652,-32.7007623681538
2526.62251212945,-32.7017031544581
2528.36861875415,-32.7026450504125
2530.11593208398,-32.7035880573751
2531.86445295287,-32.7045321767046
2533.61418219534,-32.7054774097603
2535.36512064646,-32.7064237579024
2537.11726914191,-32.7073712224919
2538.87062851793,-32.7083198048904
2540.62519961133,-32.7092695064602
2542.38098325951,-32.7102203285646
2544.13798030045,-32.7111722725674
2545.8961915727,-32.7121253398332
2547.65561791541,-32.7130795317273
2549.41626016827,-32.7140348496159
2551.1781191716,-32.7149912948656
2552.94119576626,-32.7159488688441
2554.70549079371,-32.7169075729196
2556.471005096,-32.717867408461
2558.23773951573,-32.718828376838
2560.00569489612,-32.719790479421
2561.77487208095,-32.7207537175811
2563.54527191458,-32.7217180926902
2565.31689524198,-32.7226836061208
2567.08974290867,-32.7236502592461
2568.86381576078,-32.72461805344
2570.63911464501,-32.7255869900772
2572.41564040865,-32.7265570705331
2574.19339389959,-32.7275282961836
2575.97237596627,-32.7285006684055
2577.75258745774,-32.7294741885763
2579.53402922366,-32.730448858074
2581.31670211422,-32.7314246782774
2583.10060698026,-32.732401650566
2584.88574467315,-32.73337977632
2586.6721160449,-32.7343590569202
2588.45972194806,-32.7353394937482
2590.24856323582,-32.736321088186
2592.03864076191,-32.7373038416166
2593.82995538069,-32.7382877554234
2595.62250794709,-32.7392728309908
2597.41629931663,-32.7402590697034
2599.21133034543,-32.7412464729469
2601.00760189021,-32.7422350421073
2602.80511480824,-32.7432247785716
2604.60386995744,-32.7442156837271
2606.40386819629,-32.745207758962
2608.20511038385,-32.7462010056651
2610.00759737982,-32.7471954252257
2611.81133004444,-32.7481910190338
2613.61630923859,-32.7491877884803
2615.42253582372,-32.7501857349562
2617.23001066188,-32.7511848598537
2619.03873461571,-32.7521851645652
2620.84870854846,-32.7531866504839
2622.65993332397,-32.7541893190037
2624.47240980668,-32.7551931715189
2626.28613886162,-32.7561982094246
2628.10112135442,-32.7572044341164
2629.91735815131,-32.7582118469907
2631.73485011912,-32.7592204494441
2633.55359812528,-32.7602302428743
2635.37360303781,-32.7612412286792
2637.19486572535,-32.7622534082575
2639.01738705711,-32.7632667830084
2640.84116790293,-32.7642813543318
2642.66620913324,-32.7652971236281
2644.49251161907,-32.7663140922983
2646.32007623204,-32.7673322617438
2648.1489038444,-32.768351633367
2649.97899532898,-32.7693722085704
2651.81035155922,-32.7703939887574
2653.64297340918,-32.7714169753318
2655.47686175348,-32.772441169698
2657.3120174674,-32.773466573261
2659.14844142679,-32.7744931874262
2660.9861345081,-32.7755210135998
2662.82509758842,-32.7765500531883
2664.66533154541,-32.7775803075988
2666.50683725736,-32.7786117782391
2668.34961560316,-32.7796444665174
2670.19366746229,-32.7806783738424
2672.03899371487,-32.7817135016234
2673.88559524161,-32.7827498512702
2675.73347292382,-32.783787424193
2677.58262764344,-32.7848262218027
2679.43306028301,-32.7858662455107
2681.28477172568,-32.7869074967288
2683.1377628552,-32.7879499768693
2684.99203455594,-32.788993687345
2686.84758771289,-32.7900386295694
2688.70442321165,-32.7910848049562
2690.5625419384,-32.7921322149198
2692.42194477998,-32.7931808608749
2694.28263262382,-32.7942307442367
2696.14460635794,-32.7952818664212
2698.00786687103,-32.7963342288444
2699.87241505233,-32.797387832923
2701.73825179175,-32.7984426800743
2703.60537797978,-32.7994987717157
2705.47379450754,-32.8005561092653
2707.34350226676,-32.8016146941416
2709.21450214979,-32.8026745277636
2711.08679504959,-32.8037356115506
2712.96038185975,-32.8047979469224
2714.83526347446,-32.8058615352994
2716.71144078855,-32.806926378102
2718.58891469745,-32.8079924767515
2720.46768609722,-32.8090598326692
2722.34775588452,-32.8101284472772
2724.22912495666,-32.8111983219977
2726.11179421155,-32.8122694582534
2727.99576454772,-32.8133418574675
2729.88103686433,-32.8144155210635
2731.76761206115,-32.8154904504652
2733.65549103858,-32.8165666470969
2735.54467469765,-32.8176441123832
2737.43516394,-32.8187228477493
2739.32695966789,-32.8198028546204
2741.22006278422,-32.8208841344223
2743.1144741925,-32.8219666885811
2745.01019479687,-32.8230505185233
2746.90722550209,-32.8241356256756
2748.80556721355,-32.8252220114652
2750.70522083726,-32.8263096773196
2752.60618727988,-32.8273986246666
2754.50846744865,-32.8284888549343
2756.41206225148,-32.8295803695511
2758.31697259689,-32.8306731699459
2760.22319939403,-32.8317672575477
2762.13074355268,-32.8328626337858
2764.03960598324,-32.83395930009
2765.94978759675,-32.8350572578902
2767.86128930487,-32.8361565086167
2769.7741120199,-32.8372570537
2771.68825665477,-32.8383588945709
2773.60372412302,-32.8394620326605
2775.52051533886,-32.8405664694001
2777.4386312171,-32.8416722062213
2779.35807267319,-32.842779244556
2781.27884062321,-32.8438875858362
2783.20093598389,-32.8449972314944
2785.12435967258,-32.846108182963
2787.04911260726,-32.8472204416749
2788.97519570654,-32.8483340090631
2790.9026098897,-32.8494488865607
2792.8313560766,-32.8505650756014
2794.76143518779,-32.8516825776186
2796.69284814442,-32.8528013940464
2798.62559586829,-32.8539215263185
2800.55967928184,-32.8550429758694
2802.49509930814,-32.8561657441334
2804.43185687089,-32.857289832545
2806.36995289446,-32.858415242539
2808.30938830382,-32.8595419755503
2810.2501640246,-32.8606700330139
2812.19228098308,-32.861799416365
2814.13574010615,-32.8629301270388
2816.08054232137,-32.864062166471
2818.02668855692,-32.865195536097
2819.97417974163,-32.8663302373525
2821.92301680498,-32.8674662716733
2823.87320067709,-32.8686036404954
2825.82473228869,-32.8697423452548
2827.77761257121,-32.8708823873874
2829.73184245667,-32.8720237683296
2831.68742287778,-32.8731664895175
2833.64435476785,-32.8743105523875
2835.60263906088,-32.8754559583759
2837.56227669148,-32.8766027089192
2839.52326859492,-32.8777508054539
2841.48561570711,-32.8789002494164
2843.44931896463,-32.8800510422433
2845.41437930467,-32.8812031853711
2847.3807976651,-32.8823566802365
2849.34857498442,-32.8835115282761
2851.31771220178,-32.8846677309263
2853.28821025699,-32.8858252896238
2855.26007009051,-32.8869842058052
2857.23329264342,-32.888144480907
2859.20787885748,-32.8893061163657
2861.18382967511,-32.8904691136177
2863.16114603935,-32.8916334740995
2865.1398288939,-32.8927991992474
2867.11987918314,-32.8939662904977
2869.10129785206,-32.8951347492867
2871.08408584634,-32.8963045770505
2873.06824411228,-32.8974757752251
2875.05377359688,-32.8986483452465
2877.04067524774,-32.8998222885505
2879.02895001315,-32.9009976065728
2881.01859884204,-32.9021743007491
2883.00962268402,-32.9033523725148
2885.00202248933,-32.9045318233053
2886.99579920887,-32.9057126545556
2888.9909537942,-32.9068948677009
2890.98748719755,-32.908078464176
2892.98540037179,-32.9092634454155
2894.98469427047,-32.9104498128539
2896.98536984777,-32.9116375679255
2898.98742805855,-32.9128267120643
2900.99086985833,-32.9140172467043
2902.99569620328,-32.915209173279
2905.00190805023,-32.9164024932219
2907.00950635669,-32.9175972079661
2909.01849208082,-32.9187933189444
2911.02886618143,-32.9199908275896
2913.040629618,-32.921189735334
2915.0537833507,-32.9223900436096
2917.06832834032,-32.9235917538483
2919.08426554834,-32.9247948674815
2921.10159593689,-32.9259993859403
2923.1203204688,-32.9272053106557
2925.14044010751,-32.928412643058
2927.16195581717,-32.9296213845776
2929.18486856258,-32.930831536644
2931.20917930921,-32.9320431006869
2933.23488902319,-32.9332560781352
2935.26199867132,-32.9344704704177
2937.29050922108,-32.9356862789625
2939.3204216406,-32.9369035051975
2941.3517368987,-32.9381221505502
2943.38445596486,-32.9393422164475
2945.41857980921,-32.9405637043161
2947.45410940258,-32.941786615582
2949.49104571647,-32.9430109516708
2951.52938972302,-32.9442367140077
2953.56914239508,-32.9454639040175
2955.61030470614,-32.9466925231241
2957.6528776304,-32.9479225727514
2959.69686214269,-32.9491540543224
2961.74225921854,-32.9503869692597
2963.78906983416,-32.9516213189854
2965.83729496641,-32.9528571049209
2967.88693559284,-32.9540943284871
2969.93799269169,-32.9553329911044
2971.99046724184,-32.9565730941925
2974.04436022288,-32.9578146391705
2976.09967261506,-32.9590576274568
2978.15640539931,-32.9603020604694
2980.21455955725,-32.9615479396255
2982.27413607115,-32.9627952663415
2984.33513592398,-32.9640440420333
2986.3975600994,-32.9652942681161
2988.46140958172,-32.9665459460045
2990.52668535595,-32.967799077112
2992.59338840779,-32.9690536628518
2994.66151972358,-32.9703097046362
2996.7310802904,-32.9715672038766
2998.80207109596,-32.9728261619839
3000.87449312868,-32.9740865803679
3002.94834737766,-32.975348460438
3005.02363483268,-32.9766118036023
3007.1003564842,-32.9778766112686
3009.17851332338,-32.9791428848434
3011.25810634205,-32.9804106257325
3013.33913653272,-32.9816798353411
3015.4216048886,-32.982950515073
3017.50551240359,-32.9842226663316
3019.59086007226,-32.985496290519
3021.67764888988,-32.9867713890366
3023.7658798524,-32.9880479632848
3025.85555395647,-32.989326014663
3027.94667219942,-32.9906055445696
3030.03923557926,-32.9918865544021
3032.13324509471,-32.9931690455569
3034.22870174517,-32.9944530194294
3036.32560653072,-32.995738477414
3038.42396045216,-32.9970254209041
3040.52376451095,-32.9983138512917
3042.62501970926,-32.9996037699682
3044.72772704994,-33.0008951783235
3046.83188753656,-33.0021880777465
3048.93750217335,-33.003482469625
3051.04457196525,-33.0047783553456
3053.15309791789,-33.0060757362938
3055.26308103762,-33.0073746138538
3057.37452233144,-33.0086749894085
3059.48742280707,-33.0099768643399
3061.60178347295,-33.0112802400284
3063.71760533817,-33.0125851178533
3065.83488941254,-33.0138914991927
3067.95363670659,-33.0151993854232
3070.0738482315,-33.0165087779203
3072.1955249992,-33.0178196780578
3074.31866802228,-33.0191320872086
3076.44327831404,-33.0204460067438
3078.5693568885,-33.0217614380335
3080.69690476036,-33.0230783824461
3082.82592294502,-33.0243968413486
3084.95641245859,-33.0257168161067
3087.08837431789,-33.0270383080844
3089.22180954043,-33.0283613186443
3091.35671914442,-33.0296858491476
3093.49310414879,-33.0310119009539
3095.63096557316,-33.032339475421
3097.77030443786,-33.0336685739055
3099.91112176392,-33.0349991977622
3102.05341857308,-33.0363313483442
3104.1971958878,-33.0376650270031
3106.34245473121,-33.0390002350889
3108.48919612719,-33.0403369739497
3110.6374211003,-33.041675244932
3112.78713067581,-33.0430150493807
3114.93832587971,-33.0443563886386
3117.09100773869,-33.045699264047
3119.24517728016,-33.0470436769454
3121.40083553222,-33.0483896286715
3123.5579835237,-33.0497371205608
3125.71662228413,-33.0510861539474
3127.87675284377,-33.0524367301632
3130.03837623356,-33.0537888505384
3132.20149348518,-33.055142516401
3134.366105631,-33.0564977290773
3136.53221370413,-33.0578544898914
3138.69981873838,-33.0592128001655
3140.86892176827,-33.0605726612197
3143.03952382904,-33.0619340743722
3145.21162595665,-33.0632970409387
3147.38522918777,-33.0646615622333
3149.56033455977,-33.0660276395675
3151.73694311078,-33.067395274251
3153.91505587961,-33.068764467591
3156.0946739058,-33.0701352208926
3158.27579822961,-33.0715075354588
3160.45842989202,-33.0728814125901
3162.64256993472,-33.0742568535847
3164.82821940013,-33.0756338597386
3167.01537933138,-33.0770124323454
3169.20405077234,-33.0783925726961
3171.39423476758,-33.0797742820797
3173.58593236241,-33.0811575617822
3175.77914460284,-33.0825424130877
3177.97387253563,-33.0839288372774
3180.17011720824,-33.08531683563
3182.36787966887,-33.0867064094218
3184.56716096643,-33.0880975599263
3186.76796215057,-33.0894902884145
3188.97028427166,-33.0908845961547
3191.17412838078,-33.0922804844126
3193.37949552977,-33.0936779544509
3195.58638677117,-33.0950770075298
3197.79480315824,-33.0964776449067
3200.00474574501,-33.0978798678359
3202.21621558619,-33.0992836775693
3204.42921373725,-33.1006890753554
3206.64374125437,-33.1020960624402
3208.85979919448,-33.1035046400664
3211.07738861522,-33.104914809474
3213.29651057498,-33.1063265718998
3215.51716613287,-33.1077399285775
3217.73935634873,-33.1091548807379
3219.96308228314,-33.1105714296084
3222.1883449974,-33.1119895764134
3224.41514555357,-33.1134093223741
3226.64348501442,-33.1148306687083
3228.87336444345,-33.1162536166307
3231.10478490492,-33.1176781673526
3233.33774746381,-33.1191043220818
3235.57225318583,-33.1205320820229
3237.80830313744,-33.121961448377
3240.04589838583,-33.1233924223417
3242.28503999894,-33.124825005111
3244.52572904541,-33.1262591978755
3246.76796659467,-33.1276950018221
3249.01175371686,-33.1291324181341
3251.25709148285,-33.1305714479911
3253.50398096428,-33.1320120925689
3255.75242323351,-33.1334543530396
3258.00241936364,-33.1348982305715
3260.25397042853,-33.136343726329
3262.50707750275,-33.1377908414727
3264.76174166165,-33.139239577159
3267.01796398129,-33.1406899345406
3269.27574553851,-33.142141914766
3271.53508741085,-33.1435955189796
3273.79599067663,-33.1450507483219
3276.05845641491,-33.1465076039288
3278.32248570547,-33.1479660869324
3280.58807962886,-33.1494261984603
3282.85523926639,-33.1508879396358
3285.12396570008,-33.1523513115778
3287.39426001271,-33.1538163154009
3289.66612328784,-33.1552829522151
3291.93955660974,-33.156751223126
3294.21456106344,-33.1582211292344
3296.49113773472,-33.1596926716368
3298.76928771013,-33.1611658514247
3301.04901207694,-33.162640669685
3303.33031192319,-33.1641171274999
3305.61318833766,-33.1655952259466
3307.89764240991,-33.1670749660975
3310.18367523021,-33.16855634902
3312.47128788962,-33.1700393757764
3314.76048147994,-33.1715240474242
3317.05125709372,-33.1730103650155
3319.34361582427,-33.1744983295973
3321.63755876566,-33.1759879422114
3323.9330870127,-33.1774792038942
3326.23020166099,-33.1789721156769
3328.52890380684,-33.180466678585
3330.82919454737,-33.1819628936388
3333.13107498041,-33.1834607618528
3335.43454620457,-33.1849602842361
3337.73960931924,-33.186461461792
3340.04626542452,-33.1879642955179
3342.35451562132,-33.1894687864057
3344.66436101129,-33.1909749354413
3346.97580269683,-33.1924827436044
3349.28884178112,-33.1939922118691
3351.6034793681,-33.1955033412031
3353.91971656246,-33.197016132568
3356.23755446966,-33.1985305869193
3358.55699419593,-33.2000467052061
3360.87803684827,-33.2015644883712
3363.20068353442,-33.2030839373507
3365.52493536291,-33.2046050530745
3367.85079344302,-33.2061278364657
3370.17825888482,-33.2076522884408
3372.50733279911,-33.2091784099096
3374.83801629749,-33.2107062017749
3377.17031049231,-33.2122356649327
3379.50421649671,-33.213766800272
3381.83973542456,-33.2152996086747
3384.17686839055,-33.2168340910156
3386.5156165101,-33.2183702481622
3388.85598089942,-33.2199080809747
3391.19796267549,-33.2214475903058
3393.54156295605,-33.2229887770008
3395.88678285963,-33.2245316418974
3398.23362350552,-33.2260761858256
3400.58208601379,-33.2276224096076
3402.93217150528,-33.2291703140578
3405.28388110161,-33.2307198999827
3407.63721592517,-33.2322711681805
3409.99217709913,-33.2338241194415
3412.34876574742,-33.2353787545478
3414.70698299478,-33.2369350742729
3417.06682996669,-33.2384930793821
3419.42830778944,-33.240052770632
3421.79141759008,-33.2416141487707
3424.15616049643,-33.2431772145374
3426.52253763712,-33.2447419686627
3428.89055014154,-33.2463084118679
3431.26019913985,-33.2478765448655
3433.63148576301,-33.2494463683588
3436.00441114276,-33.2510178830417
3438.37897641161,-33.2525910895988
3440.75518270287,-33.2541659887051
3443.1330311506,-33.2557425810261
3445.5125228897,-33.2573208672175
3447.8936590558,-33.2589008479251
3450.27644078534,-33.2604825237848
3452.66086921554,-33.2620658954223
3455.04694548441,-33.2636509634533
3457.43467073074,-33.2652377284827
3459.82404609412,-33.2668261911054
3462.2150727149,-33.2684163519055
3464.60775173426,-33.2700082114563
3467.00208429413,-33.2716017703203
3469.39807153725,-33.2731970290491
3471.79571460714,-33.2747939881828
3474.19501464812,-33.2763926482507
3476.59597280529,-33.2779930097704
3478.99859022454,-33.2795950732479
3481.40286805258,-33.2811988391777
3483.80880743686,-33.2828043080422
3486.21640952568,-33.2844114803121
3488.6256754681,-33.2860203564456
3491.03660641397,-33.2876309368889
3493.44920351396,-33.2892432220756
3495.86346791952,-33.2908572124266
3498.27940078289,-33.2924729083502
3500.69700325712,-33.2940903102416
3503.11627649604,-33.2957094184831
3505.5372216543,-33.2973302334436
3507.95983988733,-33.2989527554783
3510.38413235137,-33.3005769849294
3512.81010020344,-33.3022029221247
3515.23774460138,-33.3038305673783
3517.66706670382,-33.3054599209903
3520.0980676702,-33.3070909832461
3522.53074866076,-33.3087237544169
3524.96511083652,-33.3103582347591
3527.40115535932,-33.3119944245142
3529.83888339182,-33.3136323239085
3532.27829609745,-33.3152719331532
3534.71939464046,-33.3169132524439
3537.16218018591,-33.3185562819604
3539.60665389966,-33.3202010218669
3542.05281694837,-33.3218474723112
3544.50067049952,-33.323495633425
3546.95021572137,-33.3251455053231
3549.40145378302,-33.3267970881041
3551.85438585436,-33.328450381849
3554.3090131061,-33.3301053866221
3556.76533670973,-33.3317621024698
3559.22335783759,-33.3334205294213
3561.6830776628,-33.3350806674875
3564.14449735931,-33.3367425166613
3566.60761810186,-33.3384060769172
3569.07244106603,-33.340071348211
3571.53896742819,-33.3417383304795
3574.00719836552,-33.3434070236405
3576.47713505604,-33.3450774275922
3578.94877867856,-33.3467495422133
3581.42213041271,-33.3484233673623
3583.89719143894,-33.3500989028777
3586.37396293851,-33.3517761485771
3588.8524460935,-33.3534551042577
3591.33264208682,-33.3551357696953
3593.81455210217,-33.3568181446444
3596.29817732408,-33.3585022288377
3598.7835189379,-33.3601880219861
3601.27057812982,-33.361875523778
3603.7593560868,-33.3635647338793
3606.24985399667,-33.3652556519326
3608.74207304806,-33.3669482775578
3611.23601443041,-33.3686426103505
3613.73167933401,-33.370338649883
3616.22906894995,-33.3720363957028
3618.72818447014,-33.3737358473329
3621.22902708733,-33.3754370042715
3623.7315979951,-33.3771398659911
3626.23589838782,-33.3788444319386
3628.74192946073,-33.3805507015349
3631.24969240987,-33.3822586741742
3633.7591884321,-33.383968349224
3636.27041872512,-33.3856797260243
3638.78338448746,-33.3873928038876
3641.29808691847,-33.3891075820982
3643.81452721834,-33.3908240599119
3646.33270658808,-33.3925422365556
3648.85262622953,-33.3942621112268
3651.37428734536,-33.395983683093
3653.89769113907,-33.3977069512919
3656.42283881501,-33.3994319149299
3658.94973157834,-33.4011585730827
3661.47837063506,-33.402886924794
3664.00875719201,-33.4046169690755
3666.54089245684,-33.4063487049062
3669.07477763808,-33.4080821312321
3671.61041394505,-33.4098172469653
3674.14780258792,-33.4115540509839
3676.68694477772,-33.4132925421312
3679.22784172628,-33.4150327192154
3681.77049464628,-33.4167745810088
3684.31490475126,-33.4185181262472
3686.86107325558,-33.4202633536298
3689.40900137442,-33.422010261818
3691.95869032384,-33.4237588494351
3694.51014132072,-33.4255091150659
3697.06335558277,-33.4272610572556
3699.61833432856,-33.4290146745097
3702.17507877749,-33.4307699652928
3704.73359014982,-33.4325269280285
3707.29386966663,-33.4342855610984
3709.85591854985,-33.4360458628413
3712.41973802228,-33.437807831553
3714.98532930753,-33.439571465485
3717.55269363007,-33.4413367628442
3720.12183221522,-33.443103721792
3722.69274628915,-33.4448723404436
3725.26543707886,-33.4466426168672
3727.8399058122,-33.4484145490831
3730.4161537179,-33.4501881350632
3732.99418202551,-33.4519633727298
3735.57399196542,-33.4537402599552
3738.15558476891,-33.4555187945605
3740.73896166807,-33.4572989743148
3743.32412389586,-33.4590807969345
3745.91107268609,-33.4608642600821
3748.49980927344,-33.4626493613655
3751.09033489341,-33.4644360983372
3753.68265078237,-33.4662244684928
3756.27675817756,-33.4680144692705
3758.87265831705,-33.4698060980501
3761.47035243977,-33.4715993521515
3764.06984178552,-33.4733942288344
3766.67112759495,-33.4751907252963
3769.27421110956,-33.4769888386724
3771.87909357171,-33.4787885660336
3774.48577622464,-33.4805899043861
3777.09426031241,-33.4823928506695
3779.70454707998,-33.4841974017565
3782.31663777315,-33.4860035544506
3784.93053363857,-33.487811305486
3787.54623592377,-33.4896206515253
3790.16374587714,-33.4914315891589
3792.78306474793,-33.4932441149033
3795.40419378625,-33.4950582252002
3798.02713424307,-33.4968739164142
3800.65188737024,-33.4986911848326
3803.27845442047,-33.5005100266627
3805.90683664732,-33.5023304380314
3808.53703530524,-33.5041524149829
3811.16905164953,-33.5059759534775
3813.80288693636,-33.50780104939
3816.43854242277,-33.5096276985079
3819.07601936667,-33.51145589653
3821.71531902685,-33.5132856390644
3824.35644266294,-33.5151169216268
3826.99939153548,-33.5169497396391
3829.64416690584,-33.5187840884269
3832.2907700363,-33.5206199632183
3834.93920218998,-33.5224573591414
3837.5894646309,-33.5242962712228
3840.24155862393,-33.5261366943852
3842.89548543483,-33.5279786234457
3845.55124633023,-33.5298220531135
3848.20884257764,-33.5316669779875
3850.86827544543,-33.5335133925547
3853.52954620286,-33.5353612911871
3856.19265612008,-33.5372106681403
3858.85760646808,-33.5390615175502
3861.52439851877,-33.5409138334314
3864.19303354491,-33.5427676096739
3866.86351282015,-33.5446228400411
3869.53583761902,-33.5464795181671
3872.21000921693,-33.5483376375535
3874.88602889018,-33.5501971915674
3877.56389791594,-33.5520581734379
3880.24361757226,-33.5539205762535
3882.92518913808,-33.555784392959
3885.60861389323,-33.5576496163526
3888.29389311842,-33.5595162390825
3890.98102809524,-33.5613842536439
3893.67002010617,-33.5632536523754
3896.36087043457,-33.5651244274558
3899.05358036469,-33.5669965709008
3901.74815118169,-33.568870074559
3904.44458417157,-33.5707449301082
3907.14288062127,-33.5726211290523
3909.84304181858,-33.5744986627164
3912.54506905221,-33.5763775222436
3915.24896361173,-33.5782576985906
3917.95472678763,-33.5801391825234
3920.66235987127,-33.5820219646132
3923.37186415493,-33.5839060352318
3926.08324093174,-33.5857913845469
3928.79649149577,-33.5876780025177
3931.51161714195,-33.5895658788897
3934.22861916613,-33.5914550031903
3936.94749886503,-33.5933453647228
3939.66825753629,-33.5952369525621
3942.39089647843,-33.5971297555485
3945.11541699087,-33.5990237622828
3947.84182037394,-33.6009189611199
3950.57010792887,-33.6028153401634
3953.30028095776,-33.6047128872594
3956.03234076363,-33.6066115899902
3958.76628865042,-33.6085114356679
3961.50212592293,-33.6104124113277
3964.2398538869,-33.6123145037212
3966.97947384894,-33.6142176993093
3969.72098711659,-33.6161219842552
3972.46439499828,-33.6180273444163
3975.20969880333,-33.6199337653373
3977.95689984201,-33.6218412322418
3980.70599942544,-33.6237497300244
3983.45699886569,-33.6256592432418
3986.20989947571,-33.6275697561049
3988.96470256937,-33.6294812524691
3991.72140946144,-33.6313937158257
3994.48002146762,-33.6333071292917
3997.24053990448,-33.6352214756006
4000.00296608953,-33.6371367370921
4002.76730134119,-33.6390528957013
4005.53354697878,-33.6409699329482
4008.30170432253,-33.6428878299266
4011.0717746936,-33.6448065672925
4013.84375941404,-33.646726125252
4016.61765980683,-33.6486464835494
4019.39347719586,-33.6505676214541
4022.17121290593,-33.6524895177479
4024.95086826276,-33.654412150711
4027.73244459299,-33.6563354981084
4030.51594322418,-33.6582595371751
4033.30136548478,-33.6601842446013
4036.0887127042,-33.6621095965167
4038.87798621272,-33.6640355684748
4041.6691873416,-33.6659621354357
4044.46231742295,-33.6678892717497
4047.25737778987,-33.669816951139
4050.05436977633,-33.6717451466794
4052.85329471724,-33.6736738307811
4055.65415394844,-33.6756029751694
4058.45694880668,-33.6775325508638
4061.26168062964,-33.6794625281568
4064.06835075592,-33.6813928765924
4066.87696052506,-33.6833235649428
4069.68751127751,-33.6852545611848
4072.50000435465,-33.687185832476
4075.31444109878,-33.6891173451283
4078.13082285315,-33.6910490645825
4080.94915096192,-33.6929809553803
4083.76942677018,-33.6949129811362
4086.59165162396,-33.696845104508
4089.4158268702,-33.6987772871661
4092.24195385679,-33.7007094897615
4095.07003393254,-33.702641671893
4097.90006844721,-33.7045737920729
4100.73205875148,-33.7065058076909
4103.56600619694,-33.7084376749771
4106.40191213617,-33.7103693489636
4109.23977792262,-33.712300783444
4112.07960491073,-33.7142319309317
4114.92139445586,-33.7161627426162
4117.76514791427,-33.7180931683179
4120.61086664322,-33.7200231564408
4123.45855200085,-33.7219526539233
4126.30820534628,-33.7238816061869
4129.15982803955,-33.7258099570828
4132.01342144164,-33.7277376488359
4134.86898691448,-33.7296646219872
4137.72652582093,-33.7315908153326
4140.5860395248,-33.7335161658596
4143.44752939084,-33.7354406086818
4146.31099678474,-33.7373640769691
4149.17644307314,-33.7392865018763
4152.04386962361,-33.7412078124672
4154.91327780469,-33.7431279356361
4157.78466898584,-33.7450467960255
4160.65804453749,-33.7469643159398
4163.533405831,-33.7488804152553
4166.41075423868,-33.7507950113257
4169.29009113379,-33.7527080188837
4172.17141789056,-33.7546193499368
4175.05473588412,-33.7565289136597
4177.9400464906,-33.75843661628
4180.82735108706,-33.7603423609595
4183.7166510515,-33.7622460476687
4186.6079477629,-33.7641475730561
4189.50124260118,-33.7660468303103
4192.3965369472,-33.7679437090149
4195.2938321828,-33.7698380949972
4198.19312969075,-33.7717298701682
4201.09443085479,-33.7736189123543
4203.99773705961,-33.775505095121
4206.90304969087,-33.7773882875868
4209.81037013517,-33.7792683542272
4212.71969978007,-33.7811451546688
4215.63104001411,-33.7830185434713
4218.54439222677,-33.7848883698991
4221.45975780849,-33.7867544776789
4224.37713815068,-33.7886167047446
4227.29653464571,-33.7904748829684
4230.2179486869,-33.7923288378757
4233.14138166855,-33.7941783883443
4236.06683498591,-33.7960233462868
4238.9943100352,-33.7978635163136
4241.92380821362,-33.7996986953769
4244.8553309193,-33.801528672393
4247.78887955137,-33.803353227843
4250.72445550991,-33.8051721333483
4253.66206019598,-33.8069851512208
4256.60169501158,-33.8087920339856
4259.54336135972,-33.8105925238733
4262.48706064434,-33.8123863522811
4265.43279427039,-33.814173239199
4268.38056364375,-33.8159528925996
4271.33037017129,-33.8177250077884
4274.28221526087,-33.8194892667106
4277.23610032129,-33.8212453372129
4280.19202676236,-33.8229928722553
4283.14999599482,-33.8247315090692
4286.11000943042,-33.8264608682581
4289.07206848187,-33.8281805528356
4292.03617456287,-33.8298901471959
4295.00232908809,-33.8315892160111
4297.97053347316,-33.833277303049
4300.94078913472,-33.8349539299054
4303.91309749036,-33.836618594642
4306.88745995867,-33.8382707703233
4309.86387795921,-33.8399099034432
4312.84235291253,-33.84153541223
4315.82288624015,-33.8431466848217
4318.80547936458,-33.8447430772962
4321.79013370931,-33.8463239115462
4324.77685069881,-33.8478884729818
4327.76563175855,-33.8494360080457
4330.75647831497,-33.8509657215224
4333.74939179549,-33.8524767736211
4336.74437362854,-33.8539682768102
4339.74142524353,-33.8554392923778
4342.74054807083,-33.8568888266909
4345.74174354184,-33.8583158271213
4348.74501308892,-33.859719177603
4351.75035814543,-33.8610976937829
4354.75778014571,-33.8624501177184
4357.76728052513,-33.8637751120745
4360.77886071999,-33.8650712537616
4363.79252216764,-33.8663370269525
4366.80826630639,-33.8675708154055
4369.82609457555,-33.8687708940109
4372.84600841542,-33.8699354194709
4375.86800926733,-33.871062420003
4378.89209857355,-33.8721497839496
4381.9182777774,-33.8731952471528
4384.94654832316,-33.8741963789371
4387.97691165611,-33.8751505665168
4391.00936922257,-33.8760549976173
4394.04392246981,-33.8769066410686
4397.08057284612,-33.8777022250871
4400.11932180079,-33.8784382129198
4403.16017078412,-33.8791107754686
4406.20312124741,-33.8797157604491
4409.24817464294,-33.8802486575605
4412.29533242402,-33.880704559052
4415.34459604496,-33.8810781149592
4418.39596696107,-33.8813634821517
4421.44944662866,-33.8815542661689
4424.50503650506,-33.8816434546248
4427.5627380486,-33.8816233407218
4430.6225527186,-33.8814854351139
4433.68448197543,-33.8812203639971
4436.74852728044,-33.8808177508475
4439.81469009599,-33.8802660786627
4442.88297188545,-33.8795525288499
4445.95337411323,-33.8786627920087
4449.0258982447,-33.8775808447157
4452.1005457463,-33.8762886849659
4455.17731808544,-33.8747660170511
4458.25621673056,-33.8729898742317
4461.33724315112,-33.8709341643863
4464.42039881758,-33.8685691196518
4467.50568520144,-33.8658606255202
4470.5931037752,-33.8627693974242
4473.68265601238,-33.8592499627685
4476.77434338751,-33.8552493925826
4479.86816737616,-33.8507057078741
4482.9641294549,-33.8455458590023
4486.06223110133,-33.8396831383692
4489.16247379407,-33.8330138319229
4492.26485901276,-33.8254128347432
4495.36938823808,-33.8167278364884
4498.47606295169,-33.806771501184
4501.58488463632,-33.7953107849977
4504.6958547757,-33.782052090636
4507.80897485459,-33.7666202337631
4510.92424635878,-33.7485279876643
4514.04167077508,-33.7271308852377
4517.16124959134,-33.7015582218068
4520.28298429642,-33.6706042324779
4523.40687638023,-33.6325497714904
4526.53292733369,-33.5848565457517
4529.66113864875,-33.5236132695906
4532.79151181842,-33.442462209694
4535.92404833671,-33.3303319844874
4539.05874969867,-33.1660755055291
4542.1956174004,-32.9036324035521
4545.33465293901,-32.4200175592651
4548.47585781267,-31.23928585914
4551.61923352055,-23.9160239370702
4554.76478156289,-40.2317046698202
4557.91250344096,-36.5294098990208
4561.06240065705,-35.5959872208156
4564.2144747145,-35.1793892823056
4567.3687271177,-34.9443955608758
4570.52515937206,-34.7940153275508
4573.68377298404,-34.6898699294873
4576.84456946114,-34.6137390271109
4580.0075503119,-34.5558636192988
4583.1727170459,-34.5105457890519
4586.34007117378,-34.4742354736379
4589.50961420721,-34.4446056361326
4592.68134765889,-34.4200673786741
4595.85527304259,-34.3994987853857
4599.03139187313,-34.3820851117993
4602.20970566635,-34.3672203964274
4605.39021593915,-34.3544446116361
4608.5729242095,-34.3434022278064
4611.75783199637,-34.3338141366824
4614.94494081984,-34.3254581653134
4618.13425220098,-34.3181552629009
4621.32576766197,-34.311759522956
4624.51948872599,-34.3061508533547
4627.7154169173,-34.3012295092153
4630.91355376122,-34.296911958732
4634.1139007841,-34.2931277176151
4637.31645951337,-34.2898168973311
4640.52123147749,-34.2869282861652
4643.728218206,-34.284417832736
4646.93742122948,-34.282247436817
4650.14884207958,-34.2803839771856
4653.362482289,-34.2787985240086
4656.5783433915,-34.2774656961501
4659.79642692191,-34.276363133217
4663.0167344161,-34.2754710591358
4666.23926741103,-34.2747719192659
4669.46402744469,-34.2742500769907
4672.69101605616,-34.2738915587129
4675.92023478557,-34.2736838384804
4679.15168517412,-34.2736156552378
4682.38536876406,-34.2736768570795
4685.62128709874,-34.2738582679619
4688.85944172254,-34.2741515731856
4692.09983418092,-34.2745492206331
4695.34246602042,-34.2750443352915
4698.58733878863,-34.2756306450192
4701.83445403422,-34.2763024158702
4705.08381330694,-34.277054395568
4708.33541815759,-34.2778817639582
4711.58927013804,-34.2787800894527
4714.84537080127,-34.279745290639
4718.10372170128,-34.2807736023513
4721.36432439319,-34.281861545613
4724.62718043317,-34.2830059009418
4727.89229137847,-34.2842036845888
4731.15965878742,-34.2854521273412
4734.42928421943,-34.2867486555717
4737.70116923497,-34.2880908742612
4740.9753153956,-34.2894765517605
4744.25172426397,-34.290903606085
4747.53039740379,-34.2923700925668
4750.81133637986,-34.2938741927086
4754.09454275808,-34.2954142041068
4757.38001810539,-34.2969885313242
4760.66776398985,-34.2985956776109
4763.95778198059,-34.3002342373823
4767.25007364781,-34.301902889374
4770.54464056283,-34.3036003904054
4773.84148429803,-34.3053255696875
4777.14060642687,-34.3070773236224
4780.44200852393,-34.3088546110434
4783.74569216484,-34.3106564488555
4787.05165892635,-34.3124819080348
4790.35991038628,-34.3143301099549
4793.67044812354,-34.3162002230082
4796.98327371816,-34.3180914594956
4800.29838875121,-34.3200030727596
4803.61579480491,-34.3219343545393
4806.93549346253,-34.3238846325268
4810.25748630845,-34.3258532681087
4813.58177492816,-34.3278396542744
4816.90836090822,-34.3298432136795
4820.23724583629,-34.3318633968488
4823.56843130115,-34.333899680509
4826.90191889265,-34.3359515660392
4830.23771020176,-34.3380185780302
4833.57580682054,-34.3401002629434
4836.91621034214,-34.3421961878618
4840.25892236084,-34.3443059393257
4843.60394447199,-34.3464291222455
4846.95127827206,-34.3485653588877
4850.30092535862,-34.3507142879263
4853.65288733035,-34.3528755635565
4857.00716578702,-34.3550488546644
4860.36376232951,-34.3572338440497
4863.72267855982,-34.3594302276977
4867.08391608105,-34.3616377140954
4870.44747649739,-34.3638560235907
4873.81336141417,-34.3660848877899
4877.18157243781,-34.368324048992
4880.55211117584,-34.370573259656
4883.9249792369,-34.3728322819007
4887.30017823076,-34.3751008870328
4890.67770976827,-34.3773788551026
4894.05757546143,-34.3796659744857
4897.43977692332,-34.3819620414875
4900.82431576817,-34.3842668599711
4904.21119361129,-34.3865802410047
4907.60041206913,-34.3889020025297
4910.99197275924,-34.3912319690458
4914.38587730032,-34.3935699713143
4917.78212731214,-34.3959158460765
4921.18072441563,-34.3982694357873
4924.58167023282,-34.4006305883634
4927.98496638688,-34.4029991569439
4931.39061450207,-34.4053749996637
4934.7986162038,-34.4077579794386
4938.2089731186,-34.4101479637615
4941.62168687411,-34.4125448245081
4945.0367590991,-34.4149484377537
4948.45419142348,-34.4173586835979
4951.87398547827,-34.4197754459983
4955.29614289562,-34.4221986126129
4958.72066530882,-34.4246280746493
4962.14755435226,-34.4270637267217
4965.5768116615,-34.4295054667143
4969.00843887319,-34.431953195652
4972.44243762515,-34.4344068175761
4975.87880955629,-34.4368662394265
4979.31755630669,-34.4393313709293
4982.75867951755,-34.4418021244892
4986.20218083119,-34.4442784150871
4989.64806189109,-34.4467601601823
4993.09632434184,-34.4492472796191
4996.54696982918,-34.4517396955375
5000,-34.4542373322876
5003.4554165023,-34.4567401163485
5006.91322098525,-34.4592479762498
5010.37341509913,-34.4617608424972
5013.83600049538,-34.4642786475009
5017.30097882657,-34.4668013255074
5020.76835174642,-34.4693288125337
5024.2381209098,-34.4718610463047
5027.7102879727,-34.4743979661932
5031.18485459228,-34.4769395131621
5034.66182242682,-34.4794856297089
5038.14119313576,-34.4820362598132
5041.62296837971,-34.4845913488854
5045.10714982037,-34.4871508437181
5048.59373912065,-34.4897146924393
5052.08273794457,-34.4922828444671
5055.57414795731,-34.494855250467
5059.0679708252,-34.4974318623099
5062.56420821574,-34.5000126330324
5066.06286179755,-34.5025975167984
5069.56393324042,-34.5051864688625
5073.0674242153,-34.5077794455341
5076.57333639429,-34.5103764041435
5080.08167145063,-34.5129773030092
5083.59243105875,-34.5155821014062
5087.10561689421,-34.5181907595355
5090.62123063373,-34.5208032384948
5094.13927395519,-34.5234195002504
5097.65974853764,-34.5260395076102
5101.18265606129,-34.5286632241971
5104.70799820749,-34.5312906144239
5108.23577665878,-34.5339216434693
5111.76599309885,-34.536556277254
5115.29864921254,-34.5391944824181
5118.83374668588,-34.5418362262997
5122.37128720606,-34.5444814769133
5125.9112724614,-34.5471302029298
5129.45370414145,-34.5497823736567
5132.99858393687,-34.5524379590193
5136.54591353951,-34.5550969295423
5140.09569464241,-34.557759256332
5143.64792893975,-34.5604249110596
5147.20261812689,-34.5630938659442
5150.75976390037,-34.5657660937374
5154.31936795789,-34.5684415677072
5157.88143199833,-34.5711202616237
5161.44595772174,-34.5738021497445
5165.01294682935,-34.5764872068005
5168.58240102357,-34.5791754079828
5172.15432200797,-34.5818667289293
5175.72871148732,-34.5845611457123
5179.30557116754,-34.5872586348262
5182.88490275576,-34.5899591731754
5186.46670796027,-34.5926627380634
5190.05098849054,-34.5953693071811
5193.63774605722,-34.5980788585965
5197.22698237217,-34.6007913707438
5200.81869914839,-34.6035068224139
5204.41289810009,-34.6062251927441
5208.00958094268,-34.6089464612088
5211.60874939271,-34.6116706076103
5215.21040516795,-34.61439761207
5218.81454998735,-34.6171274550194
5222.42118557105,-34.6198601171921
5226.03031364037,-34.6225955796154
5229.64193591783,-34.6253338236026
5233.25605412713,-34.6280748307451
5236.87266999318,-34.6308185829052
5240.49178524205,-34.6335650622085
5244.11340160103,-34.6363142510376
5247.7375207986,-34.6390661320244
5251.36414456443,-34.6418206880442
5254.99327462938,-34.6445779022088
5258.62491272551,-34.6473377578606
5262.25906058608,-34.6501002385664
5265.89571994555,-34.6528653281115
5269.53489253958,-34.6556330104938
5273.17658010501,-34.6584032699187
5276.8207843799,-34.6611760907931
5280.46750710351,-34.6639514577206
5284.11675001629,-34.6667293554963
5287.76851485992,-34.6695097691016
5291.42280337724,-34.6722926836995
5295.07961731233,-34.6750780846299
5298.73895841047,-34.6778659574052
5302.40082841813,-34.6806562877053
5306.065229083,-34.683449061374
5309.73216215397,-34.6862442644141
5313.40162938116,-34.6890418829836
5317.07363251586,-34.6918419033918
5320.74817331062,-34.6946443120951
5324.42525351915,-34.6974490956937
5328.10487489641,-34.7002562409272
5331.78703919856,-34.7030657346715
5335.47174818296,-34.7058775639353
5339.15900360821,-34.7086917158564
5342.84880723411,-34.7115081776986
5346.54116082168,-34.7143269368482
5350.23606613315,-34.7171479808112
5353.93352493198,-34.7199712972099
5357.63353898284,-34.72279687378
5361.33611005162,-34.7256246983678
5365.04123990543,-34.7284547589271
5368.74893031261,-34.7312870435164
5372.45918304272,-34.7341215402967
5376.17199986653,-34.7369582375279
5379.88738255604,-34.7397971235672
5383.60533288449,-34.742638186866
5387.32585262632,-34.7454814159675
5391.04894355721,-34.7483267995043
5394.77460745407,-34.7511743261962
5398.50284609504,-34.754023984848
5402.23366125946,-34.7568757643466
5405.96705472795,-34.7597296536598
5409.70302828231,-34.7625856418333
5413.44158370561,-34.7654437179891
5417.18272278213,-34.7683038713234
5420.92644729739,-34.7711660911044
5424.67275903814,-34.7740303666707
5428.42165979238,-34.7768966874289
5432.17315134932,-34.7797650428524
5435.92723549943,-34.782635422479
5439.6839140344,-34.7855078159095
5443.44318874718,-34.7883822128058
5447.20506143193,-34.7912586028892
5450.96953388408,-34.7941369759387
5454.73660790027,-34.7970173217899
5458.5062852784,-34.7998996303324
5462.27856781762,-34.8027838915093
5466.0534573183,-34.8056700953151
5469.83095558208,-34.8085582317944
5473.61106441183,-34.8114482910402
5477.39378561166,-34.8143402631929
5481.17912098694,-34.8172341384388
5484.96707234429,-34.8201299070084
5488.75764149157,-34.8230275591756
5492.55083023788,-34.825927085256
5496.34664039359,-34.8288284756056
5500.14507377031,-34.8317317206202
5503.94613218091,-34.8346368107332
5507.74981743949,-34.8375437364153
5511.55613136144,-34.8404524881727
5515.36507576338,-34.8433630565464
5519.17665246319,-34.8462754321109
5522.99086328,-34.8491896054729
5526.80771003421,-34.8521055672707
5530.62719454747,-34.8550233081727
5534.4493186427,-34.8579428188766
5538.27408414406,-34.8608640901085
5542.10149287699,-34.8637871126217
5545.93154666818,-34.8667118771955
5549.76424734558,-34.8696383746351
5553.59959673841,-34.8725665957698
5557.43759667716,-34.8754965314523
5561.27824899358,-34.8784281725583
5565.12155552068,-34.881361509985
5568.96751809273,-34.8842965346506
5572.8161385453,-34.8872332374933
5576.66741871518,-34.8901716094707
5580.52136044049,-34.8931116415586
5584.37796556055,-34.8960533247506
5588.23723591601,-34.8989966500571
5592.09917334877,-34.9019416085049
5595.96377970199,-34.9048881911357
5599.83105682013,-34.9078363890061
5603.7010065489,-34.9107861931868
5607.5736307353,-34.9137375947614
5611.44893122761,-34.9166905848262
5615.32690987537,-34.9196451544893
5619.20756852941,-34.9226012948701
5623.09090904185,-34.9255589970984
5626.97693326606,-34.928518252314
5630.86564305672,-34.931479051666
5634.75704026977,-34.9344413863122
5638.65112676246,-34.9374052474183
5642.54790439329,-34.9403706261576
5646.44737502207,-34.9433375137104
5650.34954050988,-34.9463059012631
5654.25440271909,-34.949275780008
5658.16196351337,-34.9522471411426
5662.07222475766,-34.9552199758692
5665.98518831819,-34.958194275394
5669.9008560625,-34.961170030927
5673.81922985939,-34.9641472336815
5677.74031157898,-34.967125874873
5681.66410309266,-34.9701059457195
5685.59060627314,-34.9730874374406
5689.51982299439,-34.9760703412569
5693.45175513171,-34.97905464839
5697.38640456166,-34.9820403500615
5701.32377316212,-34.985027437493
5705.26386281228,-34.9880159019054
5709.20667539259,-34.9910057345187
5713.15221278484,-34.9939969265512
5717.10047687208,-34.9969894692194
5721.05146953871,-34.9999833537376
5725.00519267038,-35.0029785713173
5728.96164815409,-35.005975113167
5732.92083787811,-35.0089729704917
5736.88276373203,-35.0119721344924
5740.84742760675,-35.0149725963662
5744.81483139446,-35.0179743473054
5748.78497698868,-35.0209773784973
5752.75786628422,-35.023981681124
5756.7335011772,-35.026987246362
5760.71188356507,-35.0299940653817
5764.69301534657,-35.0330021293473
5768.67689842176,-35.0360114294163
5772.66353469201,-35.0390219567393
5776.65292606002,-35.0420337024596
5780.64507442978,-35.0450466577127
5784.63998170661,-35.0480608136267
5788.63764979715,-35.051076161321
5792.63808060934,-35.0540926919068
5796.64127605246,-35.0571103964866
5800.64723803711,-35.0601292661536
5804.65596847518,-35.0631492919918
5808.66746927991,-35.0661704650758
5812.68174236586,-35.0691927764701
5816.6987896489,-35.0722162172291
5820.71861304624,-35.0752407783969
5824.7412144764,-35.078266451007
5828.76659585923,-35.081293226082
5832.79475911591,-35.0843210946333
5836.82570616895,-35.0873500476612
5840.85943894219,-35.0903800761541
5844.89595936079,-35.0934111710889
5848.93526935123,-35.0964433234303
5852.97737084136,-35.0994765241307
5857.02226576032,-35.1025107641302
5861.06995603862,-35.1055460343562
5865.12044360807,-35.1085823257232
5869.17373040184,-35.1116196291326
5873.22981835442,-35.1146579354726
5877.28870940166,-35.1176972356178
5881.35040548071,-35.1207375204295
5885.4149085301,-35.1237787807547
5889.48222048967,-35.1268210074267
5893.55234330061,-35.1298641912646
5897.62527890546,-35.132908323073
5901.70102924808,-35.1359533936422
5905.77959627371,-35.1389993937475
5909.8609819289,-35.1420463141498
5913.94518816156,-35.1450941455944
5918.03221692094,-35.1481428788121
5922.12207015764,-35.1511925045179
5926.21474982362,-35.1542430134116
5930.31025787217,-35.1572943961773
5934.40859625793,-35.1603466434835
5938.50976693692,-35.1633997459829
5942.61377186647,-35.1664536943119
5946.7206130053,-35.169508479091
5950.83029231345,-35.1725640909247
5954.94281175235,-35.1756205204007
5959.05817328475,-35.1786777580905
5963.17637887478,-35.1817357945491
5967.29743048793,-35.1847946203146
5971.42133009102,-35.1878542259084
5975.54807965226,-35.1909146018351
5979.67768114122,-35.1939757385823
5983.81013652879,-35.1970376266205
5987.94544778728,-35.2001002564029
5992.08361689031,-35.2031636183658
5996.22464581291,-35.2062277029278
6000.36853653144,-35.2092925004903
6004.51529102365,-35.2123580014372
6008.66491126864,-35.2154241961349
6012.81739924688,-35.218491074932
6016.97275694022,-35.2215586281596
6021.13098633187,-35.224626846131
6025.29208940641,-35.2276957191416
6029.4560681498,-35.2307652374692
6033.62292454936,-35.2338353913734
6037.7926605938,-35.2369061710962
6041.96527827318,-35.2399775668612
6046.14077957897,-35.2430495688743
6050.31916650397,-35.2461221673233
6054.5004410424,-35.2491953523778
6058.68460518983,-35.2522691141893
6062.87166094324,-35.2553434428913
6067.06161030096,-35.258418328599
6071.2544552627,-35.2614937614094
6075.45019782958,-35.2645697314016
6079.64884000409,-35.2676462286361
6083.85038379008,-35.2707232431555
6088.05483119282,-35.2738007649842
6092.26218421895,-35.2768787841282
6096.47244487649,-35.2799572905756
6100.68561517486,-35.2830362742962
6104.90169712487,-35.2861157252416
6109.12069273871,-35.2891956333454
6113.34260402996,-35.292275988523
6117.56743301361,-35.2953567806718
6121.79518170601,-35.2984379996711
6126.02585212493,-35.3015196353823
6130.25944628952,-35.3046016776488
6134.49596622035,-35.3076841162961
6138.73541393935,-35.3107669411319
6142.97779146987,-35.313850141946
6147.22310083666,-35.3169337085105
6151.47134406585,-35.32001763058
6155.722523185,-35.3231018978913
6159.97664022304,-35.3261865001639
6164.23369721033,-35.3292714270997
6168.49369617861,-35.3323566683833
6172.75663916104,-35.3354422136821
6177.02252819217,-35.3385280526464
6181.29136530798,-35.3416141749092
6185.56315254582,-35.344700570087
6189.8378919445,-35.3477872277791
6194.11558554418,-35.3508741375683
6198.39623538648,-35.3539612890208
6202.67984351439,-35.3570486716862
6206.96641197235,-35.3601362750982
6211.25594280619,-35.3632240887739
6215.54843806315,-35.3663121022147
6219.8438997919,-35.369400304906
6224.14233004252,-35.3724886863177
6228.4437308665,-35.375577235904
6232.74810431677,-35.378665943104
6237.05545244764,-35.3817547973414
6241.36577731487,-35.3848437880252
6245.67908097564,-35.3879329045496
6249.99536548854,-35.3910221362942
6254.31463291359,-35.3941114726243
6258.63688531223,-35.3972009028913
6262.96212474732,-35.4002904164325
6267.29035328315,-35.4033800025717
6271.62157298545,-35.4064696506195
6275.95578592135,-35.409559349873
6280.29299415943,-35.412649089617
6284.63319976969,-35.4157388591234
6288.97640482358,-35.4188286476519
6293.32261139394,-35.4219184444504
6297.67182155509,-35.4250082387549
6302.02403738275,-35.4280980197903
6306.37926095409,-35.4311877767704
6310.73749434771,-35.4342774988984
6315.09873964364,-35.4373671753671
6319.46299892337,-35.4404567953595
6323.83027426981,-35.4435463480489
6328.20056776731,-35.4466358225997
6332.57388150166,-35.4497252081672
6336.9502175601,-35.4528144938985
6341.32957803131,-35.4559036689329
6345.71196500541,-35.4589927224021
6350.09738057396,-35.4620816434307
6354.48582682997,-35.465170421137
6358.87730586791,-35.4682590446331
6363.27181978368,-35.4713475030255
6367.66937067462,-35.4744357854159
6372.06996063955,-35.4775238809013
6376.47359177872,-35.4806117785749
6380.88026619383,-35.4836994675264
6385.28998598803,-35.486786936843
6389.70275326595,-35.4898741756095
6394.11857013364,-35.4929611729093
6398.53743869863,-35.496047917825
6402.95936106989,-35.4991343994389
6407.38433935786,-35.502220606834
6411.81237567442,-35.5053065290943
6416.24347213294,-35.5083921553059
6420.67763084822,-35.5114774745576
6425.11485393654,-35.514562475942
6429.55514351564,-35.5176471485556
6433.99850170472,-35.5207314815005
6438.44493062444,-35.5238154638848
6442.89443239693,-35.5268990848234
6447.34700914579,-35.5299823334395
6451.80266299609,-35.5330651988648
6456.26139607435,-35.5361476702412
6460.72321050859,-35.5392297367214
6465.18810842827,-35.5423113874701
6469.65609196435,-35.5453926116651
6474.12716324923,-35.5484733984985
6478.60132441682,-35.551553737178
6483.07857760247,-35.5546336169275
6487.55892494302,-35.5577130269894
6492.04236857681,-35.560791956625
6496.52891064362,-35.5638703951162
6501.01855328472,-35.566948331767
6505.51129864288,-35.5700257559048
6510.00714886234,-35.5731026568822
6514.5061060888,-35.5761790240781
6519.00817246946,-35.5792548468994
6523.51335015303,-35.5823301147833
6528.02164128965,-35.5854048171982
6532.53304803099,-35.588478943646
6537.0475725302,-35.5915524836638
6541.56521694189,-35.5946254268259
6546.08598342219,-35.5976977627458
6550.60987412872,-35.6007694810782
6555.13689122057,-35.6038405715214
6559.66703685833,-35.6069110238192
6564.20031320408,-35.6099808277635
6568.73672242142,-35.6130499731966
6573.27626667541,-35.6161184500137
6577.81894813263,-35.6191862481658
6582.36476896114,-35.622253357662
6586.91373133051,-35.6253197685724
6591.46583741181,-35.6283854710313
6596.0210893776,-35.63145045524
6600.57948940196,-35.6345147114702
6605.14103966045,-35.637578230067
6609.70574233014,-35.6406410014527
6614.27359958963,-35.6437030161298
6618.84461361899,-35.6467642646855
6623.4187865998,-35.6498247377951
6627.99612071518,-35.652884426226
6632.57661814973,-35.6559433208422
6637.16028108956,-35.6590014126084
6641.74711172231,-35.662058692595
6646.3371122371,-35.6651151519822
6650.9302848246,-35.6681707820657
6655.52663167698,-35.6712255742617
6660.1261549879,-35.6742795201119
6664.72885695258,-35.6773326112898
6669.33473976772,-35.6803848396063
6673.94380563155,-35.683436197016
6678.55605674384,-35.6864866756237
6683.17149530585,-35.6895362676909
6687.79012352037,-35.6925849656434
6692.41194359172,-35.6956327620784
6697.03695772574,-35.6986796497724
6701.6651681298,-35.7017256216892
6706.29657701278,-35.7047706709886
6710.93118658509,-35.7078147910354
6715.56899905868,-35.7108579754085
6720.21001664702,-35.7139002179111
6724.85424156512,-35.7169415125808
6729.5016760295,-35.7199818537005
6734.15232225823,-35.7230212358099
6738.8061824709,-35.7260596537173
6743.46325888865,-35.7290971025123
6748.12355373413,-35.7321335775792
6752.78706923157,-35.7351690746105
6757.45380760668,-35.7382035896219
6762.12377108676,-35.7412371189679
6766.7969619006,-35.7442696593576
6771.47338227858,-35.7473012078721
6776.15303445259,-35.7503317619828
6780.83592065607,-35.7533613195699
6785.522043124,-35.7563898789434
6790.21140409292,-35.7594174388634
6794.90400580088,-35.7624439985634
6799.59985048753,-35.7654695577738
6804.29894039402,-35.7684941167469
6809.00127776307,-35.7715176762835
6813.70686483895,-35.7745402377615
6818.41570386747,-35.7775618031653
6823.12779709602,-35.7805823751179
6827.8431467735,-35.783601956914
6832.5617551504,-35.7866205525561
6837.28362447875,-35.7896381667922
6842.00875701214,-35.7926548051562
6846.73715500572,-35.7956704740103
6851.46882071619,-35.7986851805911
6856.20375640182,-35.801698933058
6860.94196432243,-35.8047117405444
6865.68344673941,-35.8077236132136
6870.4282059157,-35.8107345623171
6875.17624411582,-35.8137446002575
6879.92756360586,-35.8167537406559
6884.68216665345,-35.8197619984232
6889.4400555278,-35.8227693898377
6894.2012324997,-35.8257759326264
6898.9656998415,-35.8287816460543
6903.73345982711,-35.8317865510182
6908.50451473203,-35.8347906701488
6913.27886683332,-35.8377940279197
6918.05651840962,-35.840796650765
6922.83747174114,-35.843798567206
6927.62172910966,-35.8467998079868
6932.40929279856,-35.8498004062221
6937.20016509277,-35.8528003975557
6941.99434827883,-35.8557998203318
6946.79184464482,-35.8587987157806
6951.59265648043,-35.8617971282198
6956.39678607693,-35.8647951052718
6961.20423572717,-35.867792698101
6966.01500772558,-35.8707899616701
6970.82910436818,-35.8737869550199
6975.64652795258,-35.8767837415742
6980.46728077796,-35.8797803894714
6985.29136514512,-35.8827769719274
6990.11878335643,-35.885773567632
6994.94953771584,-35.8887702611832
6999.78363052892,-35.891767143563
7004.62106410282,-35.8947643126597
7009.46184074628,-35.8977618738432
7014.30596276964,-35.9007599405972
7019.15343248483,-35.9037586352174
7024.0042522054,-35.9067580895829
7028.85842424647,-35.9097584460092
7033.71595092477,-35.9127598581947
7038.57683455864,-35.9157624922716
7043.44107746801,-35.9187665279747
7048.30868197443,-35.9217721599454
7053.17965040104,-35.9247795991877
7058.05398507258,-35.9277890746984
7062.93168831541,-35.9308008352961
7067.8127624575,-35.9338151516775
7072.69720982842,-35.9368323187346
7077.58503275935,-35.9398526581738
7082.47623358308,-35.9428765214811
7087.37081463403,-35.9459042932903
7092.26877824819,-35.9489363952187
7097.17012676322,-35.9519732902475
7102.07486251836,-35.9550154877398
7106.98298785447,-35.9580635492075
7111.89450511404,-35.9611180949593
7116.80941664116,-35.9641798117931
7121.72772478157,-35.967249461928
7126.64943188259,-35.970327893415
7131.57454029321,-35.9734160523222
7136.50305236399,-35.9765149970547
7141.43497044717,-35.9796259152612
7146.37029689658,-35.9827501438884
7151.30903406767,-35.9858891930885
7156.25118431755,-35.989044774872
7161.19675000493,-35.9922188376438
7166.14573349018,-35.9954136080792
7171.09813713526,-35.9986316422297
7176.0539633038,-36.0018758883193
7181.01321436105,-36.0051497644769
7185.97589267389,-36.0084572557204
7190.94200061083,-36.0118030359931
7195.91154054204,-36.0151926231426
7200.8845148393,-36.0186325777064
7205.86092587605,-36.0221307606612
7210.84077602737,-36.0256966716038
7215.82406766996,-36.0293418982502
7220.81080318219,-36.0330807224791
7225.80098494406,-36.0369309504448
7230.79461533721,-36.0409150697462
7235.79169674493,-36.0450618945427
7240.79223155217,-36.0494089567804
7245.7962221455,-36.0540060705505
7250.80367091317,-36.0589208007359
7255.81458024506,-36.0642471387125
7260.8289525327,-36.0701198165539
7265.8467901693,-36.0767390532622
7270.8680955497,-36.0844158259736
7275.89287107039,-36.0936607029634
7280.92111912953,-36.1053744447323
7285.95284212693,-36.1213083182925
7290.98804246407,-36.1453757433314
7296.02672254408,-36.1884594408674
7301.06888477175,-36.2959398458978
7306.11453155353,-36.3259096225594
7311.16366529754,-35.6987466673097
7316.21628841356,-35.9060534530726
7321.27240331304,-35.9672719417184
7326.3320124091,-35.9976457168898
7331.39511811651,-36.0164765269737
7336.46172285172,-36.0297440160141
7341.53182903285,-36.039905827571
7346.6054390797,-36.0481574345737
7351.68255541372,-36.0551500989147
7356.76318045807,-36.0612688660989
7361.84731663753,-36.0667559643601
7366.9349663786,-36.0717713936041
7372.02613210944,-36.0764250837531
7377.1208162599,-36.0807950568065
7382.2190212615,-36.0849382184693
7387.32074954744,-36.0888970476555
7392.4260035526,-36.0927038945945
7397.53478571355,-36.0963838287898
7402.64709846854,-36.0999565772357
7407.76294425749,-36.1034378747813
7412.88232552204,-36.1068404246375
7418.00524470549,-36.1101745943068
7423.13170425284,-36.1134489282282
7428.26170661077,-36.1166705310839
7433.39525422766,-36.1198453583015
7438.53234955359,-36.1229784389479
7443.67299504031,-36.126074048687
7448.81719314127,-36.1291358453826
7453.96494631164,-36.1321669764316
7459.11625700825,-36.1351701644726
7464.27112768967,-36.1381477763881
7469.42956081613,-36.1411018792786
7474.59155884958,-36.1440342861919
7479.75712425366,-36.1469465937303
7484.92625949374,-36.1498402131692
7490.09896703686,-36.1527163963587
7495.27524935178,-36.1555762573991
7500.45510890896,-36.1584207908738
7505.63854818058,-36.1612508872623
7510.82556964053,-36.1640673460275
7516.01617576438,-36.1668708867779
7521.21036902945,-36.169662158827
7526.40815191474,-36.1724417494116
7531.60952690098,-36.1752101907842
7536.81449647062,-36.1779679663549
7542.0230631078,-36.1807155160287
7547.2352292984,-36.1834532408576
7552.45099753002,-36.1861815071096
7557.67037029196,-36.188900649836
7562.89335007526,-36.19161097601
7568.11993937266,-36.1943127672934
7573.35014067865,-36.1970062824839
7578.58395648942,-36.1996917596829
7583.82138930289,-36.2023694182226
7589.06244161871,-36.2050394603818
7594.30711593827,-36.2077020729165
7599.55541476467,-36.21035742843
7604.80734060274,-36.2130056865997
7610.06289595905,-36.215646995279
7615.32208334191,-36.2182814914893
7620.58490526134,-36.2209093023132
7625.85136422911,-36.2235305457014
7631.12146275873,-36.2261453312026
7636.39520336543,-36.2287537606247
7641.6725885662,-36.2313559286346
7646.95362087974,-36.233951923304
7652.23830282653,-36.2365418266049
7657.52663692876,-36.2391257148628
7662.81862571038,-36.2417036591695
7668.11427169707,-36.2442757257605
7673.41357741626,-36.2468419763607
7678.71654539715,-36.2494024685009
7684.02317817064,-36.251957255809
7689.33347826943,-36.2545063882764
7694.64744822794,-36.2570499125042
7699.96509058235,-36.259587871929
7705.28640787058,-36.2621203070319
7710.61140263233,-36.2646472555308
7715.94007740903,-36.2671687525586
7721.27243474389,-36.2696848308272
7726.60847718185,-36.2721955207807
7731.94820726963,-36.274700850736
7737.2916275557,-36.2772008470141
7742.6387405903,-36.2796955340617
7747.98954892542,-36.2821849345646
7753.34405511483,-36.2846690695525
7758.70226171405,-36.2871479584973
7764.06417128037,-36.2896216194045
7769.42978637285,-36.292090068898
7774.79910955231,-36.2945533223001
7780.17214338136,-36.2970113937055
7785.54889042437,-36.299464296051
7790.92935324747,-36.3019120411803
7796.31353441857,-36.3043546399051
7801.70143650736,-36.3067921020622
7807.09306208531,-36.3092244365668
7812.48841372566,-36.3116516514629
7817.88749400343,-36.3140737539708
7823.29030549542,-36.3164907505309
7828.69685078021,-36.3189026468457
7834.10713243815,-36.3213094479193
7839.5211530514,-36.3237111580941
7844.93891520389,-36.3261077810858
7850.36042148132,-36.328499320016
7855.7856744712,-36.330885777444
7861.21467676283,-36.3332671553952
7866.64743094728,-36.3356434553894
7872.08393961742,-36.3380146784666
7877.52420536792,-36.3403808252122
7882.96823079523,-36.34274189578
7888.4160184976,-36.3450978899148
7893.86757107507,-36.3474488069732
7899.32289112949,-36.3497946459436
7904.7819812645,-36.3521354054653
7910.24484408553,-36.3544710838464
7915.71148219984,-36.3568016790806
7921.18189821645,-36.359127188864
7926.65609474623,-36.3614476106102
7932.1340744018,-36.3637629414649
7937.61583979764,-36.3660731783202
7943.10139355,-36.3683783178276
7948.59073827695,-36.3706783564111
7954.08387659837,-36.3729732902788
7959.58081113595,-36.3752631154351
7965.08154451319,-36.3775478276911
7970.58607935542,-36.3798274226755
7976.09441828975,-36.3821018958446
7981.60656394513,-36.3843712424921
7987.12251895232,-36.3866354577578
7992.64228594391,-36.3888945366372
7998.16586755428,-36.3911484739892
8003.69326641966,-36.3933972645446
8009.2244851781,-36.3956409029139
8014.75952646945,-36.3978793835946
8020.2983929354,-36.4001127009784
8025.84108721947,-36.4023408493579
8031.387611967,-36.4045638229335
8036.93796982516,-36.4067816158197
8042.49216344295,-36.4089942220508
8048.05019547119,-36.4112016355874
8053.61206856255,-36.4134038503215
8059.17778537152,-36.4156008600824
8064.74734855445,-36.4177926586414
8070.32076076947,-36.4199792397176
8075.8980246766,-36.4221605969822
8081.47914293768,-36.4243367240634
8087.06411821639,-36.426507614551
8092.65295317824,-36.428673262001
8098.24565049061,-36.4308336599395
8103.84221282269,-36.4329888018671
8109.44264284555,-36.4351386812626
8115.04694323206,-36.4372832915876
8120.65511665699,-36.4394226262893
8126.26716579691,-36.4415566788049
8131.88309333028,-36.4436854425648
8137.50290193738,-36.4458089109961
8143.12659430036,-36.4479270775262
8148.75417310322,-36.4500399355855
8154.38564103181,-36.4521474786112
8160.02100077386,-36.4542497000501
8165.6602550189,-36.4563465933615
8171.30340645838,-36.4584381520204
8176.95045778558,-36.4605243695204
8182.60141169565,-36.462605239376
8188.25627088561,-36.4646807551261
8193.91503805431,-36.466750910336
8199.5777159025,-36.4688156986006
8205.24430713279,-36.4708751135465
8210.91481444966,-36.4729291488348
8216.58924055943,-36.4749777981636
8222.26758817033,-36.4770210552702
8227.94985999243,-36.4790589139336
8233.6360587377,-36.4810913679771
8239.32618711997,-36.4831184112703
8245.02024785494,-36.4851400377312
8250.7182436602,-36.4871562413292
8256.4201772552,-36.4891670160865
8262.12605136129,-36.4911723560806
8267.83586870169,-36.4931722554466
8273.5496320015,-36.4951667083792
8279.26734398771,-36.4971557091346
8284.98900738919,-36.4991392520331
8290.7146249367,-36.5011173314607
8296.44419936288,-36.5030899418713
8302.17773340227,-36.5050570777887
8307.91522979128,-36.507018733809
8313.65669126824,-36.5089749046018
8319.40212057334,-36.510925584913
8325.15152044868,-36.5128707695663
8330.90489363827,-36.5148104534656
8336.66224288799,-36.5167446315965
8342.42357094564,-36.5186732990285
8348.1888805609,-36.5205964509171
8353.95817448535,-36.5225140825054
8359.73145547248,-36.5244261891264
8365.5087262777,-36.526332766205
8371.28998965829,-36.5282338092596
8377.07524837345,-36.5301293139043
8382.86450518431,-36.5320192758511
8388.65776285387,-36.5339036909114
8394.45502414706,-36.5357825549984
8400.25629183072,-36.5376558641287
8406.06156867359,-36.539523614425
8411.87085744635,-36.5413858021172
8417.68416092156,-36.5432424235453
8423.50148187373,-36.5450934751608
8429.32282307926,-36.5469389535293
8435.14818731649,-36.5487788553322
8440.97757736565,-36.5506131773688
8446.81099600894,-36.552441916559
8452.64844603043,-36.5542650699446
8458.48993021615,-36.5560826346923
8464.33545135404,-36.5578946080952
8470.18501223397,-36.5597009875755
8476.03861564774,-36.5615017706868
8481.89626438908,-36.5632969551159
8487.75796125364,-36.5650865386856
8493.62370903902,-36.566870519357
8499.49351054473,-36.5686488952317
8505.36736857224,-36.5704216645545
8511.24528592495,-36.5721888257155
8517.12726540818,-36.573950377253
8523.0133098292,-36.575706317856
8528.90342199723,-36.5774566463666
8534.79760472342,-36.5792013617829
8540.69586082087,-36.5809404632616
8546.59819310459,-36.5826739501208
8552.5046043916,-36.5844018218427
8558.41509750081,-36.5861240780769
8564.3296752531,-36.5878407186426
8570.24834047131,-36.5895517435326
8576.17109598021,-36.5912571529153
8582.09794460654,-36.5929569471387
8588.02888917898,-36.5946511267333
8593.96393252817,-36.5963396924152
8599.9030774867,-36.5980226450898
8605.84632688913,-36.5996999858551
8611.79368357198,-36.6013717160052
8617.74515037371,-36.603037837034
8623.70073013476,-36.604698350639
8629.66042569753,-36.606353258725
8635.62423990638,-36.6080025634079
8641.59217560764,-36.6096462670189
8647.5642356496,-36.6112843721088
8653.54042288252,-36.6129168814518
8659.52074015864,-36.6145437980503
8665.50519033215,-36.6161651251391
8671.49377625925,-36.6177808661902
8677.48650079807,-36.6193910249172
8683.48336680875,-36.6209956052809
8689.48437715338,-36.6225946114935
8695.48953469605,-36.6241880480244
8701.49884230281,-36.6257759196052
8707.5123028417,-36.6273582312356
8713.52991918276,-36.6289349881884
8719.55169419797,-36.6305061960161
8725.57763076133,-36.6320718605565
8731.60773174883,-36.6336319879392
8737.64200003842,-36.6351865845916
8743.68043851006,-36.6367356572461
8749.72305004568,-36.6382792129469
8755.76983752922,-36.6398172590564
8761.82080384662,-36.6413498032637
8767.87595188579,-36.6428768535912
8773.93528453665,-36.6443984184029
8779.99880469112,-36.6459145064125
8786.0665152431,-36.6474251266919
8792.13841908853,-36.6489302886797
8798.2145191253,-36.6504300021901
8804.29481825334,-36.651924277423
8810.37931937457,-36.6534131249726
8816.46802539292,-36.6548965558385
8822.56093921431,-36.6563745814353
8828.6580637467,-36.6578472136038
8834.75940190004,-36.6593144646225
8840.86495658629,-36.6607763472184
8846.97473071942,-36.6622328745799
8853.08872721542,-36.663684060369
8859.20694899229,-36.6651299187345
8865.32939897007,-36.6665704643253
8871.45608007078,-36.6680057123046
8877.58699521849,-36.669435678365
8883.72214733928,-36.6708603787431
8889.86153936124,-36.6722798302356
8896.0051742145,-36.6736940502162
8902.15305483121,-36.6751030566521
8908.30518414555,-36.6765068681227
8914.46156509373,-36.6779055038378
8920.62220061396,-36.679298983657
8926.78709364653,-36.6806873281106
8932.95624713372,-36.68207055842
8939.12966401986,-36.6834486965203
8945.30734725133,-36.6848217650836
8951.4892997765,-36.6861897875422
8957.67552454583,-36.6875527881149
8963.86602451179,-36.6889107918324
8970.0608026289,-36.6902638245652
8976.25986185372,-36.6916119130524
8982.46320514484,-36.6929550849316
8988.67083546292,-36.6942933687704
8994.88275577065,-36.6956267940995
9001.09896903277,-36.696955391447
9007.31947821606,-36.6982791923748
9013.54428628937,-36.6995982295162
9019.77339622359,-36.700912536616
9026.00681099166,-36.7022221485717
9032.24453356859,-36.7035271014778
9038.48656693141,-36.7048274326712
9044.73291405926,-36.7061231807797
9050.98357793331,-36.7074143857727
9057.23856153676,-36.7087010890142
9063.49786785493,-36.7099833333192
9069.76149987517,-36.7112611630121
9076.02946058689,-36.7125346239892
9082.3017529816,-36.7138037637837
9088.57838005283,-36.7150686316346
9094.85934479621,-36.7163292785593
9101.14465020944,-36.7175857574299
9107.43429929228,-36.7188381230537
9113.72829504657,-36.720086432259
9120.02664047621,-36.7213307439842
9126.32933858721,-36.7225711193735
9132.63639238761,-36.7238076218769
9138.94780488757,-36.7250403173565
9145.26357909931,-36.7262692741992
9151.58371803715,-36.7274945634355
9157.90822471745,-36.7287162588656
9164.23710215871,-36.7299344371934
9170.57035338148,-36.731149178168
9176.9079814084,-36.7323605647342
9183.24998926422,-36.7335686831928
9189.59637997576,-36.7347736233697
9195.94715657193,-36.7359754787973
9202.30232208376,-36.737174346906
9208.66187954435,-36.7383703292289
9215.02583198889,-36.7395635316201
9221.39418245469,-36.7407540644865
9227.76693398115,-36.741942043036
9234.14408960977,-36.7431275875419
9240.52565238415,-36.7443108236256
9246.91162535,-36.745491882559
9253.30201155511,-36.7466709015877
9259.69681404943,-36.7478480242771
9266.09603588495,-36.7490234008837
9272.49968011582,-36.750197188753
9278.90774979827,-36.7513695527466
9285.32024799068,-36.7525406657008
9291.7371777535,-36.7537107089205
9298.15854214931,-36.7548798727099
9304.58434424283,-36.7560483569444
9311.01458710086,-36.7572163716871
9317.44927379236,-36.7583841378551
9323.88840738837,-36.7595518879372
9330.33199096207,-36.7607198667725
9336.78002758879,-36.7618883323911
9343.23252034593,-36.7630575569263
9349.68947231306,-36.764227827604
9356.15088657187,-36.7653994478168
9362.61676620618,-36.7665727382922
9369.08711430193,-36.7677480383644
9375.56193394718,-36.7689257073597
9382.04122823217,-36.7701061261095
9388.52500024924,-36.7712896986025
9395.01325309287,-36.7724768537928
9401.50598985969,-36.7736680475813
9408.00321364847,-36.7748637649888
9414.5049275601,-36.776064522545
9421.01113469764,-36.7772708709159
9427.52183816629,-36.7784833978013
9434.03704107338,-36.7797027311322
9440.55674652839,-36.7809295426065
9447.08095764297,-36.7821645516065
9453.6096775309,-36.7834085295438
9460.14290930812,-36.7846623046918
9466.68065609271,-36.7859267675661
9473.22292100495,-36.7872028769298
9479.7697071672,-36.7884916665097
9486.32101770403,-36.7897942525216
9492.87685574218,-36.7911118421232
9499.43722441052,-36.7924457429297
9506.00212684009,-36.7937973737506
9512.57156616409,-36.7951682767365
9519.1455455179,-36.7965601311543
9525.72406803907,-36.7979747690545
9532.30713686729,-36.7994141931369
9538.89475514444,-36.8008805971877
9545.48692601458,-36.802376389527
9552.08365262391,-36.8039042199983
9558.68493812085,-36.8054670111417
9565.29078565595,-36.8070679943254
9571.90119838197,-36.8087107517824
9578.51617945383,-36.8103992657094
9585.13573202866,-36.8121379758532
9591.75985926571,-36.8139318473452
9598.38856432648,-36.8157864509803
9605.02185037463,-36.8177080586855
9611.65972057598,-36.8197037576425
9618.30217809858,-36.8217815874605
9624.94922611265,-36.8239507060211
9631.6008677906,-36.8262215912407
9638.25710630704,-36.8286062881685
9644.91794483876,-36.8311187137693
9651.58338656475,-36.8337750357411
9658.25343466621,-36.8365941472403
9664.92809232653,-36.8395982670969
9671.60736273129,-36.8428137060149
9678.29124906829,-36.8462718549102
9684.97975452752,-36.8500104743592
9691.67288230117,-36.8540753979347
9698.37063558367,-36.8585228132272
9705.0730175716,-36.8634223628773
9711.7800314638,-36.8688614315578
9718.49168046129,-36.8749511842107
9725.20796776733,-36.8818352513778
9731.92889658736,-36.8897025225681
9738.65447012907,-36.8988065091408
9745.38469160233,-36.9094955818431
9752.11956421927,-36.922261945971
9758.8590911942,-36.9378244640577
9765.60327574367,-36.9572761758593
9772.35212108646,-36.982364312782
9779.10563044357,-37.0160660966895
9785.86380703821,-37.0639027409221
9792.62665409584,-37.1373957266371
9799.39417484414,-37.2652586850955
9806.16637251301,-37.5445094411865
9812.9432503346,-38.6387427497592
9819.72481154327,-33.1382446188623
9826.51105937565,-35.8583548519969
9833.30199707058,-36.2643172721712
9840.09762786915,-36.4275584479071
9846.89795501467,-36.5167154186594
9853.70298175273,-36.5747618919048
9860.51271133112,-36.6212976794342
9867.3271469999,-36.7883386701259
9874.14629201138,-36.6262481562299
9880.97014962009,-36.6560396365949
9887.79872308285,-36.6735144048076
9894.63201565869,-36.6866237080942
9901.47003060892,-36.6971985114986
9908.31277119708,-36.706035042174
9915.160240689,-36.7135844057115
9922.01244235275,-36.720138119031
9928.86937945862,-36.7258991370989
9935.73105527922,-36.7310155935773
9942.5974730894,-36.7355992239598
9949.46863616626,-36.7397364076675
9956.34454778917,-36.7434952302384
9963.22521123978,-36.7469302185149
9970.110629802,-36.7500856313528
9977.000806762,-36.7529978119147
9983.89574540824,-36.7556969081749
9990.79544903144,-36.7582081556729
9997.69992092458,-36.7605528496701
10004.609164383,-36.7627490924647
10011.5231827041,-36.7648123751109
10018.4419791878,-36.7667560353277
10025.3655571363,-36.7685916215925
10032.2939198538,-36.7703291852977
10039.2270706472,-36.771977517147
10046.1650128252,-36.7735443399066
10053.1077496993,-36.775036466686
10060.0552845828,-36.7764599317683
10067.0076207917,-36.7778200994135
10073.9647616441,-36.7791217548614
10080.9267104603,-36.7803691808531
10087.893470563,-36.7815662222991
10094.8650452774,-36.7827163411897
10101.8414379306,-36.7838226634258
10108.8226518522,-36.7848880189296
10115.8086903742,-36.7859149761348
10122.7995568308,-36.786905871757
10129.7952545585,-36.787862836582
10136.795786896,-36.7887878178812
10143.8011571845,-36.7896825989586
10150.8113687674,-36.7905488162492
10157.8264249905,-36.7913879743199
10164.8463292018,-36.7922014590675
10171.8710847516,-36.792990549362
10178.9006949928,-36.7937564273447
10185.9351632801,-36.7945001875597
10192.974492971,-36.7952228450697
10200.0186874252,-36.795925342686
10207.0677500044,-36.7966085574234
10214.1216840731,-36.7972733062754
10221.1804929979,-36.7979203513923
10228.2441801476,-36.7985504047314
10235.3127488935,-36.7991641322435
10242.3862026093,-36.7997621576468
10249.4645446708,-36.800345065836
10256.5477784562,-36.8009134059664
10263.6359073463,-36.8014676942493
10270.7289347239,-36.802008416489
10277.8268639743,-36.8025360303899
10284.929698485,-36.8030509676563
10292.037441646,-36.8035536359074
10299.1500968497,-36.8040444204259
10306.2676674905,-36.8045236857565
10313.3901569656,-36.8049917771696
10320.5175686742,-36.8054490220031
10327.649906018,-36.8058957308936
10334.7871724011,-36.8063321989083
10341.9293712298,-36.806758706586
10349.0765059128,-36.8071755208963
10356.2285798612,-36.8075828961238
10363.3855964885,-36.8079810746843
10370.5475592105,-36.8083702878793
10377.7144714453,-36.8087507565937
10384.8863366134,-36.8091226919418
10392.0631581379,-36.8094862958663
10399.2449394438,-36.8098417616939
10406.4316839588,-36.8101892746507
10413.623395113,-36.8105290123425
10420.8200763387,-36.8108611452001
10428.0217310705,-36.8111858368946
10435.2283627457,-36.8115032447249
10442.4399748037,-36.8118135199779
10449.6565706864,-36.8121168082657
10456.8781538379,-36.8124132498399
10464.104727705,-36.8127029798859
10471.3362957366,-36.8129861287977
10478.5728613841,-36.8132628224356
10485.8144281012,-36.8135331823673
10493.0609993442,-36.813797326094
10500.3125785716,-36.8140553672627
10507.5691692443,-36.814307415865
10514.8307748256,-36.8145535784246
10522.0973987812,-36.8147939581725
10529.3690445794,-36.8150286552129
10536.6457156905,-36.8152577666785
10543.9274155874,-36.8154813868769
10551.2141477456,-36.815699607429
10558.5059156427,-36.8159125173986
10565.8027227588,-36.8161202034157
10573.1045725765,-36.816322749792
10580.4114685806,-36.8165202386304
10587.7234142586,-36.8167127499281
10595.0404131001,-36.8169003616747
10602.3624685973,-36.8170831499442
10609.6895842447,-36.8172611889825
10617.0217635395,-36.8174345512904
10624.3590099809,-36.8176033077016
10631.7013270708,-36.8177675274571
10639.0487183134,-36.8179272782756
10646.4011872155,-36.8180826264203
10653.7587372859,-36.8182336367621
10661.1213720364,-36.8183803728399
10668.4890949808,-36.8185228969177
10675.8619096355,-36.8186612700384
10683.2398195193,-36.818795552076
10690.6228281534,-36.8189258017842
10698.0109390614,-36.8190520768433
10705.4041557696,-36.819174433904
10712.8024818063,-36.8192929286304
10720.2059207026,-36.8194076157395
10727.6144759919,-36.81951854904
10735.0281512101,-36.8196257814685
10742.4469498953,-36.8197293651244
10749.8708755885,-36.8198293513031
10757.2999318328,-36.8199257905274
10764.7341221737,-36.8200187325781
10772.1734501594,-36.8201082265225
10779.6179193405,-36.8201943207419
10787.0675332699,-36.8202770629581
10794.5222955031,-36.8203565002584
10801.982209598,-36.8204326791194
10809.4472791149,-36.8205056454303
10816.9175076167,-36.8205754445145
10824.3928986687,-36.8206421211506
10831.8734558386,-36.8207057195927
10839.3591826966,-36.8207662835895
10846.8500828155,-36.8208238564026
10854.3461597703,-36.8208784808239
10861.8474171387,-36.8209301991929
10869.3538585009,-36.8209790534126
10876.8654874393,-36.821025084965
10884.382307539,-36.8210683349258
10891.9043223876,-36.8211088439788
10899.431535575,-36.8211466524295
10906.9639506938,-36.8211818002179
10914.5015713388,-36.8212143269314
10922.0444011076,-36.8212442718166
10929.5924436001,-36.821271673791
10937.1457024188,-36.8212965714537
10944.7041811684,-36.8213190030965
10952.2678834565,-36.8213390067139
10959.8368128929,-36.8213566200128
10967.4109730901,-36.8213718804221
10974.9903676629,-36.8213848251015
10982.5750002287,-36.8213954909505
10990.1648744074,-36.8214039146164
10997.7599938214,-36.8214101325027
11005.3603620956,-36.8214141807765
11012.9659828574,-36.821416095376
11020.5768597367,-36.8214159120176
11028.192996366,-36.8214136662031
11035.81439638,-36.8214093932256
11043.4410634163,-36.8214031281765
11051.0730011149,-36.8213949059511
11058.7102131181,-36.8213847612549
11066.352703071,-36.821372728609
11074.0004746211,-36.8213588423555
11081.6535314185,-36.8213431366628
11089.3118771155,-36.8213256455305
11096.9755153674,-36.8213064027947
11104.6444498317,-36.821285442132
11112.3186841685,-36.8212627970643
11119.9982220405,-36.8212385009633
11127.683067113,-36.8212125870543
11135.3732230535,-36.8211850884205
11143.0686935323,-36.8211560380066
11150.7694822223,-36.8211254686226
11158.4755927988,-36.8210934129475
11166.1870289395,-36.8210599035325
11173.9037943251,-36.8210249728045
11181.6258926383,-36.8209886530691
11189.3533275647,-36.820950976514
11197.0861027923,-36.8209119752113
11204.8242220118,-36.8208716811212
11212.5676889162,-36.820830126094
11220.3165072013,-36.8207873418731
11228.0706805653,-36.8207433600973
11235.8302127091,-36.8206982123036
11243.5951073359,-36.820651929929
11251.3653681517,-36.8206045443134
11259.140998865,-36.8205560867011
11266.9220031869,-36.8205065882434
11274.7083848309,-36.8204560800002
11282.5001475132,-36.8204045929421
11290.2972949526,-36.8203521579525
11298.0998308704,-36.8202988058288
11305.9077589904,-36.8202445672845
11313.7210830392,-36.8201894729509
11321.5398067458,-36.8201335533781
11329.3639338417,-36.8200768390373
11337.1934680612,-36.8200193603214
11345.0284131411,-36.819961147547
11352.8687728207,-36.8199022309556
11360.7145508419,-36.8198426407142
11368.5657509493,-36.8197824069176
11376.42237689,-36.8197215595884
11384.2844324136,-36.819660128679
11392.1519212726,-36.8195981440719
11400.0248472217,-36.8195356355813
11407.9032140184,-36.8194726329533
11415.7870254229,-36.8194091658673
11423.6762851978,-36.8193452639368
11431.5709971084,-36.8192809567098
11439.4711649225,-36.8192162736698
11447.3767924107,-36.8191512442362
11455.287883346,-36.8190858977652
11463.2044415042,-36.8190202635501
11471.1264706635,-36.8189543708219
11479.0539746048,-36.8188882487497
11486.9869571118,-36.8188219264412
11494.9254219704,-36.8187554329429
11502.8693729696,-36.8186887972403
11510.8188139006,-36.8186220482585
11518.7737485576,-36.8185552148619
11526.734180737,-36.8184883258546
11534.7001142381,-36.8184214099805
11542.6715528629,-36.818354495923
11550.6485004158,-36.8182876123051
11558.6309607039,-36.8182207876892
11566.6189375371,-36.8181540505772
11574.6124347276,-36.8180874294095
11582.6114560905,-36.8180209525652
11590.6160054436,-36.8179546483616
11598.626086607,-36.8178885450534
11606.6417034037,-36.8178226708321
11614.6628596594,-36.8177570538256
11622.6895592022,-36.8176917220967
11630.721805863,-36.8176267036429
11638.7596034753,-36.8175620263947
11646.8029558754,-36.8174977182148
11654.8518669019,-36.8174338068962
11662.9063403965,-36.8173703201613
11670.9663802032,-36.8173072856599
11679.0319901688,-36.8172447309673
11687.1031741427,-36.8171826835821
11695.1799359772,-36.8171211709243
11703.2622795268,-36.8170602203325
11711.3502086491,-36.8169998590611
11719.4437272041,-36.8169401142774
11727.5428390547,-36.8168810130581
11735.6475480662,-36.8168225823854
11743.7578581068,-36.8167648491435
11751.8737730472,-36.8167078401133
11759.9952967608,-36.8166515819681
11768.1224331239,-36.8165961012678
11776.2551860153,-36.8165414244528
11784.3935593163,-36.8164875778378
11792.5375569112,-36.8164345876039
11800.6871826868,-36.8163824797908
11808.8424405327,-36.8163312802882
11817.0033343412,-36.8162810148251
11825.169868007,-36.8162317089597
11833.3420454279,-36.8161833880666
11841.5198705042,-36.8161360773239
11849.7033471387,-36.8160898016978
11857.8924792374,-36.8160445859265
11866.0872707084,-36.8160004545012
11874.287725463,-36.8159574316458
11882.493847415,-36.8159155412937
11890.7056404807,-36.8158748070622
11898.9231085796,-36.8158352522237
11907.1462556334,-36.8157968996731
11915.3750855668,-36.8157597718917
11923.6096023071,-36.8157238909061
11931.8498097845,-36.815689278242
11940.0957119317,-36.815655954872
11948.3473126841,-36.8156239411567
11956.60461598,-36.8155932567768
11964.8676257603,-36.8155639206574
11973.1363459687,-36.8155359508802
11981.4107805515,-36.8155093645841
11989.690933458,-36.8154841778504
11997.9768086398,-36.8154604055712
12006.2684100515,-36.8154380612978
12014.5657416506,-36.8154171570644
12022.8688073969,-36.8153977031845
12031.1776112533,-36.8153797080126
12039.4921571853,-36.8153631776667
12047.8124491612,-36.8153481157012
12056.1384911519,-36.8153345227222
12064.4702871312,-36.8153223959321
12072.8078410755,-36.8153117285871
12081.1511569642,-36.8153025093497
12089.5002387791,-36.81529472151
12097.855090505,-36.8152883420451
12106.2157161295,-36.8152833404758
12114.5821196427,-36.8152796774685
12122.9543050376,-36.8152773031122
12131.3322763101,-36.8152761547827
12139.7160374586,-36.81527615447
12148.1055924844,-36.8152772054096
12156.5009453916,-36.8152791877939
12164.902100187,-36.8152819532592
12173.3090608802,-36.8152853177211
12181.7218314835,-36.8152890519515
12190.1404160121,-36.8152928690215
12198.5648184839,-36.8152964073266
12206.9950429195,-36.8152992072679
12215.4310933425,-36.8153006786438
12223.8729737791,-36.8153000541309
12232.3206882582,-36.8152963214044
12240.7742408117,-36.815288121515
12249.2336354743,-36.8152735921872
12257.6988762832,-36.8152501177699
12266.1699672787,-36.8152139138196
12274.6469125037,-36.8151593029426
12283.129716004,-36.8150773763721
12291.6183818281,-36.8149533333378
12300.1129140274,-36.8147606740499
12308.6133166561,-36.8144468398332
12317.119593771,-36.8138908227417
12325.6317494321,-36.8127381280398
12334.1497877017,-36.8093135470219
12342.6737126454,-36.71112475758
12351.2035283313,-36.8251216897724
12359.7392388303,-36.8208389087465
12368.2808482163,-36.8195417367135
12376.8283605659,-36.818951367481
12385.3817799586,-36.8186393838642
12393.9411104765,-36.8184665728559
12402.5063562049,-36.8183741523273
12411.0775212315,-36.8183330351869
12419.6546096471,-36.8183271970969
12428.2376255454,-36.8183470978428
12436.8265730225,-36.8183867153924
12445.4214561779,-36.8184420722168
12454.0222791134,-36.8185104457751
12462.6290459341,-36.8185899192819
12471.2417607476,-36.8186791131889
12479.8604276645,-36.818777017966
12488.4850507981,-36.8188828863059
12497.1156342648,-36.818996161565
12505.7521821835,-36.8191164290575
12514.3946986764,-36.8192433821957
12523.043187868,-36.8193767985326
12531.6976538861,-36.8195165225716
12540.3581008611,-36.8196624533048
12549.0245329264,-36.8198145351265
12557.6969542182,-36.8199727512118
12566.3753688755,-36.8201371187306
12575.0597810402,-36.8203076854664
12583.7501948572,-36.8204845275374
12592.4466144741,-36.8206677480098
12601.1490440413,-36.8208574762609
12609.8574877122,-36.8210538679971
12618.5719496432,-36.8212571058701
12627.2924339932,-36.8214674006659
12636.0189449244,-36.8216849930657
12644.7514866016,-36.8219101560037
12653.4900631924,-36.8221431976671
12662.2346788676,-36.8223844652129
12670.9853378007,-36.8226343492986
12679.7420441681,-36.8228932895604
12688.5048021489,-36.8231617812066
12697.2736159255,-36.8234403829457
12706.0484896829,-36.8237297265259
12714.8294276089,-36.8240305282402
12723.6164338946,-36.8243436028507
12732.4095127335,-36.8246698805167
12741.2086683224,-36.8250104274801
12750.0139048608,-36.8253664714978
12758.825226551,-36.8257394333153
12767.6426375986,-36.8261309659073
12776.4661422117,-36.826543003795
12785.2957446015,-36.8269778255767
12794.1314489821,-36.8274381339746
12802.9732595704,-36.8279271593819
12811.8211805863,-36.8284487953513
12820.6752162527,-36.8290077781132
12829.5353707953,-36.8296099277349
12838.4016484427,-36.8302624770553
12847.2740534265,-36.8309745279819
12856.1525899813,-36.831757696496
12865.0372623444,-36.8326270438619
12873.9280747562,-36.8336024534615
12882.82503146,-36.8347107224159
12891.728136702,-36.8359888392653
12900.6373947314,-36.8374893078418
12909.5528098002,-36.839289163812
12918.4743861635,-36.8415060129742
12927.4021280792,-36.844328254943
12936.3360398082,-36.8480759822504
12945.2761256145,-36.8533327488064
12954.2223897648,-36.8612411858272
12963.1748365288,-36.8739050214258
12972.1334701793,-36.8799089182247
12981.0982949919,-34.5850497161133
12990.0693152452,-36.6765286316238
12999.0465352208,-36.7574209619867
13008.0299592032,-36.7826795912885
13017.0195914799,-36.7949233190525
13026.0154363413,-36.8021926208752
13035.0174980809,-36.8070527953601
13044.0257809951,-36.8105688516684
13053.0402893831,-36.8132606810896
13062.0610275473,-36.8154117611032
13071.0879997931,-36.817189647622
13080.1212104286,-36.8186996659646
13089.1606637651,-36.8200113181556
13098.2063641169,-36.8211723066291
13107.2583158011,-36.82221645357
13116.316523138,-36.8231684042214
13125.3809904507,-36.8240465403556
13134.4517220654,-36.8248648507144
13143.5287223112,-36.8256341693082
13152.6119955204,-36.8263630174134
13161.7015460279,-36.8270581896781
13170.797378172,-36.8277251706546
13179.8994962938,-36.8283684363426
13189.0079047375,-36.8289916761345
13198.1226078501,-36.829597958635
13207.2436099818,-36.8301898572397
13216.3709154858,-36.8307695464174
13225.5045287182,-36.8313388763722
13234.6444540381,-36.8318994315398
13243.7906958079,-36.8324525768617
13252.9432583925,-36.8329994947131
13262.1021461604,-36.8335412146158
13271.2673634826,-36.8340786373283
13280.4389147334,-36.8346125545159
13289.6168042902,-36.8351436649188
13298.8010365332,-36.8356725877248
13307.9916158457,-36.836199873694
13317.1885466141,-36.8367260144648
13326.3918332277,-36.8372514503779
13335.601480079,-36.8377765770878
13344.8174915635,-36.8383017511743
13354.0398720797,-36.8388272949265
13363.2686260289,-36.8393535004382
13372.503757816,-36.8398806331278
13381.7452718483,-36.8404089347742
13390.9931725367,-36.8409386261453
13400.2474642949,-36.841469909281
13409.5081515395,-36.842002969483
13418.7752386904,-36.8425379770537
13428.0487301705,-36.8430750888207
13437.3286304057,-36.8436144494772
13446.614943825,-36.844156192764
13455.9076748604,-36.8447004425132
13465.206827947,-36.8452473135739
13474.5124075231,-36.8457969126335
13483.8244180298,-36.8463493389495
13493.1428639114,-36.8469046850018
13502.4677496154,-36.8474630370758
13511.7990795922,-36.8480244757856
13521.1368582953,-36.848589076542
13530.4810901813,-36.8491569099751
13539.8317797099,-36.8497280423137
13549.1889313439,-36.8503025357283
13558.5525495492,-36.8508804486409
13567.9226387946,-36.8514618360058
13577.2992035522,-36.8520467495639
13586.6822482971,-36.8526352380739
13596.0717775076,-36.8532273475225
13605.4677956649,-36.8538231213158
13614.8703072534,-36.8544226004538
13624.2793167607,-36.8550258236902
13633.6948286774,-36.8556328276782
13643.116847497,-36.8562436471037
13652.5453777166,-36.8568583148081
13661.9804238359,-36.8574768619002
13671.421990358,-36.8580993178598
13680.8700817891,-36.8587257106323
13690.3247026384,-36.8593560667165
13699.7858574183,-36.8599904112444
13709.2535506443,-36.8606287680561
13718.7277868349,-36.8612711597682
13728.208570512,-36.8619176078369
13737.6959062003,-36.862568132617
13747.1897984279,-36.8632227534158
13756.6902517258,-36.8638814885435
13766.1972706284,-36.8645443553598
13775.710859673,-36.8652113703169
13785.2310234001,-36.8658825489997
13794.7577663534,-36.8665579061632
13804.2910930796,-36.8672374557667
13813.8310081287,-36.8679212110066
13823.3775160538,-36.8686091843455
13832.9306214111,-36.8693013875406
13842.49032876,-36.8699978316698
13852.056642663,-36.8706985271553
13861.6295676858,-36.8714034837864
13871.2091083972,-36.8721127107404
13880.7952693692,-36.8728262166025
13890.388055177,-36.8735440093832
13899.9874703989,-36.8742660965364
13909.5935196163,-36.8749924849743
13919.2062074139,-36.8757231810825
13928.8255383795,-36.8764581907342
13938.4515171041,-36.8771975193023
13948.0841481819,-36.877941171672
13957.7234362101,-36.8786891522517
13967.3693857893,-36.8794414649835
13977.0220015232,-36.8801981133528
13986.6812880186,-36.8809591003974
13996.3472498856,-36.8817244287161
14006.0198917375,-36.8824941004762
14015.6992181906,-36.8832681174208
14025.3852338646,-36.884046480876
14035.0779433822,-36.8848291917566
14044.7773513696,-36.8856162505725
14054.4834624558,-36.8864076574335
14064.1962812733,-36.887203412055
14073.9158124577,-36.8880035137621
14083.6420606478,-36.8888079614944
14093.3750304856,-36.8896167538096
14103.1147266163,-36.8904298888874
14112.8611536883,-36.8912473645331
14122.6143163533,-36.8920691781805
14132.3742192662,-36.8928953268953
14142.140867085,-36.8937258073775
14151.914264471,-36.8945606159647
14161.6944160888,-36.8953997486337
14171.481326606,-36.896243201004
14181.2750006936,-36.8970909683394
14191.0754430258,-36.8979430455505
14200.8826582801,-36.8987994271975
14210.696651137,-36.8996601074918
14220.5174262805,-36.9005250802993
14230.3449883977,-36.9013943391426
14240.179342179,-36.9022678772037
14250.020492318,-36.9031456873279
14259.8684435114,-36.9040277620263
14269.7232004595,-36.9049140934806
14279.5847678655,-36.9058046735472
14289.4531504361,-36.9066994937626
14299.3283528811,-36.9075985453492
14309.2103799136,-36.9085018192229
14319.0992362499,-36.9094093060006
14328.9949266098,-36.9103209960106
14338.8974557159,-36.9112368793038
14348.8068282946,-36.9121569456673
14358.7230490752,-36.9130811846402
14368.6461227903,-36.914009585533
14378.576054176,-36.9149421374498
14388.5128479715,-36.9158788293155
14398.4565089192,-36.9168196499077
14408.4070417649,-36.9177645878949
14418.3644512577,-36.9187136318829
14428.3287421499,-36.9196667704694
14438.2999191972,-36.9206239923108
14448.2779871584,-36.9215852862027
14458.2629507957,-36.9225506411769
14468.2548148747,-36.9235200466211
14478.2535841641,-36.9244934924232
14488.2592634359,-36.9254709691512
14498.2718574656,-36.9264524682734
14508.2913710319,-36.9274379824339
14518.3178089166,-36.928427505797
14528.3511759052,-36.9294210344812
14538.3914767861,-36.9304185671116
14548.4387163512,-36.9314201055281
14558.4928993959,-36.9324256557024
14568.5540307185,-36.9334352289381
14578.622115121,-36.9344488434609
14588.6971574085,-36.935466526551
14598.7791623895,-36.9364883174472
14608.8681348757,-36.9375142713655
14618.9640796824,-36.9385444651605
14629.0670016279,-36.9395790054713
14639.176905534,-36.9406180407126
14649.2937962259,-36.9416617792109
14659.4176785321,-36.9427105174892
14669.5485572842,-36.9437646859997
14679.6864373174,-36.9448249262885
14689.8313234703,-36.9458922280332
14699.9832205845,-36.9469681881836
14710.1421335053,-36.9480555412252
14720.3080670812,-36.9491593613424
14730.481026164,-36.9502901955534
14740.6610156089,-36.9514740690226
14750.8480402745,-36.9527970804592
14761.0421050228,-36.9548137796201
14771.243214719,-36.9496907296328
14781.4513742317,-36.9543744965078
14791.666588433,-36.9558768488512
14801.8888621983,-36.9571241550041
14812.1182004062,-36.9582978527062
14822.354607939,-36.9594414816872
14832.598089682,-36.9605707458704
14842.8486505243,-36.961692670983
14853.1062953579,-36.9628108536942
14863.3710290786,-36.9639273111686
14873.6428565854,-36.9650432494246
14883.9217827806,-36.9661594223751
14894.20781257,-36.9672763151661
14904.5009508629,-36.9683942445318
14914.8012025717,-36.9695134168856
14925.1085726125,-36.9706339635249
14935.4230659046,-36.971755962795
14945.7446873708,-36.9728794544971
14956.0734419372,-36.9740044495078
14966.4093345334,-36.9751309363466
14976.7523700923,-36.9762588857415
14987.1025535504,-36.9773882538468
14997.4598898475,-36.9785189845329
15007.8243839267,-36.9796510110225
15018.1960407347,-36.9807842570556
15028.5748652215,-36.9819186377105
15038.9608623406,-36.9830540599658
15049.3540370488,-36.9841904230631
15059.7543943066,-36.9853276187161
15070.1619390775,-36.9864655311937
15080.5766763288,-36.9876040373
15090.9986110312,-36.988743006268
15101.4277481585,-36.9898822995757
15111.8640926884,-36.9910217706935
15122.3076496017,-36.9921612647674
15132.7584238828,-36.9933006182411
15143.2164205194,-36.9944396584169
15153.6816445029,-36.9955782029572
15164.1541008279,-36.9967160593226
15174.6337944926,-36.9978530241464
15185.1207304986,-36.9989888825396
15195.6149138509,-37.000123407324
15206.1163495581,-37.0012563581858
15216.6250426322,-37.0023874807442
15227.1409980885,-37.003516505527
15237.6642209461,-37.0046431468437
15248.1947162272,-37.005767101546
15258.7324889578,-37.0068880476643
15269.2775441671,-37.0080056429057
15279.829886888,-37.0091195229988
15290.3895221567,-37.010229299867
15300.956455013,-37.0113345596111
15311.5306905001,-37.012434860277
15322.1122336648,-37.0135297293826
15332.7010895573,-37.0146186611741
15343.2972632312,-37.0157011135758
15353.9007597439,-37.0167765047949
15364.5115841559,-37.0178442095333
15375.1297415314,-37.0189035547547
15385.7552369382,-37.0199538149432
15396.3880754474,-37.0209942067834
15407.0282621338,-37.0220238831759
15417.6758020755,-37.0230419264912
15428.3307003542,-37.0240473409461
15438.9929620552,-37.0250390439668
15449.6625922672,-37.0260158563783
15460.3395960825,-37.0269764912305
15471.0239785968,-37.0279195410345
15481.7157449095,-37.0288434631381
15492.4149001232,-37.0297465629192
15503.1214493445,-37.0306269744046
15513.8353976832,-37.0314826378448
15524.5567502526,-37.0323112736708
15535.2855121698,-37.0331103521341
15546.0216885551,-37.0338770577723
15556.7652845327,-37.0346082476401
15567.51630523,-37.035300401993
15578.2747557782,-37.0359495657836
15589.0406413119,-37.036551278909
15599.8139669694,-37.0371004926051
15610.5947378922,-37.0375914686657
15621.3829592259,-37.0380176572285
15632.1786361191,-37.0383715476126
15642.9817737243,-37.0386444850122
15653.7923771976,-37.0388264435686
15664.6104516983,-37.0389057432101
15675.4360023897,-37.0388686933037
15686.2690344384,-37.0386991400584
15697.1095530147,-37.0383778859229
15707.9575632922,-37.0378819366532
15718.8130704486,-37.0371835132725
15729.6760796647,-37.0362487385776
15740.546596125,-37.0350358658578
15751.4246250177,-37.0334928522135
15762.3101715345,-37.0315539749579
15773.2032408707,-37.0291350199114
15784.1038382253,-37.0261262851727
15795.0119688006,-37.0223821485887
15805.9276378028,-37.0177050543027
15816.8508504416,-37.0118200943472
15827.7816119302,-37.0043330418229
15838.7199274856,-36.9946577366883
15849.6658023281,-36.9818830948691
15860.619241682,-36.9645117515164
15871.5802507749,-36.9398980787126
15882.5488348381,-36.9028864861415
15893.5249991067,-36.8419096317983
15904.508748819,-36.7245256260816
15915.5000892174,-36.4116584046028
15926.4990255475,-33.2188452318342
15937.5055630589,-38.1905582550751
15948.5197070045,-37.5880274191064
15959.5414626411,-37.4190910723068
15970.5708352289,-37.340236584319
15981.607830032,-37.2949953367373
15992.6524523178,-37.2659386058877
16003.7047073577,-37.245912011337
16014.7646004265,-37.2314371081594
16025.8321368026,-37.2206192826022
16036.9073217684,-37.2123384473656
16047.9901606095,-37.2058899683172
16059.0806586154,-37.200808402168
16070.1788210794,-37.1967739542299
16081.284653298,-37.1935596513362
16092.3981605719,-37.1909999532238
16103.519348205,-37.1889712952778
16114.6482215052,-37.1873795867837
16125.7847857839,-37.1861519270632
16136.9290463562,-37.1852309677595
16148.0810085408,-37.1845709850654
16159.2406776603,-37.1841350860378
16170.4080590408,-37.1838931846112
16181.583158012,-37.183820510869
16192.7659799076,-37.1838964966628
16203.9565300645,-37.1841039313185
16215.1548138239,-37.1844283141429
16226.3608365301,-37.1848573523383
16237.5746035315,-37.1853805677344
16248.79612018,-37.1859889859237
16260.0253918312,-37.1866748884872
16271.2624238446,-37.1874316140235
16282.5072215831,-37.1882533973018
16293.7597904136,-37.1891352384711
16305.0201357065,-37.190072796184
16316.2882628359,-37.1910622999174
16327.5641771799,-37.1921004778419
16338.8478841199,-37.1931844974045
16350.1393890414,-37.194311916409
16361.4386973334,-37.1954806428607
16372.7458143886,-37.1966889022185
16384.0607456037,-37.1979352109969
16395.3834963787,-37.1992183559035
16406.7140721177,-37.2005373778973
16418.0524782284,-37.2018915607201
16429.3987201222,-37.2032804236057
16440.7528032142,-37.2047037179997
16452.1147329236,-37.2061614282586
16463.4845146728,-37.2076537764183
16474.8621538882,-37.2091812312634
16486.2476560002,-37.2107445220766
16497.6410264425,-37.2123446576208
16509.0422706529,-37.2139829511165
16520.4513940727,-37.2156610522308
16531.8684021473,-37.2173809874177
16543.2933003254,-37.2191452103625
16554.7260940599,-37.2209566648206
16566.1667888072,-37.2228188628543
16577.6153900276,-37.2247359824189
16589.0719031851,-37.2267129895435
16600.5363337475,-37.2287557921119
16612.0086871865,-37.230871434708
16623.4889689773,-37.2330683474377
16634.9771845992,-37.2353566665624
16646.473339535,-37.237748651913
16657.9774392715,-37.240259236548
16669.4894892993,-37.2429067598508
16681.0094951125,-37.2457139592899
16692.5374622094,-37.2487093335691
16704.0733960919,-37.2519290498183
16715.6173022656,-37.2554196657811
16727.1691862401,-37.259242104046
16738.7290535287,-37.2634776054934
16750.2969096485,-37.2682369155118
16761.8727601205,-37.2736749542183
16773.4566104695,-37.2800152115363
16785.048466224,-37.2875923214219
16796.6483329164,-37.2969308600145
16808.256216083,-37.3089022637973
16819.8721212638,-37.3250680987303
16831.4960540027,-37.3485315421815
16843.1280198474,-37.3864622037701
16854.7680243495,-37.4599968396332
16866.4160730643,-37.6704253958775
16878.072171551,-42.814256590123
16889.7363253727,-36.7693914934348
16901.4085400964,-37.0138424491688
16913.0888212927,-37.0937129609225
16924.7771745363,-37.1338731770004
16936.4736054056,-37.1583799840848
16948.178119483,-37.1751244671276
16959.8907223546,-37.1874571747085
16971.6114196105,-37.1970430685737
16983.3402168445,-37.204803027845
16995.0771196544,-37.2112877126271
17006.8221336419,-37.2168465967762
17018.5752644123,-37.2217121378074
17030.3365175752,-37.2260449502673
17042.1058987437,-37.2299595479272
17053.883413535,-37.2335397503112
17065.6690675701,-37.2368482854223
17077.4628664739,-37.2399329775205
17089.2648158752,-37.2428308343168
17101.0749214066,-37.2455707670308
17112.8931887047,-37.248175302738
17124.71962341,-37.2506612096601
17136.5542311668,-37.2530374264929
17148.3970176234,-37.2552848378812
17160.247988432,-37.2540557996744
17172.1071492485,-37.2599702784268
17183.9745057331,-37.2620095752635
17195.8500635496,-37.2640460463776
17207.7338283657,-37.2660477328536
17219.6258058533,-37.2680121034352
17231.5260016879,-37.2699408590088
17243.4344215491,-37.2718365379051
17255.3510711205,-37.2737017379428
17267.2759560893,-37.2755389002223
17279.209082147,-37.2773502523413
17291.1504549888,-37.2791378039124
17303.100080314,-37.2809033599866
17315.0579638257,-37.2826485399757
17327.0241112311,-37.2843747973098
17338.998528241,-37.2860834379993
17350.9812205706,-37.2877756374676
17362.9721939387,-37.289452455523
17374.9714540683,-37.2911148495523
17386.9790066862,-37.2927636860932
17398.9948575232,-37.2943997509712
17411.0190123141,-37.2960237581754
17423.0514767975,-37.2976363576392
17435.0922567162,-37.2992381420711
17447.1413578168,-37.3008296529611
17459.19878585,-37.3024113858753
17471.2645465703,-37.3039837951312
17483.3386457364,-37.3055472979376
17495.4210891107,-37.3071022780667
17507.5118824599,-37.3086490891215
17519.6110315545,-37.3101880574474
17531.718542169,-37.3117194847346
17543.8344200819,-37.3132436503494
17555.9586710757,-37.3147608134271
17568.0913009368,-37.3162712147556
17580.2323154559,-37.3177750784757
17592.3817204273,-37.3192726136179
17604.5395216496,-37.3207640154975
17616.7057249253,-37.3222494669816
17628.880336061,-37.3237291396453
17641.0633608671,-37.3252031948283
17653.2548051581,-37.3266717846042
17665.4546747528,-37.3281350526719
17677.6629754735,-37.3295931351782
17689.8797131471,-37.3310461614804
17702.104893604,-37.3324942548546
17714.338522679,-37.3339375331573
17726.5806062107,-37.3353761094454
17738.8311500419,-37.3368100925609
17751.0901600194,-37.3382395876828
17763.357641994,-37.3396646968544
17775.6336018205,-37.3410855194858
17787.9180453578,-37.3425021528389
17800.2109784689,-37.343914692497
17812.5124070208,-37.3453232328223
17824.8223368846,-37.346727867405
17837.1407739353,-37.3481286895076
17849.4677240521,-37.3495257925072
17861.8031931183,-37.3509192703385
17874.1471870212,-37.352309217942
17886.4997116521,-37.3536957317195
17898.8607729066,-37.3550789100005
17911.230376684,-37.3564588535245
17923.608528888,-37.3578356659405
17935.9952354263,-37.3592094543298
17948.3905022107,-37.3605803297561
17960.7943351569,-37.3619484078466
17973.2067401849,-37.3633138094105
17985.6277232188,-37.3646766611003
17998.0572901866,-37.3660370961221
18010.4954470206,-37.3673952550024
18022.9421996571,-37.3687512864186
18035.3975540365,-37.370105348104
18047.8615161032,-37.3714576078358
18060.334091806,-37.3728082445182
18072.8152870976,-37.3741574493752
18085.3051079349,-37.3755054272665
18097.8035602787,-37.3768523981457
18110.3106500942,-37.3781985986802
18122.8263833507,-37.3795442840565
18135.3507660214,-37.3808897299988
18147.8838040838,-37.3822352350318
18160.4255035195,-37.3835811230257
18172.9758703142,-37.3849277460672
18185.5349104579,-37.3862754877076
18198.1026299444,-37.3876247666495
18210.6790347721,-37.3889760409437
18223.264130943,-37.3903298127839
18235.8579244638,-37.3916866340005
18248.460421345,-37.3930471123792
18261.0716276013,-37.3944119189528
18273.6915492517,-37.3957817964477
18286.3201923191,-37.3971575691064
18298.9575628309,-37.3985401541557
18311.6036668185,-37.3999305752529
18324.2585103172,-37.4013299783226
18336.9220993671,-37.4027396502957
18349.5944400118,-37.4041610413928
18362.2755382995,-37.4055957917608
18374.9654002825,-37.4070457634899
18387.6640320172,-37.4085130793263
18400.3714395642,-37.4100001697722
18413.0876289883,-37.4115098307771
18425.8126063587,-37.4130452949082
18438.5463777483,-37.4146103198231
18451.2889492348,-37.4162092991651
18464.0403268996,-37.4178474028022
18476.8005168285,-37.4195307558912
18489.5695251117,-37.4212666699146
18502.3473578432,-37.4230639441877
18515.1340211215,-37.4249332642584
18527.9295210493,-37.4268877355868
18540.7338637334,-37.4289436093135
18553.5470552849,-37.4311212859307
18566.3691018192,-37.4334467294705
18579.2000094556,-37.4359535024382
18592.0397843181,-37.4386857644704
18604.8884325345,-37.4417028128349
18617.7459602372,-37.445086176378
18630.6123735625,-37.4489511115083
18643.4876786513,-37.4534660547149
18656.3718816483,-37.4588872939654
18669.2649887029,-37.4656248328942
18682.1670059685,-37.4743779630409
18695.0779396028,-37.4864450491943
18707.9977957676,-37.50453988015
18720.9265806293,-37.5354429737461
18733.8643003584,-37.6021814027851
18746.8109611295,-37.8652846049255
18759.7665691216,-36.5461965464693
18772.7311305181,-37.2095645318669
18785.7046515064,-37.3049016824849
18798.6871382784,-37.3435799843776
18811.6785970303,-37.3648366785814
18824.6790339623,-37.3784720336308
18837.6884552792,-37.388094916681
18850.70686719,-37.3953452242938
18863.7342759078,-37.4010755296967
18876.7706876502,-37.4057729507536
18889.8161086391,-37.4097360175776
18902.8705451005,-37.413157888425
18915.934003265,-37.4161690757786
18929.0064893673,-37.418860942869
18942.0880096464,-37.4212993631086
18955.1785703457,-37.4235330338694
18968.278177713,-37.4255987358836
18981.3868380001,-37.4275247719147
18994.5045574634,-37.429333279966
19007.6313423636,-37.4310418285693
19020.7671989656,-37.4326645413357
19033.9121335388,-37.4342129052475
19047.0661523567,-37.4356963618319
19060.2292616974,-37.4371227463612
19073.4014678431,-37.4384986188079
19086.5827770805,-37.4398295164709
19099.7731957006,-37.4411201491024
19112.9727299988,-37.4423745512682
19126.1813862746,-37.4435962025134
19139.3991708323,-37.4447881230252
19152.6260899801,-37.4459529504536
19165.8621500309,-37.447093002109
19179.1073573017,-37.4482103257109
19192.3617181141,-37.4493067411008
19205.6252387939,-37.4503838747739
19218.8979256713,-37.4514431886617
19232.179785081,-37.4524860042872
19245.4708233619,-37.453513523173
19258.7710468574,-37.4545268442026
19272.0804619153,-37.4555269784947
19285.3990748877,-37.4565148622398
19298.7268921311,-37.457491367868
19312.0639200064,-37.4584573138479
19325.4101648789,-37.4594134733673
19338.7656331184,-37.4603605821087
19352.130331099,-37.4612993452997
19365.5042651992,-37.4622304442061
19378.8874418019,-37.463154542222
19392.2798672944,-37.4640722907214
19405.6815480686,-37.4649843348709
19419.0924905205,-37.4658913196885
19432.5127010508,-37.4667938968471
19445.9421860645,-37.4676927332513
19459.380951971,-37.4685885238765
19472.8290051842,-37.4694820159724
19486.2863521224,-37.4703740694066
19499.7529992084,-37.471265868623
19513.2289528693,-37.4721601854885
19526.7142195367,-37.4731050719798
19540.2088056467,-37.4739187935384
19553.7127176398,-37.474820457703
19567.225961961,-37.4757199905262
19580.7485450596,-37.4766226788099
19594.2804733896,-37.4775303872681
19607.8217534093,-37.4784445876193
19621.3723915815,-37.4793667379353
19634.9323943735,-37.4802983858049
19648.5017682569,-37.4812412170524
19662.080519708,-37.4821970917294
19675.6686552075,-37.4831680789355
19689.2661812405,-37.4841564949968
19702.8731042967,-37.4851649476613
19716.4894308702,-37.4861963885902
19730.1151674596,-37.4872541766229
19743.750320568,-37.4883421548296
19757.394896703,-37.4894647451957
19771.0489023767,-37.4906270659683
19784.7123441057,-37.4918350783519
19798.3852284112,-37.4930957715625
19812.0675618186,-37.4944173985306
19825.7593508582,-37.4958097792506
19839.4606020646,-37.4972846956049
19853.1713219768,-37.4988564115871
19866.8915171386,-37.5005423680231
19880.6211940982,-37.5023641241555
19894.3603594082,-37.5043486549089
19908.1090196259,-37.5065301711494
19921.8671813132,-37.5089527266809
19935.6348510362,-37.5116740395092
19949.4120353658,-37.5147712427757
19963.1987408774,-37.5183498067124
19976.994974151,-37.5225578779451
19990.8007417711,-37.5276103057918
20004.6160503266,-37.5338309588363
20018.4409064111,-37.5417319359268
20032.2753166228,-37.5521735779969
20046.1192875643,-37.5667211285878
20059.972825843,-37.5885525809816
20073.8359380706,-37.6252559573171
20087.7086308636,-37.7005364957379
20101.590910843,-37.9452336025948
20115.4827846341,-34.401390850935
20129.3842588673,-37.1235155072533
20143.2953401772,-37.2945992860232
20157.216035203,-37.3563216843675
20171.1463505887,-37.3882558487471
20185.0862929828,-37.4078467239558
20199.0358690382,-37.4211409795826
20212.9950854127,-37.430788960758
20226.9639487685,-37.4381356091397
20240.9424657726,-37.4439360471619
20254.9306430963,-37.4486469619199
20268.9284874157,-37.4525607837755
20282.9360054116,-37.4558734451474
20296.9532037693,-37.4587211539545
20310.9800891786,-37.4612015417083
20325.0166683342,-37.4633864198311
20339.0629479353,-37.4653297881125
20353.1189346857,-37.4670730365328
20367.1846352937,-37.4686484246622
20381.2600564726,-37.4700814692126
20395.3452049399,-37.4713926196029
20409.4400874182,-37.472598457512
20423.5447106344,-37.4737125710541
20437.6590813201,-37.4747462020879
20451.7832062117,-37.4757087324992
20465.9170920502,-37.4766080543269
20480.0607455811,-37.4774508548607
20494.2141735548,-37.4782428386572
20508.3773827263,-37.4789889021752
20522.550379855,-37.47969327242
20536.7331717054,-37.480359617959
20550.9257650464,-37.4809911385229
20565.1281666516,-37.4815906378579
20579.3403832994,-37.4821605833674
20593.5624217728,-37.4827031552519
20607.7942888595,-37.4832202872392
20622.0359913519,-37.4837137005327
20636.287536047,-37.4841849322547
20650.5489297467,-37.4846353593928
20664.8201792574,-37.4850662190543
20679.1012913903,-37.4854786256667
20693.3922729613,-37.4858735856437
20707.693130791,-37.4862520099346
20722.0038717048,-37.4866147247959
20736.3245025326,-37.4869624810643
20750.6550301093,-37.4872959621584
20764.9954612742,-37.4876157909975
20779.3458028716,-37.4879225359918
20793.7060617505,-37.4882167162336
20808.0762447645,-37.4884988059944
20822.456358772,-37.488769238617
20836.8464106361,-37.4890284098756
20851.2464072247,-37.489276680863
20865.6563554106,-37.4895143804542
20880.0762620709,-37.4897418073857
20894.506134088,-37.4899592319802
20908.9459783487,-37.4901668975402
20923.3958017445,-37.4903650214247
20937.8556111721,-37.4905537958176
20952.3254135324,-37.4907333881874
20966.8052157315,-37.4909039414313
20981.2950246801,-37.4910655736875
20995.7948472937,-37.4912183777895
21010.3046904926,-37.4913624203249
21024.8245612018,-37.4914977402475
21039.3544663512,-37.4916243469729
21053.8944128753,-37.4917422178673
21068.4444077137,-37.49185129501
21083.0044578106,-37.4919514810745
21097.5745701149,-37.492042634124
21112.1547515806,-37.4921245610536
21126.7450091661,-37.4921970093258
21141.3453498351,-37.4922596565256
21155.9557805556,-37.4923120971014
21170.5763083008,-37.4923538254279
21185.2069400487,-37.4923842140048
21199.8476827817,-37.4924024851378
21214.4985434876,-37.4924076737704
21229.1595291587,-37.4923985781178
21243.8306467921,-37.4923736932234
21258.5119033899,-37.4923311201792
21273.203305959,-37.4922684399959
21287.9048615111,-37.4921825350064
21302.6165770627,-37.4920693305085
21317.3384596352,-37.4919234118091
21332.0705162549,-37.4917374405089
21346.812753953,-37.4915012355575
21361.5651797653,-37.4912002707777
21376.3278007327,-37.490813105479
21391.100623901,-37.4903067457364
21405.8836563206,-37.4896276906288
21420.6769050471,-37.4886831214334
21435.4803771408,-37.4872967291824
21450.2940796668,-37.4850877261665
21465.1180196952,-37.4810535935308
21479.9522043011,-37.4714266740345
21494.7966405642,-37.4189861803674
21509.6513355693,-37.5573590941887
21524.516296406,-37.517181370943
21539.3915301689,-37.5085136647464
21554.2770439575,-37.5047264170248
21569.1728448761,-37.5025995779872
21584.078940034,-37.5012338676447
21598.9953365453,-37.5002792102943
21613.9220415291,-37.4995710220156
21628.8590621094,-37.4990217344791
21643.8064054153,-37.4985804714067
21658.7640785805,-37.4982156578987
21673.7320887438,-37.4979066638888
21688.710443049,-37.4976394427497
21703.6991486447,-37.4974041011228
21718.6982126846,-37.4971934708505
21733.7076423271,-37.4970022318929
21748.7274447359,-37.4968263531719
21763.7576270792,-37.4966627245126
21778.7981965305,-37.4965089075307
21793.8491602683,-37.4963629627908
21808.9105254757,-37.496223327042
21823.9822993411,-37.4960887236221
21839.0644890577,-37.4959580933032
21854.1571018238,-37.4958305260919
21869.2601448425,-37.4957050293438
21884.3736253221,-37.4955839557416
21899.4975504756,-37.4954607396816
21914.6319275212,-37.4953392854399
21929.776763682,-37.4952182991732
21944.9320661863,-37.4950973611643
21960.097842267,-37.4949761407317
21975.2740991622,-37.494854349641
21990.4608441152,-37.4947317290754
22005.658084374,-37.4946080427189
22020.8658271918,-37.4944830718946
22036.0840798267,-37.4943566117325
22051.3128495418,-37.4942284679843
22066.5521436053,-37.4940984542977
22081.8019692905,-37.4939663898336
22097.0623338756,-37.493832097145
22112.3332446438,-37.4936954002566
22127.6147088834,-37.4935561228975
22142.9067338877,-37.4934140868471
22158.2093269552,-37.4932691103599
22173.5224953892,-37.4931210066427
22188.8462464981,-37.4929695823555
22204.1805875956,-37.4928146361154
22219.5255260001,-37.492655956981
22234.8810690353,-37.4924933228954
22250.2472240298,-37.4923264990685
22265.6239983175,-37.4921552362773
22281.011399237,-37.4919792690621
22296.4094341324,-37.4917983137964
22311.8181103526,-37.491612066606
22327.2374352516,-37.4914202011095
22342.6674161885,-37.4912223659517
22358.1080605276,-37.491018182096
22373.5593756381,-37.4908072398374
22389.0213688945,-37.4905890954955
22404.4940476762,-37.4903632677349
22419.9774193678,-37.4901292334607
22435.4714913591,-37.4898864232187
22450.9762710447,-37.4896342160284
22466.4917658247,-37.4893719335557
22482.017983104,-37.489098833522
22497.5549302928,-37.4888141022264
22513.1026148063,-37.4885168460318
22528.661044065,-37.4882060816423
22544.2302254943,-37.4878807249621
22559.8101665249,-37.4875395782866
22575.4008745925,-37.4871813155218
22591.0023571381,-37.4868044650696
22606.6146216078,-37.4864073899324
22622.2376754528,-37.4859882644941
22637.8715261293,-37.4855450473117
22653.516181099,-37.4850754490895
22669.1716478285,-37.4845768948132
22684.8379337896,-37.4840464787598
22700.5150464593,-37.48348091077
22716.2029933198,-37.4828764517375
22731.9017818584,-37.4822288357043
22747.6114195675,-37.4815331752026
22763.331913945,-37.4807838454864
22779.0632724935,-37.4799743419537
22794.8055027213,-37.4790971032272
22810.5586121415,-37.4781432898484
22826.3226082725,-37.4771025050353
22842.097498638,-37.4759624390082
22857.8832907668,-37.474708411329
22873.679992193,-37.4733227754379
22889.4876104557,-37.4717841344468
22905.3061530994,-37.4700662945284
22921.1356276737,-37.468136847454
22936.9760417336,-37.4659552194002
22952.8274028391,-37.4634699359265
22968.6897185556,-37.4606147094939
22984.5629964535,-37.4573027125371
23000.4472441088,-37.4534179723076
23016.3424691023,-37.4488020458124
23032.2486790204,-37.4432326509508
23048.1658814546,-37.4363879556118
23064.0940840015,-37.4277838808186
23080.0332942632,-37.4166571993716
23095.9835198469,-37.4017305550283
23111.9447683652,-37.3806920918624
23127.9170474358,-37.3488826938199
23143.9003646817,-37.2953044095682
23159.8947277313,-37.1862862806325
23175.9001442181,-36.8449503092002
23191.9166217809,-46.3935945497005
23207.9441680639,-38.0960840408502
23223.9827907165,-37.811005531631
23240.0324973933,-37.7124257910096
23256.0932957545,-37.6625575575813
23272.1651934651,-37.6325301312247
23288.2481981959,-37.6125295671031
23304.3423176227,-37.5983028633091
23320.4475594266,-37.5877083990564
23336.5639312942,-37.5795508306259
23352.6914409172,-37.5731108927056
23368.8300959929,-37.5679303010639
23384.9799042235,-37.56370369432
23401.1408733169,-37.5602202499726
23417.3130109862,-37.557330251606
23433.4963249498,-37.5549250197307
23449.6908229314,-37.5529243940653
23465.8965126601,-37.5512686849025
23482.1134018703,-37.5499133823997
23498.3414983019,-37.5488256388639
23514.5808096999,-37.547981943113
23530.8313438148,-37.5473666427213
23547.0931084025,-37.5469711182561
23563.3661112241,-37.5467935167099
23579.6503600462,-37.5468390361793
23595.9458626408,-37.5471208416994
23612.252626785,-37.5476618067651
23628.5706602616,-37.5484974526678
23644.8999708587,-37.5496807650914
23661.2405663696,-37.5512901413203
23677.5924545932,-37.5534428648424
23693.9556433337,-37.5563189383624
23710.3301404007,-37.5602056960519
23726.7159536091,-37.5655876833988
23743.1130907795,-37.5733460312878
23759.5215597375,-37.585262254883
23775.9413683143,-37.6055533419556
23792.3725243467,-37.6471745048061
23808.8150356767,-37.7786536986681
23825.2689101516,-34.9249888189432
23841.7341556244,-37.3027334051174
23858.2107799534,-37.4093367662936
23874.6987910023,-37.4464669016319
23891.1981966402,-37.4653163393884
23907.709004742,-37.476709201626
23924.2312231874,-37.4843379673667
23940.7648598621,-37.4898057176293
23957.309922657,-37.4939204261166
23973.8664194685,-37.4971331684471
23990.4343581985,-37.4997152258036
24007.0137467543,-37.5018391469051
24023.6045930486,-37.5036194250876
24040.2069049997,-37.5051343529512
24056.8206905314,-37.5064382965952
24073.4459575728,-37.5075685937166
24090.0827140587,-37.5085488748535
24106.7309679291,-37.5093889310509
24123.3907271297,-37.5100785976231
24140.0619996117,-37.5105640972356
24156.7447933317,-37.5106450644658
24173.4391162519,-37.5091833885675
24190.1449763399,-37.5539707708526
24206.8623815687,-37.5180648611515
24223.5913399172,-37.5170309890813
24240.3318593694,-37.5170331651601
24257.083947915,-37.5172978941958
24273.8476135493,-37.5176613774506
24290.622864273,-37.5180689427478
24307.4097080923,-37.5184978705694
24324.208153019,-37.518937481938
24341.0182070705,-37.5193823951039
24357.8398782696,-37.5198298119595
24374.6731746448,-37.52027828725
24391.51810423,-37.5207271194053
24408.3746750647,-37.521176028608
24425.242895194,-37.52162497795
24442.1227726686,-37.5220740702339
24459.0143155446,-37.522523486716
24475.9175318838,-37.522973450019
24492.8324297536,-37.5234242014108
24509.7590172267,-37.523875986841
24526.6973023819,-37.5243290484193
24543.647293303,-37.5247836193276
24560.6089980798,-37.5252399209171
24577.5824248075,-37.5256981612055
24594.567581587,-37.5261585342672
24611.5644765247,-37.5266212201908
24628.5731177327,-37.5270863853873
24645.5935133285,-37.5275541831102
24662.6256714355,-37.5280247540915
24679.6696001826,-37.528498227235
24696.7253077042,-37.5289747203248
24713.7928021404,-37.5294543407234
24730.872091637,-37.5299371860448
24747.9631843454,-37.5304233447901
24765.0660884225,-37.5309128969423
24782.180812031,-37.531405914517
24799.3073633392,-37.5319024620678
24816.445750521,-37.532402597148
24833.595981756,-37.5329063707286
24850.7580652294,-37.5334138275759
24867.932009132,-37.5339250065883
24885.1178216606,-37.5344399410972
24902.3155110171,-37.5349586591308
24919.5250854096,-37.5354811836449
24936.7465530515,-37.5360075327211
24953.9799221622,-37.536537719734
24971.2252009664,-37.5370717534888
24988.4823976949,-37.5376096383297
25005.7515205838,-37.5381513742199
25023.0325778751,-37.5386969567948
25040.3255778166,-37.5392463773855
25057.6305286615,-37.5397996230159
25074.947438669,-37.5403566763708
25092.2763161038,-37.5409175157341
25109.6171692364,-37.5414821148969
25126.970006343,-37.5420504430333
25144.3348357056,-37.542622464542
25161.7116656117,-37.543198138851
25179.1005043549,-37.5437774201824
25196.501360234,-37.5443602572736
25213.9142415542,-37.544946593051
25231.3391566258,-37.5455363642499
25248.7761137652,-37.5461295009754
25266.2251212945,-37.5467259261964
25283.6861875415,-37.5473255551649
25301.1593208398,-37.5479282947489
25318.6445295287,-37.5485340426695
25336.1418219534,-37.5491426866248
25353.6512064646,-37.5497541032873
25371.1726914191,-37.5503681571523
25388.7062851793,-37.5509846992149
25406.2519961133,-37.5516035654478
25423.8098325951,-37.5522245750451
25441.3798030045,-37.5528475283924
25458.961915727,-37.5534722047142
25476.5561791541,-37.554098359339
25494.1626016827,-37.5547257205109
25511.781191716,-37.5553539856578
25529.4119576626,-37.5559828170111
25547.0549079371,-37.5566118364396
25564.71005096,-37.5572406193337
25582.3773951573,-37.5578686873327
25600.0569489612,-37.558495499632
25617.7487208095,-37.5591204425422
25635.4527191458,-37.559742816877
25653.1689524198,-37.5603618226301
25670.8974290867,-37.5609765402383
25688.6381576078,-37.5615859075165
25706.3911464501,-37.5621886910563
25724.1564040865,-37.5627834504793
25741.9339389958,-37.5633684933814
25759.7237596627,-37.5639418180197
25777.5258745774,-37.5645010396781
25795.3402922366,-37.5650432950329
25813.1670211423,-37.5655651164633
25831.0060698026,-37.5660622647005
25848.8574467315,-37.5665295027844
25866.7211604489,-37.5669602858587
25884.5972194806,-37.5673463278676
25902.4856323582,-37.5676769841837
25920.3864076191,-37.5679383520708
25938.2995538069,-37.5681119262314
25956.2250794709,-37.5681725298123
25974.1629931663,-37.568085020655
25992.1133034543,-37.5677988348759
26010.0760189021,-37.5672385085728
26028.0511480824,-37.5662862371432
26046.0386995744,-37.5647474047106
26064.0386819629,-37.5622759349606
26082.0511038385,-37.5581917469238
26100.0759737982,-37.5509511731106
26118.1133004444,-37.5361484417644
26136.1630923859,-37.4943157306567
26154.2253582372,-37.0388169542229
26172.3001066188,-37.7001184155177
26190.3873461571,-37.6446761722273
26208.4870854846,-37.6266030171052
26226.5993332397,-37.6182129514121
26244.7240980668,-37.6136355185113
26262.8613886162,-37.6109439510105
26281.0112135442,-37.6093241297497
26299.1735815131,-37.608373569413
26317.3485011912,-37.6078707604083
26335.5359812528,-37.6076839239155
26353.7360303781,-37.6077299142125
26371.9486572535,-37.6079538262185
26390.1738705711,-37.6083180874467
26408.4116790293,-37.6087962627594
26426.6620913324,-37.6093693600367
26444.9251161907,-37.6100235373192
26463.2007623204,-37.6107486325384
26481.489038444,-37.6115371960236
26499.7899532898,-37.6123838419322
26518.1035155922,-37.613284810107
26536.4297340918,-37.614237703571
26554.7686175348,-37.6152410659705
26573.120174674,-37.6162948034944
26591.4844142679,-37.6173995038204
26609.861345081,-37.6185568046326
26628.2509758842,-37.61976935965
26646.6533154541,-37.6210409722249
26665.0683725736,-37.6223768225953
26683.4961560315,-37.6237838465155
26701.9366746229,-37.6252713813798
26720.3899371487,-37.626852343848
26738.8559524161,-37.628545612194
26757.3347292382,-37.6303816121539
26775.8262764344,-37.6324184301302
26794.3306028301,-37.6348054468883
26812.8477172568,-37.6382380227913
26831.377628552,-37.5693902640161
26849.9203455594,-37.638104228864
26868.4758771289,-37.6421048965252
26887.0442321165,-37.645685005378
26905.625419384,-37.6495213357363
26924.2194477998,-37.6538744227737
26942.8263262381,-37.6589928320459
26961.4460635794,-37.6652133875587
26980.0786687102,-37.6730604261462
26998.7241505233,-37.6834280843872
27017.3825179175,-37.6979952370153
27036.0537797978,-37.720342783088
27054.7379450754,-37.7597251566614
27073.4350226676,-37.8496930420895
27092.1450214979,-38.2798549102727
27110.8679504959,-36.9108119785915
27129.6038185975,-37.39569675381
27148.3526347446,-37.4900716523536
27167.1144078855,-37.5306711334336
27185.8891469745,-37.553521290716
27204.6768609722,-37.5683432115737
27223.4775588452,-37.5788554093362
27242.2912495666,-37.5867872949195
27261.1179421155,-37.5930522854033
27279.9576454772,-37.5981782781141
27298.8103686432,-37.6024916201322
27317.6761206115,-37.6062049084214
27336.5549103858,-37.6094625710493
27355.4467469765,-37.6123661568127
27374.3516394,-37.6149891442233
27393.269596679,-37.6173860098284
27412.2006278423,-37.6195979945743
27431.144741925,-37.6216568906691
27450.1019479687,-37.6235875988384
27469.0722550209,-37.625409897874
27488.0556721355,-37.6271396957369
27507.0522083727,-37.6287899311859
27526.0618727988,-37.6303712347648
27545.0846744865,-37.6318924208965
27564.1206225148,-37.6333608593868
27583.1697259689,-37.6347827594691
27602.2319939403,-37.6361633895174
27621.3074355268,-37.6375072488169
27640.3960598324,-37.6388182031812
27659.4978759675,-37.6400995930046
27678.6128930487,-37.6413543200849
27697.741120199,-37.642584917941
27716.8825665477,-37.6437936091895
27736.0372412302,-37.644982352689
27755.2051533886,-37.646152882537
27774.386312171,-37.6473067405326
27793.5807267319,-37.6484453033655
27812.7884062321,-37.6495698055236
27832.0093598389,-37.6506813587068
27851.2435967258,-37.6517809683753
27870.4911260726,-37.6528695479373
27889.7519570654,-37.6539479309864
27909.026098897,-37.6550168819211
27928.313560766,-37.656077105222
27947.6143518779,-37.6571292536114
27966.9284814442,-37.6581739352861
27986.2559586829,-37.6592117203796
28005.5967928184,-37.6602431467919
28024.9509930814,-37.6612687254999
28044.3185687089,-37.6622889454503
28063.6995289446,-37.6633042781245
28083.0938830382,-37.6643151818551
28102.501640246,-37.6653221059688
28121.9228098308,-37.6663254948241
28141.3574010615,-37.6673257918127
28160.8054232137,-37.6683234433903
28180.2668855692,-37.6693189032075
28199.7417974163,-37.6703126364112
28219.2301680498,-37.6713051241964
28238.7320067708,-37.6722968686951
28258.2473228869,-37.6732883983007
28277.776125712,-37.6742802735406
28297.3184245667,-37.6752730936301
28316.8742287778,-37.6762675038653
28336.4435476785,-37.6772642040423
28356.0263906088,-37.6782639581331
28375.6227669148,-37.6792676054954
28395.2326859492,-37.680276073964
28414.8561570711,-37.6812903952498
28434.4931896463,-37.6823117231869
28454.1437930467,-37.6833413555044
28473.807976651,-37.6843807599901
28493.4857498442,-37.6854316061564
28513.1771220178,-37.6864958038472
28532.8821025699,-37.6875755506674
28552.600700905,-37.6886733907169
28572.3329264342,-37.689792287939
28592.0787885748,-37.6909357185424
28611.8382967511,-37.6921077885804
28631.6114603935,-37.6933133850877
28651.398288939,-37.6945583725379
28671.1987918314,-37.6958498513416
28691.0129785206,-37.6971965025419
28710.8408584634,-37.6986090542419
28730.6824411228,-37.7001009230838
28750.5377359688,-37.7016891125664
28770.4067524774,-37.703395496773
28790.2895001315,-37.7052486973008
28810.1859884204,-37.7072868998788
28830.0962268402,-37.7095622094314
28850.0202248933,-37.7121476189811
28869.9579920886,-37.7151486653007
28889.909537942,-37.7187237309002
28909.8748719755,-37.723121989937
28929.8540037179,-37.7287591910402
28949.8469427047,-37.7363847879076
28969.8536984777,-37.7475007214647
28989.8742805855,-37.7656221813358
29009.9086985833,-37.8013506245766
29029.9569620327,-37.9083713338292
29050.0190805023,-24.6168651241069
29070.0950635669,-37.493939018071
29090.1849208082,-37.5960400782021
29110.2886618143,-37.6308260562358
29130.40629618,-37.6485802248719
29150.537833507,-37.6594849346222
29170.6832834032,-37.6669518536026
29190.8426554833,-37.6724473180255
29211.0159593689,-37.6767057465652
29231.2032046879,-37.680135504917
29251.4044010751,-37.6829816089962
29271.6195581717,-37.6853997667721
29291.8486856258,-37.6874933744756
29312.0917930921,-37.6893333148282
29332.3488902319,-37.6909689666936
29352.6199867132,-37.6924340313326
29372.9050922108,-37.6937478070496
29393.204216406,-37.6949065131229
29413.517368987,-37.695813685255
29433.8445596486,-37.6932571359938
29454.1857980921,-37.6991134563972
29474.5410940258,-37.699666576705
29494.9104571647,-37.7004283323683
29515.2938972302,-37.7011965264666
29535.6914239508,-37.7019387556409
29556.1030470614,-37.7026466882535
29576.528776304,-37.7033180050809
29596.9686214269,-37.7039522021074
29617.4225921854,-37.7045492761638
29637.8906983416,-37.7051092307254
29658.3729496641,-37.7056318613907
29678.8693559284,-37.7061166461275
29699.3799269169,-37.7065626742066
29719.9046724184,-37.7069685851656
29740.4436022288,-37.7073325031617
29760.9967261506,-37.707651957286
29781.5640539931,-37.7079237797933
29802.1455955725,-37.7081439734998
29822.7413607115,-37.708307537329
29843.3513592398,-37.7084082350543
29863.975600994,-37.7084382861394
29884.6140958172,-37.7083879481332
29905.2668535595,-37.7082449454616
29925.9338840778,-37.7079936764056
29946.6151972358,-37.7076140928784
29967.310802904,-37.7070800859863
29988.0207109596,-37.7063571050509
30008.7449312868,-37.7053985514449
30029.4834737766,-37.70414014552
30050.2363483268,-37.7024908034834
30071.0035648421,-37.7003172153577
30091.7851332338,-37.6974163963925
30112.5810634204,-37.693463644564
30133.3913653272,-37.6879056971139
30154.216048886,-37.6797174613007
30175.0551240359,-37.6667642148427
30195.9086007226,-37.6437465527213
30216.7764888988,-37.5928954536906
30237.658798524,-37.3951553570711
30258.5555395647,-38.505526807979
30279.4667219942,-37.9154720885951
30300.3923557926,-37.8374041087448
30321.3324509471,-37.8070688461161
30342.2870174517,-37.7912160983473
30363.2560653073,-37.781677534893
30384.2396045216,-37.7754745613096
30405.2376451095,-37.7712669097556
30426.2501970926,-37.7683680782757
30447.2772704994,-37.7663965846545
30468.3188753656,-37.7651314669001
30489.3750217335,-37.764446172035
30510.4457196525,-37.7642772586926
30531.5309791789,-37.7646113428672
30552.6308103762,-37.7654845132825
30573.7452233143,-37.7669946007654
30594.8742280707,-37.7693335156264
30616.0178347294,-37.7728609359003
30637.1760533816,-37.7782805785863
30658.3488941255,-37.7871211829386
30679.5363670659,-37.8033684333839
30700.738482315,-37.8415619382572
30721.955249992,-38.0289154895235
30743.1866802228,-37.4437456257088
30764.4327831404,-37.6455586334702
30785.693568885,-37.6850486530933
30806.9690476036,-37.7018224607599
30828.2592294502,-37.7110789305394
30849.5641245859,-37.7169358083887
30870.8837431789,-37.7209703906742
30892.2180954043,-37.7239162668985
30913.5671914442,-37.7261605156702
30934.9310414879,-37.7279264263949
30956.3096557316,-37.729351660259
30977.7030443786,-37.7305255718784
30999.1112176392,-37.7315085879157
31020.5341857309,-37.732342957051
31041.971958878,-37.7330590416763
31063.4245473122,-37.7336791671301
31084.8919612719,-37.7342200659295
31106.374211003,-37.7346944796745
31127.8713067581,-37.7351122376646
31149.3832587971,-37.7354810002467
31170.9100773869,-37.7358067796637
31192.4517728016,-37.7360943180118
31214.0083553222,-37.736347349675
31235.579835237,-37.7365688039401
31257.1662228413,-37.7367609468659
31278.7675284377,-37.7369254862293
31300.3837623356,-37.7370636461206
31322.0149348517,-37.7371762175182
31343.66105631,-37.7372635887364
31365.3221370413,-37.7373257579035
31386.9981873838,-37.7373623281427
31408.6892176827,-37.7373724847066
31430.3952382904,-37.7373549517566
31452.1162595665,-37.7373079245589
31473.8522918777,-37.7372289702918
31495.6033455977,-37.7371148869561
31517.3694311078,-37.7369615043285
31539.1505587961,-37.7367634022445
31560.946739058,-37.7365135075925
31582.7579822961,-37.7362025083258
31604.5842989202,-37.7358179832337
31626.4256993472,-37.7353430758453
31648.2821940013,-37.7347544104407
31670.1537933138,-37.7340186947992
31692.0405077234,-37.7330869340675
31713.9423476758,-37.7318840391429
31735.8593236241,-37.7302889023699
31757.7914460284,-37.7280929012014
31779.7387253563,-37.7249035867799
31801.7011720824,-37.7198852396501
31823.6787966887,-37.7108871396579
31845.6716096643,-37.6901807856052
31867.6796215057,-37.5930430240553
31889.7028427166,-37.9205436813737
31911.7412838078,-37.7986709583858
31933.7949552977,-37.7759794269423
31955.8638677117,-37.7664114447938
31977.9480315824,-37.7611415018922
32000.0474574501,-37.757872790277
32022.1621558619,-37.7551347373639
32044.2921373724,-37.753581940892
32066.4374125437,-37.7522760999185
32088.5979919447,-37.7512189001964
32110.7738861522,-37.7503434963722
32132.9651057498,-37.7496017798214
32155.1716613287,-37.748960095342
32177.3935634873,-37.7483944262354
32199.6308228314,-37.7478871992602
32221.883449974,-37.7474252385528
32244.1514555357,-37.7469984364669
32266.4348501442,-37.7465988696088
32288.7336444345,-37.746220196334
32311.0478490492,-37.7458572362141
32333.3774746381,-37.7455056697619
32355.7225318583,-37.7451618192257
32378.0830313744,-37.7448224849718
32400.4589838583,-37.7444848205069
32422.8503999893,-37.7441462345966
32445.2572904541,-37.7438043124383
32467.6796659467,-37.7434567501365
32490.1175371686,-37.7431012982378
32512.5709148285,-37.7427357110864
32535.0398096428,-37.7423576994034
32557.5242323351,-37.7419648838866
32580.0241936364,-37.741554747834
32602.5397042853,-37.7411245868406
32625.0707750275,-37.7406714535208
32647.6174166165,-37.7401920949726
32670.1796398129,-37.7396828802965
32692.7574553851,-37.7391397148802
32715.3508741085,-37.7385579373045
32737.9599067663,-37.7379321935194
32760.584564149,-37.7372562812544
32783.2248570547,-37.7365229552557
32805.8807962886,-37.7357236805865
32828.5523926639,-37.7348483164095
32851.2396570008,-37.7338847056815
32873.9426001272,-37.7328181358658
32896.6612328784,-37.7316306202832
32919.3955660974,-37.7302999260112
32942.1456106344,-37.7287982371905
32964.9113773472,-37.7270902832829
32987.6928771013,-37.7251306643412
33010.4901207694,-37.7228599403206
33033.3031192319,-37.7201987625171
33056.1318833766,-37.7170387996162
33078.9764240991,-37.7132282116303
33101.8367523021,-37.7085474252917
33124.7128788962,-37.7026667118375
33147.6048147994,-37.6950673388534
33170.5125709372,-37.684883717004
33193.4361582427,-37.6705556813268
33216.3755876565,-37.6489577054716
33239.3308701271,-37.6127800490158
33262.3020166099,-37.5400105874975
33285.2890380685,-37.3196588369178
33308.2919454737,-33.2444155130597
33331.3107498041,-38.1872113169316
33354.3454620457,-37.9748566269766
33377.3960931924,-37.9036534853929
33400.4626542452,-37.8681281508671
33423.5451562132,-37.8469487004045
33446.6436101129,-37.8329749128947
33469.7580269683,-37.8231413434073
33492.8884178112,-37.8159152164531
33516.034793681,-37.8104466513701
33539.1971656246,-37.8062282033132
33562.3755446966,-37.8029400373377
33585.5699419593,-37.800372615221
33608.7803684827,-37.7983852633762
33632.0068353442,-37.7968827849534
33655.2493536291,-37.7958018237922
33678.5079344303,-37.7951028897649
33701.7825888482,-37.7947659688648
33725.0733279911,-37.7947887063808
33748.3801629749,-37.795186810612
33771.7031049231,-37.7959968625878
33795.0421649671,-37.7972823526157
33818.3973542457,-37.7991447863617
33841.7686839055,-37.8017436809816
33865.156165101,-37.8053335667691
33888.5598089942,-37.8103363945393
33911.9796267549,-37.8174951776041
33935.4156295605,-37.8282383936045
33958.8678285963,-37.845690907633
33982.3362350552,-37.87822923766
34005.8208601379,-37.9584440352538
34029.3217150528,-38.4574756301886
34052.8388110161,-37.3340648048601
34076.3721592517,-37.600668551714
34099.9217709913,-37.6633212343834
34123.4876574742,-37.6912082691104
34147.0698299478,-37.7069387667905
34170.6682996669,-37.7170192728761
34194.2830778944,-37.7240222821306
34217.9141759008,-37.7291690116678
34241.5616049644,-37.7331136943721
34265.2253763712,-37.736238543841
34288.9055014154,-37.7387820457562
34312.6019913985,-37.7409010304842
34336.3148576301,-37.7427032924348
34360.0441114276,-37.7442659349011
34383.7897641161,-37.745646334576
34407.5518270287,-37.7468891284673
34431.3303115061,-37.7480310609248
34455.125228897,-37.749104834523
34478.936590558,-37.7501429040641
34502.7644078534,-37.7511823946984
34526.6086921554,-37.7522732626509
34550.4694548441,-37.7534919275866
34574.3467073074,-37.7550610284706
34598.2404609412,-37.7572636257489
34622.150727149,-37.7615601455585
34646.0775173426,-37.7785487276819
34670.0208429413,-37.7138218586504
34693.9807153725,-37.7419351099578
34717.9571460714,-37.7470149696779
34741.9501464812,-37.7493495241033
34765.9597280529,-37.750802138385
34789.9859022454,-37.7518582633297
34814.0286805258,-37.7527010867976
34838.0880743686,-37.7534155403097
34862.1640952568,-37.7540466756425
34886.256754681,-37.7546208093961
34910.3660641397,-37.7551544835868
34934.4920351396,-37.7556587194136
34958.6346791952,-37.7561412192675
34982.7940078289,-37.7566075876449
35006.9700325712,-37.7570620471531
35031.1627649604,-37.7575078786193
35055.372216543,-37.757947702727
35079.5983988733,-37.7583836667094
35103.8413235137,-37.7588175720735
35128.1010020344,-37.7592509645534
35152.3774460138,-37.7596851992232
35176.6706670382,-37.7601214889105
35200.9806767021,-37.760560941183
35225.3074866076,-37.7610045874179
35249.6511083652,-37.7614534063539
35274.0115535932,-37.7619083438119
35298.3888339182,-37.7623703298083
35322.7829609745,-37.762840293981
35347.1939464046,-37.7633191800496
35371.6218018591,-37.7638079599102
35396.0665389966,-37.7643076478897
35420.5281694837,-37.7648193156591
35445.0067049951,-37.7653441083035
35469.5021572137,-37.7658832620863
35494.0145378302,-37.7664381245088
35518.5438585436,-37.7670101773721
35543.0901310609,-37.7676010636956
35567.6533670973,-37.7682126195472
35592.2335783759,-37.7688469121176
35616.830776628,-37.769506285741
35641.4449735931,-37.7701934180712
35666.0761810187,-37.77091138931
35690.7244106603,-37.7716637683369
35715.3896742819,-37.7724547209101
35740.0719836552,-37.7732891469734
35764.7713505604,-37.7741728567551
35789.4877867856,-37.7751127992441
35814.2213041271,-37.7761173621607
35838.9719143894,-37.7771967712592
35863.7396293851,-37.7783636295046
35888.524460935,-37.7796336570339
35913.3264208682,-37.7810267249796
35938.1455210216,-37.7825683290578
35962.9817732407,-37.7842917379177
35987.835189379,-37.7862412066038
36012.7057812981,-37.7884769267965
36037.593560868,-37.7910829174559
36062.4985399668,-37.7941801175183
36087.4207304806,-37.7979491757422
36112.3601443042,-37.8026724969287
36137.3167933401,-37.8088176380283
36162.2906894995,-37.8172187954207
36187.2818447014,-37.8295238005545
36212.2902708733,-37.8495058541004
36237.315979951,-37.8881198078977
36262.3589838783,-37.9960731167347
36287.4192946073,-39.9193410102122
36312.4969240986,-37.4945979757231
36337.5918843209,-37.6403816274693
36362.7041872512,-37.6859668111763
36387.8338448746,-37.7084025171964
36412.9808691847,-37.7218615245429
36438.1452721834,-37.7309093878867
36463.3270658808,-37.7374651435591
36488.5262622953,-37.7424761590289
36513.7428734536,-37.7464639703176
36538.9769113907,-37.7497393265873
36564.2283881501,-37.7524988635976
36589.4973157834,-37.7548730320318
36614.7837063506,-37.7569517295262
36640.0875719201,-37.7587988630539
36665.4089245684,-37.7604610402625
36690.7477763808,-37.7619729721025
36716.1041394505,-37.7633609457867
36741.4780258792,-37.7646451184646
36766.8694477772,-37.7658410625635
36792.2784172627,-37.7669608178748
36817.7049464628,-37.7680136039174
36843.1490475126,-37.7690062840786
36868.6107325558,-37.7699436317613
36894.0900137442,-37.7708284169627
36919.5869032385,-37.7716613008161
36945.1014132072,-37.7724404862887
36970.6335558277,-37.7731610106762
36996.1833432856,-37.7738134505177
37021.7507877749,-37.7743815763429
37047.3359014982,-37.7748379827851
37072.9386966663,-37.7751355326796
37098.5591854985,-37.7751821458122
37124.1973802228,-37.7748269213755
37149.8532930753,-37.7736785307887
37175.5269363007,-37.7707147794981
37201.2183221522,-37.7618124733359
37226.9274628914,-37.6944058180076
37252.6543707885,-37.8322304441698
37278.399058122,-37.8066427721436
37304.161537179,-37.8010111519394
37329.9418202551,-37.7991679258489
37355.7399196542,-37.7987058020857
37381.5558476891,-37.7986262438221
37407.3896166807,-37.8037150872105
37433.2412389586,-37.8029378540934
37459.1107268609,-37.8049208667242
37484.9980927344,-37.8079289932833
37510.9033489341,-37.8123430758269
37536.8265078237,-37.8192569554752
37562.7675817756,-37.8316822318901
37588.7265831705,-37.8612752230482
37614.7035243977,-38.0346048422448
37640.6984178552,-37.6269396036147
37666.7112759494,-37.7308068638506
37692.7421110955,-37.755074873656
37718.7909357171,-37.7661326385541
37744.8577622464,-37.7726063625923
37770.9426031241,-37.7769561012244
37797.0454707998,-37.7801495607234
37823.1663777315,-37.7826444764149
37849.3053363857,-37.7846853093687
37875.4623592377,-37.7864144206747
37901.6374587714,-37.787920283463
37927.8306474793,-37.7892607419325
37954.0419378625,-37.7904751861169
37980.2713424307,-37.7915913503431
38006.5188737024,-37.7926293145664
38032.7845442047,-37.7936039645845
38059.0683664732,-37.7945265615487
38085.3703530524,-37.7954057753906
38111.6905164953,-37.7962483841627
38138.0288693635,-37.7970597587846
38164.3854242277,-37.7978442062428
38190.7601936667,-37.7986052172124
38217.1531902685,-37.7993456477808
38243.5644266294,-37.8000678548841
38269.9939153548,-37.8007737986818
38296.4416690584,-37.8014651209617
38322.907700363,-37.8021432059353
38349.3920218998,-37.8028092279415
38375.894646309,-37.8034641893242
38402.4155862393,-37.8041089508738
38428.9548543483,-37.8047442566146
38455.5124633023,-37.805370754289
38482.0884257763,-37.8059890125832
38508.6827544543,-37.8065995359268
38535.2954620286,-37.8072027775516
38561.9265612007,-37.8077991514061
38588.5760646808,-37.8083890434744
38615.2439851877,-37.8089728230514
38641.9303354491,-37.8095508545726
38668.6351282015,-37.8101235107072
38695.3583761902,-37.8106911876101
38722.1000921693,-37.811254323538
38748.8602889018,-37.8118134225177
38775.6389791594,-37.8123690855245
38802.4361757226,-37.8129220528633
38829.2518913808,-37.8134732634625
38856.0861389323,-37.8140239401836
38882.9389311842,-37.8145757161219
38909.8102809524,-37.8151308274102
38936.7002010617,-37.8156924177534
38963.6087043457,-37.8162650386165
38990.5358036469,-37.8168555094163
39017.4815118169,-37.817474480971
39044.4458417158,-37.8181394778982
39071.4288062127,-37.8188813551081
39098.4304181858,-37.8197596587821
39125.4506905221,-37.8209054625243
39152.4896361173,-37.8226730993338
39179.5472678763,-37.8264551779329
39206.6235987127,-37.8442212537877
39233.7186415493,-37.8031095862646
39260.8324093174,-37.8130057107006
39287.9649149577,-37.8157569834724
39315.1161714195,-37.8171696692278
39342.2861916613,-37.8180914230837
39369.4749886503,-37.8187716747987
39396.6825753628,-37.8193094623626
39423.9089647842,-37.8197513073062
39451.1541699087,-37.8201213745569
39478.4182037394,-37.8204329030009
39505.7010792887,-37.8206931859331
39533.0028095776,-37.8209059651627
39560.3234076363,-37.8210726640076
39587.6628865042,-37.8211930712224
39615.0212592293,-37.8212648815233
39642.398538869,-37.8212870404392
39669.7947384894,-37.8212543370097
39697.2098711659,-37.8211620936935
39724.6439499828,-37.8210040330738
39752.0969880333,-37.8207723814901
39779.5689984201,-37.8204575884351
39807.0599942544,-37.8200479246154
39834.5699886569,-37.8195289293167
39862.0989947571,-37.8188826508961
39889.6470256937,-37.8180865913715
39917.2140946144,-37.8171122119381
39944.8002146761,-37.8159227577051
39972.4053990448,-37.8144699583475
40000.0296608953,-37.8126886684895
40027.6730134119,-37.8104869212117
40055.3354697878,-37.807721004319
40083.0170432253,-37.8040635587896
40110.717746936,-37.805312547
40138.4375941404,-37.7953573335032
40166.1765980683,-37.7877675059407
40193.9347719586,-37.7775030054002
40221.7121290593,-37.7626376400224
40249.5086826276,-37.7393414106133
40277.3244459299,-37.6980857462037
40305.1594322418,-37.6064905313943
40333.0136548478,-37.2378816766913
40360.8871270419,-39.0864533212637
40388.7798621272,-38.1630395241142
40416.691873416,-38.0320025959877
40444.6231742296,-37.9801890981304
40472.5737778987,-37.9527991248514
40500.5436977633,-37.9361444370313
40528.5329471724,-37.9251940313061
40556.5415394844,-37.9176750637569
40584.5694880668,-37.9124226756306
40612.6168062963,-37.9087927778423
40640.6835075592,-37.9064189384783
40668.7696052506,-37.9051028440793
40696.8751127751,-37.90476600997
40725.0000435465,-37.9054370463086
40753.1444109878,-37.9072700217893
40781.3082285315,-37.9106079452468
40809.4915096192,-37.9161411104113
40837.6942677018,-37.9253180837027
40865.9165162395,-37.9415967087824
40894.158268702,-37.9755052638619
40922.4195385679,-38.080837100248
40950.7003393255,-35.0457542718668
40979.0006844721,-37.6704503597176
41007.3205875148,-37.7684191218479
41035.6600619694,-37.8013247567406
41064.0191213616,-37.8176936580301
41092.3977792262,-37.8274218065397
41120.7960491074,-37.8338318782488
41149.2139445585,-37.8383521299793
41177.6514791427,-37.8416970463244
41206.1086664322,-37.8442630120541
41234.5855200085,-37.846287126589
41263.0820534628,-37.8479195532901
41291.5982803955,-37.849259741545
41320.1342144164,-37.8503759404015
41348.6898691448,-37.8513163446078
41377.2652582094,-37.8521157717649
41405.860395248,-37.8527998219343
41434.4752939084,-37.8533875529992
41463.1099678474,-37.85389324517
41491.7644307314,-37.8543275853039
41520.4386962361,-37.8546984674703
41549.1327780469,-37.8550115285355
41577.8466898584,-37.8552704902481
41606.5804453749,-37.8554773484094
41635.33405831,-37.8556324270856
41664.1075423868,-37.85573429598
41692.9009113379,-37.85577952718
41721.7141789055,-37.8557622374807
41750.5473588412,-37.8556733144871
41779.400464906,-37.8554991397949
41808.2735108705,-37.8552194610778
41837.166510515,-37.8548037371346
41866.0794776291,-37.8542045671993
41895.0124260118,-37.853345136973
41923.965369472,-37.8520932526961
41952.938321828,-37.8502016986277
41981.9312969075,-37.8471500013236
42010.9443085479,-37.8416252841135
42039.9773705961,-37.8290931784287
42069.0304969087,-37.7762703918314
42098.1037013517,-38.0105050870489
42127.1969978007,-37.9028408433557
42156.3104001411,-37.8861840214843
42185.4439222677,-37.879499505206
42214.5975780849,-37.8759367759189
42243.7713815068,-37.8737490039924
42272.9653464571,-37.8722865385746
42302.179486869,-37.8712524647067
42331.4138166855,-37.8704918608926
42360.6683498591,-37.8699160163347
42389.943100352,-37.8694705002507
42419.2380821362,-37.8691200840247
42448.553309193,-37.868840979512
42477.8887955137,-37.8686165640804
42507.2445550991,-37.8684348961185
42536.6206019598,-37.8682872098903
42566.0169501158,-37.8681669796281
42595.4336135972,-37.8680693420853
42624.8706064434,-37.8679907848351
42654.3279427039,-37.8679291213544
42683.8056364374,-37.8678840250217
42713.3037017129,-37.8678594490261
42742.8221526087,-37.8678767611198
42772.3610032129,-37.8681655632267
42801.9202676235,-37.8672808826318
42831.4999599482,-37.867497092674
42861.1000943042,-37.867522027904
42890.7206848188,-37.8675168326718
42920.3617456288,-37.8674996135231
42950.0232908809,-37.8674740161116
42979.7053347316,-37.8674399342113
43009.4078913472,-37.8673955421239
43039.1309749036,-37.8673376670252
43068.8745995867,-37.8672615820787
43098.6387795921,-37.8671603775594
43128.4235291253,-37.867023763381
43158.2288624015,-37.8668358574123
43188.0547936458,-37.8665709171835
43217.9013370931,-37.8661844594487
43247.7685069881,-37.8655927765402
43277.6563175855,-37.8646185088528
43307.5647831497,-37.862813089779
43337.493917955,-37.8586501380327
43367.4437362855,-37.8423341343567
43397.4142524353,-25.0147028364322
43427.4054807083,-37.8762317701327
43457.4174354184,-37.8759808030812
43487.4501308892,-37.8748431568444
43517.5035814543,-37.8741532457098
43547.5778014572,-37.8737588457983
43577.6728052513,-37.8735518521701
43607.7886071999,-37.8734730739117
43637.9252216764,-37.8734899191463
43668.0826630638,-37.8735843856488
43698.2609457554,-37.873747127632
43728.4600841542,-37.8739745194043
43758.6800926733,-37.8742672716832
43788.9209857355,-37.8746299630219
43819.182777774,-37.8750712438212
43849.4654832316,-37.8756047074546
43879.7691165612,-37.8762506390356
43910.0936922257,-37.8770391640558
43940.4392246981,-37.8780159166994
43970.8057284612,-37.8792526790015
44001.1932180079,-37.88086876001
44031.6017078413,-37.8830782111427
44062.0312124741,-37.8863085184184
44092.4817464294,-37.8915600400594
44122.9533242402,-37.9018689331415
44153.4459604496,-37.9329814331661
44183.9596696107,-36.8289576958089
44214.4944662866,-37.8204241521909
44245.0503650506,-37.8477968184799
44275.6273804859,-37.8580512704056
44306.225527186,-37.8641481593689
44336.8448197543,-37.8689363004904
44367.4852728044,-37.8736513323301
44398.1469009599,-37.8793815938213
44428.8297188546,-37.888090150955
44459.5337411323,-37.906056097942
44490.258982447,-37.9803810392371
44521.005457463,-37.6846919879749
44551.7731808544,-37.8129255792675
44582.5621673056,-37.834746960122
44613.3724315112,-37.8440734405037
44644.2039881758,-37.8494464942573
44675.0568520144,-37.8531001485054
44705.931037752,-37.8558989591891
44736.8265601238,-37.8582804121782
44767.7434338751,-37.8605430477187
44798.6816737615,-37.8629974405522
44829.641294549,-37.8661729164898
44860.6223110133,-37.8715165962631
44891.6247379407,-37.8864370845589
44922.6485901277,-37.4531233078835
44953.6938823808,-37.835880023506
44984.7606295169,-37.848147302389
45015.8488463632,-37.8527071718265
45046.958547757,-37.8552291549878
45078.0897485459,-37.8569085938454
45109.2424635878,-37.8581552664168
45140.4167077508,-37.859148945283
45171.6124959134,-37.8599816971562
45202.8298429642,-37.8607060604369
45234.0687638023,-37.8613545457342
45265.3292733368,-37.8619485811028
45296.6113864875,-37.8625029930582
45327.9151181842,-37.8630283310532
45359.2404833671,-37.8635317954625
45390.5874969868,-37.8640155990553
45421.956174004,-37.8644460193346
45453.3465293902,-37.8651174365519
45484.7585781267,-37.8655405089449
45516.1923352055,-37.8660224540271
45547.6478156289,-37.866521860668
45579.1250344096,-37.8670379456688
45610.6240065705,-37.8675736526125
45642.144747145,-37.8681330563248
45673.687271177,-37.8687209755012
45705.2515937206,-37.8693429925696
45736.8377298404,-37.8700056115555
45768.4456946114,-37.870716504541
45800.075503119,-37.8714848503933
45831.727170459,-37.872321792609
45863.4007117378,-37.8732410634453
45895.0961420721,-37.8742598486695
45926.8134765889,-37.8754000095131
45958.552730426,-37.8766898482492
45990.3139187313,-37.8781667238717
46022.0970566635,-37.8798810387515
46053.9021593916,-37.8819025163511
46085.729242095,-37.8843304699363
46117.5783199637,-37.8873113738384
46149.4494081984,-37.8910706103637
46181.3425220098,-37.895973805455
46213.2576766197,-37.9026558386187
46245.1948872599,-37.9123242573968
46277.154169173,-37.9275921396503
46309.1355376122,-37.9553602065473
46341.139007841,-38.0217198452862
46373.1645951337,-38.3907812312723
46405.2123147749,-37.444966132093
46437.28218206,-37.7105970275431
46469.3742122948,-37.7687378894243
46501.4884207958,-37.7941572864419
46533.62482289,-37.8083576671991
46565.783433915,-37.8173728973999
46597.9642692191,-37.8235554266103
46630.167344161,-37.8280100431213
46662.3926741103,-37.8313218310397
46694.6402744469,-37.8338271216382
46726.9101605616,-37.8357302748347
46759.2023478557,-37.83715954883
46791.5168517412,-37.8381958842038
46823.8536876406,-37.838888418978
46856.2128709874,-37.8392628776871
46888.5944172254,-37.8393256917024
46920.9983418092,-37.8390651237705
46953.4246602042,-37.8384497511494
46985.8733878863,-37.8374239227146
47018.3445403423,-37.8358988982153
47050.8381330694,-37.8337368370599
47083.3541815759,-37.8307216921551
47115.8927013804,-37.8265038786999
47148.4537080127,-37.8204877535276
47181.0372170128,-37.8115794917874
47213.6432439319,-37.7975424356044
47246.2718043317,-37.7729988830772
47278.9229137848,-37.7209819954808
47311.5965878742,-37.5454903758009
47344.2928421943,-39.8720663506839
47377.0116923496,-38.1232352987341
47409.753153956,-38.0090561456827
47442.5172426396,-37.9684914288318
47475.3039740379,-37.9483173202192
47508.1133637987,-37.9367543361726
47540.9454275808,-37.9297350963271
47573.8001810539,-37.9255175831356
47606.6776398985,-37.9232658675971
47639.5778198059,-37.9225210990949
47672.5007364781,-37.9226380679807
47705.4464056283,-37.9156182152596
47738.4148429803,-37.9530890967541
47771.4060642687,-37.9653543180287
47804.4200852393,-38.0149547774704
47837.4569216484,-38.3997733782693
47870.5165892635,-37.6598499934484
47903.5991038628,-37.7958931485296
47936.7044812354,-37.8302180229638
47969.8327371815,-37.8456697222624
48002.9838875121,-37.8543834125311
48036.1579480491,-37.8599495029507
48069.3549346253,-37.8631365017724
48102.5748630845,-37.8666003749008
48135.8177492816,-37.8687558404464
48169.0836090822,-37.8704569306908
48202.3724583629,-37.8718368530761
48235.6843130115,-37.8729812161053
48269.0191889265,-37.8739475197878
48302.3771020176,-37.8747755893377
48335.7580682054,-37.8754936584812
48369.1621034214,-37.8761220882605
48402.5892236084,-37.8766757229144
48436.0394447199,-37.8771654245722
48469.5127827206,-37.8775990939385
48503.0092535862,-37.8779823575653
48536.5288733035,-37.8783190308118
48570.0716578701,-37.8786114234505
48603.6376232951,-37.8788605288874
48637.2267855982,-37.8790661209673
48670.8391608105,-37.8792267702235
48704.474764974,-37.8793397815943
48738.1336141417,-37.8794010461137
48771.8157243781,-37.8794047880156
48805.5211117584,-37.8793431737107
48839.249792369,-37.8792057265923
48873.0017823076,-37.8789784554016
48906.7770976827,-37.8786425425333
48940.5757546143,-37.8781723300027
48974.3977692332,-37.8775321395739
49008.2431576817,-37.8766710721511
49042.1119361129,-37.8755141261498
49076.0041206913,-37.8739462032237
49109.9197275924,-37.8717813466337
49143.8587730031,-37.8686984262833
49177.8212731214,-37.864091099147
49211.8072441563,-37.8566606819027
49245.8167023283,-37.8430325774864
49279.8496638688,-37.8108446094946
49313.9061450207,-37.649174709867
49347.986162038,-38.1374492263848
49382.089731186,-37.9743106118174
49416.2168687411,-37.9419556082215
49450.367590991,-37.9282175609442
49484.5419142348,-37.9206683641222
49518.7398547827,-37.9159198005192
49552.9614289562,-37.9126677568905
49587.2066530881,-37.9103022377197
49621.4755435226,-37.9084986746445
49655.7681166149,-37.9070673280942
49690.0843887319,-37.9058886706115
49724.4243762515,-37.9048823797913
49758.788095563,-37.9039910807879
49793.175563067,-37.9031711415057
49827.5867951755,-37.9023870501133
49862.0218083119,-37.9016076661724
49896.4806189109,-37.9008034210756
49930.9632434184,-37.8999438985401
49965.4696982918,-37.898995365496
50000,-37.8979178258575
